Date,Close,High,Low,Open,Volume,MA10_Dist,MA50_Dist,RSI,MACD,BB_Upper_Dist,BB_Lower_Dist,Daily_Return,Sentiment,Target,FEDFUNDS,UNRATE,CPIAUCSL
2020-03-13,89.25,89.31549835205078,84.03099822998047,87.75,176194000,-0.042319806111728434,-0.08428769633925146,37.693547946877636,-2.9437520066096425,0.24683556023533873,-0.05757561919837695,0.06464833687376514,0.0,0,0.65,4.4,258.076
2020-03-16,84.4574966430664,87.97250366210938,81.30149841308594,82.07550048828125,178346000,-0.08068419271959207,-0.1315982567640725,35.39054020231646,-3.4217620494566034,0.31056451432169846,-0.02346322546142343,-0.053697516604298,0.0,1,0.65,4.4,258.076
2020-03-17,90.39199829101562,92.88899993896484,84.46199798583984,88.77349853515625,218342000,-0.01064093797224078,-0.06993705990009262,42.066314494177426,-3.2838693641076304,0.2062145393211863,-0.08850829532438001,0.07026613247879654,0.0,1,0.65,4.4,258.076
2020-03-18,91.5,92.08300018310547,87.25,87.5,192904000,0.00954322380670819,-0.05783007708871544,47.30996740756329,-3.050023171005165,0.16771480873808037,-0.09424378109282337,0.012257741060410998,0.0,1,0.65,4.4,258.076
2020-03-19,94.04650115966797,97.25,91.63249969482422,93.0,207998000,0.040112471437301456,-0.03135028051384533,49.86693956978591,-2.6289125491877883,0.11160393795875449,-0.10874634150457152,0.027830613766863133,0.0,0,0.65,4.4,258.076
2020-03-20,92.30449676513672,97.8499984741211,91.0364990234375,96.31549835205078,196358000,0.023960929586087525,-0.048842913853351745,44.73493688377552,-2.407986770983655,0.11209767803056099,-0.08497705557503223,-0.018522798541689034,0.0,1,0.65,4.4,258.076
2020-03-23,95.1415023803711,95.97000122070312,90.5999984741211,91.38749694824219,156170000,0.049482330501892005,-0.019626806573807175,49.702727046728334,-1.9811414908792813,0.07028783346176262,-0.10920834170260556,0.030735291504301987,0.0,1,0.65,4.4,258.076
2020-03-24,97.00499725341797,97.75,95.01699829101562,97.57499694824219,142942000,0.06719633226563107,-0.0010108046306474122,48.22505641828271,-1.4754865779518411,0.04696884016132162,-0.12524466065453427,0.019586561347294085,0.0,0,0.65,4.4,258.076
2020-03-25,94.29199981689453,97.51300048828125,94.28900146484375,96.03450012207031,129582000,0.03365473819897255,-0.028895535118335182,48.10747645177506,-1.2789249849484179,0.070048444755862,-0.09800310563933999,-0.027967604900146936,0.0,1,0.65,4.4,258.076
2020-03-26,97.77449798583984,97.82450103759766,94.4645004272461,95.0999984741211,124426000,0.05569371941722279,0.006078779409161722,52.57653892328777,-0.8325429714264629,0.0365441119550442,-0.1310978784529386,0.03693312450375408,0.0,0,0.65,4.4,258.076
2020-03-27,95.00499725341797,96.989501953125,94.99600219726562,96.54299926757812,107758000,0.01945608465504507,-0.02280169427961939,54.922365300947234,-0.6942546378184176,0.06750489781055079,-0.10565232127869927,-0.028325389436650084,0.0,1,0.65,4.4,258.076
2020-03-30,98.19750213623047,98.68150329589844,95.61699676513672,96.1415023803711,122522000,0.038403428497204704,0.009142868606973383,53.66800963235558,-0.32332458935049146,0.033669509859712295,-0.1350896622137395,0.03360354691971379,0.0,0,0.65,4.4,258.076
2020-03-31,97.48600006103516,99.6510009765625,97.20050048828125,98.21749877929688,102472000,0.02320382882093832,0.0009566476743477803,56.95412631900358,-0.08578326860802576,0.04393954878597658,-0.1294138894040149,-0.007245622950859176,0.0,0,0.65,4.4,258.076
2020-04-01,95.38500213623047,97.24800109863281,94.6500015258789,96.64849853515625,82438000,-0.0029138263917416916,-0.020773615867484076,64.01785803539397,-0.06629878318328508,0.061650179339615974,-0.10852552702555837,-0.02155179126735396,0.0,1,0.05,14.8,256.032
2020-04-02,95.94149780273438,96.37650299072266,94.5,95.08200073242188,86720000,0.0009206619931357813,-0.01537770102788267,59.204132030540656,-0.0058848023096516044,0.05515060164123398,-0.1136257851048709,0.005834205106051371,0.0,0,0.05,14.8,256.032
2020-04-03,95.32949829101562,96.31649780273438,94.4574966430664,95.55750274658203,72198000,-0.008592842600664565,-0.021879431719720635,66.89773032075468,-0.007305321906898143,0.062222268597812144,-0.10794471115656426,-0.0063788821910731874,0.0,1,0.05,14.8,256.032
2020-04-06,99.87950134277344,99.9260025024414,96.5009994506836,96.80000305175781,115464000,0.03363310658827062,0.023377990638940298,65.40904132171599,0.35462819332843765,0.02265906225304773,-0.14754758835941084,0.04772922477644714,0.0,1,0.05,14.8,256.032
2020-04-07,100.58000183105469,101.78600311279297,99.88099670410156,100.85549926757812,102280000,0.03704568775219404,0.02862395426585358,64.94502607676208,0.6900333716426132,0.023934139756704612,-0.1559276235954808,0.007013456003121421,0.0,1,0.05,14.8,256.032
2020-04-08,102.1500015258789,102.19999694824219,100.55750274658203,101.05000305175781,79546000,0.04476857826705817,0.042656883057399814,63.78075799086284,1.0701937192349504,0.019456811431900187,-0.1692874896637777,0.015609461784076739,0.0,0,0.05,14.8,256.032
2020-04-09,102.13800048828125,102.6500015258789,100.88300323486328,102.21499633789062,92930000,0.040004400707267115,0.04057200720713279,67.76828742756672,1.354886857862354,0.020480038974202166,-0.15216904400518955,-0.00011748445832981957,0.0,1,0.05,14.8,256.032
2020-04-13,108.44349670410156,109.0,101.9000015258789,102.0,134334000,0.08930360698597842,0.10146561267639057,71.3583780402741,2.0654992787570876,-0.018356959865362166,-0.20426675806270078,0.0617350661426328,0.0,1,0.05,14.8,256.032
2020-04-14,114.16600036621094,114.5999984741211,109.31050109863281,110.02349853515625,161744000,0.12868129681008708,0.1563641023947995,74.51641881689126,3.055204467275857,-0.04332581058319046,-0.24236564982242664,0.052769449861283624,0.0,1,0.05,14.8,256.032
2020-04-15,115.38400268554688,116.66850280761719,112.25,112.88400268554688,137332000,0.12088924224372027,0.165119552514572,81.47683776403943,3.892959948515056,-0.026267722914939482,-0.25586025682958197,0.010668695718768717,0.0,1,0.05,14.8,256.032
2020-04-16,120.40950012207031,123.05000305175781,116.75,117.30000305175781,240764000,0.1419484522047607,0.21147994345505688,82.2923489898406,4.905851247003312,-0.03359562547831199,-0.29622137727553005,0.043554542393708484,0.0,0,0.05,14.8,256.032
2020-04-17,118.75,120.0,115.8010025024414,118.61650085449219,158600000,0.10236439414000349,0.19076806564527593,84.98394066261993,5.511138137824659,0.004079440492884451,-0.28975312727331215,-0.013782136130354505,0.0,1,0.05,14.8,256.032
2020-04-20,119.68049621582031,122.2490005493164,119.30249786376953,119.49749755859375,115414000,0.08644299490066328,0.19598057575480604,83.91159776525548,5.996788384170927,0.01712217344157698,-0.2932502296969088,0.007835757606907912,0.0,0,0.05,14.8,256.032
2020-04-21,116.40599822998047,121.41549682617188,113.98300170898438,120.83049774169922,149534000,0.04109844912596768,0.16037266867685598,77.63012290196053,6.047730608116865,0.059128440682475546,-0.26849649392451613,-0.02736033095931456,0.0,1,0.05,14.8,256.032
2020-04-22,118.17449951171875,119.69999694824219,117.55000305175781,118.44999694824219,84244000,0.04054144435410083,0.17531192878998747,83.6073807267722,6.159799625328631,0.057758287014165306,-0.2760096837141468,0.015192527091639096,0.0,1,0.05,14.8,256.032
2020-04-23,119.97250366210938,121.21099853515625,119.10399627685547,119.9990005493164,101332000,0.04005163194706679,0.19025064439757447,84.18642229683675,6.320836370180089,0.05535416739503879,-0.2789029529113326,0.015214823484082762,0.0,1,0.05,14.8,256.032
2020-04-24,120.51100158691406,121.02149963378906,119.0999984741211,120.8499984741211,76498000,0.028340803534963356,0.19263245908884072,85.89818831390029,6.417929536128696,0.06401015357009006,-0.2766301852776181,0.004488511186874211,0.0,0,0.05,14.8,256.032
2020-04-27,118.80000305175781,122.24400329589844,118.1500015258789,122.16000366210938,112912000,0.004860228900936589,0.17307441985492478,79.34821918845739,6.284370970621495,0.08646566187571021,-0.25331376641433906,-0.01419786171076054,0.0,0,0.05,14.8,256.032
2020-04-28,115.7040023803711,118.67500305175781,115.30000305175781,118.6050033569336,105388000,-0.022598550652735243,0.14048519793653272,71.83656042280464,5.861139893140617,0.11931113292021037,-0.22197745142949019,-0.0260606110425593,0.0,1,0.05,14.8,256.032
2020-04-29,118.635498046875,119.59449768066406,115.5,116.50050354003906,91832000,-0.0005800312602180572,0.1668843499153654,72.90193465702112,5.696606482264002,0.09626719354112293,-0.22798953426439433,0.02533616474965794,0.0,1,0.05,14.8,256.032
2020-04-30,123.69999694824219,123.75,119.80049896240234,120.99199676513672,190692000,0.039204097222283595,0.2130735522548313,76.26693443782742,5.90678555724449,0.05776743531207765,-0.24309034867262183,0.042689574239964,0.0,0,0.05,14.8,256.032
2020-05-01,114.302001953125,118.12200164794922,112.90950012207031,116.83999633789062,195452000,-0.03614679825742289,0.1194519751752765,56.63680467853564,5.254444370712804,0.13836582626670724,-0.15842149784457982,-0.07597409237648922,0.0,1,0.05,13.2,255.802
2020-05-04,115.79949951171875,116.3489990234375,112.81900024414062,112.81900024414062,97318000,-0.020312951016654472,0.13167959884697,52.04640242785796,4.802929635275632,0.11347075254433624,-0.14145358857252216,0.013101236487597756,0.0,1,0.05,13.2,255.802
2020-05-05,115.88999938964844,117.55000305175781,115.35649871826172,117.0,64850000,-0.019119104816438595,0.1291596254449298,50.65232692317529,4.401663896801878,0.10555198021091772,-0.12125953364729204,0.0007815221854263754,0.0,1,0.05,13.2,255.802
2020-05-06,117.56300354003906,117.87249755859375,116.0,116.47200012207031,62356000,-0.0044437078576384115,0.1412513246686074,45.98309760649912,4.170579516583786,0.08127583501001015,-0.11077539170393202,0.014436139090531874,0.0,1,0.05,13.2,255.802
2020-05-07,118.38050079345703,118.80000305175781,117.15550231933594,118.73899841308594,67928000,0.0038324058973169084,0.1448748012592644,49.46587929143287,4.0072159851575435,0.06393359910799604,-0.0933303413484003,0.006953694859791026,0.0,1,0.05,13.2,255.802
2020-05-08,118.98049926757812,119.36199951171875,117.8499984741211,118.60700225830078,64132000,0.010231319538453333,0.1451917582579854,48.978374726137616,3.8814214614895803,0.04092219496898324,-0.06610067511378848,0.005068389389295991,0.0,1,0.05,13.2,255.802
2020-05-11,120.44999694824219,120.9834976196289,118.60549926757812,118.73500061035156,65184000,0.021277653332908337,0.15350413025520346,56.23035731035409,3.855856661500823,0.020741256509335785,-0.060044648749155154,0.012350743942999287,0.0,0,0.05,13.2,255.802
2020-05-12,117.84750366210938,120.94999694824219,117.75,120.59249877929688,61498000,-0.002601216488178556,0.12424215826270914,49.50883793760523,3.584279571316685,0.041801761917349016,-0.034682023268328706,-0.021606420523622827,0.0,1,0.05,13.2,255.802
2020-05-13,118.39600372314453,120.38500213623047,116.88999938964844,118.33999633789062,95658000,0.0022441473664089914,0.12455134003069368,47.53967700216248,3.3744139975932654,0.03648039020808676,-0.03611514639205184,0.004654320575239401,0.0,1,0.05,13.2,255.802
2020-05-14,119.44249725341797,119.56849670410156,117.6604995727539,118.05049896240234,72962000,0.01476015824499714,0.13005799936233978,48.35849431226149,3.255015507802213,0.026381446216082075,-0.04435196750093872,0.008838926123896362,0.0,1,0.05,13.2,255.802
2020-05-15,120.48899841308594,120.55000305175781,117.81849670410156,118.4260025024414,84700000,0.0182984931462483,0.13474407761860116,52.64882500716707,3.2078570626368474,0.0190460204068171,-0.05278807545567696,0.008761547889003296,0.0,1,0.05,13.2,255.802
2020-05-18,121.31300354003906,121.6500015258789,119.20050048828125,120.21749877929688,87144000,0.0205072451913443,0.13688144265120594,59.47147142814076,3.2000853899407247,0.014083037707589523,-0.059834983309108095,0.006838841203809398,0.0,1,0.05,13.2,255.802
2020-05-19,122.46649932861328,124.25,121.44850158691406,121.49150085449219,86410000,0.024542614567980424,0.1407562135951774,56.882373403677036,3.2495450210771395,0.008702078747712371,-0.06791212758358749,0.009508426590011165,0.0,1,0.05,13.2,255.802
2020-05-20,124.89700317382812,125.00050354003906,123.3635025024414,123.89350128173828,79962000,0.03850417336514176,0.15686441992084568,52.3752024827795,3.4451499388669617,-0.002561495354438055,-0.08903401486211004,0.019846275173532213,0.0,0,0.05,13.2,255.802
2020-05-21,122.33699798583984,126.27249908447266,122.12699890136719,125.0,102288000,0.013882573137622131,0.12662095495113626,71.88180584014584,3.3549237490466197,0.020699910055391617,-0.07042767043887872,-0.02049693045417056,0.0,0,0.05,13.2,255.802
2020-05-22,121.84400177001953,123.49250030517578,121.50650024414062,122.75050354003906,57342000,0.007406069834753779,0.11427930476824115,67.41380303224125,3.2066736315544517,0.026134503946316716,-0.06687719459836745,-0.004029821100215103,0.0,0,0.05,13.2,255.802
2020-05-26,121.09300231933594,123.0999984741211,120.7030029296875,122.9000015258789,71364000,0.0006648170098887927,0.10099891379182716,64.43995744882679,2.9940711772647006,0.03381473013827615,-0.060512834751069194,-0.0061636144559754635,0.0,0,0.05,13.2,255.802
2020-05-27,120.51950073242188,120.67900085449219,116.5,120.24949645996094,101138000,-0.006268565744797424,0.08864558838004376,58.738507304902676,2.747632419223848,0.03849162710656018,-0.051804000830441795,-0.004736042347035618,0.0,0,0.05,13.2,255.802
2020-05-28,120.05500030517578,121.84850311279297,118.9114990234375,119.21649932861328,63804000,-0.011450802655184741,0.07866932035758281,55.05479016678873,2.4861874046910373,0.04291398132075142,-0.04735735771563172,-0.003854151605534595,0.0,1,0.05,13.2,255.802
2020-05-29,122.11849975585938,122.11849975585938,119.91000366210938,120.7969970703125,70198000,0.003329539068251636,0.09120560322401461,58.7036160813667,2.417628589887201,0.023024040394032382,-0.062482420448505924,0.017187950901155657,0.0,1,0.05,13.2,255.802
2020-06-01,123.552001953125,123.84649658203125,122.20850372314453,122.4000015258789,58578000,0.012559060028124468,0.09822390775341472,58.620992351521295,2.450716547416647,0.011718770586545984,-0.06643745148776692,0.011738616181262485,0.0,1,0.08,11.0,257.042
2020-06-02,123.62049865722656,123.67649841308594,122.2655029296875,123.3499984741211,50598000,0.01120813652300193,0.092749196823386,68.6743699345502,2.4541758917065835,0.012464291458989994,-0.06193421052305559,0.0005543957444538172,0.0,1,0.08,11.0,257.042
2020-06-03,123.91999816894531,124.4000015258789,123.05850219726562,123.40049743652344,53420000,0.012454263536019583,0.08985171402820709,68.16147547110558,2.452810086695308,0.010616507918413422,-0.05832063393591744,0.002422733405640143,0.0,0,0.08,11.0,257.042
2020-06-04,123.02999877929688,125.37699890136719,122.50050354003906,123.87149810791016,58974000,0.006718401035973425,0.07709374086226632,61.91741715331927,2.3527906575356354,0.018340164992362806,-0.04747774884252876,-0.0071820481181339435,0.0,1,0.08,11.0,257.042
2020-06-05,124.1500015258789,124.43250274658203,121.85649871826172,122.22550201416016,66128000,0.014378196984205416,0.08124633124112923,62.102483524299295,2.3369603762115503,0.01119399513416427,-0.053464250961310154,0.009103493113018724,0.0,1,0.08,11.0,257.042
2020-06-08,126.2030029296875,126.5,124.36699676513672,125.01000213623047,79414000,0.027492943505081694,0.09371049566330371,64.95046539575434,2.4616978988259888,0.000160271903082469,-0.06855487873866381,0.016536458949464095,0.0,1,0.08,11.0,257.042
2020-06-09,130.04299926757812,131.32150268554688,126.25,126.47200012207031,103520000,0.05109756132605343,0.12018610669221484,69.8957437200407,2.8376976839673205,-0.01593681921743423,-0.10211872623414585,0.030427139202305886,0.0,1,0.08,11.0,257.042
2020-06-10,132.37249755859375,136.11749267578125,131.31300354003906,132.25,98920000,0.05977311559990623,0.13357822123666452,69.73519580348028,3.285774898572541,-0.01888794029961435,-0.12131334580863667,0.017913292558120908,0.0,0,0.08,11.0,257.042
2020-06-11,127.89800262451172,133.56900024414062,126.8115005493164,130.1750030517578,116002000,0.017560978037745277,0.08958535422312237,63.33319187202337,3.2424480503328112,0.018725400583469002,-0.08643251458898332,-0.03380230045218746,0.0,0,0.08,11.0,257.042
2020-06-12,127.2509994506836,131.07400512695312,125.1675033569336,130.0605010986328,108722000,0.008296086957397038,0.07821929499658263,62.86890425485553,3.1199387502346667,0.026166637214596476,-0.07791277756569476,-0.005058743377937103,0.0,1,0.08,11.0,257.042
2020-06-15,128.63400268554688,129.1999969482422,125.4000015258789,126.33000183105469,77302000,0.015166673124233991,0.08393253159994025,67.42375364811286,3.09872586718123,0.01909732603028387,-0.08545811665840725,0.01086830941079775,0.0,1,0.08,11.0,257.042
2020-06-16,130.7635040283203,131.0,128.8000030517578,131.0,71712000,0.026187671387307748,0.09533574596773557,72.08140126156694,3.216667722706106,0.009267449908365036,-0.09989064668370795,0.0165547312399128,0.0,1,0.08,11.0,257.042
2020-06-17,132.0489959716797,132.75,131.59100341796875,132.375,59186000,0.02970690345695591,0.10017441729233427,74.96981373621922,3.3749614941949346,0.007551021026861135,-0.1095051546417149,0.009830663019560593,0.0,1,0.08,11.0,257.042
2020-06-18,132.69900512695312,132.98199462890625,131.8054962158203,132.35049438476562,49756000,0.02703199441371321,0.09970435886000382,73.4045727424371,3.512372313369582,0.010598862397246337,-0.11597085882526004,0.004922484646629588,0.0,1,0.08,11.0,257.042
2020-06-19,133.75050354003906,134.8715057373047,132.9499969482422,133.9040069580078,115540000,0.02753516700267344,0.10264314294339144,72.94737788984199,3.663883542959198,0.011164353928737906,-0.12289780516405638,0.007923935918584757,0.0,1,0.08,11.0,257.042
2020-06-22,135.6909942626953,135.75,133.4499969482422,134.22500610351562,64176000,0.034899428443413864,0.11248606906796886,75.04928780468033,3.89563224438281,0.006756174650838425,-0.13528856293351488,0.014508287231048467,0.0,1,0.08,11.0,257.042
2020-06-23,138.2205047607422,139.15550231933594,135.90199279785156,136.30099487304688,84634000,0.04765758739527065,0.127718456032178,77.1630021267876,4.234591383583023,0.0003930808009570825,-0.15078291152086523,0.018641697717608263,0.0,0,0.08,11.0,257.042
2020-06-24,136.72000122070312,139.8000030517578,136.0500030517578,139.0,90532000,0.03288076662659982,0.11138587339473933,75.41397402029406,4.3322019209751375,0.018217303011851257,-0.13645824098540998,-0.010855867894827953,0.0,1,0.08,11.0,257.042
2020-06-25,137.72900390625,137.81149291992188,135.60699462890625,136.9774932861328,59374000,0.032832603954548976,0.11553544183046816,75.31223112028887,4.439797833494339,0.016695045468397316,-0.13588930179397715,0.007380066387785211,0.0,0,0.08,11.0,257.042
2020-06-26,134.64349365234375,139.1284942626953,134.39999389648438,138.7530059814453,130016000,0.004127770400755524,0.08803561293099735,65.15048432271236,4.227363068535453,0.04188842937602949,-0.10867952379629015,-0.02240276315369638,0.0,0,0.08,11.0,257.042
2020-06-29,134.0189971923828,134.83999633789062,131.50399780273438,134.50050354003906,84468000,-0.0045272967623511,0.0803231929646147,58.06817281063755,3.9629331154962983,0.04796799350499583,-0.09794071374663363,-0.004638148068063508,0.0,1,0.08,11.0,257.042
2020-06-30,137.9409942626953,138.48150634765625,133.75149536132812,134.2534942626953,75394000,0.01917116199930188,0.10867441749952575,60.61373078001412,4.023462883077485,0.022806828878572688,-0.11784194518977338,0.029264486024190406,0.0,1,0.08,11.0,257.042
2020-07-01,143.93499755859375,144.75,137.6999969482422,137.89950561523438,127268000,0.054199700916899574,0.15175335739510734,78.89338127451366,4.503189170364294,-0.006933596272618599,-0.15352595476373035,0.043453386195574595,0.0,1,0.09,10.2,258.352
2020-07-02,144.51499938964844,147.7779998779297,143.55499267578125,145.60049438476562,131868000,0.0493662918675206,0.15154017841534703,81.17931585449568,4.873992656381262,-0.0010111189441271667,-0.151964342295972,0.004029609482701257,0.0,1,0.09,10.2,258.352
2020-07-06,152.8520050048828,152.99400329589844,146.5,146.74850463867188,137612000,0.09471981676155466,0.21162325461646844,84.95768694195814,5.774024409246522,-0.03186711654225532,-0.20307294570400247,0.05768955229869066,0.0,0,0.09,10.2,258.352
2020-07-07,150.00599670410156,153.4774932861328,149.5,152.92750549316406,105150000,0.06343412664095856,0.18352940375664478,77.21284731513211,6.186344642805153,0.0008687936854447022,-0.1864529983370936,-0.018619371729473477,0.0,1,0.09,10.2,258.352
2020-07-08,154.0554962158203,154.19850158691406,150.6215057373047,151.1304931640625,100752000,0.08001801595218763,0.2087548867748432,78.86511979415596,6.761924904872188,-0.00588122874756066,-0.21180975757687237,0.026995584181255694,0.0,1,0.09,10.2,258.352
2020-07-09,159.13150024414062,159.69400024414062,153.6999969482422,155.79949951171875,127774000,0.0983467803249356,0.24013108435287278,81.06377301432002,7.54074252664401,-0.013085313980210369,-0.24464241839889755,0.032949191382365184,0.0,1,0.09,10.2,258.352
2020-07-10,160.0,160.75,156.78500366210938,159.58799743652344,109720000,0.0876226313249333,0.23891193045548145,80.98197186081617,8.134274917084866,0.0015262813504815398,-0.24864753436409223,0.005457748808544549,0.0,0,0.09,10.2,258.352
2020-07-13,155.1999969482422,167.21449279785156,153.41949462890625,162.55299377441406,154408000,0.040455056047539746,0.19591063882603396,71.57023449288586,8.12368865569934,0.042065921337821936,-0.2169660190353671,-0.030000019073486373,0.0,0,0.09,10.2,258.352
2020-07-14,154.1999969482422,156.36900329589844,147.5,154.4499969482422,144638000,0.019951890641394084,0.1809436804892598,68.2862954061452,7.943044847996163,0.05562940464640403,-0.20211381223182348,-0.006443299095769239,0.0,0,0.09,10.2,258.352
2020-07-15,150.44349670410156,154.91749572753906,148.65899658203125,154.01150512695312,115778000,-0.013057151586240785,0.14609278384897,64.93355157917739,7.411331932479641,0.08459728235497041,-0.17171899737703297,-0.02436122126125273,0.0,0,0.09,10.2,258.352
2020-07-16,149.9949951171875,151.60000610351562,145.9114990234375,148.55299377441406,127884000,-0.0198958195772033,0.13676906140175538,63.51236321460389,6.874510211879766,0.0894139914733202,-0.1588515907096229,-0.002981196241378159,0.0,0,0.09,10.2,258.352
2020-07-17,148.09849548339844,151.1999969482422,147.42250061035156,150.4499969482422,95226000,-0.03454866175018205,0.1172250757490012,65.2209276513683,6.224293676955057,0.10282020319008087,-0.1371375272019612,-0.01264375276193297,0.0,1,0.09,10.2,258.352
2020-07-20,159.8419952392578,160.0679931640625,149.7010040283203,150.00999450683594,151964000,0.03728035546475939,0.19831952245595366,73.34049223765503,6.580736045479114,0.03108712041986889,-0.19349872168970053,0.07929519957328535,0.0,0,0.09,10.2,258.352
2020-07-21,156.9145050048828,162.0290069580078,155.28599548339844,161.62449645996094,122426000,0.013737864419823782,0.16971934928334126,67.463441106067,6.551473881945469,0.05534441632955137,-0.1699473515613472,-0.018314900474015072,0.0,0,0.09,10.2,258.352
2020-07-22,154.99549865722656,157.5,153.26300048828125,156.25,82084000,0.000732496916190015,0.14949377358109847,61.00579790330471,6.300803886977093,0.07156397581556259,-0.15200083286658314,-0.012229630062539742,0.0,0,0.09,10.2,258.352
2020-07-23,149.32749938964844,154.9134979248047,148.5,154.9134979248047,113138000,-0.02972124483734963,0.1023111402078287,54.34839436222023,5.580457893654,0.11007284045949657,-0.10920630493498372,-0.036568799201794455,0.0,1,0.09,10.2,258.352
2020-07-24,150.44549560546875,151.57899475097656,144.39999389648438,146.5,112648000,-0.01635020644522532,0.10533391656099972,47.49934119334858,5.041674173723834,0.09975647043631918,-0.1053062921531522,0.007486874288995304,0.0,1,0.09,10.2,258.352
2020-07-27,152.760498046875,154.89999389648438,150.7884979248047,153.10000610351562,83410000,0.0003814641117214703,0.11687441826459184,52.894204472542256,4.7467677597172155,0.07737622208252212,-0.1012911095618054,0.015387648743417026,0.0,0,0.09,10.2,258.352
2020-07-28,150.01649475097656,153.85450744628906,149.78799438476562,152.7135009765625,62534000,-0.014889313234291017,0.09209692918556672,45.63643724909926,4.242726656652138,0.08552003491519647,-0.06262584430444304,-0.017962780502695397,0.0,1,0.09,10.2,258.352
2020-07-29,151.67649841308594,151.95799255371094,149.8385009765625,151.54949951171875,59482000,-0.004794387465692962,0.09932158456684116,41.30409322793207,3.931894441750586,0.06440469395605669,-0.05459401575623691,0.011065474265779418,0.0,1,0.09,10.2,258.352
2020-07-30,152.593994140625,154.60000610351562,150.25,150.6999969482422,122566000,-0.0004788414381978831,0.1011624573148694,41.371107789328164,3.7167475571527575,0.05473906519750229,-0.051338161233660994,0.006049030252796905,0.0,1,0.09,10.2,258.352
2020-07-31,158.23399353027344,162.34100341796875,157.5500030517578,162.1999969482422,161710000,0.02962862489907151,0.13639469114135278,53.467107846590466,3.955743566888202,0.017190791276654262,-0.076527863142358,0.036960821567137314,0.0,0,0.09,10.2,258.352
2020-08-03,155.59449768066406,159.1999969482422,155.1999969482422,159.02549743652344,101494000,0.01525944643243576,0.11212598060975949,51.536013886815994,3.8873533806222156,0.03563457300897689,-0.060287764067049665,-0.01668096589563972,0.0,1,0.1,8.4,259.316
2020-08-04,156.94149780273438,158.36199951171875,155.0605010986328,155.0605010986328,93886000,0.024030632394086458,0.11615376358581386,57.55862888130241,3.8969240036203416,0.02848416335980366,-0.06567223085562648,0.008657119256458845,0.0,1,0.1,8.4,259.316
2020-08-05,160.25149536132812,160.67950439453125,156.36500549316406,157.18850708007812,78330000,0.042054379042326506,0.13338142175794887,61.18594256006763,4.124058353906975,0.0123429318756993,-0.08620649357995254,0.021090645909052075,0.0,1,0.1,8.4,259.316
2020-08-06,161.25,162.37350463867188,158.27149963378906,159.71800231933594,78812000,0.04048068985407265,0.13391051541160556,64.62985274362889,4.334667592642063,0.008723807902267197,-0.09320074134461209,0.0062308600392182445,0.0,0,0.1,8.4,259.316
2020-08-07,158.3730010986328,162.04049682617188,157.0334930419922,161.20050048828125,78722000,0.016715782483836702,0.10770994997632513,47.96431030312053,4.220772723819579,0.02525873447530795,-0.07596565768363359,-0.017841853651889505,0.0,0,0.1,8.4,259.316
2020-08-10,157.4080047607422,158.62550354003906,155.0760040283203,158.5155029296875,63346000,0.007514736865545171,0.09555225563620509,50.72321432564546,4.00645911332839,0.03293750963062545,-0.07029148128464933,-0.006093187166982039,0.0,0,0.1,8.4,259.316
2020-08-11,154.0334930419922,157.96099853515625,153.64999389648438,155.66000366210938,74362000,-0.016612786304832972,0.06753626326473879,48.64788121016841,3.523700117706227,0.05552241819122912,-0.04998752521380784,-0.021437993092404684,0.0,1,0.1,8.4,259.316
2020-08-12,158.11199951171875,158.71949768066406,155.0709991455078,155.39999389648438,70442000,0.005295053834607679,0.09058854780186308,62.92426979237242,3.4306649521376187,0.030248412290536538,-0.0715963414796874,0.026478049605839216,0.0,0,0.1,8.4,259.316
2020-08-13,158.05099487304688,160.87600708007812,157.75,159.14950561523438,62980000,0.0014325819951973334,0.08505885274394788,61.54884894746744,3.3138117891099057,0.03181435290672289,-0.06730919121091794,-0.0003858318082136103,0.0,0,0.1,8.4,259.316
2020-08-14,157.4010009765625,158.91200256347656,156.0,158.90899658203125,55034000,-0.0021592118844700214,0.07552077222256147,57.42183305512441,3.1326445637804454,0.03448868065605349,-0.0559609466745779,-0.004112558082955964,0.0,1,0.1,8.4,259.316
2020-08-17,159.12049865722656,159.74850463867188,157.70899963378906,158.656005859375,53824000,0.006491699618720855,0.08209867493926694,65.05390885905783,3.0921726829766953,0.02257210016007387,-0.06587828159007468,0.010924312234330102,0.0,1,0.1,8.4,259.316
2020-08-18,165.62449645996094,166.0,160.29100036621094,160.60000610351562,106920000,0.041909243059138235,0.1203222510070601,69.8791371011868,3.5440629408787743,-0.007202531888966355,-0.10768323712916254,0.04087466955935781,0.0,0,0.1,8.4,259.316
2020-08-19,163.0240020751953,165.7949981689453,162.8000030517578,165.15049743652344,83702000,0.023764499441842196,0.09783356987920654,64.18469754892337,3.650272987562829,0.014354825601959486,-0.09424526116314419,-0.015701145907449088,0.0,1,0.1,8.4,259.316
2020-08-20,164.86849975585938,165.63099670410156,161.89999389648438,162.60000610351562,66650000,0.033000299895300476,0.10541669981266265,60.06158220826782,3.8390268506582004,0.008160636334472605,-0.10010636204841766,0.011314270642265756,0.0,0,0.1,8.4,259.316
2020-08-21,164.23599243164062,165.72000122070312,163.76950073242188,164.75,71518000,0.025270911356969787,0.09583604244273987,63.95477141022463,3.892704912967247,0.015658099241144703,-0.0918587501525229,-0.0038364352508537536,0.0,1,0.1,8.4,259.316
2020-08-24,165.3730010986328,169.01600646972656,162.8780059814453,165.50750732421875,93326000,0.027261046834473057,0.09783756241705306,63.7086390423326,3.981100611425603,0.013875891794417151,-0.09567676899508869,0.006923017605080961,0.0,1,0.1,8.4,259.316
2020-08-25,167.32449340820312,167.8699951171875,163.35000610351562,164.74949645996094,79856000,0.03087232760962299,0.10511569398768449,62.0313585268843,4.160662432788342,0.006322839953231082,-0.10015154959882128,0.011800549645987202,0.0,1,0.1,8.4,259.316
2020-08-26,172.09249877929688,172.58700561523438,167.22850036621094,167.5554962158203,130174000,0.05119340106254078,0.13043525622387864,66.34702982050277,4.634283519780411,-0.010549867667050798,-0.12422795343894663,0.0284955613728457,0.0,0,0.1,8.4,259.316
2020-08-27,170.0,172.64999389648438,168.89999389648438,172.50250244140625,85296000,0.030887522509072333,0.111150122677591,67.95452949611945,4.7856188446334045,0.00755050703109599,-0.10913082391126602,-0.01215915158498826,0.0,1,0.1,8.4,259.316
2020-08-28,170.08999633789062,171.6685028076172,169.3249969482422,171.14999389648438,57940000,0.02355733559135701,0.10633073960810932,70.12758113130235,4.856828634995111,0.014091091594441562,-0.10970545231405285,0.0005293902228860059,0.0,1,0.1,8.4,259.316
2020-08-31,172.54800415039062,174.75,170.25,170.44949340820312,83718000,0.03002604343788978,0.11668258431352926,80.26482315773404,5.053351702116203,0.007790341903959423,-0.12070796931212131,0.014451219151166761,0.0,1,0.1,8.4,259.316
2020-09-01,174.95599365234375,175.69349670410156,173.35000610351562,174.47900390625,68644000,0.03861500317809823,0.12654106611825047,79.1247340515349,5.341825043154699,0.004130051526253428,-0.13272376353321383,0.01395547583299983,0.0,1,0.09,7.8,259.997
2020-09-02,176.57249450683594,177.6125030517578,174.33450317382812,177.35000610351562,78630000,0.039847786374272005,0.1313619507774577,80.39052700364789,5.635913056085599,0.006216806791459622,-0.1426997993626592,0.009239471142122424,0.0,0,0.09,7.8,259.997
2020-09-03,168.39999389648438,174.42050170898438,165.14999389648438,174.25,163222000,-0.010338861757449424,0.07463517790556405,64.47426547364701,5.150159592387098,0.05725552125136588,-0.09905565249145418,-0.04628410915968095,0.0,0,0.09,7.8,259.997
2020-09-04,164.7310028076172,169.0749969482422,155.55650329589844,165.89999389648438,175636000,-0.03218251191493743,0.04761140060028572,57.02287644367298,4.4182091896095415,0.08055034850730465,-0.07487661079551981,-0.021787358799564616,0.0,0,0.09,7.8,259.997
2020-09-08,157.49200439453125,162.54249572753906,156.5,157.1999969482422,121884000,-0.07040844150952597,-0.001327468468726873,40.004186092046766,3.216923853174535,0.1301756710292241,-0.032259352345200956,-0.04394435952982134,0.0,1,0.09,7.8,259.997
2020-09-09,163.4304962158203,165.15899658203125,159.25,160.14950561523438,103774000,-0.033134419279629644,0.0324779327910833,50.46174165346497,2.712811625436018,0.0853577258502291,-0.057922491477789294,0.03770662418145765,0.0,0,0.09,7.8,259.997
2020-09-10,158.7554931640625,167.4945068359375,158.52749633789062,165.36099243164062,106614000,-0.053322513416807195,0.00031268688921866323,43.475700517550806,1.914001954270617,0.11699114982224568,-0.02944703302326065,-0.02860545100214451,0.0,0,0.09,7.8,259.997
2020-09-11,155.81100463867188,160.86700439453125,154.19900512695312,160.4344940185547,101880000,-0.06295242257498747,-0.019707541540759776,41.43104923165934,1.0314539596879797,0.13961735621477098,-0.014060836579036581,-0.018547317429499666,0.0,0,0.09,7.8,259.997
2020-09-14,155.14849853515625,159.3695068359375,154.8000030517578,158.64700317382812,90592000,-0.05847637455661667,-0.025180062628583712,39.49943130727868,0.2753950273591954,0.14608703049072272,-0.01290591935294794,-0.004251985314208007,0.0,1,0.09,7.8,259.997
2020-09-15,157.80650329589844,158.75100708007812,155.4459991455078,156.80799865722656,80430000,-0.03370175414500275,-0.009096376050978319,40.36484311017182,-0.10806267406269399,0.12735298631172778,-0.030934650876448984,0.017132004407634627,0.0,0,0.09,7.8,259.997
2020-09-16,153.90499877929688,159.36199951171875,153.70750427246094,158.99949645996094,90244000,-0.04528543759191884,-0.034067800832339616,31.259846184130012,-0.7184921431783948,0.15873062236701377,-0.016782668713361447,-0.024723344317983953,0.0,0,0.09,7.8,259.997
2020-09-17,150.43649291992188,151.47149658203125,148.62750244140625,150.46249389648438,128982000,-0.05142235422357771,-0.05540759526448137,30.39787251738656,-1.4652508312028942,0.19089740731313262,-0.007931426767020855,-0.02253666798925036,0.0,0,0.09,7.8,259.997
2020-09-18,147.74549865722656,151.88999938964844,145.27699279785156,151.58700561523438,177852000,-0.056097322496629735,-0.07097600694701406,28.7205341311316,-2.2482863731897567,0.21831436244869712,-0.0071779885080535495,-0.01788790878106783,0.0,1,0.09,7.8,259.997
2020-09-21,148.02349853515625,148.10000610351562,143.5500030517578,145.3249969482422,122358000,-0.04411824334467502,-0.06782393190147165,25.632653655288436,-2.8139776323681644,0.21960874061149085,-0.02357770503817936,0.001881613182508124,0.0,1,0.09,7.8,259.997
2020-09-22,156.44949340820312,156.69949340820312,150.00999450683594,151.69200134277344,138976000,0.010974361538012898,-0.014916364447308622,33.576197143808926,-2.55295577851993,0.15200043265979002,-0.07994612972586002,0.05692335984779917,0.0,0,0.09,7.8,259.997
2020-09-23,149.9929962158203,156.35000610351562,149.61900329589844,156.02149963378906,113054000,-0.022257404368267814,-0.05506906187929603,28.277795568750804,-2.8344061730053056,0.1997607353600923,-0.0500690535890625,-0.04126889165142078,0.0,1,0.09,7.8,259.997
2020-09-24,150.989501953125,153.46499633789062,148.25,148.88949584960938,110588000,-0.010753702510132397,-0.048856675173023174,33.88051326302441,-2.9431214811162363,0.1835133833682709,-0.06198577739012858,0.006643681788120581,0.0,1,0.09,7.8,259.997
2020-09-25,154.75650024414062,155.07699584960938,149.9499969482422,152.7429962158203,92304000,0.014627740791241052,-0.025711313254187667,40.78184575457157,-2.694256158203416,0.1468402773710897,-0.08680372880659798,0.02494874307344297,0.0,1,0.09,7.8,259.997
2020-09-28,158.70249938964844,158.7519989013672,155.85850524902344,157.4425048828125,84484000,0.03808000162887321,-0.002201025217437412,51.191209456519225,-2.153791871855674,0.11023769437401615,-0.10859753018164782,0.025498115680328004,0.0,0,0.09,7.8,259.997
2020-09-29,157.24400329589844,159.41299438476562,156.6269989013672,158.76950073242188,69916000,0.028918488580950526,-0.011047850059760245,43.323375874845624,-1.8221538216902502,0.10778159666847376,-0.09730812725616172,-0.009190126805558863,0.0,1,0.09,7.8,259.997
2020-09-30,157.43649291992188,160.6439971923828,156.69949340820312,157.0570068359375,97922000,0.027802971506059378,-0.009902236636094299,48.4240199760509,-1.5262028571464157,0.08755144912904463,-0.0906640633229421,0.0012241460404771587,0.0,1,0.09,7.8,259.997
2020-10-01,161.06300354003906,161.1999969482422,158.60000610351562,160.39999389648438,99438000,0.04423391658860784,0.01213200642464597,56.17460796410424,-0.9876455236950505,0.03869281543656095,-0.0963970007251684,0.023034752317315554,0.0,0,0.09,6.9,260.319
2020-10-02,156.25,159.7899932861328,156.14999389648438,157.68150329589844,112262000,0.007474337985562575,-0.018966797751352422,51.17985556951714,-0.9383869776186202,0.05672165254536685,-0.062372863482866706,-0.02988273802333874,0.0,1,0.09,6.9,260.319
2020-10-05,159.9600067138672,160.12649536132812,157.04249572753906,157.29200744628906,75506000,0.023518379155798897,0.0031284005068407407,52.255851095797745,-0.5931452794141592,0.026040982465851892,-0.0809304196849903,0.0237440429687501,0.0,0,0.09,6.9,260.319
2020-10-06,154.9980010986328,159.10000610351562,154.5,158.25,101738000,-0.0073094950121497465,-0.02826163410272597,51.12006287150527,-0.7117267868292174,0.05779072331183013,-0.05201970595389702,-0.03102028886576813,0.0,1,0.09,6.9,260.319
2020-10-07,159.7845001220703,160.0,156.6195068359375,156.75,86188000,0.016968403001644653,0.0005212330692123336,59.32748661772851,-0.41469269775680573,0.021307317654985964,-0.07790292921027567,0.030881037106998743,0.0,0,0.09,6.9,260.319
2020-10-08,159.52749633789062,161.6645050048828,158.74949645996094,161.24949645996094,63482000,0.009845058028067042,-0.00206922136672628,62.35631678079177,-0.19774956576554814,0.023688245807305688,-0.07666904102909589,-0.0016084400175445657,0.0,1,0.09,6.9,260.319
2020-10-09,164.33250427246094,164.44949340820312,159.89149475097656,160.5,98158000,0.03399395064725205,0.026481197033047247,65.62074981797201,0.35777915710801267,0.002211055210021092,-0.1069362865188001,0.030120249141207367,0.0,1,0.09,6.9,260.319
2020-10-12,172.14649963378906,174.81199645996094,166.9774932861328,167.4969940185547,167284000,0.07407458641395619,0.07342461457697569,65.21292526121177,1.41228386445556,-0.023178428774065143,-0.15770210147498298,0.04754990740220588,0.0,1,0.09,6.9,260.319
2020-10-13,172.18150329589844,174.61900329589844,171.21099853515625,173.39950561523438,114894000,0.0643730679205044,0.07142655441459114,74.56136854230921,2.2251606781359214,-0.007918922040180822,-0.16498267823993037,0.00020333647320058823,0.0,0,0.09,6.9,260.319
2020-10-14,168.1855010986328,173.24400329589844,167.0,172.35000610351562,116254000,0.032808304411428055,0.04509834053094847,67.84964544848351,2.5179026141077827,0.024263503579562338,-0.14526324909327762,-0.023208080547411636,0.0,0,0.09,6.9,260.319
2020-10-15,166.9324951171875,167.79400634765625,164.0,164.60049438476562,104468000,0.02143209659473064,0.03645163303493125,63.33477938856596,2.6186098917584104,0.03727379911162259,-0.13428780850533137,-0.007450142689235051,0.0,0,0.09,6.9,260.319
2020-10-16,163.635498046875,169.98300170898438,158.0,168.1614990234375,129488000,-0.003246072477974503,0.015680347967249212,55.48037558717281,2.4046615835479486,0.057816813101667065,-0.10677805113040569,-0.019750480983333984,0.0,0,0.09,6.9,260.319
2020-10-19,160.36050415039062,166.4499969482422,159.63699340820312,164.98049926757812,104472000,-0.023433301754902748,-0.004892955450081372,53.32799315379423,1.9483816399763612,0.0760457575018527,-0.07746822880512397,-0.020013957457728493,0.0,1,0.09,6.9,260.319
2020-10-20,160.85049438476562,163.3000030517578,159.60049438476562,161.11399841308594,90194000,-0.023928131170676586,-0.002278621342800505,53.622665118336506,1.6077811143934753,0.0733331010409481,-0.07810765016100661,0.003055554339711275,0.0,0,0.09,6.9,260.319
2020-10-21,159.2469940185547,161.69400024414062,158.0,160.625,91854000,-0.03334318754646059,-0.012863238047419892,47.98655242908254,1.1946919997303098,0.08067612534054688,-0.05954912104759584,-0.009968886774915697,0.0,0,0.09,6.9,260.319
2020-10-22,158.82000732421875,159.9375,156.0970001220703,159.49349975585938,84240000,-0.03552086732241934,-0.015596440448523942,53.15640418645025,0.8233703416884168,0.0800043930855812,-0.04851317270148463,-0.0026812857408547996,0.0,1,0.09,6.9,260.319
2020-10-23,160.22000122070312,160.26649475097656,157.0,159.5500030517578,69334000,-0.024582972164206535,-0.0071858987946962554,50.338525824241536,0.6347461017262788,0.06941637348531401,-0.052266216602259344,0.008814971867029398,0.0,1,0.09,6.9,260.319
2020-10-26,160.3520050048828,164.1490020751953,157.6649932861328,159.93699645996094,118024000,-0.01671891362261408,-0.006731188583344072,57.97415399607655,0.49026022013237025,0.06858024469438259,-0.0520619532653377,0.0008238907949942309,0.0,1,0.09,6.9,260.319
2020-10-27,164.31649780273438,164.58299255371094,160.56500244140625,161.2469940185547,85820000,0.012474416410691701,0.017171313539892263,56.91929642439302,0.6877278555197961,0.04393664190222114,-0.07176704880760189,0.024723687101579017,0.0,0,0.09,6.9,260.319
2020-10-28,158.13900756835938,163.2010040283203,158.12350463867188,162.46499633789062,111766000,-0.01952008565118775,-0.020161246557686793,48.204670272215516,0.34181036761944483,0.0845181906496943,-0.03486417385006165,-0.037595069983728635,0.0,1,0.09,6.9,260.319
2020-10-29,160.55050659179688,162.8625030517578,158.1999969482422,160.06350708007812,131930000,-0.0006140400901084213,-0.004914442158940513,44.787183880076434,0.25926741039199896,0.0681575240117713,-0.049608911117332136,0.015249235849637444,0.0,0,0.09,6.9,260.319
2020-10-30,151.8074951171875,158.35000610351562,150.9499969482422,157.8874969482422,167728000,-0.048028039381685664,-0.057577462432892065,22.666281146635015,-0.5058058208563807,0.1331637326223348,-0.001287756128152815,-0.0544564552314909,0.0,0,0.09,6.9,260.319
2020-11-02,150.2239990234375,153.98550415039062,147.50599670410156,153.08700561523438,145148000,-0.05193159687646301,-0.06578253487040131,21.67026873149176,-1.2257767779357778,0.15004215533581483,-0.0021752817299122585,-0.010430948040659138,0.0,1,0.09,6.7,260.911
2020-11-03,152.42050170898438,153.7449951171875,149.0489959716797,150.92649841308594,97958000,-0.03292436809702106,-0.05059337631221822,28.669407035632375,-1.6006680340320258,0.13494085104858794,-0.01971752105558553,0.014621516534147005,0.0,1,0.09,6.7,260.911
2020-11-04,162.05799865722656,162.24249267578125,156.9864959716797,157.99949645996094,136780000,0.026392903211815307,0.0100999965835546,44.62432449623919,-1.1073418481048805,0.0680634440682574,-0.07722834977585519,0.06322966294024535,0.0,1,0.09,6.7,260.911
2020-11-05,166.10000610351562,168.33999633789062,164.44400024414062,165.99850463867188,115786000,0.047164674899625635,0.03606760346133245,52.673961285058965,-0.38577410731144823,0.04498860875168363,-0.09864309319111837,0.024941733698923496,0.0,0,0.09,6.7,260.911
2020-11-06,165.56849670410156,166.10000610351562,161.60000610351562,165.23199462890625,92946000,0.04030598869905272,0.033323516025524996,56.00830044688485,0.1415534196510464,0.04914677649566222,-0.09580657171434732,-0.003199936061909714,0.0,0,0.09,6.7,260.911
2020-11-09,157.18699645996094,164.4499969482422,155.60549926757812,161.55149841308594,143808000,-0.010388968247094987,-0.01740342051009402,46.42456441639585,-0.1155210834824345,0.09454307702684046,-0.046564184434789546,-0.05062255447737596,0.0,0,0.09,6.7,260.911
2020-11-10,151.75100708007812,155.6999969482422,150.9739990234375,154.75100708007812,131820000,-0.03699436584097909,-0.048911584290019225,43.19338438256944,-0.7492564301049356,0.12302827775892171,-0.01515033036866503,-0.03458294580536425,0.0,1,0.09,6.7,260.911
2020-11-11,156.8695068359375,156.95750427246094,152.5,153.08900451660156,87338000,-0.003709946304747631,-0.014597738708560131,48.36793206364641,-0.8289208216624786,0.07847657574214563,-0.04659027533166368,0.03372959332756431,0.0,0,0.09,6.7,260.911
2020-11-12,155.51400756835938,158.79400634765625,154.30250549316406,157.99749755859375,87240000,-0.009149372051982853,-0.020521179038335217,46.059357766749635,-0.9900205478273278,0.08074115399020125,-0.03848683810422021,-0.008640935353967705,0.0,1,0.09,6.7,260.911
2020-11-13,156.4405059814453,157.08599853515625,154.26950073242188,156.10000610351562,75124000,-0.006179888324020985,-0.013199172653426001,46.76764966378231,-1.031047291239389,0.07054073892268123,-0.044980594235807754,0.005957652481424658,0.0,1,0.09,6.7,260.911
2020-11-16,156.55299377441406,157.13499450683594,153.63450622558594,154.66000366210938,76174000,-0.009447922779963522,-0.011469741163232943,43.1482559321792,-1.0424675393026916,0.06849191914297412,-0.04681928764333416,0.0007190451875813686,0.0,1,0.09,6.7,260.911
2020-11-17,156.7830047607422,159.46249389648438,156.76300048828125,159.177001953125,68894000,-0.010723254254207415,-0.00992872306156955,48.662877598990576,-1.0211866003938894,0.06522095957272431,-0.0491085983315638,0.001469221257177411,0.0,0,0.09,6.7,260.911
2020-11-18,155.2729949951172,157.0,155.2550048828125,156.6999969482422,58336000,-0.016038616262456583,-0.018453038998044572,44.701774423872145,-1.1133326654537257,0.07471180379049651,-0.04155237359951046,-0.00963120822903818,0.0,1,0.09,6.7,260.911
2020-11-19,155.8509979248047,156.25,154.04600524902344,155.2655029296875,60206000,-0.00591949802309506,-0.01443732588834311,54.855367774480946,-1.1267308284121498,0.06996764746079037,-0.046253604637960945,0.003722494885254779,0.0,0,0.09,6.7,260.911
2020-11-20,154.97000122070312,156.64450073242188,154.90249633789062,155.8509979248047,67488000,-0.004811227077108864,-0.01990427961481204,55.79671304524148,-1.194666666630809,0.07433496152511888,-0.0425039580527277,-0.005652814007175211,0.0,0,0.09,6.7,260.911
2020-11-23,154.91949462890625,156.9875030517578,153.2729949951172,155.8350067138672,94178000,-0.0036847888286661015,-0.020195323263490134,53.221097565580784,-1.238307331627766,0.07265795336366054,-0.0436712025113836,-0.00032591205652088284,0.0,1,0.09,6.7,260.911
2020-11-24,155.9029998779297,156.71249389648438,154.31300354003906,155.02499389648438,72042000,-2.983098573857156e-05,-0.013737570172260379,39.78831022855002,-1.1799307121832783,0.05906725233997663,-0.048276873041575616,0.006348492495275249,0.0,1,0.09,6.7,260.911
2020-11-25,159.2534942626953,159.89999389648438,157.01300048828125,157.093505859375,75808000,0.019900886209697613,0.006776796951593171,38.374268878569715,-0.8534716353473755,0.03747343410320704,-0.0682877507395596,0.02149089105013391,0.0,1,0.09,6.7,260.911
2020-11-27,159.76699829101562,160.8094940185547,159.50250244140625,160.56300354003906,47858000,0.020410181992992715,0.008832951059100015,40.14272817919683,-0.5470093975575594,0.03347787649560585,-0.0711117217120189,0.003224444340751864,0.0,0,0.09,6.7,260.911
2020-11-30,158.40199279785156,161.41949462890625,156.27749633789062,160.4239959716797,81278000,0.010426239960898328,-0.001130507679689448,52.71071294344493,-0.409559257461126,0.04251935162103565,-0.05907965925130727,-0.008543726224847115,0.0,1,0.09,6.7,260.911
2020-12-01,161.00399780273438,162.44749450683594,157.85899353027344,159.4250030517578,90740000,0.024116388909076945,0.013618142093221755,73.63226812159002,-0.08963570847797087,0.025860676097492884,-0.06778010638447048,0.01642659261366375,0.0,0,0.09,6.7,262.045
2020-12-02,160.17649841308594,161.60000610351562,158.66299438476562,161.08250427246094,62586000,0.016658324071638815,0.00793553063782848,60.81704158077831,0.09602678694685096,0.031472271746590376,-0.0584337639436041,-0.005139620139509304,0.0,0,0.09,6.7,262.045
2020-12-03,159.3365020751953,161.4320068359375,159.0655059814453,160.2729949951172,57840000,0.008725115207707143,0.0014720827113820637,62.93960440123512,0.17338627877904855,0.034662149187912696,-0.05293011890371311,-0.005244192164348127,0.0,0,0.09,6.7,262.045
2020-12-04,158.12899780273438,159.91050720214844,157.93800354003906,159.91050720214844,58272000,-0.0003609667055117967,-0.0070085836037461205,55.60903755713861,0.13569452809480254,0.03268899682380379,-0.04086489560044894,-0.007578327983446487,0.0,0,0.09,6.7,262.045
2020-12-07,157.89999389648438,159.03799438476562,157.08450317382812,157.82400512695312,55026000,-0.003654129152655458,-0.008837953389057083,54.44025620364307,0.0863494599308865,0.022875147588509892,-0.03301884112784759,-0.00144820943300783,0.0,1,0.09,6.7,262.045
2020-12-08,158.864501953125,159.2064971923828,156.00100708007812,157.94500732421875,65726000,-5.725157792634895e-05,-0.002803872294856548,56.54454230470673,0.12364556819622408,0.01763511291558149,-0.03880381121236253,0.006108347649924184,0.0,0,0.09,6.7,262.045
2020-12-09,155.2100067138672,158.72149658203125,154.39999389648438,158.39450073242188,82016000,-0.02263346599056431,-0.025494383948201593,49.82548848849695,-0.1400695862170096,0.03842720201101183,-0.010774759872453387,-0.02300385041546993,0.0,0,0.09,6.7,262.045
2020-12-10,155.07449340820312,157.10499572753906,153.8000030517578,154.44949340820312,60604000,-0.020910286125901022,-0.02605634747106015,47.794589900072026,-0.3558979670641804,0.0395961673475489,-0.011329358911189504,-0.0008730964486967085,0.0,1,0.09,6.7,262.045
2020-12-11,155.8209991455078,155.93350219726562,153.64100646972656,154.83299255371094,61294000,-0.013739949018511948,-0.020723124446556523,52.43559140094872,-0.4613881443296748,0.03454488407941071,-0.015798061137319366,0.004813852496939441,0.0,1,0.09,6.7,262.045
2020-12-14,157.84849548339844,159.52349853515625,156.3000030517578,157.14999389648438,83116000,-0.0005568897285973525,-0.008180341371129227,57.53071250179485,-0.37704155945715456,0.02161997499327676,-0.027911102703453407,0.013011701561464806,0.0,1,0.09,6.7,262.045
2020-12-15,158.25599670410156,159.4250030517578,156.52450561523438,159.05050659179688,66390000,0.0037697699469803033,-0.005406882095895452,56.23441457001194,-0.2741540629971837,0.019533172216962564,-0.02988189344390577,0.0025815971159888207,0.0,1,0.09,6.7,262.045
2020-12-16,162.04800415039062,162.35000610351562,158.1840057373047,158.80050659179688,88552000,0.026602704867863307,0.017523114196840276,57.23495990651569,0.11207638222953165,0.0003392707370104068,-0.05399782822178102,0.023961224378619583,0.0,0,0.09,6.7,262.045
2020-12-17,161.8040008544922,163.17550659179688,161.0500030517578,162.5,69486000,0.02345702878072981,0.015733376795995763,55.348416072050995,0.39393670879155707,0.005138765069384927,-0.05182583663972932,-0.0015057469987226346,0.0,0,0.09,6.7,262.045
2020-12-18,160.08250427246094,162.4709930419922,158.5800018310547,162.19949340820312,119914000,0.011318430927655419,0.004856568524057457,54.33131870552035,0.47295077908361804,0.017068397193842327,-0.04010658732083201,-0.01063939440891426,0.0,1,0.09,6.7,262.045
2020-12-21,160.3090057373047,161.34849548339844,158.3000030517578,160.00050354003906,76736000,0.011210399967559717,0.006786892254030677,47.95879130974906,0.5475351301651017,0.016151406200214387,-0.038652410625205066,0.0014149045573290664,0.0,1,0.09,6.7,262.045
2020-12-22,160.3260040283203,161.10000610351562,159.00399780273438,160.14199829101562,47388000,0.010386149856436938,0.008390827065982605,50.46105197775206,0.6010864355075114,0.016032164199719017,-0.03537063214409003,0.00010603453584812073,0.0,0,0.09,6.7,262.045
2020-12-23,159.2635040283203,160.50650024414062,159.20849609375,160.25,41876000,0.0011327602971861592,0.003338511040959729,49.777932919402275,0.5514347637899562,0.022450630629495195,-0.02646541655557924,-0.006627122071927394,0.0,0,0.09,6.7,262.045
2020-12-24,158.63450622558594,160.10000610351562,158.4499969482422,159.69500732421875,29038000,-0.00504766282208382,0.0005800075208624132,51.593906695187535,0.45607326164167716,0.026306319852399517,-0.022797071199685336,-0.003949415822362745,0.0,1,0.09,6.7,262.045
2020-12-28,164.197998046875,165.1999969482422,158.63450622558594,159.6999969482422,113736000,0.02446387220854524,0.0360288644153055,64.85937905014256,0.8199737313247226,-0.0031367070294297007,-0.058540023869901814,0.03507113271672124,0.0,1,0.09,6.7,262.045
2020-12-29,166.10000610351562,167.53250122070312,164.06100463867188,165.4969940185547,97458000,0.03102288203379463,0.0477039955771624,66.34808450781918,1.2474636453517007,-0.006551634790691043,-0.07268623419685474,0.011583625131030173,0.0,0,0.09,6.7,262.045
2020-12-30,164.29249572753906,167.10499572753906,164.12350463867188,167.0500030517578,64186000,0.01599628933154984,0.03578903025834496,72.38992925259322,1.4239866688522227,0.007639917639065531,-0.06374436682409466,-0.010882060864285004,0.0,0,0.09,6.7,262.045
2020-12-31,162.84649658203125,164.14599609375,162.05999755859375,163.75,59144000,0.006557098279230329,0.026414341601362305,67.996565662276,1.4307100554989347,0.018429168104153865,-0.05563317308601922,-0.008801370623195415,0.0,0,0.09,6.7,262.045
2021-01-04,159.3314971923828,163.60000610351562,157.2010040283203,163.5,88228000,-0.01366179544638046,0.004248756613364247,57.20500878140197,1.1392744663129122,0.040895611540118906,-0.03480167256378398,-0.021584740620304466,0.0,1,0.09,6.4,262.687
2021-01-05,160.92550659179688,161.16900634765625,158.2530059814453,158.30050659179688,53110000,-0.004313722180294804,0.014026483678268234,56.429722468620604,1.0251159999088486,0.031235334419612293,-0.04327451664780846,0.010004358381754175,0.0,0,0.09,6.4,262.687
2021-01-06,156.91900634765625,159.87550354003906,156.55799865722656,157.32400512695312,87896000,-0.02706222441112358,-0.010807832863279042,47.57149485230412,0.604386515302906,0.05780240552549364,-0.019709567866734844,-0.024896614147709384,0.0,1,0.09,6.4,262.687
2021-01-07,158.10800170898438,160.427001953125,157.75,157.85000610351562,70290000,-0.018340154390670934,-0.003030538095158647,42.0959704178962,0.3627161899164264,0.0498399585889481,-0.027552348542552535,0.0075771277744003385,0.0,1,0.09,6.4,262.687
2021-01-08,159.13499450683594,159.53199768066406,157.11000061035156,159.0,70754000,-0.011884928136791073,0.004101423593348718,44.80879474148441,0.2511651759531901,0.0418472332040562,-0.03014419656733173,0.006495514374673217,0.0,0,0.09,6.4,262.687
2021-01-11,155.7104949951172,157.81900024414062,155.5,157.40049743652344,73668000,-0.031390022074069615,-0.017205105937641203,42.024792606307706,-0.11227407154493108,0.06425367352288955,-0.007899335600436163,-0.021519462280005563,0.0,1,0.09,6.4,262.687
2021-01-12,156.04150390625,157.10699462890625,154.3000030517578,156.0,70292000,-0.024380843254902817,-0.014554980279248744,42.24499789539766,-0.36933517486136225,0.061845100314550136,-0.009711569791007787,0.002125797051401035,0.0,1,0.09,6.4,262.687
2021-01-13,158.29449462890625,159.49749755859375,156.10400390625,156.4219970703125,66424000,-0.005440764926803966,-0.0011451296037260944,46.58575627689797,-0.38680162066822277,0.046654496578409636,-0.02344703769181766,0.014438406874172749,0.0,0,0.09,6.4,262.687
2021-01-14,156.37350463867188,158.89999389648438,156.0294952392578,158.37600708007812,61418000,-0.012597485231805282,-0.014031968581050762,45.27916625747574,-0.549319529046528,0.060153615320817894,-0.01329565324513819,-0.012135545173177387,0.0,0,0.09,6.4,262.687
2021-01-15,155.21249389648438,157.12750244140625,154.7584991455078,156.1510009765625,84880000,-0.01518133098590598,-0.02169682991624097,44.50561700305313,-0.7630045645710197,0.06782618017650816,-0.010061408901304282,-0.007424600125642833,0.0,1,0.09,6.4,262.687
2021-01-19,156.03799438476562,157.25,154.8000030517578,155.35000610351562,66102000,-0.00787028378962232,-0.015746775710911872,34.54721246824339,-0.8558745156795169,0.06113217449001062,-0.01794902148924963,0.005318518294228358,0.0,1,0.09,6.4,262.687
2021-01-20,163.16900634765625,163.99000549316406,158.75,159.09950256347656,106196000,0.03599270748770247,0.02961478604170141,45.367036558940605,-0.35002666249198455,0.017060917575336308,-0.06127986144412177,0.04570048462239673,0.0,1,0.09,6.4,262.687
2021-01-21,165.34950256347656,167.42750549316406,164.47850036621094,164.64999389648438,98722000,0.04424758021203811,0.04340279956278773,51.6513149112268,0.22422450650947212,0.00820846760012012,-0.0751702891368097,0.013363421550624865,0.0,0,0.09,6.4,262.687
2021-01-22,164.6114959716797,166.0955047607422,164.1580047607422,165.2154998779297,56438000,0.0353344361310848,0.037773357614840256,52.819756996432616,0.6127088053101772,0.01600954607102276,-0.07170153434797435,-0.00446331304512726,0.0,1,0.09,6.4,262.687
2021-01-25,164.6999969482422,168.1945037841797,162.15750122070312,166.4250030517578,74996000,0.03227794762798825,0.03663877403316956,59.631145970319544,0.9171543161155853,0.018830529619608283,-0.07226643932278069,0.0005376354551673845,0.0,1,0.09,6.4,262.687
2021-01-26,166.30650329589844,166.89999389648438,164.14349365234375,164.8179931640625,59104000,0.035470182830352415,0.04550828065398738,59.64923897619546,1.2733824527008153,0.0137886197764159,-0.08141500197092191,0.009754137082109926,0.0,0,0.09,6.4,262.687
2021-01-27,161.62899780273438,167.3260040283203,160.35400390625,167.07449340820312,93204000,0.002857872620215519,0.015321876492379247,58.24751137702024,1.1648327488305483,0.04135302132532716,-0.05464640444726271,-0.02812581228312927,0.0,1,0.09,6.4,262.687
2021-01-28,161.88099670410156,165.08399963378906,161.4344940185547,161.7519989013672,62984000,0.0021912580608768268,0.01621028235550017,56.830923543669876,1.0866147137269309,0.03585522055024641,-0.05484753587248186,0.0015591193708615059,0.0,0,0.09,6.4,262.687
2021-01-29,160.30999755859375,161.84950256347656,159.2274932861328,161.5,85872000,-0.009947468132361054,0.0058738490934705755,52.08622202137995,0.8876278345741468,0.043274579684440526,-0.045337747702642636,-0.009704654514695155,0.0,1,0.09,6.4,262.687
2021-02-01,167.1439971923828,167.51300048828125,161.75149536132812,162.1179962158203,83204000,0.024707579050935704,0.04739232128119821,68.1078740225983,1.2667733805593286,0.005376717729659581,-0.08655818936148836,0.042629902924745666,0.0,1,0.08,6.2,263.579
2021-02-02,169.0,171.38699340820312,168.05650329589844,169.0,141972000,0.02791770075612702,0.05720399771603279,69.57741725481662,1.6974457743968117,0.0024769749416698812,-0.09901041281727077,0.011104214562255077,0.0,0,0.08,6.2,263.579
2021-02-03,165.62649536132812,171.6999969482422,165.43099975585938,171.25050354003906,141776000,0.00589531028528303,0.034834905100182716,60.71427615812114,1.7464115730433036,0.025903776939504054,-0.08082882275921868,-0.019961565909300982,0.0,1,0.08,6.2,263.579
2021-02-04,166.5500030517578,167.35000610351562,163.8874969482422,166.5,73414000,0.01076707952309295,0.03910136531506832,65.3174926539186,1.8385430934638975,0.02367611176295362,-0.08360381139816289,0.005575845147329783,0.0,1,0.08,6.2,263.579
2021-02-05,167.6074981689453,168.85000610351562,165.135498046875,165.9499969482422,72416000,0.015338741053816886,0.04404611453262549,68.71506989821802,1.974132435409956,0.021449620225252947,-0.08795021994348773,0.006349415177487883,0.0,0,0.08,6.2,263.579
2021-02-08,166.14700317382812,168.25,165.1999969482422,167.9250030517578,65148000,0.005609811800711302,0.03362938587248276,64.97629577519552,1.9413594423337202,0.03295504362052687,-0.0782390881404427,-0.008713780773966562,0.0,0,0.08,6.2,263.579
2021-02-09,165.25,166.89999389648438,164.89199829101562,165.62449645996094,44070000,0.0008206493041761528,0.02728251147629327,53.78142173471821,1.8220030328394614,0.03855358989055483,-0.06745435503687662,-0.00539885256244832,0.0,0,0.08,6.2,263.579
2021-02-10,164.32899475097656,165.8975067138672,162.6999969482422,165.6999969482422,63032000,-0.0063821207802068495,0.020977954650407478,48.05665908081834,1.6342561048766981,0.04327715416927399,-0.056087381975390704,-0.005573405440383872,0.0,0,0.08,6.2,263.579
2021-02-11,163.10650634765625,164.60000610351562,162.4029998779297,164.60000610351562,46028000,-0.014504175014082663,0.012790558886744924,47.18598983508692,1.3710164897705965,0.05047662784727596,-0.04544257899789812,-0.007439273910078148,0.0,1,0.08,6.2,263.579
2021-02-12,163.885498046875,164.0124969482422,161.66549682617188,162.5,46706000,-0.011932031109476979,0.017263591285727874,48.51539506861629,1.2112922945137825,0.04313962025569901,-0.0430523516251079,0.004775969497859078,0.0,0,0.08,6.2,263.579
2021-02-16,163.44749450683594,165.4149932861328,162.67950439453125,162.70249938964844,51494000,-0.012371705856520409,0.014133022030317336,44.55696467290892,1.0374079013662936,0.04057427335206107,-0.030088892653674936,-0.0026726192693009576,0.0,1,0.08,6.2,263.579
2021-02-17,165.4320068359375,166.04550170898438,162.97500610351562,163.17999267578125,65950000,0.001779460478877729,0.02567038288229773,58.06747528944432,1.0476600537703291,0.02188300495315566,-0.02983681168107189,0.012141589169594624,0.0,1,0.08,6.2,263.579
2021-02-18,166.4114990234375,166.89999389648438,163.69700622558594,164.12100219726562,60548000,0.007232010998815736,0.03068465083078829,59.32298015336975,1.1218893499128626,0.016780162594375748,-0.034510603902344984,0.005920814274298136,0.0,0,0.08,6.2,263.579
2021-02-19,162.4949951171875,166.6750030517578,162.28750610351562,166.4114990234375,86104000,-0.01405338465050224,0.005854906454180476,54.10050879801337,0.8548334800112798,0.041213091343566315,-0.01292294155680155,-0.023535055745747435,0.0,0,0.08,6.2,263.579
2021-02-22,159.03700256347656,161.61599731445312,158.61300659179688,160.406494140625,70314000,-0.029990695396127604,-0.015571322397002225,32.57834008601637,0.3600087231825455,0.06649798240684698,0.002388775652452524,-0.021280609604111933,0.0,1,0.08,6.2,263.579
2021-02-23,159.72500610351562,160.2364959716797,154.67999267578125,156.35150146484375,93544000,-0.02196345899371249,-0.01186494445229853,29.01490043361781,0.023106318910350865,0.06303495076592905,-0.0061744905595312125,0.004326059526709614,0.0,0,0.08,6.2,263.579
2021-02-24,157.97650146484375,158.56149291992188,156.2689971923828,158.33749389648438,60226000,-0.02834247779224619,-0.0230328218080673,31.31778289203031,-0.38059372762327826,0.07582176941953296,-0.001468645133084198,-0.010946968676518232,0.0,0,0.08,6.2,263.579
2021-02-25,152.85800170898438,158.91299438476562,152.38800048828125,156.83700561523438,90676000,-0.0531441087592277,-0.054340372168441356,22.24855833493639,-1.1008590582509612,0.12007307037198248,0.01800243836245589,-0.03240038681954516,0.0,1,0.08,6.2,263.579
2021-02-26,154.64649963378906,156.1219940185547,151.8350067138672,154.75999450683594,85518000,-0.03701909938649663,-0.042896598142756974,24.48621722513448,-1.5099519009719984,0.11070248136802062,-0.0020320566687656075,0.011700387973209825,0.0,1,0.08,6.2,263.579
2021-03-01,157.3070068359375,157.47799682617188,154.89950561523438,156.39450073242188,54582000,-0.016423031313014848,-0.02631640994317248,33.383469343034704,-1.6010246146023235,0.09285125017753122,-0.02175341708126617,0.017203798394717307,0.0,0,0.07,6.1,264.961
2021-03-02,154.72650146484375,158.17599487304688,154.3560028076172,157.17349243164062,51916000,-0.027253612934588112,-0.04142015378469741,31.39640524215737,-1.8599848658289488,0.11008572725232736,-0.012471883836111522,-0.016404262105025436,0.0,0,0.07,6.1,264.961
2021-03-03,150.25,155.38900756835938,149.75,154.0590057373047,79774000,-0.046293947931640655,-0.06781897939129668,27.89033456803672,-2.3987773747737435,0.14270720283405874,0.004923089452235083,-0.02893170479822993,0.0,0,0.07,6.1,264.961
2021-03-04,148.8784942626953,152.906494140625,147.27149963378906,150.60000610351562,109632000,-0.044364250672157046,-0.07504216317610597,27.76040645554906,-2.9029796286349097,0.15555159803140378,0.0006137561112690237,-0.009128157985388907,0.0,1,0.07,6.1,264.961
2021-03-05,150.0229949951172,150.4499969482422,144.0500030517578,150.25,107772000,-0.029246305112786513,-0.06673875956459202,28.576522139808077,-3.173628291852765,0.14477308866440874,-0.016073081636270664,0.007687481916645478,0.0,0,0.07,6.1,264.961
2021-03-08,147.59750366210938,153.22950744628906,147.5655059814453,150.75,83700000,-0.03781871449986041,-0.0803708782167525,26.922654808353258,-3.542994749236584,0.16044951593146586,-0.010325406947133265,-0.016167463748385735,0.0,1,0.07,6.1,264.961
2021-03-09,153.1425018310547,154.54800415039062,150.25750732421875,150.89950561523438,80600000,0.002631266628358339,-0.04509354610405075,33.78757629594918,-3.3496723790175906,0.1123303667114887,-0.048549919502957624,0.03756837366056898,0.0,0,0.07,6.1,264.961
2021-03-10,152.8820037841797,155.822998046875,151.50250244140625,154.92250061035156,60250000,0.004275425645880348,-0.04603349787469261,31.806640941598232,-3.1808165499184327,0.1082936455792143,-0.04908658718427047,-0.0017010173123747085,0.0,1,0.07,6.1,264.961
2021-03-11,155.67950439453125,156.58900451660156,154.14649963378906,155.20050048828125,55528000,0.020760178197908558,-0.027543601282738805,40.550710018963734,-2.7891110334176403,0.08281522298497235,-0.06616728028167246,0.018298429776605563,0.0,0,0.07,6.1,264.961
2021-03-12,154.47450256347656,154.94900512695312,152.27499389648438,153.75,48438000,0.012973454181362799,-0.0336671959750441,43.25283892181898,-2.5465600080562467,0.0863785780134875,-0.05958744624577658,-0.0077402727850476305,0.0,0,0.07,6.1,264.961
2021-03-15,154.08399963378906,154.11199951171875,151.60450744628906,153.72850036621094,58272000,0.012552745389382875,-0.03487736893853572,41.58385728055569,-2.3586577574141927,0.08268791258727194,-0.05712132046635836,-0.0025279442445658162,0.0,1,0.07,6.1,264.961
2021-03-16,154.59300231933594,156.44549560546875,153.79299926757812,155.24850463867188,50776000,0.015986753212170583,-0.030686967134606787,44.758086821425415,-2.1439574008571185,0.07259410965885689,-0.05942437913672916,0.0033034103914528767,0.0,1,0.07,6.1,264.961
2021-03-17,156.7864990234375,158.65249633789062,153.51100158691406,153.66099548339844,62372000,0.02599497271290281,-0.01661968772374011,56.692839287422586,-1.7763325137589163,0.04796848655623206,-0.06847788008392415,0.014188848597238346,0.0,0,0.07,6.1,264.961
2021-03-18,151.39950561523438,155.8314971923828,151.25,155.0500030517578,72992000,-0.010888727541325272,-0.04927135622407596,45.07239899685765,-1.897795879635396,0.07004684738763504,-0.030038847079636135,-0.03435878370750434,0.0,1,0.07,6.1,264.961
2021-03-19,153.7480010986328,153.864501953125,150.8314971923828,151.4615020751953,92508000,0.0020157802512127928,-0.03413908217618428,44.54725549814449,-1.783987812861426,0.04422688668097146,-0.04106911490401441,0.015511909856343209,0.0,1,0.07,6.1,264.961
2021-03-22,155.5435028076172,156.32899475097656,153.00250244140625,153.3925018310547,58044000,0.008494926069074598,-0.022544608985922414,51.28257704492984,-1.5312606975741119,0.02853246985977334,-0.050743955602093105,0.01167821172408301,0.0,1,0.07,6.1,264.961
2021-03-23,156.875,159.10000610351562,156.04249572753906,156.35000610351562,76346000,0.014672391595388804,-0.013897214721943938,61.539806826457436,-1.2095885583119355,0.01595890051625758,-0.05677386332128746,0.008560288075996736,0.0,0,0.07,6.1,264.961
2021-03-24,154.35350036621094,158.0155029296875,154.25750732421875,157.552001953125,59180000,-0.0025860539128090983,-0.029581592553214704,59.169334592676186,-1.1449270119180426,0.029073319920356656,-0.040230489198917425,-0.016073304438495972,0.0,0,0.07,6.1,264.961
2021-03-25,152.31300354003906,155.48899841308594,151.85699462890625,153.64950561523438,71270000,-0.013625750094425602,-0.04196102055440872,53.72347287941821,-1.2439933305129784,0.04280622050574573,-0.027677205585366516,-0.013219634289670767,0.0,1,0.07,6.1,264.961
2021-03-26,152.60150146484375,152.83299255371094,149.8000030517578,152.2030029296875,66258000,-0.010557302370760382,-0.03945847501297737,58.74397279076985,-1.2844187504475144,0.04005419677147159,-0.03007493692145021,0.0018941122432061253,0.0,1,0.07,6.1,264.961
2021-03-29,153.7864990234375,154.5625,151.42250061035156,152.77200317382812,54920000,-0.002681598562578618,-0.03168421841614872,51.32761123088953,-1.2069241175118464,0.028785312243086416,-0.03658310899007944,0.007765307334585803,0.0,0,0.07,6.1,264.961
2021-03-30,152.76449584960938,153.64999389648438,151.6999969482422,153.50050354003906,46752000,-0.008133217775738215,-0.0378226390672191,49.76512963465626,-1.2139821469700678,0.03469726418816425,-0.030451448295478363,-0.006645597502498379,0.0,1,0.07,6.1,264.961
2021-03-31,154.70399475097656,155.9665069580078,153.125,153.2030029296875,61878000,0.005819522125754529,-0.02544306315249218,47.98093716148144,-1.050959526670482,0.022271732940174326,-0.04027377876842358,0.01269600564306872,0.0,1,0.07,6.1,264.961
2021-04-01,158.0500030517578,158.1219940185547,155.77749633789062,155.89700317382812,58806000,0.023149876415562886,-0.003722360918512818,56.797919115658964,-0.6443404636763148,0.003337230837270335,-0.057496382755625096,0.02162845443110406,0.0,1,0.07,6.1,266.614
2021-04-05,161.3365020751953,161.79800415039062,158.06199645996094,158.64999389648438,66698000,0.03931966550050709,0.01750906409171861,62.42101301945863,-0.05625050118530339,-0.008959747652483172,-0.07782471392161208,0.02079404593469847,0.0,0,0.07,6.1,266.614
2021-04-06,161.1909942626953,162.36549377441406,160.8520050048828,161.1875,50756000,0.03461829049081801,0.01703017522448105,61.44253303046149,0.39353731345792653,-0.00475973634775186,-0.07186449961704622,-0.0009018902147276409,0.0,1,0.07,6.1,266.614
2021-04-07,163.96949768066406,165.1804962158203,161.1824951171875,161.69000244140625,66924000,0.04768156384030349,0.03465644262239828,62.20933942038804,0.963097414529642,-0.010780458860019946,-0.09183279707328681,0.01723733655641202,0.0,1,0.07,6.1,266.614
2021-04-08,164.96499633789062,166.22500610351562,164.60000610351562,165.5449981689453,56242000,0.046943799177296,0.04111435353948599,77.10441303263525,1.4777714901391903,-0.006512666868380418,-0.10022598969957262,0.006071242952548017,0.0,1,0.07,6.1,266.614
2021-04-09,168.61000061035156,168.61000061035156,164.44500732421875,165.23500061035156,86830000,0.05912235741662227,0.06318159082591314,78.23219364465783,2.1549350356120556,-0.013557242681890107,-0.12644098356646666,0.02209562242522667,0.0,1,0.07,6.1,266.614
2021-04-12,168.96949768066406,169.7519989013672,167.5574951171875,167.760498046875,65636000,0.0505789619513267,0.06449682693556988,76.97606912654886,2.68959643968995,-0.003304981496701028,-0.13207208925319613,0.0021321218730274705,0.0,1,0.07,6.1,266.614
2021-04-13,170.0,171.60000610351562,169.781494140625,170.04249572753906,66316000,0.04643720054792849,0.06968291892353387,76.69417517307642,3.1600453436901432,0.002394865254217393,-0.1397125137491621,0.006098747605224553,0.0,0,0.07,6.1,266.614
2021-04-14,166.64999389648438,170.2064971923828,166.3000030517578,170.20199584960938,62904000,0.01712260734621935,0.04866902828231454,74.19376919543544,3.225381800461804,0.028632376260065314,-0.12127137682903086,-0.01970591825597423,0.0,1,0.07,6.1,266.614
2021-04-15,168.95449829101562,169.85000610351562,167.60000610351562,168.5500030517578,64672000,0.022296296102068337,0.0631765415629785,82.40604443831685,3.4236499527615933,0.02249154752325786,-0.1339446188067737,0.013828409714570444,0.0,1,0.07,6.1,266.614
2021-04-16,169.9720001220703,170.33999633789062,167.7794952392578,169.0,63720000,0.021087132702658162,0.06899472425302829,82.89177833393913,3.6211405320804886,0.023012567148795793,-0.13484423318481165,0.006022342354579324,0.0,0,0.07,6.1,266.614
2021-04-19,168.60049438476562,171.79649353027344,168.00799560546875,169.51649475097656,54508000,0.008447349039514242,0.060095574793418274,77.8541901928921,3.625195194587178,0.036200906744900736,-0.12386370514792742,-0.00806900981526193,0.0,0,0.07,6.1,266.614
2021-04-20,166.7344970703125,169.14950561523438,165.8000030517578,168.67999267578125,52460000,-0.0060095101182591525,0.04847799966533873,75.4592202210397,3.43820467209801,0.05078471815498565,-0.11033386526723263,-0.011067567276491497,0.0,1,0.07,6.1,266.614
2021-04-21,168.1009979248047,168.14300537109375,165.1905059814453,165.8000030517578,44224000,-0.0003252920228193647,0.056811271354050986,74.935756741282,3.361528921536376,0.04603832009665883,-0.11468335584113581,0.008195669633476843,0.0,0,0.07,6.1,266.614
2021-04-22,165.45199584960938,168.64349365234375,165.07249450683594,168.58399963378906,51612000,-0.016363435040633527,0.04013120370013313,64.14427895221473,3.0518309010347764,0.06326040742213648,-0.09427511526019905,-0.015758395892332966,0.0,1,0.07,6.1,266.614
2021-04-23,167.04400634765625,168.75,165.4250030517578,165.9550018310547,63856000,-0.005973251777722157,0.04978118593235323,61.6615131749188,2.9014092905026985,0.052263809033929444,-0.09322526690025681,0.00962218974677076,0.0,1,0.07,6.1,266.614
2021-04-26,170.4499969482422,171.42250061035156,166.5469970703125,167.39999389648438,97614000,0.013401929301055581,0.0701982037005356,66.69370094077073,3.0221960618931973,0.031699004174261594,-0.10133524878075613,0.020389780364207244,0.0,1,0.07,6.1,266.614
2021-04-27,170.8715057373047,173.0,169.90049743652344,172.17349243164062,76542000,0.015381869236539022,0.07190438122847921,63.59999951893531,3.1160132242252985,0.029109650483810066,-0.09350900448915121,0.0024729175512423485,0.0,1,0.07,6.1,266.614
2021-04-28,172.9250030517578,174.49400329589844,171.25,171.74000549316406,92638000,0.023767045205350074,0.08349793522117391,65.05693248629723,3.3178183283538374,0.01514924977528844,-0.09087547944130334,0.012017786731569835,0.0,1,0.07,6.1,266.614
2021-04-29,173.5655059814453,175.72250366210938,171.75,175.2550048828125,153648000,0.024761563515872935,0.08640383143754914,60.5757933375537,3.489212095741806,0.009561604737028493,-0.08152183186739535,0.0037039347600635875,0.0,0,0.07,6.1,266.614
2021-04-30,173.37100219726562,177.6999969482422,173.125,176.25599670410156,140186000,0.021563074017401665,0.08424173694143672,59.460094096873995,3.568215889735228,0.010151737346175619,-0.07111179188566766,-0.001120636171800582,0.0,0,0.07,6.1,266.614
2021-05-03,169.32449340820312,174.33250427246094,168.63499450683594,174.2364959716797,117510000,-0.002705833958549088,0.0580315606394812,48.71476714263152,3.2666515982694477,0.03225099816509919,-0.04215440318544293,-0.023340170719312603,0.0,0,0.06,5.8,268.383
2021-05-04,165.593505859375,168.3990020751953,163.60650634765625,167.8094940185547,108788000,-0.024024873249244776,0.033871195378197015,48.01862840711895,2.6955278435305274,0.05189277357671256,-0.014298683235241453,-0.022034541333801894,0.0,0,0.06,5.8,268.383
2021-05-05,163.52699279785156,167.73500061035156,163.21800231933594,166.9429931640625,74226000,-0.03359923972793773,0.020484595398524246,39.72939899874512,2.0524979015077918,0.06556072233377373,-0.0024878762088897956,-0.012479432999494278,0.0,1,0.06,5.8,268.383
2021-05-06,165.31849670410156,165.72000122070312,162.36000061035156,163.5,88954000,-0.02293484613832783,0.0307199145711043,41.44467535032362,1.6682212169286288,0.05383193926766853,-0.012902126735946536,0.010955401769447537,0.0,0,0.06,5.8,268.383
2021-05-07,164.58050537109375,166.54449462890625,164.45350646972656,165.95449829101562,94206000,-0.02587822161895695,0.024620993612617204,42.433109647444844,1.2892675689194846,0.059157755884605145,-0.011524603935420959,-0.0044640578502762596,0.0,0,0.06,5.8,268.383
2021-05-10,159.52450561523438,164.14999389648438,159.5,164.11599731445312,116772000,-0.04965827788240527,-0.007458747763325933,37.88359777505854,0.5743464388845894,0.09754542111680713,0.009065086527771844,-0.03072052637375966,0.0,1,0.06,5.8,268.383
2021-05-11,161.19549560546875,161.89999389648438,156.36849975585938,156.81399536132812,92396000,-0.034136065577577465,0.0024528795692182587,38.512850477371614,0.1409761346436369,0.08690105769899473,-0.007590168412364878,0.010474816917876772,0.0,0,0.06,5.8,268.383
2021-05-12,157.5970001220703,160.39700317382812,156.65499877929688,159.25,98728000,-0.04694461758045103,-0.020275460759027437,37.33351377286764,-0.48722503840477316,0.11655021535484829,0.004494282193000356,-0.022323796765424953,0.0,1,0.06,5.8,268.383
2021-05-13,158.07350158691406,160.19200134277344,156.64999389648438,159.27349853515625,67018000,-0.03502245943505385,-0.018268169292042818,34.994887616904606,-0.9358415096841952,0.11499256354906683,-0.0072253101909190605,0.0030235440044839024,0.0,1,0.06,5.8,268.383
2021-05-14,161.14500427246094,161.4429931640625,159.14999389648438,159.2779998779297,66500000,-0.00887486348542262,-0.0007148435981759201,34.25924396297873,-1.031636633239117,0.09196297074756896,-0.029848465964360717,0.019430851184491837,0.0,1,0.06,5.8,268.383
2021-05-17,163.51950073242188,164.6374969482422,161.72950744628906,162.29649353027344,74478000,0.009333211883981615,0.012315284323788981,38.33385229044101,-0.9055147288680416,0.07452787789493853,-0.04546498428145925,0.0147351540352203,0.0,0,0.06,5.8,268.383
2021-05-18,161.61399841308594,165.60000610351562,161.51849365234375,164.62899780273438,56568000,2.7834322934224936e-05,-0.0012146411961245812,31.967022487763586,-0.9483878978819291,0.08668673718137274,-0.036868622998678664,-0.011653058569779051,0.0,0,0.06,5.8,268.383
2021-05-19,161.58999633789062,161.7375030517578,159.1999969482422,159.75,53594000,0.0010791747852603852,-0.002404586613129941,30.52477571259051,-0.97308484373022,0.0853676115830376,-0.03927435836834234,-0.000148514828115065,0.0,1,0.06,5.8,268.383
2021-05-20,162.38400268554688,162.98399353027344,161.8090057373047,162.22000122070312,52664000,0.0078303947460831,0.0013225212912145068,32.47408026186018,-0.9180054790549832,0.07963479371400471,-0.04543563299249372,0.004913709794237331,0.0,0,0.06,5.8,268.383
2021-05-21,160.1540069580078,162.83450317382812,159.85049438476562,162.5,82098000,-0.003271690642119999,-0.012973165507306783,34.471798216082334,-1.0422819268304409,0.0937440272743689,-0.0355226421234906,-0.013732853548741542,0.0,1,0.06,5.8,268.383
2021-05-24,162.24949645996094,162.8975067138672,160.52499389648438,160.77499389648438,48456000,0.008060133008557643,-0.0010160637027855249,44.00564552966502,-0.9606101016915432,0.07527804914359335,-0.04869331905853784,0.013084215261017773,0.0,1,0.06,5.8,268.383
2021-05-25,162.95249938964844,163.99099731445312,160.68800354003906,163.33349609375,65222000,0.011323915262151825,0.002217880831190548,48.91725467550424,-0.8295950750498946,0.06539456586971426,-0.052412546056534344,0.004332851226203749,0.0,1,0.06,5.8,268.383
2021-05-26,163.25799560546875,164.7864990234375,162.92550659179688,163.72950744628906,47680000,0.009672562735578682,0.003027709958620784,45.88615133962001,-0.6931238309769014,0.05452871830510465,-0.05123479449194182,0.0018747562447005706,0.0,0,0.06,5.8,268.383
2021-05-27,161.5054931640625,163.01800537109375,161.5019989013672,162.8000030517578,51224000,-0.003281383779500733,-0.008314381160176128,44.09967348583154,-0.7181038335848484,0.05370915174555037,-0.03614465319560552,-0.010734558114025683,0.0,0,0.06,5.8,268.383
2021-05-28,161.15350341796875,162.39950561523438,160.98500061035156,162.10000610351562,46596000,-0.005458877727602554,-0.011659564717838902,53.81427328086526,-0.7575704953326294,0.04047274328154495,-0.026082782371222454,-0.0021794289420000723,0.0,0,0.06,5.8,268.383
2021-06-01,160.9324951171875,162.5489959716797,160.4530029296875,162.1750030517578,48600000,-0.005234621379137914,-0.013883991882473577,49.33932727601677,-0.7974886788688025,0.03238502001586026,-0.02044330876725505,-0.0013714148069622345,0.0,1,0.08,5.9,270.654
2021-06-02,161.69949340820312,161.75,160.39999389648438,161.15499877929688,40290000,-0.0005464243441273187,-0.009931125700396184,62.01492050411892,-0.7584903700611676,0.023975675127186128,-0.02398549853422315,0.004765962837133042,0.0,0,0.08,5.9,270.654
2021-06-03,159.35049438476562,160.7220001220703,159.20150756835938,160.2115020751953,47966000,-0.013700170742961653,-0.02460948155147225,53.370264799904,-0.9066769120950937,0.03798004729689154,-0.011128798531427573,-0.014526941142032901,0.0,1,0.08,5.9,270.654
2021-06-04,160.31100463867188,161.0500030517578,159.9405059814453,160.60000610351562,44994000,-0.006480325583325877,-0.019445301637853542,47.52287141519516,-0.9358230781964778,0.027626488987807455,-0.016042817265114265,0.006027657821926935,0.0,0,0.08,5.9,270.654
2021-06-07,159.90049743652344,160.39999389648438,158.61000061035156,159.8665008544922,44316000,-0.00886870613233916,-0.022863169330619874,37.83120117473097,-0.9807407563310733,0.026735773023824173,-0.012914654906373018,-0.0025606925929613222,0.0,1,0.08,5.9,270.654
2021-06-08,163.20550537109375,163.97650146484375,160.90049743652344,161.1304931640625,68334000,0.01101803477388227,-0.003957450592687084,54.8910703885339,-0.7411087799599159,0.007468085156474675,-0.03217259633259952,0.020669153552085318,0.0,1,0.08,5.9,270.654
2021-06-09,164.0574951171875,164.87899780273438,163.53500366210938,163.64349365234375,49110000,0.015600705384167515,-1.1423209060112814e-05,57.215962131259026,-0.4769522514341986,0.004601961621645328,-0.03782014387274078,0.005220349302289318,0.0,1,0.08,5.9,270.654
2021-06-10,167.4824981689453,167.5500030517578,164.0574951171875,164.10049438476562,69530000,0.03409888446992423,0.01903679907485652,62.92164986886344,0.00866296166989855,-0.009806894490115582,-0.057729404496057284,0.02087684594544914,0.0,0,0.08,5.9,270.654
2021-06-11,167.3415069580078,168.32899475097656,166.67250061035156,167.4824981689453,56348000,0.029518615322910533,0.01661555167365157,70.37331469470304,0.3777848358884057,-0.004386953435903959,-0.05598279759567823,-0.0008418265339896758,0.0,1,0.08,5.9,270.654
2021-06-14,169.19349670410156,169.25,166.77499389648438,167.3415069580078,51394000,0.03578903753360158,0.026476761302970143,69.95861635837989,0.8104147189572473,-0.007308721857258686,-0.06953522081546784,0.011067127216432215,0.0,0,0.08,5.9,270.654
2021-06-15,169.156494140625,169.84950256347656,168.15550231933594,169.1999969482422,48524000,0.03037491688845862,0.025279425369404092,68.54153118749527,1.1371824887314688,-0.0010611308470620576,-0.07202971296811103,-0.0002186996793457352,0.0,1,0.08,5.9,270.654
2021-06-16,170.7624969482422,171.3175048828125,168.02650451660156,169.60000610351562,84056000,0.03444681740110084,0.03381410018624935,70.81057202362466,1.5083519626524833,-0.0025562284138370456,-0.08329954739926293,0.0094941835711142,0.0,1,0.08,5.9,270.654
2021-06-17,174.46200561523438,174.86000061035156,170.0500030517578,170.15899658203125,102730000,0.04727074332903987,0.054871148167859415,82.42774849035246,2.0770825613802515,-0.011344462709279628,-0.10772308433782098,0.02166464377780497,0.0,0,0.08,5.9,270.654
2021-06-18,174.34500122070312,175.35000610351562,173.6855010986328,173.99949645996094,104954000,0.03782531688605191,0.05296929686454283,83.40884463838819,2.4896650723709683,-0.0008244889527530159,-0.11012021427082526,-0.0006706583139327593,0.0,0,0.08,5.9,270.654
2021-06-21,172.697998046875,174.10000610351562,171.6999969482422,173.8209991455078,65542000,0.02024894611690323,0.04250731652591403,77.7900958696749,2.6531563583133675,0.01459905809189432,-0.10026449214276707,-0.009446804682075038,0.0,1,0.08,5.9,270.654
2021-06-22,175.27200317382812,176.18899536132812,172.80450439453125,172.9029998779297,66902000,0.028126379293406584,0.05724106620067283,79.53688723829865,2.956346163884831,0.008157970213603915,-0.11450700604013832,0.01490466106187549,0.0,0,0.08,5.9,270.654
2021-06-23,175.1909942626953,176.0500030517578,174.16000366210938,175.25,56266000,0.02098336328600561,0.0560910519804959,88.24815468992821,3.153735230451474,0.01585287696439131,-0.11434048078196717,-0.0004621896804161141,0.0,0,0.08,5.9,270.654
2021-06-24,172.45399475097656,176.2429962158203,171.54249572753906,175.3820037841797,76640000,0.0021291224387404916,0.0388648454819544,77.00359616779764,3.054108638018164,0.035679030543408076,-0.09865549167465584,-0.015622946391951387,0.0,0,0.08,5.9,270.654
2021-06-25,170.072998046875,173.24099731445312,169.70899963378906,173.1999969482422,78820000,-0.013273034996796164,0.02438365100639131,70.79882020477322,2.75131189959626,0.051357619207605204,-0.08217849295638323,-0.013806561613952328,0.0,1,0.08,5.9,270.654
2021-06-28,172.1945037841797,172.39999389648438,170.67550659179688,170.8000030517578,44856000,-0.002700932015261858,0.03688429721105638,69.3137252973433,2.651960930878687,0.04034521168764415,-0.08901523108252074,0.012474089136242261,0.0,1,0.08,5.9,270.654
2021-06-29,172.40699768066406,172.80149841308594,171.15150451660156,171.9409942626953,41968000,-0.0033465252053976493,0.03768814682304619,68.44662714345336,2.560851155894966,0.04031783576353393,-0.08473742127057365,0.0012340341405479016,0.0,0,0.08,5.9,270.654
2021-06-30,172.00799560546875,173.5800018310547,171.75,172.05299377441406,48080000,-0.006368498367699033,0.03462983289463764,61.541389108756,2.4284561392295245,0.04336345547543818,-0.07725369984955366,-0.0023143032508132766,0.0,0,0.08,5.9,270.654
2021-07-01,171.64849853515625,172.85000610351562,170.4709930419922,171.73049926757812,40742000,-0.006831025479847473,0.03202702132757883,60.863062823134776,2.2683753070110697,0.043163852645143726,-0.06577167317852406,-0.0020900020900020966,0.0,1,0.1,5.4,271.903
2021-07-02,175.5489959716797,175.58599853515625,171.8459930419922,172.58200073242188,63388000,0.01503038757621988,0.054198586184873075,64.5284972213657,2.4282562133772956,0.019923848548420747,-0.07778686356157304,0.022723749230608936,0.0,1,0.1,5.4,271.903
2021-07-06,183.78700256347656,184.2740020751953,176.4499969482422,176.5054931640625,134896000,0.055892759058505714,0.10145417869630748,74.32455950304912,3.183009515279025,-0.01687968732395395,-0.11504017927258497,0.04692710742205475,0.0,1,0.1,5.4,271.903
2021-07-07,184.82899475097656,186.7100067138672,183.94549560546875,185.86900329589844,106562000,0.05608060888021896,0.10579311384855179,73.83382904087829,3.8211887210108557,-0.011852485632353242,-0.11889968520493131,0.005669564076709488,0.0,1,0.1,5.4,271.903
2021-07-08,186.57049560546875,187.99949645996094,181.05599975585938,182.17799377441406,103612000,0.05914463107448886,0.1141193026690724,71.97427359970226,4.416563509096278,-0.010121025359301523,-0.12601247139266314,0.009422227593882448,0.0,0,0.1,5.4,271.903
2021-07-09,185.9669952392578,187.39999389648438,184.6699981689453,186.12600708007812,74964000,0.047681621596836254,0.1087883807480287,70.72542624512994,4.78455155021652,0.0025189926384313168,-0.12266420168114728,-0.003234704202571881,0.0,0,0.1,5.4,271.903
2021-07-12,185.92750549316406,187.864501953125,184.83949279785156,187.1999969482422,51432000,0.038186123457288716,0.10692120190379105,75.02697516206747,5.015186285876268,0.010167530828432823,-0.11991710294385886,-0.00021234814297532711,0.0,0,0.1,5.4,271.903
2021-07-13,183.8679962158203,188.6540069580078,183.5659942626953,185.10499572753906,76918000,0.020037310762867775,0.09329340891466945,66.58433577813877,4.974438557663433,0.026080228822567077,-0.10667606916179433,-0.011076947823728367,0.0,1,0.1,5.4,271.903
2021-07-14,184.08399963378906,185.88299560546875,183.04150390625,185.4425048828125,65932000,0.014662635051864126,0.09265991973408229,67.06845633810076,4.90305598277439,0.028634349502799892,-0.10337333811938387,0.0011747744165069296,0.0,0,0.1,5.4,271.903
2021-07-15,181.55999755859375,184.77000427246094,181.04600524902344,184.7100067138672,63706000,-0.004490924842642246,0.07563950039300425,67.62134010189456,4.589909287244296,0.04454017836385377,-0.08656759543978035,-0.013711143174944485,0.0,0,0.1,5.4,271.903
2021-07-16,178.68150329589844,182.30299377441406,178.5229949951172,181.66549682617188,80874000,-0.024037518470665622,0.05668863363131993,66.34392148433041,4.062636302129732,0.062011888295651185,-0.07013561359159504,-0.01585423166667732,0.0,0,0.1,5.4,271.903
2021-07-19,177.47950744628906,177.510498046875,174.95799255371094,176.62899780273438,75692000,-0.03162395139191071,0.04807275317389119,60.39700731601009,3.507347128613816,0.06941589402559212,-0.06228333606580495,-0.006727030092302577,0.0,1,0.1,5.4,271.903
2021-07-20,178.6595001220703,179.60000610351562,175.89999389648438,178.36599731445312,65114000,-0.022450699989722423,0.053289554585221936,61.849273712774746,3.12645221035325,0.06244980710072961,-0.06523696518729984,0.0066486136498793424,0.0,1,0.1,5.4,271.903
2021-07-21,179.25999450683594,179.32249450683594,177.1820068359375,178.81900024414062,46380000,-0.016167190183498315,0.05437622618195614,63.63928041127883,2.8403038667930502,0.05949014070782958,-0.0667429687039206,0.003361110852517335,0.0,1,0.1,5.4,271.903
2021-07-22,181.90150451660156,182.00100708007812,179.11349487304688,179.3614959716797,65308000,0.000894988129445025,0.0673133864061348,67.75904984969556,2.7944641811156146,0.04579007091843342,-0.0782917861548753,0.014735635895966048,0.0,1,0.1,5.4,271.903
2021-07-23,182.83200073242188,183.3054962158203,181.1020050048828,182.0,48726000,0.007753325391909727,0.06960563411376833,64.06149005559205,2.800931770167466,0.04162914053929838,-0.0784678925487579,0.005115384934792466,0.0,1,0.1,5.4,271.903
2021-07-26,184.99099731445312,185.60400390625,182.3625030517578,183.6584930419922,58002000,0.02018012943939772,0.07883845917951565,53.037632690710055,2.946307166764228,0.029825702728865207,-0.08151197995578757,0.01180863619816197,0.0,0,0.1,5.4,271.903
2021-07-27,181.3195037841797,184.9250030517578,179.3074951171875,184.9250030517578,82638000,0.0013400547440065678,0.05494450553630715,42.1828840378542,2.7337464446827653,0.04927178513999335,-0.05647458949295113,-0.019846876786293155,0.0,1,0.1,5.4,271.903
2021-07-28,181.51600646972656,182.92100524902344,180.0500030517578,181.68899536132812,59988000,0.0038488811885555017,0.053880826485995896,37.90935603143375,2.5517318886832356,0.04611706558380116,-0.05045890528514874,0.0010837371680696428,0.0,0,0.1,5.4,271.903
2021-07-29,179.99600219726562,181.8975067138672,179.00050354003906,181.3874969482422,110400000,-0.003695540490712739,0.04282975411649791,36.31697797582957,2.258794424057868,0.051124449592772084,-0.034175763157848746,-0.008373940689987869,0.0,0,0.1,5.4,271.903
2021-07-30,166.37950134277344,168.40699768066406,165.3489990234375,167.3975067138672,199312000,-0.07275093003221678,-0.036593840685886184,22.386701452594124,0.9173271750721312,0.14528834063746973,0.03356060139188925,-0.07564890713277761,0.0,1,0.1,5.4,271.903
2021-08-02,166.57400512695312,167.9459991455078,165.85000610351562,167.65499877929688,67078000,-0.06599027142680211,-0.035935383073872666,24.211929353848276,-0.12861782838751878,0.15232849644880428,0.01858827484451302,0.0011690369463182027,0.0,1,0.09,5.1,272.676
2021-08-03,168.31199645996094,169.5500030517578,164.98849487304688,167.03599548339844,83146000,-0.050737401083831964,-0.026795576298147154,27.502620545073384,-0.807981495947729,0.14303878236955442,-0.003733157372670791,0.01043374884144277,0.0,0,0.09,5.1,272.676
2021-08-04,167.73599243164062,169.44400024414062,167.2779998779297,168.96749877929688,43678000,-0.047797239410934576,-0.030741085209506847,29.12095864245785,-1.3769877506150578,0.14743456102136487,-0.010972998096141209,-0.0034222398904129037,0.0,1,0.09,5.1,272.676
2021-08-05,168.79949951171875,169.4499969482422,167.04600524902344,167.81100463867188,48670000,-0.034579381670381173,-0.025254301976556377,34.20900302883858,-1.7222600320648382,0.136676368022151,-0.024203274373044103,0.006340362999381677,0.0,0,0.09,5.1,272.676
2021-08-06,167.2469940185547,168.75,166.45199584960938,168.75,52752000,-0.03485578323278228,-0.03466409037526929,33.830039853548826,-2.0969922003811234,0.1437169017093932,-0.022827358077185212,-0.009197334693852421,0.0,0,0.09,5.1,272.676
2021-08-09,167.093505859375,167.74400329589844,166.42599487304688,167.1804962158203,42964000,-0.025678508305062502,-0.036171749078137576,31.109958087422783,-2.378932502211569,0.13976797742930008,-0.028201767600468292,-0.0009177334401756498,0.0,0,0.09,5.1,272.676
2021-08-10,166.03399658203125,167.89999389648438,165.75,167.25050354003906,48252000,-0.023149863830667403,-0.042822129907627515,28.71787039978865,-2.6572348177675735,0.1432947876693473,-0.028995257948187764,-0.006340816609805455,0.0,0,0.09,5.1,272.676
2021-08-11,164.60549926757812,166.88499450683594,163.88949584960938,166.57249450683594,58944000,-0.021822261820334834,-0.05145904826079147,21.038169967371942,-2.9589502659485163,0.14849542237303642,-0.02768079340970771,-0.008603643493863333,0.0,1,0.09,5.1,272.676
2021-08-12,165.1750030517578,165.72549438476562,163.48350524902344,164.5,46282000,-0.009716061572631352,-0.04855837962228745,20.07187907184131,-3.116186280845767,0.14068024386475425,-0.03709771028410245,0.003459810192938395,0.0,0,0.09,5.1,272.676
2021-08-13,164.69850158691406,165.30349731445312,164.14999389648438,165.2834930419922,41134000,-0.01157670738503697,-0.05188726880869339,13.524371867428286,-3.2418763093044163,0.1417696162993155,-0.04059111195033577,-0.0028848279463596915,0.0,1,0.09,5.1,272.676
2021-08-16,164.94949340820312,165.0,160.55650329589844,164.14999389648438,66394000,-0.009104342477873398,-0.05094922969188163,16.44941228420764,-3.283384803870831,0.13782058635170305,-0.04743556785516316,0.0015239472057770875,0.0,0,0.09,5.1,272.676
2021-08-17,162.09800720214844,164.02450561523438,161.28399658203125,163.875,67758000,-0.022585381507428122,-0.06759127443526297,14.10853028010834,-3.505957198628124,0.15496918676593882,-0.03802890810370219,-0.01728702615047184,0.0,0,0.09,5.1,272.676
2021-08-18,160.06100463867188,162.7050018310547,160.0,162.09950256347656,56086000,-0.03038080218400621,-0.0789751948161666,13.843944969159168,-3.8028792827907694,0.16596084840723904,-0.03407430726873054,-0.012566487390164305,0.0,0,0.09,5.1,272.676
2021-08-19,159.3874969482422,161.64999389648438,159.1230010986328,159.7010040283203,75658000,-0.02892408533764955,-0.08235751960339353,26.095711471688034,-4.0458999988751145,0.16272043126056193,-0.03595072043729704,-0.0042078187123096855,0.0,1,0.09,5.1,272.676
2021-08-20,159.99749755859375,160.3905029296875,158.78799438476562,160.19349670410156,67168000,-0.020883073490066746,-0.07805096086336445,28.13733268133923,-4.141532704965869,0.14629709207660724,-0.041907613405104106,0.003827154714335368,0.0,1,0.09,5.1,272.676
2021-08-23,163.2935028076172,164.0449981689453,160.50050354003906,160.59500122070312,65362000,0.0016162822912848048,-0.05861931610651262,34.882699025556164,-3.906332466739201,0.10387745089181467,-0.05525153942789667,0.02060035500127988,0.0,1,0.09,5.1,272.676
2021-08-24,165.28900146484375,165.77450561523438,163.72900390625,164.0,51036000,0.014319864380303415,-0.046686176234947176,43.209595300924434,-3.518357088443935,0.07482627681989582,-0.06063145536791581,0.012220318769066596,0.0,0,0.09,5.1,272.676
2021-08-25,164.95899963378906,166.0500030517578,164.3074951171875,165.49349975585938,33606000,0.012075210318171626,-0.048128598142458935,38.89033570306783,-3.2006174698813936,0.056664753144827426,-0.04847756211382346,-0.0019965141547840792,0.0,1,0.09,5.1,272.676
2021-08-26,165.8000030517578,166.60000610351562,164.8000030517578,164.9499969482422,41976000,0.016845113625061497,-0.04272747648911753,45.63449243551405,-2.84811330837897,0.027570391341234058,-0.03813164511670285,0.005098257262930783,0.0,1,0.09,5.1,272.676
2021-08-27,167.48150634765625,167.61599731445312,165.6875,166.6614990234375,48048000,0.025407537414321092,-0.03223897768023627,51.07176455910469,-2.405340687490593,0.018081989109076633,-0.04795909081799475,0.01014175672465778,0.0,1,0.09,5.1,272.676
2021-08-30,171.07850646972656,172.25,167.76100158691406,167.8715057373047,63844000,0.04351443060320661,-0.011081061605294117,62.22111321821872,-1.7440875908745,0.0015408964302334807,-0.07020768778694758,0.021476998866989616,0.0,1,0.09,5.1,272.676
2021-08-31,173.5395050048828,173.62899780273438,169.7794952392578,171.24000549316406,87128000,0.05118946657057631,0.003047152099571658,70.61280876139163,-1.0098171894007066,-0.005787150977328124,-0.0872559767228516,0.01438520002272603,0.0,1,0.09,5.1,272.676
2021-09-01,173.9499969482422,176.35000610351562,173.76199340820312,174.82000732421875,72598000,0.04488528938328155,0.005573443031947494,70.3955852207035,-0.39028042707320765,-0.0011273745560518415,-0.09284354839324632,0.0023654092095504176,0.0,0,0.08,4.7,273.91
2021-09-02,173.156005859375,175.59800720214844,172.75,174.73800659179688,58474000,0.031584228272192524,0.0012190890959132576,69.37174659604912,0.036220942898523845,0.007976167132393502,-0.09069122443965036,-0.004564478889317991,0.0,1,0.08,4.7,273.91
2021-09-03,173.90249633789062,174.1334991455078,171.82200622558594,172.60000610351562,51514000,0.027519544184153515,0.005367022008896278,70.05153476546214,0.4295107616138125,0.00956298229346398,-0.09668099377626181,0.004311086264728647,0.0,1,0.08,4.7,273.91
2021-09-07,175.46449279785156,176.4044952392578,173.8470001220703,173.89999389648438,54758000,0.02934636398782928,0.013765284622369546,81.77126931876377,0.8573528071384828,0.007886595733284549,-0.1072624501918526,0.008982024369138308,0.0,1,0.08,4.7,273.91
2021-09-08,176.27499389648438,177.281494140625,174.7834930419922,175.58250427246094,61068000,0.027479164040681296,0.01796806163910129,90.92583434627277,1.2474416448947352,0.01098156311522978,-0.11328669424084067,0.004619174430729789,0.0,0,0.08,4.7,273.91
2021-09-09,174.20799255371094,177.49949645996094,174.01849365234375,176.30099487304688,54384000,0.009986011162584473,0.00582214185054496,84.94990378013797,1.3739619474751805,0.027723696103728726,-0.10200033611837382,-0.011726004336084506,0.0,0,0.08,4.7,273.91
2021-09-10,173.45750427246094,175.42250061035156,173.14549255371094,175.0915069580078,47946000,0.0011902030378687404,0.001321457297863801,81.53264418584533,1.3975618436139996,0.03576624418365505,-0.09693602585737973,-0.004308001431212238,0.0,0,0.08,4.7,273.91
2021-09-13,172.85850524902344,174.8979949951172,171.89999389648438,174.13999938964844,51380000,-0.005354163326034468,-0.002275778488986625,75.64898664628447,1.3523417621537703,0.042079312574501364,-0.09180992455998394,-0.0034532897607970625,0.0,0,0.08,4.7,273.91
2021-09-14,172.5,174.3404998779297,171.885498046875,173.77749633789062,38738000,-0.008228251798587344,-0.00399447468979692,71.19763164977124,1.2729029119462894,0.04641422311658418,-0.08771450193225447,-0.002073980962099431,0.0,1,0.08,4.7,273.91
2021-09-15,173.7895050048828,174.27099609375,170.10049438476562,172.12600708007812,59150000,-0.0009579672106310235,0.004610879677802713,74.57221662695252,1.2990249765670114,0.04041965934380175,-0.08952595218326613,0.007475391332653958,0.0,1,0.08,4.7,273.91
2021-09-16,174.41200256347656,174.62750244140625,172.3070068359375,172.9980010986328,51672000,0.002354294124796618,0.009424984806872356,74.25919526297601,1.3543452030771448,0.036627338867562864,-0.0844683906716985,0.0035819053548502566,0.0,0,0.08,4.7,273.91
2021-09-17,173.12600708007812,174.87049865722656,172.60650634765625,174.42050170898438,92332000,-0.005019230793852724,0.00354391010293155,66.26239073207532,1.2796665932276596,0.04101609463212645,-0.06642077960177116,-0.007373319866162298,0.0,0,0.08,4.7,273.91
2021-09-20,167.7864990234375,170.9499969482422,165.25050354003906,169.8000030517578,93382000,-0.03230476900943817,-0.02535286615751222,41.38081194433413,0.7806309531494264,0.06826112543023401,-0.02618560307931102,-0.03084174438431353,0.0,0,0.08,4.7,273.91
2021-09-21,167.18150329589844,168.98500061035156,166.6195068359375,168.75,55618000,-0.03116576900146624,-0.02674759441257817,31.56135388493182,0.3324907673796247,0.06930603875306654,-0.017515045592626323,-0.0036057473697842513,0.0,1,0.08,4.7,273.91
2021-09-22,169.00250244140625,169.4499969482422,167.05250549316406,167.5500030517578,48228000,-0.016467807964113727,-0.014440785587796557,36.73698789946848,0.12285960475281854,0.055940709504574644,-0.024060424759923534,0.01089234819407503,0.0,1,0.08,4.7,273.91
2021-09-23,170.8000030517578,171.447998046875,169.00250244140625,169.00250244140625,47588000,-0.0040316898316186634,-0.0024128287129140296,44.0066019257687,0.10060891799631122,0.0420645759674685,-0.02814802456808646,0.01063594079605279,0.0,1,0.08,4.7,273.91
2021-09-24,171.2760009765625,171.46299743652344,169.6699981689453,170.10049438476562,42324000,1.6045166797048344e-05,0.00157051623237073,43.22526610106251,0.1200008478097061,0.036477354436869745,-0.024960557260916203,0.0027868730462519142,0.0,0,0.08,4.7,273.91
2021-09-27,170.2899932861328,170.77850341796875,166.98049926757812,168.5749969482422,72690000,-0.004247594845447295,-0.003217096863226511,36.24425417439402,0.055170540047384975,0.040938283864556564,-0.016125228455230886,-0.005756835077931344,0.0,0,0.08,4.7,273.91
2021-09-28,165.79800415039062,168.45950317382812,164.5050048828125,167.885498046875,88616000,-0.026699731965131153,-0.028181701919541287,26.707438204930583,-0.35458647589456405,0.07243026927609884,0.004056435998775262,-0.0263784679831095,0.0,0,0.08,4.7,273.91
2021-09-29,165.05599975585938,167.56500244140625,164.89349365234375,166.10549926757812,51246000,-0.026062297093123157,-0.030985616941345953,28.379410108653573,-0.7307715372259622,0.07937871395378585,0.0013030023271801427,-0.004475351789266391,0.0,0,0.08,4.7,273.91
2021-09-30,164.2519989013672,166.3925018310547,163.69949340820312,165.8000030517578,56848000,-0.02496100494020449,-0.03400349786245789,28.307837903142286,-1.081312362419709,0.0860446035870323,-0.001082451890781961,-0.0048710792439015105,0.0,0,0.08,4.7,273.91
2021-10-01,164.16299438476562,165.45849609375,162.7969970703125,164.45050048828125,56712000,-0.020276583858654544,-0.032508308109431346,29.00498322591484,-1.3507300374722888,0.0875233463258109,-0.006908886395853419,-0.0005418778291703674,0.0,0,0.08,4.5,276.55
2021-10-04,159.48899841308594,163.99949645996094,158.8125,163.96949768066406,90462000,-0.043434095310937886,-0.057461089211566764,24.002956146229238,-1.9192737061235619,0.12328821942586997,0.009263577212391773,-0.028471678341373097,0.0,1,0.08,4.5,276.55
2021-10-05,161.0500030517578,163.0364990234375,160.1230010986328,160.22500610351562,65384000,-0.03050637180571656,-0.04553510232830179,24.818641472921996,-2.218317250772543,0.1108377938783338,-0.00790643891020766,0.00978753803838428,0.0,1,0.08,4.5,276.55
2021-10-06,163.10049438476562,163.2169952392578,159.93099975585938,160.67649841308594,50660000,-0.014661946795037562,-0.03129090828791987,28.836024303523388,-2.2637586993513423,0.09161416689667114,-0.023198295708526676,0.012732016728672857,0.0,1,0.08,4.5,276.55
2021-10-07,165.1215057373047,166.28750610351562,164.1529998779297,164.57699584960938,48182000,0.000981491430558633,-0.01737382194945718,35.42437126324171,-2.1123428751082827,0.07398173434818478,-0.03638523230496556,0.012391203105561077,0.0,0,0.08,4.5,276.55
2021-10-08,164.43099975585938,166.07150268554688,164.41000366210938,165.85000610351562,39964000,0.0009490213337665914,-0.01966688249463614,42.64451675224973,-2.024723058336747,0.07453595363302198,-0.03387237712378624,-0.004181805261295635,0.0,0,0.08,4.5,276.55
2021-10-11,162.31500244140625,164.62950134277344,161.90499877929688,163.75,40684000,-0.007111663344430684,-0.03181317012184367,39.99506860350506,-2.1017987932631286,0.08517915552021085,-0.024408452018741277,-0.01286860335091844,0.0,1,0.08,4.5,276.55
2021-10-12,162.3665008544922,163.37649536132812,161.81399536132812,162.85000610351562,36392000,-0.004707460102179817,-0.031019615449946254,35.28668660933769,-2.134125506554568,0.08106108791265733,-0.027185133818384236,0.0003172745113595443,0.0,1,0.08,4.5,276.55
2021-10-13,164.21400451660156,164.41900634765625,163.05450439453125,163.48550415039062,48402000,0.0071373964205416465,-0.01951439429055287,35.42985997650523,-1.9877529754715795,0.06236732238458742,-0.037429785628862684,0.011378601203982708,0.0,1,0.08,4.5,276.55
2021-10-14,164.9929962158203,165.6300048828125,164.53900146484375,165.12249755859375,42190000,0.011455348269673048,-0.014540412948447398,36.284048960818424,-1.7882793984692,0.048775219117811415,-0.039106876964985895,0.004743759227551214,0.0,1,0.08,4.5,276.55
2021-10-15,170.4510040283203,170.52099609375,165.1999969482422,165.5709991455078,103598000,0.04090213256925621,0.017858023064179735,50.29407272893472,-1.176220794424978,0.011547752203652749,-0.06780032310871076,0.03308023939004423,0.0,1,0.08,4.5,276.55
2021-10-18,172.33700561523438,172.45849609375,169.2550048828125,169.41799926757812,63482000,0.04422651809268842,0.028495162207697967,63.19942734924796,-0.5328332054692453,0.005179609018403676,-0.08006346613614078,0.011064772529006062,0.0,0,0.08,4.5,276.55
2021-10-19,172.20750427246094,172.7344970703125,171.10000610351562,171.71449279785156,47722000,0.03643495405337968,0.027095368595788406,64.80182063142257,-0.03301302829817132,0.010372919234316696,-0.08089050191859636,-0.0007514424560826072,0.0,0,0.08,4.5,276.55
2021-10-20,170.7530059814453,173.14300537109375,170.01849365234375,172.63299560546875,42796000,0.02296954882580313,0.01784736284281655,63.102635104298265,0.2429318397554141,0.020496782060736116,-0.07355359317383615,-0.008446195751808605,0.0,1,0.08,4.5,276.55
2021-10-21,171.75050354003906,172.01400756835938,170.14999389648438,170.71249389648438,37628000,0.024875311676988324,0.022922036394051694,64.75221570266714,0.5359319622520786,0.015570610604394328,-0.07938151553810817,0.005841756945129006,0.0,0,0.08,4.5,276.55
2021-10-22,166.77749633789062,171.49200439453125,166.56500244140625,171.0500030517578,62782000,-0.006191322234362149,-0.00688607075050371,64.00798145168811,0.3626758487974371,0.042464251559224356,-0.05123876338134954,-0.028954833317208384,0.0,0,0.08,4.5,276.55
2021-10-25,166.01849365234375,167.38999938964844,164.88499450683594,166.75,44520000,-0.012892552716002346,-0.011561108431773272,59.852831620564835,0.16225359868192868,0.04438219275015905,-0.0466261337555902,-0.004550989805058192,0.0,1,0.08,4.5,276.55
2021-10-26,168.80349731445312,170.80599975585938,167.19900512695312,167.47549438476562,53966000,-0.00016024252023073116,0.004559201818864314,60.98927981276425,0.2255441096864672,0.02872779463268915,-0.06215123551595941,0.01677526160393561,0.0,1,0.08,4.5,276.55
2021-10-27,169.62449645996094,171.85000610351562,168.57249450683594,169.39999389648438,54044000,0.0014931435828304277,0.008541551451655529,59.09768010821969,0.3380531984662696,0.026005394261654408,-0.0662539578622303,0.004863638245470758,0.0,1,0.08,4.5,276.55
2021-10-28,172.32850646972656,173.9499969482422,169.3000030517578,170.10499572753906,114174000,0.013070474848464518,0.023126344808194692,64.7553401302169,0.6380533890475135,0.014558336348367725,-0.08087070584996942,0.01594115275917063,0.0,0,0.08,4.5,276.55
2021-10-29,168.6215057373047,168.74099731445312,163.66600036621094,165.00100708007812,129722000,-0.007654654830314925,2.114103801808743e-05,61.12159069076066,0.5701098515712886,0.037957974638978355,-0.05911576813027897,-0.021511245053778105,0.0,0,0.08,4.5,276.55
2021-11-01,165.90550231933594,168.79299926757812,164.6009979248047,168.08999633789062,72178000,-0.019928921299334667,-0.016775300228359304,55.704933065450824,0.2937195156300447,0.05240160205616718,-0.03729662847212697,-0.01610709978002456,0.0,0,0.08,4.1,278.919
2021-11-02,165.6374969482422,166.55599975585938,164.17750549316406,165.75050354003906,52552000,-0.01769966335604191,-0.01863626291557104,52.41781903341146,0.05244780384376213,0.052296549475298854,-0.03116148992468092,-0.0016154097805501921,0.0,1,0.08,4.1,278.919
2021-11-03,169.1999969482422,169.74600219726562,164.87600708007812,165.4499969482422,67944000,0.0043524753540259645,0.002006358357065195,56.52834434690037,0.14700759883919545,0.030386948272232494,-0.048201909479105465,0.021507811127532195,0.0,1,0.08,4.1,278.919
2021-11-04,173.85000610351562,174.93150329589844,168.25,168.5,107060000,0.03066995192374241,0.028460796087626777,55.41017688475896,0.5903585093122388,0.0077637419230941465,-0.07357598957380244,0.02748232410840923,0.0,1,0.08,4.1,278.919
2021-11-05,175.94949340820312,178.3125,173.8489990234375,173.85000610351562,99940000,0.037475368450480204,0.03963249179767337,55.71116759204043,1.0984659476999354,0.0023309782639671663,-0.08467611390063978,0.01207642928374364,0.0,0,0.08,4.1,278.919
2021-11-08,174.44900512695312,178.9499969482422,174.39300537109375,176.16200256347656,61480000,0.023539815910034203,0.029918547854638305,53.39646940497798,1.3643406197535626,0.013214676780391284,-0.07210987117471143,-0.008527948857282919,0.0,1,0.08,4.1,278.919
2021-11-09,178.81149291992188,179.68850708007812,175.07150268554688,175.7624969482422,85898000,0.043011195989684094,0.05471092446505748,61.2217994707414,1.905103669721825,-0.004711452598210735,-0.09234430240303101,0.025007238016599764,0.0,0,0.08,4.1,278.919
2021-11-10,174.1024932861328,180.2725067138672,173.1544952392578,178.19349670410156,80548000,0.01289778786128128,0.026866918804883694,52.96840937627583,1.931421146406393,0.023141174901370826,-0.06304776195002573,-0.026334994227121156,0.0,0,0.08,4.1,278.919
2021-11-11,173.625,177.16200256347656,173.37350463867188,175.64999389648438,45288000,0.009358479523640733,0.024089895407287447,59.748310178205706,1.8919391221639899,0.026243012168717734,-0.05578742888881756,-0.0027425987825921982,0.0,1,0.08,4.1,278.919
2021-11-12,176.25750732421875,177.0364990234375,172.3524932861328,174.25,53788000,0.020133881570237946,0.03923694982515928,63.83837683913906,2.0494459367588718,0.014603920518358954,-0.07028389591834289,0.015162029225161966,0.0,1,0.08,4.1,278.919
2021-11-15,177.28399658203125,179.69400024414062,176.29049682617188,176.85000610351562,58594000,0.0193618479844556,0.04487261420926653,62.03369220762687,2.2313783854349936,0.012667747224201784,-0.07681506627202261,0.0058238044631160335,0.0,0,0.08,4.1,278.919
2021-11-16,177.03500366210938,178.8249969482422,176.25750732421875,176.9499969482422,44342000,0.011302666633265108,0.04321198060511625,60.68890746470485,2.328626556621259,0.01750923420346722,-0.07620698943296501,-0.001404486161877938,0.0,1,0.08,4.1,278.919
2021-11-17,177.4499969482422,179.3625030517578,177.2675018310547,178.23599243164062,51206000,0.008918495169167215,0.045512625378731617,57.90952596856003,2.4113859664829533,0.01898175165470684,-0.07844551592107286,0.0023441312596286235,0.0,1,0.08,4.1,278.919
2021-11-18,184.80299377441406,185.2100067138672,178.0500030517578,178.3175048828125,114070000,0.04422218035609543,0.08747783693272596,72.46090357868125,3.035309627391314,-0.008971395305499489,-0.12064008407206087,0.04143700734081479,0.0,0,0.08,4.1,278.919
2021-11-19,183.82850646972656,188.1074981689453,183.78599548339844,185.63450622558594,98734000,0.03411200471678024,0.08042470973004415,76.14211887455099,3.4118114043400283,0.0046739744310915704,-0.11509489980203294,-0.005273114275827329,0.0,0,0.08,4.1,278.919
2021-11-22,178.6284942626953,185.67300415039062,178.375,183.81900024414062,96844000,0.0025027464442661605,0.0491508299199596,66.5651021054606,3.2530945987749362,0.03515169108646334,-0.08350617873133571,-0.02828730052206352,0.0,1,0.08,4.1,278.919
2021-11-23,179.0019989013672,181.05250549316406,176.385498046875,179.2519989013672,73804000,0.004491540952612552,0.050542184659637515,63.60521856997628,3.1214667638954836,0.03508645198911614,-0.08181580969930054,0.0020909577736383245,0.0,1,0.08,4.1,278.919
2021-11-24,179.02049255371094,180.6820068359375,176.84249877929688,178.1334991455078,46560000,0.0018304733560515556,0.050006016713066335,58.23550542004959,2.984242549132489,0.036825486688891976,-0.07850806741675859,0.00010331533981333685,0.0,0,0.08,4.1,278.919
2021-11-26,175.22799682617188,181.6750030517578,175.20750427246094,180.10499572753906,59826000,-0.020271886631546724,0.02766358375758865,48.90961349898672,2.5401869661482976,0.05955621015898216,-0.05719982667352929,-0.021184701669844985,0.0,1,0.08,4.1,278.919
2021-11-29,178.07850646972656,179.8000030517578,176.5749969482422,177.3820037841797,65312000,-0.005346931633438402,0.04377470248124493,55.27015811161179,2.390723253425506,0.042655954980099865,-0.06704078918632814,0.016267432688752415,0.0,0,0.08,4.1,278.919
2021-11-30,175.35350036621094,179.2884979248047,174.60049438476562,178.1750030517578,80022000,-0.019510148866976423,0.02689166967876874,44.72818478605255,2.028997940289031,0.05473163205342858,-0.04302729109943885,-0.015302274022490625,0.0,0,0.08,4.1,278.919
2021-12-01,172.18600463867188,177.99400329589844,172.0800018310547,177.25,74916000,-0.03460371670120097,0.007751741928866754,46.934155585031725,1.469794711671426,0.06830677599234833,-0.01579240701760081,-0.0180634873037836,0.0,0,0.08,3.9,280.845
2021-12-02,171.8679962158203,174.63499450683594,171.1875,173.0,64726000,-0.0333614428588375,0.005553256673259157,47.174871080966895,0.9895545334481142,0.0681421190445703,-0.010277616220813614,-0.0018468889124809706,0.0,0,0.08,3.9,280.845
2021-12-03,169.489501953125,173.49349975585938,166.92999267578125,172.75,80712000,-0.03845727177128053,-0.008210582584618936,39.027933071450484,0.41228357475674215,0.08572435654840482,-0.001553985532500916,-0.013839076006382012,0.0,1,0.08,3.9,280.845
2021-12-06,171.36849975585938,173.69549560546875,166.9344940185547,169.64999389648438,68860000,-0.020876193806707872,0.002773757089431975,40.66794086070684,0.10519893241320233,0.07459902886825769,-0.01595406607573867,0.011086219388703134,0.0,1,0.08,3.9,280.845
2021-12-07,176.1645050048828,177.49949645996094,173.33450317382812,174.60000610351562,66410000,0.007945058410195207,0.0301296732829046,48.799030618624805,0.2459940167394734,0.04553093859471834,-0.04195792153477875,0.027986504263362688,0.0,0,0.08,3.9,280.845
2021-12-08,176.1580047607422,177.17999267578125,174.75050354003906,176.15049743652344,45254000,0.009550630822069044,0.028845102608207464,48.1972038263429,0.3529816671292849,0.04437303530609457,-0.04223239767447671,-3.689871657430732e-05,0.0,0,0.08,3.9,280.845
2021-12-09,174.17100524902344,176.96949768066406,174.13949584960938,175.75,46062000,0.0009450973138228732,0.016158174761660225,32.55163806427251,0.27427423368362724,0.056283235494755314,-0.031262189841391265,-0.011279643604146683,0.0,0,0.08,3.9,280.845
2021-12-10,172.21200561523438,175.927001953125,170.5,175.41700744628906,60690000,-0.008594731249086166,0.0037965294857736473,31.53268934173036,0.05320975824659513,0.06865164387722651,-0.02141544525176851,-0.011247564604614624,0.0,0,0.08,3.9,280.845
2021-12-13,169.5675048828125,172.10000610351562,169.1300048828125,172.0,62170000,-0.019012292218832768,-0.012240175731463458,34.321383893893994,-0.3315526072405248,0.08665237731254335,-0.011433710077641901,-0.015356076499860039,0.0,0,0.08,3.9,280.845
2021-12-14,169.0915069580078,169.49899291992188,166.44000244140625,167.5500030517578,55976000,-0.018209308909546966,-0.01611364382789375,32.91206379976069,-0.6671975701309236,0.09032552780440045,-0.01411005818864811,-0.0028071293797337082,0.0,1,0.08,3.9,280.845
2021-12-15,173.31500244140625,173.60000610351562,165.19500732421875,168.59800720214844,75794000,0.005654206970722635,0.007024106207869942,41.40830183476753,-0.5856468606698684,0.06281886671071918,-0.03934486004849681,0.024977573145925636,0.0,0,0.08,3.9,280.845
2021-12-16,168.87100219726562,174.16600036621094,168.16050720214844,173.36849975585938,60876000,-0.018424993907246532,-0.01945470449598523,40.61144208242403,-0.8695869583663978,0.09058089984205198,-0.018937465636435953,-0.025641174633125208,0.0,1,0.08,3.9,280.845
2021-12-17,170.0175018310547,170.89849853515625,165.61349487304688,167.7104949951172,85542000,-0.01206408250328054,-0.013358557076620821,37.46383566012734,-0.9906786657367093,0.07288669409165485,-0.02390967711656351,0.00678920370502567,0.0,0,0.08,3.9,280.845
2021-12-20,167.07899475097656,167.87449645996094,165.60000610351562,166.85000610351562,57372000,-0.026713171246992726,-0.03070912768969061,37.21669558329876,-1.3086721218793969,0.08219513106025415,-0.007206572024467975,-0.017283556389377508,0.0,1,0.08,3.9,280.845
2021-12-21,170.41700744628906,170.7165069580078,165.6475067138672,167.85049438476562,55956000,-0.003933288616777889,-0.012272526345545154,47.281395168873686,-1.2766184366456628,0.05666587901191274,-0.02713925450030853,0.019978649621920752,0.0,1,0.08,3.9,280.845
2021-12-22,171.03700256347656,172.0500030517578,168.50050354003906,169.27000427246094,55036000,0.0026917279165340666,-0.009674420586327724,48.73466895538395,-1.1874984922949636,0.04724127491571449,-0.029728402986249507,0.0036381058820253998,0.0,1,0.08,3.9,280.845
2021-12-23,171.06849670410156,171.97500610351562,170.14999389648438,170.42799377441406,36788000,0.0047037378402936545,-0.01027767479694156,52.58936449081745,-1.1016300746222214,0.040461103366003816,-0.02796808860256975,0.0001841364158221559,0.0,0,0.08,3.9,280.845
2021-12-27,169.66949462890625,172.9429931640625,169.2154998779297,171.03700256347656,58688000,-0.0020225282815151146,-0.018902538693729203,47.169269286777684,-1.1334013650694317,0.04686698204514714,-0.021056124323639014,-0.008178022851368039,0.0,1,0.08,3.9,280.845
2021-12-28,170.66099548339844,172.17599487304688,169.135498046875,170.1824951171875,54638000,0.0031641572895711226,-0.013193245495956693,39.499325726503486,-1.066283061613376,0.03401807449705418,-0.024323050902218667,0.005843719029521299,0.0,0,0.08,3.9,280.845
2021-12-29,169.2010040283203,171.21200561523438,168.60049438476562,170.83999633789062,35754000,-0.005481844291600366,-0.021280353917580954,37.42362053556651,-1.1180126771270977,0.03963491272751044,-0.016234959062731015,-0.0085549217086347,0.0,0,0.08,3.9,280.845
2021-12-30,168.64450073242188,170.88800048828125,168.5240020751953,169.6999969482422,37584000,-0.006024163294240697,-0.024097108464139053,39.46469596157102,-1.190194118275059,0.04264167677712291,-0.014664767746719544,-0.0032890070546229833,0.0,0,0.08,3.9,280.845
2021-12-31,166.7169952392578,169.35000610351562,166.55850219726562,168.95599365234375,47830000,-0.01613564325421596,-0.03480024125230232,39.51214056931107,-1.3869441856573417,0.055208319778429285,-0.00687453873483275,-0.011429400216389607,0.0,1,0.08,3.9,280.845
2022-01-03,170.4044952392578,170.70350646972656,166.16050720214844,167.5500030517578,63520000,0.0053961714811990615,-0.013297862804797743,51.536325601430875,-1.2311279229436423,0.032462352578188074,-0.02791692041886408,0.022118320898886212,0.0,0,0.08,4.0,282.543
2022-01-04,167.52200317382812,171.39999389648438,166.34950256347656,170.43800354003906,70726000,-0.011868970129615016,-0.03007213500582893,47.35296948448027,-1.324962093581803,0.050232746292870716,-0.013491921632222532,-0.016915587005979504,0.0,0,0.08,4.0,282.543
2022-01-05,164.35699462890625,167.12649536132812,164.35699462890625,166.88299560546875,64302000,-0.02706003888544204,-0.04821395045500881,34.33258039309459,-1.635858924946433,0.06698802106398118,0.0017900837144579674,-0.018893091563845,0.0,0,0.08,4.0,282.543
2022-01-06,163.25399780273438,164.8000030517578,161.93699645996094,163.45050048828125,51958000,-0.02911628272405379,-0.05399333366005106,38.875901432864254,-1.9487851473347462,0.07018411272335297,0.00466707449819834,-0.006710981961323137,0.0,0,0.08,4.0,282.543
2022-01-07,162.5540008544922,165.24349975585938,162.031005859375,163.83900451660156,46606000,-0.028359183114016803,-0.05727710800056951,34.95292636677196,-2.227587099238491,0.07316205208421282,0.003477396626631866,-0.004287778294336242,0.0,0,0.08,4.0,282.543
2022-01-10,161.48599243164062,161.6614990234375,156.30450439453125,160.5854949951172,87798000,-0.029998213545875632,-0.06229169105711304,37.804185817782304,-2.505833322077308,0.08083496736979796,0.0028965336413379734,-0.006570176170610398,0.0,1,0.08,4.0,282.543
2022-01-11,165.36199951171875,166.35000610351562,160.70150756835938,161.5,62806000,-0.0035444299454705373,-0.039421078401853625,39.22999949934948,-2.3860788484311115,0.054800666372770625,-0.02245405797965228,0.024002125643924677,0.0,0,0.08,4.0,282.543
2022-01-12,165.20700073242188,166.8780059814453,164.41700744628906,166.5749969482422,50030000,-0.002076687677301885,-0.04024357259002692,37.327739175138056,-2.2774269116045502,0.05522215720915794,-0.023320078278011143,-0.0009373300985386912,0.0,0,0.08,4.0,282.543
2022-01-13,161.21400451660156,166.22149658203125,161.09100341796875,165.25050354003906,52188000,-0.02180567316214255,-0.06295895434725017,31.726920129972285,-2.484876779893,0.07826992897241443,-0.003547267919333462,-0.024169655027437842,0.0,1,0.08,4.0,282.543
2022-01-14,162.13800048828125,162.25,159.80050659179688,160.14999389648438,45974000,-0.013458171479923809,-0.05681401323945724,35.78400199076506,-2.5453819635189916,0.07207211572316599,-0.013325570967703006,0.005731487003565627,0.0,0,0.08,4.0,282.543
2022-01-18,158.91749572753906,159.7344970703125,157.6645050048828,159.10499572753906,67292000,-0.026247690570017877,-0.07393942318196903,29.554124763030146,-2.8206854704815214,0.09466572388031605,-0.0011829003223024956,-0.019862738846190164,0.0,0,0.08,4.0,282.543
2022-01-19,156.2989959716797,159.25,156.25,158.76199340820312,53242000,-0.03566074387087617,-0.0871075217370212,28.408136791248296,-3.213117708934078,0.11730426540589155,0.0043539431382846145,-0.016477101806013472,0.0,0,0.08,4.0,282.543
2022-01-20,151.66749572753906,158.0,151.3509979248047,156.76600646972656,71974000,-0.05685223820938505,-0.11179495165936329,24.998528142146867,-3.8534265453290573,0.1567666020071946,0.017318854055228157,-0.02963230963415675,0.0,0,0.08,4.0,282.543
2022-01-21,142.64300537109375,150.89999389648438,142.07049560546875,149.9499969482422,163972000,-0.10145458642923696,-0.16109093446210912,20.676518026442025,-5.031081684382542,0.24484065294482826,0.0468854365957618,-0.05950180896147472,0.0,1,0.08,4.0,282.543
2022-01-24,144.54400634765625,144.94500732421875,135.3520050048828,139.0,155624000,-0.07903132990742223,-0.1469449265404206,17.067187645130957,-5.744764901358167,0.23208312477255902,0.011152385691255786,0.01332698348311534,0.0,0,0.08,4.0,282.543
2022-01-25,139.98599243164062,143.60000610351562,138.14500427246094,142.24249267578125,90824000,-0.09568486943189948,-0.17055158567913412,16.36865736285249,-6.602053262359021,0.2786459459605681,0.016425811314951147,-0.031533745543573244,0.0,0,0.08,4.0,282.543
2022-01-26,138.87249755859375,145.18499755859375,137.31849670410156,144.75,95602000,-0.08725897023505733,-0.17348760185360046,17.232209493868083,-7.287306660282411,0.29017275740572446,0.00041071623957823826,-0.007954330670553511,0.0,1,0.08,4.0,282.543
2022-01-27,139.6374969482422,144.24349975585938,139.35000610351562,140.8000030517578,77516000,-0.06654372476011414,-0.16519376102900377,19.367814385775333,-7.680114281016444,0.280895434985289,-0.02403245741154327,0.005508645722495764,0.0,1,0.08,4.0,282.543
2022-01-28,143.97799682617188,143.9980010986328,137.92950439453125,140.86050415039062,74392000,-0.02630923299550562,-0.1358289188424857,27.984783530971654,-7.554096167044264,0.23480033819832036,-0.06310706807711541,0.031084056738273746,0.0,1,0.08,4.0,282.543
2022-01-31,149.57350158691406,150.36050415039062,144.30050659179688,144.75,78308000,0.020200639774506268,-0.0992298155690169,37.25023378199661,-6.922912408322588,0.18033794642648898,-0.10134872648767566,0.03886361030218932,0.0,1,0.08,4.0,282.543
2022-02-01,151.19349670410156,151.70799255371094,147.62750244140625,150.0,59220000,0.036711933637074125,-0.08577290364043381,34.06618863648143,-6.220271250023416,0.15376951373379838,-0.10976230263662898,0.010830762802234384,0.0,0,0.08,3.9,284.5
2022-02-02,150.6125030517578,155.0749969482422,148.86349487304688,155.05050659179688,87330000,0.03677066433011469,-0.08561295532015065,33.74288374572225,-5.645229707952922,0.14657286743603443,-0.10590797378937412,-0.0038427158906232384,0.0,0,0.08,3.9,284.5
2022-02-03,138.8455047607422,144.24749755859375,138.33299255371094,141.7375030517578,225532000,-0.035718767959970185,-0.15296018339190678,28.761592485768546,-6.069043409512034,0.2374471605857124,-0.04221225499490247,-0.0781276325178123,0.0,1,0.08,3.9,284.5
2022-02-04,157.63949584960938,161.1999969482422,150.60800170898438,155.60650634765625,253456000,0.08352046786827323,-0.03579252015463871,46.81095025275372,-4.832692537154259,0.08493236333238574,-0.154977901729116,0.13535901735711864,0.0,1,0.08,3.9,284.5
2022-02-07,157.9355010986328,162.6909942626953,157.25,158.52000427246094,102624000,0.0756541525405445,-0.031483859620745715,49.273736939204525,-3.785355195217903,0.07872281579300375,-0.1553098006625667,0.0018777353189827206,0.0,1,0.08,3.9,284.5
2022-02-08,161.4134979248047,161.79249572753906,155.55050659179688,156.75050354003906,76040000,0.0835291416306231,-0.008475610426846294,53.73509512243718,-2.6442067594738035,0.055408042872848416,-0.17348396081692208,0.022021627828944013,0.0,0,0.08,3.9,284.5
2022-02-09,161.1894989013672,163.83450317382812,160.25,162.87350463867188,68786000,0.06605507523924012,-0.007792849660312043,57.43233135720316,-1.7378800523191558,0.052137325500479254,-0.17018657238000995,-0.0013877341505965646,0.0,0,0.08,3.9,284.5
2022-02-10,159.0034942626953,160.7165069580078,157.75,158.35000610351562,68268000,0.03829897194735782,-0.019274809305429928,64.29625351039232,-1.1823722608832838,0.05969015945792957,-0.15576754688052996,-0.013561706274733853,0.0,0,0.08,3.9,284.5
2022-02-11,153.2935028076172,159.0,152.73399353027344,158.13450622558594,77100000,-0.005039896727105119,-0.052285030516240415,57.16837064449291,-1.189168924854215,0.09264439400965521,-0.12296992963526164,-0.03591110674363196,0.0,1,0.08,3.9,284.5
2022-02-14,155.16700744628906,158.44850158691406,151.64999389648438,151.75100708007812,83230000,0.003477070585572022,-0.038717281560184356,63.009924336318015,-1.0314888023749802,0.0726092291656828,-0.13120941944941214,0.012221683270054351,0.0,1,0.08,3.9,284.5
2022-02-15,156.510498046875,158.0070037841797,154.6374969482422,157.60549926757812,56440000,0.00869707718674446,-0.028832386412263416,65.05617520913307,-0.7890223473673075,0.06115749131804742,-0.13796062772968623,0.008658352201907249,0.0,1,0.08,3.9,284.5
2022-02-16,158.10049438476562,158.83399963378906,154.7344970703125,155.79049682617188,52704000,0.014050714837913855,-0.017348228373507118,65.54151271677681,-0.46322672919771435,0.05207449035969068,-0.14707950615215018,0.010159039538768955,0.0,0,0.08,3.9,284.5
2022-02-17,154.65249633789062,160.3489990234375,154.5,158.14599609375,64032000,-0.018020461491064375,-0.03620149169785351,59.12249496646046,-0.47774879016373006,0.07713766609234782,-0.12774043033054644,-0.021808901106176726,0.0,0,0.08,3.9,284.5
2022-02-18,152.60150146484375,155.49949645996094,150.89300537109375,155.49949645996094,63604000,-0.027933872273894125,-0.04618284882354483,52.75463237374261,-0.6472941692244376,0.09191604366050601,-0.10979269906284413,-0.013261957754408193,0.0,0,0.08,3.9,284.5
2022-02-22,150.19749450683594,152.9824981689453,148.48550415039062,150.47850036621094,66128000,-0.03850803761884246,-0.058386909997336346,49.106659936803524,-0.9645249310165127,0.10918997969665911,-0.09157744704388054,-0.015753494788264932,0.0,0,0.08,3.9,284.5
2022-02-23,144.82699584960938,151.76300048828125,144.6510009765625,151.65049743652344,64244000,-0.06293776783897079,-0.08892717866578527,45.221391224608055,-1.6304916608486906,0.1475892134044112,-0.051816627283654576,-0.03575624663287669,0.0,1,0.08,3.9,284.5
2022-02-24,151.35800170898438,151.74899291992188,139.5,139.83749389648438,100786000,-0.01441121585438035,-0.04565570959759005,61.313393892619615,-1.6126874443186523,0.09342297765839626,-0.07983271744300827,0.04509522427819257,0.0,1,0.08,3.9,284.5
2022-02-25,153.7884979248047,153.99000549316406,149.2135009765625,150.5500030517578,62396000,0.004827511082512248,-0.02845605510109681,45.054706473191104,-1.3864743293158028,0.07131723213285629,-0.0803484517872497,0.01605793012842116,0.0,0,0.08,3.9,284.5
2022-02-28,153.56300354003906,154.4499969482422,150.85000610351562,152.4250030517578,57684000,0.0031775230292419437,-0.02745348087503228,44.37483117976293,-1.2114297105989635,0.07068271033359295,-0.07054861725540909,-0.0014662630028149382,0.0,0,0.08,3.9,284.5
2022-03-01,151.14199829101562,154.0989990234375,149.9770050048828,152.7324981689453,44874000,-0.010035100469287793,-0.04063182636007903,36.416410090010686,-1.2536096478728211,0.08769310637212026,-0.05448293341521515,-0.015765550251120253,0.0,1,0.2,3.7,287.674
2022-03-02,152.05250549316406,152.99949645996094,148.75,150.8489990234375,47334000,-0.0011548014281416617,-0.032646227550425455,38.13223202082759,-1.1997374042792899,0.08123503822157156,-0.05963501020326388,0.0060241839623909055,0.0,0,0.2,3.7,287.674
2022-03-03,147.89849853515625,153.9290008544922,146.8560028076172,153.531494140625,65198000,-0.021887721914181174,-0.05677194046375911,36.277591341372954,-1.4752313593187978,0.11224605373392946,-0.035700639443799614,-0.027319556126581324,0.0,0,0.2,3.7,287.674
2022-03-04,145.64100646972656,147.85000610351562,143.8070068359375,147.15899658203125,60934000,-0.031042768793753554,-0.06822458446649433,39.661722022494146,-1.8543472853319827,0.1206811462324266,-0.007282546858887705,-0.0152637929917393,0.0,0,0.2,3.7,287.674
2022-03-07,137.4530029296875,146.09449768066406,137.41650390625,145.44349670410156,86934000,-0.07620765857336015,-0.11681415673770372,29.556831200976845,-2.7834173412675796,0.19731325389981857,0.027293289973930795,-0.05622045424233624,0.0,0,0.2,3.7,287.674
2022-03-08,136.01449584960938,140.69949340820312,133.57249450683594,136.68350219726562,91662000,-0.07707818322362553,-0.12210242975655619,26.397978052934135,-3.59435407704936,0.2162971060466948,0.01572049892426827,-0.010465446730283379,0.0,1,0.2,3.7,287.674
2022-03-09,139.2790069580078,140.25,136.8280029296875,139.5,82656000,-0.05135571500358329,-0.09749122745742894,29.131074014106787,-3.9283252308859176,0.1820108307145672,-0.018200887255093976,0.024001199930983708,0.0,1,0.2,3.7,287.674
2022-03-10,146.8175048828125,148.67449951171875,143.97799682617188,145.68499755859375,135062000,0.003091947826006275,-0.04569394564199622,42.03518655825079,-3.543854645378758,0.11082602857757144,-0.06790818299473433,0.05412515560997311,0.0,0,0.2,3.7,287.674
2022-03-11,145.52450561523438,149.6750030517578,145.36900329589844,149.57449340820312,68900000,-9.651903866865831e-05,-0.051177974661940136,42.693134920159785,-3.305390684969069,0.11206283454211673,-0.06025581659723766,-0.008806846762653975,0.0,0,0.2,3.7,287.674
2022-03-14,141.85299682617188,147.4499969482422,140.88400268554688,145.9810028076172,74086000,-0.01741773217615703,-0.07187374790265831,41.60420980102746,-3.373775568847151,0.13873539069295993,-0.04188754143219702,-0.025229488143872714,0.0,1,0.2,3.7,287.674
2022-03-15,147.3665008544922,147.98500061035156,142.0,142.85000610351562,75584000,0.023449533688701212,-0.03335188237055836,52.54778327898295,-2.949082201320408,0.09106788293398656,-0.07796382653859842,0.038867730338306705,0.0,1,0.2,3.7,287.674
2022-03-16,153.10400390625,153.14999389648438,147.35350036621094,148.5,84958000,0.06252015755436223,0.006567725844278698,51.78003515703996,-2.1250449069490287,0.046562256656110315,-0.1111233153312476,0.038933563723705156,0.0,1,0.2,3.7,287.674
2022-03-17,157.23899841308594,157.49850463867188,152.13999938964844,152.6405029296875,72934000,0.08418853549097274,0.03515247648819642,53.39960599617061,-1.1253574944950913,0.017850270969294528,-0.13385644866389645,0.027007748989816838,0.0,1,0.2,3.7,287.674
2022-03-18,161.25050354003906,161.593994140625,156.01100158691406,156.81300354003906,102962000,0.10000911633372418,0.061995820297829865,57.04828459956082,-0.009295921966611331,0.001255465313686103,-0.160038874742008,0.025512151358369817,0.0,1,0.2,3.7,287.674
2022-03-21,161.4915008544922,163.08399963378906,159.55299377441406,161.12100219726562,66538000,0.08387920947155464,0.06383000324020878,59.88405491288963,0.8844420864034532,0.00966087014985797,-0.1656870342559525,0.0014945523217748669,0.0,1,0.2,3.7,287.674
2022-03-22,164.88900756835938,166.16700744628906,161.69900512695312,161.8054962158203,64086000,0.08564281138027534,0.08587712085320216,61.70326605167643,1.8456112372422808,0.0036617057918782708,-0.1887726600378152,0.02103830044237709,0.0,0,0.2,3.7,287.674
2022-03-23,163.4080047607422,166.3699951171875,162.68699645996094,163.7050018310547,55812000,0.05906665978232425,0.07585162173070853,64.86480952886542,2.4594887099443667,0.02433843609420376,-0.1816297209791152,-0.008981816492546923,0.0,1,0.2,3.7,287.674
2022-03-24,163.64950561523438,164.11849975585938,160.0500030517578,163.74949645996094,56798000,0.049186262268694665,0.07768463707194533,67.9537251616087,2.931683507890426,0.03264254900809676,-0.18514228467080587,0.0014779010051912955,0.0,1,0.2,3.7,287.674
2022-03-25,164.77349853515625,165.36849975585938,162.25,164.0,49032000,0.04351450124378463,0.08514844859589224,81.70274625068612,3.357890451370281,0.03493608385107276,-0.19337170826002376,0.006868294014676479,0.0,1,0.2,3.7,287.674
2022-03-28,168.99049377441406,169.03750610351562,164.89999389648438,164.97500610351562,59854000,0.05213852587263818,0.11178153753758313,85.94739550776279,3.9899451931101737,0.0226808784955412,-0.21794176474155139,0.025592678900108856,0.0,1,0.2,3.7,287.674
2022-03-29,169.31500244140625,170.8314971923828,167.86849975585938,170.38400268554688,66154000,0.03994784397590212,0.11286553883043868,84.98495520329581,4.465562047474265,0.03392516873811361,-0.2219117620200831,0.00192027764251268,0.0,0,0.2,3.7,287.674
2022-03-30,166.30099487304688,168.95050048828125,165.5,168.50950622558594,56168000,0.013222652194847218,0.09199532555108295,75.3674583232012,4.546873086922034,0.06138605168803499,-0.20796416713701224,-0.01780118433038691,0.0,0,0.2,3.7,287.674
2022-03-31,162.99749755859375,166.4949951171875,162.95350646972656,166.44500732421875,59966000,-0.010376653902603684,0.06936259474234506,71.61802040998177,4.295235248448421,0.08836029146502294,-0.18811146640981882,-0.019864567358571672,0.0,1,0.2,3.7,287.674
2022-04-01,163.55999755859375,165.82699584960938,162.3195037841797,164.14950561523438,57090000,-0.008351965895295152,0.07138110971641987,79.09472356341492,4.094006340830077,0.08936087768814399,-0.1846916004711322,0.003450973226124532,0.0,1,0.33,3.7,288.561
2022-04-04,168.34649658203125,168.39450073242188,163.20550537109375,164.125,49882000,0.016443645111461343,0.09903368824834374,78.67921009915686,4.271522003787055,0.061139792960980606,-0.1922737453478546,0.029264484561530857,0.0,0,0.33,3.7,288.561
2022-04-05,164.05499267578125,168.11050415039062,163.26600646972656,167.7415008544922,53728000,-0.00896858109662648,0.06829552836516128,65.58592843994778,4.019580721516434,0.08321227917920686,-0.14836655335172286,-0.025492089193307588,0.0,0,0.33,3.7,288.561
2022-04-06,158.75599670410156,162.1999969482422,157.25450134277344,161.65049743652344,79056000,-0.03827637177273105,0.031268482179258955,52.08981640692331,3.353671710925198,0.1107514162881379,-0.0990554363922629,-0.032300120131985244,0.0,0,0.33,3.7,288.561
2022-04-07,157.7845001220703,160.07899475097656,154.51150512695312,158.39999389648438,68136000,-0.04075342345349024,0.02244553286778399,44.7887491970267,2.716231343252389,0.11410819875917522,-0.08307536834807099,-0.0061194323502751224,0.0,0,0.33,3.7,288.561
2022-04-08,154.4604949951172,157.36849975585938,154.2310028076172,156.75,46002000,-0.05503692822195303,-0.0010131797688601094,40.325549833546646,1.9206952462788252,0.13242077514009423,-0.051894626197759385,-0.021066740550443774,0.0,0,0.33,3.7,288.561
2022-04-11,151.1219940185547,154.13650512695312,150.5345001220703,152.71299743652344,52112000,-0.0652428774342717,-0.02350759360057477,31.026198476518772,1.0092045482828098,0.1463580001402755,-0.01373659960749722,-0.021613947156313595,0.0,0,0.33,3.7,288.561
2022-04-12,150.78750610351562,155.0989990234375,150.38299560546875,153.6925048828125,55178000,-0.056499235709777856,-0.02582176380865733,32.03870845011147,0.2568899563650575,0.14508466525016592,-0.005463768286896161,-0.002213363562407644,0.0,1,0.33,3.7,288.561
2022-04-13,155.54100036621094,156.02499389648438,149.60000610351562,150.01849365234375,53390000,-0.0201589150962998,0.0043244969731890395,39.773476497233986,0.043738294691650026,0.10879397407638317,-0.03299532326486398,0.03152445706895657,0.0,0,0.33,3.7,288.561
2022-04-14,151.7064971923828,155.89700317382812,151.4720001220703,155.38999938964844,51598000,-0.037468291764578644,-0.02057316910345284,34.574427268472945,-0.4296456056107445,0.1396020748850734,-0.014982796547612863,-0.024652684274885983,0.0,1,0.33,3.7,288.561
2022-04-18,152.78500366210938,154.0395050048828,150.25050354003906,151.52349853515625,46514000,-0.023952839915959208,-0.015382461702852956,29.338432500302517,-0.7095994774294354,0.1326019060548727,-0.028521067681883092,0.007109164667870926,0.0,1,0.33,3.7,288.561
2022-04-19,158.11549377441406,158.6490020751953,151.55050659179688,152.0294952392578,54926000,0.016745696356733047,0.0189071817949539,37.337315163215344,-0.4956256702952828,0.09366044424351129,-0.06264887022059346,0.03488883060861969,0.0,0,0.33,3.7,288.561
2022-04-20,153.9980010986328,157.6024932861328,153.60350036621094,157.6024932861328,59630000,-0.003285625535432986,-0.007122369838090372,36.42831822299606,-0.6507951725140515,0.12038524961571652,-0.04214205841852696,-0.026041044919075107,0.0,0,0.33,3.7,288.561
2022-04-21,148.29600524902344,156.73800659179688,147.58949279785156,154.71400451660156,63970000,-0.0336482223221579,-0.04226511233053824,34.59753279676795,-1.2198103184091167,0.1646381678758016,-0.016676752764542523,-0.037026427673936824,0.0,0,0.33,3.7,288.561
2022-04-22,144.35000610351562,149.61500549316406,143.69749450683594,148.25,73078000,-0.05105435278914658,-0.06571728227670412,31.206462507449075,-1.966499491975327,0.19932022422327564,-0.006011364147264093,-0.026608937569704394,0.0,1,0.33,3.7,288.561
2022-04-25,146.07400512695312,146.22149658203125,142.30650329589844,144.0229949951172,61874000,-0.03439734513752778,-0.05297394949031507,26.821445494469486,-2.3915751390025264,0.18305821395638863,-0.028436673152390582,0.011943186356370372,0.0,0,0.33,3.7,288.561
2022-04-26,139.39100646972656,144.8560028076172,138.92950439453125,144.8000030517578,77530000,-0.07137327284729528,-0.09466912734798852,25.549692824277088,-3.2304738990561077,0.23600160810406867,0.0006868064766120476,-0.0457507730510871,0.0,0,0.33,3.7,288.561
2022-04-27,138.16700744628906,141.94850158691406,135.7834930419922,140.19149780273438,71336000,-0.07172280890827017,-0.10063283816068828,27.79538951374714,-3.9485571927164074,0.23957255939255495,-0.0056134147823307156,-0.008781047317448887,0.0,1,0.33,3.7,288.561
2022-04-28,144.59649658203125,145.9375,140.3000030517578,142.17799377441406,117316000,-0.02132994495048335,-0.05731939363002467,37.27517046895046,-3.9532665408216303,0.17380756448822018,-0.054191894788434995,0.04653418536434306,0.0,0,0.33,3.7,288.561
2022-04-29,124.28150177001953,130.76100158691406,121.625,129.8489990234375,272662000,-0.1429184252614759,-0.1861720775385886,28.071082666080073,-5.532474117180556,0.3808913444929924,0.05404383129925823,-0.140494377749234,0.0,1,0.33,3.7,288.561
2022-05-02,124.5,124.66799926757812,118.375,122.4010009765625,148788000,-0.12433064620097725,-0.18150913112052822,29.736938929953666,-6.689266814019675,0.3821284870453421,0.017159871221710556,0.0017580913238786078,0.0,0,0.77,3.6,291.298
2022-05-03,124.25350189208984,126.22049713134766,122.82499694824219,124.05349731445312,79134000,-0.1047422176860093,-0.18007353499369244,29.77682352622388,-7.539018584379107,0.37344151452424423,-0.004879690078879427,-0.0019799044812061073,0.0,1,0.77,3.6,291.298
2022-05-04,125.92849731445312,126.0,119.18299865722656,123.5999984741211,110746000,-0.07394487633270119,-0.1663504168467115,26.319265189917118,-7.985245908268439,0.3432777353161891,-0.036496841443163425,0.01348046853293483,0.0,0,0.77,3.6,291.298
2022-05-05,116.40699768066406,123.4990005493164,115.07250213623047,123.0,144392000,-0.12340763166608454,-0.2264723198424103,24.12494804606216,-9.00340408542678,0.4551251943799447,0.003958515364474149,-0.07561036490424522,0.0,0,0.77,3.6,291.298
2022-05-06,114.77249908447266,119.05049896240234,113.08149719238281,114.8499984741211,124260000,-0.11602728569679088,-0.23360722721929902,22.361556631745287,-9.828890817820508,0.47384440731659694,-0.01721626170568977,-0.014041240035030156,0.0,0,0.77,3.6,291.298
2022-05-09,108.78900146484375,114.0,107.95700073242188,111.3125,128124000,-0.13733910697111784,-0.2691699484478224,14.472653163320501,-10.840945579890601,0.5584996785358791,-0.008736389003064256,-0.05213354825727934,0.0,1,0.77,3.6,291.298
2022-05-10,108.85900115966797,112.64250183105469,107.1709976196289,111.25,105434000,-0.11536627779661189,-0.26428074118539685,15.47578853635352,-11.504738416912375,0.5576639314442764,-0.048363827234733946,0.0006434445934944133,0.0,0,0.77,3.6,291.298
2022-05-11,105.37200164794922,110.15599822998047,104.42849731445312,108.10350036621094,109704000,-0.12025743255262654,-0.2834141923102017,16.018535821800782,-12.17186110307037,0.6073033123696544,-0.0580649159500219,-0.03203225709010704,0.0,1,0.77,3.6,291.298
2022-05-12,106.93049621582031,110.78050231933594,102.40550231933594,102.75,132026000,-0.07825967149225342,-0.26832525562976933,19.212419460093557,-12.431500551448636,0.5661814873874964,-0.09955773244710632,0.014790404884573283,0.0,1,0.77,3.6,291.298
2022-05-13,113.05500030517578,113.18399810791016,107.80000305175781,109.06900024414062,93684000,-0.015943528506741026,-0.22271179153882908,24.66739693299847,-12.004687820953706,0.4612595761280405,-0.16244792071038064,0.05727556035084924,0.0,0,0.77,3.6,291.298
2022-05-16,110.81050109863281,113.99250030517578,110.35399627685547,113.0999984741211,74566000,-0.02384868175099285,-0.2344770161287152,26.470159639190655,-11.712533193071323,0.4652871409950994,-0.15779191614413732,-0.01985316173972196,0.0,1,0.77,3.6,291.298
2022-05-17,115.36849975585938,115.80000305175781,111.27649688720703,113.2750015258789,76448000,0.024320948541311418,-0.20054912898872862,32.20714466043928,-10.986559922865396,0.3654396433130426,-0.18616190910801894,0.04113327357999652,0.0,0,0.77,3.6,291.298
2022-05-18,107.11250305175781,112.85299682617188,106.2490005493164,111.43949890136719,108380000,-0.03282369503929342,-0.25477436571382767,21.556912088426117,-10.951172511802014,0.4308277541455664,-0.1273482731117652,-0.07156196640827217,0.0,1,0.77,3.6,291.298
2022-05-19,107.31900024414062,110.03399658203125,106.19300079345703,106.28050231933594,88142000,-0.022941337691080217,-0.2500023070673771,31.475706887263144,-10.782174934946283,0.39387515018744834,-0.13301032765427823,0.0019278532990965047,0.0,1,0.77,3.6,291.298
2022-05-20,107.59100341796875,109.89800262451172,105.0094985961914,109.56849670410156,99500000,-0.014018398035303692,-0.24395627011098206,31.5556927042867,-10.50519737870043,0.3586867698335137,-0.13770318773464765,0.0025345295167615856,0.0,0,0.77,3.6,291.298
2022-05-23,107.55699920654297,108.81900024414062,103.94999694824219,108.46099853515625,107798000,-0.013215912252503442,-0.2401406347523538,31.702658629509543,-10.171187408436907,0.31655496705973446,-0.13068000480522382,-0.0003160506951839226,0.0,0,0.77,3.6,291.298
2022-05-24,104.0999984741211,105.4000015258789,101.26000213623047,104.0250015258789,102934000,-0.04074397957410885,-0.26061928850868976,26.977796982359408,-10.069359855877352,0.3277409661344767,-0.10317752544605746,-0.03214110432537598,0.0,1,0.77,3.6,291.298
2022-05-25,106.7750015258789,108.17500305175781,103.6500015258789,103.65550231933594,93120000,-0.017364861078148393,-0.23722155024798097,38.12652934470266,-9.66143933785284,0.25804699095404404,-0.11861503661365651,0.025696475417555487,0.0,1,0.77,3.6,291.298
2022-05-26,111.07749938964844,112.66549682617188,107.45349884033203,107.97000122070312,93002000,0.018343977817494632,-0.2016918996157958,45.72624856802135,-8.888522414793869,0.14062289461396274,-0.114236347322397,0.04029499229486544,0.0,1,0.77,3.6,291.298
2022-05-27,115.14649963378906,115.18699645996094,112.62799835205078,113.55000305175781,93660000,0.05362775131121745,-0.16741076998595875,57.694027929665786,-7.857074408137677,0.08728407085752345,-0.14043852219296327,0.036632083603781895,0.0,1,0.77,3.6,291.298
2022-05-31,120.20950317382812,121.99449920654297,115.67500305175781,116.27999877929688,144634000,0.09057648845943655,-0.12561215653681065,62.255575598921645,-6.555534241231385,0.03358685565102231,-0.17230804934743196,0.04397010379074828,0.0,1,0.77,3.6,291.298
2022-06-01,121.68399810791016,125.17900085449219,120.62249755859375,122.25599670410156,127528000,0.09766435941508333,-0.10973125211776566,68.41291018654684,-5.343478568814149,0.015914912602397958,-0.17930160542684584,0.012266042992872705,0.0,1,1.21,3.6,294.957
2022-06-02,125.51100158691406,125.61000061035156,120.04499816894531,121.68399810791016,100560000,0.11370263069626886,-0.07641029378063034,69.95178900414408,-4.027679931771118,-0.01605634662786228,-0.20366385480940177,0.03145034300738625,0.0,0,1.21,3.6,294.957
2022-06-03,122.3499984741211,124.4000015258789,121.04650115966797,124.19999694824219,97604000,0.07136460112973282,-0.09419754512656416,60.65940007769382,-3.2030438697890276,0.018106999045649535,-0.18697497210662198,-0.025185068024527135,0.0,1,1.21,3.6,294.957
2022-06-06,124.79000091552734,128.99000549316406,123.80999755859375,125.25,135269000,0.07651783158274164,-0.07078676937680999,65.9599694444517,-2.325815491203244,0.011868395592417105,-0.2085127642598714,0.01994280728922404,0.0,0,1.21,3.6,294.957
2022-06-07,123.0,124.0999984741211,120.62999725341797,122.01000213623047,85156700,0.04712621204464009,-0.07838203406928611,59.30046686618722,-1.7548153759863538,0.037589033792146814,-0.19643577575535506,-0.014344105316090427,0.0,0,1.21,3.6,294.957
2022-06-08,121.18000030517578,123.75,120.75,122.61000061035156,64926600,0.016846609038526788,-0.08546660757461469,70.33373996659446,-1.4326378781700555,0.06043822809203083,-0.18146521208560143,-0.014796745486375773,0.0,0,1.21,3.6,294.957
2022-06-09,116.1500015258789,121.30000305175781,116.0999984741211,119.98999786376953,67029800,-0.032968559823677794,-0.11633644370411596,61.20258487613248,-1.5651467169397222,0.10644683973552818,-0.13682352819474083,-0.04150848957443054,0.0,0,1.21,3.6,294.957
2022-06-10,109.6500015258789,114.5,109.05000305175781,113.41999816894531,87266000,-0.08599940278528159,-0.15853473027013018,52.25554578078372,-2.1696462719080927,0.17097811392147713,-0.08211629919712858,-0.05596211721574329,0.0,0,1.21,3.6,294.957
2022-06-13,103.66999816894531,106.54000091552734,101.86000061035156,104.19000244140625,99277700,-0.1274997667572477,-0.19711505078077726,46.23272391163694,-3.0955690255343455,0.24190152281729227,-0.041600519758322387,-0.05453719355874542,0.0,0,1.21,3.6,294.957
2022-06-14,102.30999755859375,104.87999725341797,101.43000030517578,104.19000244140625,69728800,-0.12577599905435,-0.20005856750958767,48.19162644401888,-3.894220017656636,0.2626741923798808,-0.04143329679587681,-0.013118555361940287,0.0,1,1.21,3.6,294.957
2022-06-15,107.66999816894531,109.05999755859375,103.52999877929688,103.86000061035156,85011100,-0.06882497996797401,-0.15008550870221773,50.85765421420994,-4.047986757466219,0.1980830966260873,-0.09456954320168871,0.052389802934770247,0.0,0,1.21,3.6,294.957
2022-06-16,103.66000366210938,104.58000183105469,102.01000213623047,104.47000122070312,82186300,-0.08623710908364957,-0.17386213946440116,42.85191643215325,-4.442213972876971,0.24618419826917012,-0.06462870417793938,-0.037243378610853584,0.0,1,1.21,3.6,294.957
2022-06-17,106.22000122070312,106.9800033569336,102.51000213623047,102.80000305175781,99772100,-0.05016542134635956,-0.14631104417239565,41.140040509976195,-4.496241598819481,0.2164785528563758,-0.0885351523041175,0.02469609751257895,0.0,1,1.21,3.6,294.957
2022-06-21,108.68000030517578,111.62999725341797,103.55999755859375,108.19999694824219,70901200,-0.013963109223962177,-0.11959094982064122,37.9329079600111,-4.291092471678965,0.18880391262743526,-0.10802502361413531,0.023159471438541024,0.0,1,1.21,3.6,294.957
2022-06-22,108.94999694824219,112.12999725341797,107.0199966430664,107.43000030517578,60040100,0.0012498116910841348,-0.1108475183877866,36.327520032321054,-4.059923566105709,0.18568540271963946,-0.10878447196849396,0.0024843268523027096,0.0,1,1.21,3.6,294.957
2022-06-23,112.44000244140625,113.0,107.93000030517578,110.38999938964844,64345300,0.041689848827654245,-0.07653467797840256,35.863383496243145,-3.5541363948645,0.14756017638680194,-0.12770651636737967,0.0320330939965241,0.0,1,1.21,3.6,294.957
2022-06-24,116.45999908447266,116.70999908447266,111.43000030517578,112.37999725341797,69867600,0.07862295600877582,-0.03809479584831174,43.746018424608486,-2.796677922851245,0.10961595715394055,-0.15116797490476272,0.03575237064906034,0.0,0,1.21,3.6,294.957
2022-06-27,113.22000122070312,117.9800033569336,112.69999694824219,117.08999633789062,62133200,0.04515915874276303,-0.058272012923395664,37.92023210951281,-2.429817947610502,0.1418045165970234,-0.12541962045301472,-0.027820692849391482,0.0,0,1.21,3.6,294.957
2022-06-28,107.4000015258789,114.8499984741211,107.04000091552734,113.5,74942900,-0.011968599048650629,-0.10004778057359925,34.976886251320124,-2.5789752879906445,0.20273800724072827,-0.08429808769176911,-0.05140434227234392,0.0,1,1.21,3.6,294.957
2022-06-29,108.91999816894531,110.98999786376953,106.91000366210938,107.37999725341797,66375300,-0.004041642477303062,-0.0805519287496254,38.1247528981582,-2.5451931268701884,0.1792241671688725,-0.10071237964205022,0.014152668728781626,0.0,0,1.21,3.6,294.957
2022-06-30,106.20999908447266,108.18000030517578,102.5199966430664,108.11000061035156,97679400,-0.027523451432563815,-0.09550208414539976,39.91885912512953,-2.705902834988777,0.1997197129080397,-0.08274294869224941,-0.024880638358707907,0.0,1,1.21,3.6,294.957
2022-07-01,109.55999755859375,109.75,105.8499984741211,106.29000091552734,73021200,-0.002240334752313915,-0.059857322823643304,49.90248754705552,-2.533742154411186,0.14398715427755682,-0.10629999873539636,0.03154127203651247,0.0,1,1.68,3.5,294.913
2022-07-05,113.5,114.08000183105469,106.31999969482422,107.5999984741211,76583700,0.02683337593896548,-0.020196728312252808,61.142603826217865,-2.055681686787665,0.0922980394026887,-0.13314385491841702,0.035962053023039786,0.0,1,1.68,3.5,294.913
2022-07-06,114.33000183105469,115.4800033569336,112.01000213623047,113.20999908447266,66958900,0.02908218841655067,-0.007889492235462129,63.79073884353889,-1.5914953431604602,0.06592809579452791,-0.13014574220409483,0.007312791463036872,0.0,1,1.68,3.5,294.913
2022-07-07,116.33000183105469,116.98999786376953,113.48999786376953,113.8499984741211,57872300,0.04017455354991825,0.014703752745485755,60.76579647530196,-1.0501357252968688,0.03429073566786952,-0.13752294799024994,0.01749322109655349,0.0,0,1.68,3.5,294.913
2022-07-08,115.54000091552734,116.58000183105469,113.69000244140625,114.5999984741211,45719700,0.03025494029946235,0.012023765818035579,66.0540536528002,-0.6770462319096424,0.0300609278077121,-0.12520547921232558,-0.006791033294013538,0.0,0,1.68,3.5,294.913
2022-07-11,111.75,114.30000305175781,110.87000274658203,114.08000183105469,53487600,0.0006626292689154871,-0.016622296216790206,57.232539101898624,-0.6793602775667296,0.059224966605410795,-0.09370371271663833,-0.03280250030721621,0.0,0,1.68,3.5,294.913
2022-07-12,109.22000122070312,113.2300033569336,108.33999633789062,112.16000366210938,54280300,-0.01847657166840022,-0.032864275664681045,50.704962114972,-0.8752545432811303,0.08360089446278245,-0.07294352734012173,-0.022639810105564928,0.0,1,1.68,3.5,294.913
2022-07-13,110.4000015258789,111.77999877929688,106.01000213623047,107.02999877929688,61353800,-0.010539889272716152,-0.020006241089061193,51.84902398813231,-0.924627467364914,0.07052743399524852,-0.07526477654310276,0.010803884746268588,0.0,1,1.68,3.5,294.913
2022-07-14,110.62999725341797,111.18000030517578,107.58000183105469,110.23999786376953,51163100,-0.00999581973057135,-0.015540480140093202,47.48260677919125,-0.9344256550643166,0.06398752115056379,-0.06535237800545057,0.002083294604712016,0.0,1,1.68,3.5,294.913
2022-07-15,113.55000305175781,115.58999633789062,111.58999633789062,112.5,84317800,0.009503849788216712,0.012372185173954945,45.824969641138225,-0.6985186369547876,0.039076039896848686,-0.08665864732349123,0.02639434033114041,0.0,1,1.68,3.5,294.913
2022-07-18,113.76000213623047,117.23999786376953,113.1500015258789,115.0,59115400,0.007608445914897528,0.01644995793002135,50.84852438828775,-0.48897881104832663,0.03498868077342687,-0.07729707959250715,0.0018493974357440823,0.0,1,1.68,3.5,294.913
2022-07-19,118.20999908447266,118.94999694824219,114.02999877929688,115.69999694824219,60990000,0.0426736598251445,0.055870651263869406,67.75040827913415,0.035748487866911205,0.0029447682888240974,-0.1088071974155175,0.03911741266419111,0.0,1,1.68,3.5,294.913
2022-07-20,122.7699966430664,123.4800033569336,118.31999969482422,118.62000274658203,71268300,0.07489315200522502,0.09503680251702641,70.6778133137841,0.8102127183251753,-0.01725000405802948,-0.14748888725550352,0.03857539627705431,0.0,1,1.68,3.5,294.913
2022-07-21,124.62999725341797,124.8499984741211,121.26000213623047,123.19999694824219,60239900,0.08330578509985197,0.10849448570119323,78.21690948742342,1.5561296117512882,-0.014243575161298656,-0.16530384373360765,0.01515028639903937,0.0,0,1.68,3.5,294.913
2022-07-22,122.41999816894531,125.5,121.3499984741211,125.01000213623047,51463800,0.05777039207417348,0.0862178372282577,70.41269938151042,1.9465075401841574,0.01416703981559571,-0.15269829970523444,-0.017732481209791984,0.0,0,1.68,3.5,294.913
2022-07-25,121.13999938964844,123.63999938964844,120.02999877929688,122.69999694824219,50221300,0.038286491589761835,0.07186133329397477,63.24549299545305,2.1280686066741765,0.03051012139336902,-0.14550928816825617,-0.010455798059483823,0.0,0,1.68,3.5,294.913
2022-07-26,114.80999755859375,118.1500015258789,114.52999877929688,115.79000091552734,67075100,-0.02065990228215812,0.014438205357450535,50.69888727246228,1.7411084003736903,0.08796481406121531,-0.09765034424732975,-0.052253606265046715,0.0,1,1.68,3.5,294.913
2022-07-27,120.97000122070312,121.9000015258789,117.16000366210938,117.30999755859375,61582000,0.022664846801925778,0.06737382366381109,56.02597323330966,1.9094890619262088,0.03726304293592862,-0.13708120388417594,0.0536538959419941,0.0,1,1.68,3.5,294.913
2022-07-28,122.27999877929688,122.83999633789062,118.08000183105469,121.56999969482422,82245500,0.023657637806745863,0.07675317096080408,58.636594622781935,2.1241519032933383,0.03233801133432016,-0.14158726093581728,0.010829110898360028,0.0,1,1.68,3.5,294.913
2022-07-29,134.9499969482422,137.64999389648438,132.41000366210938,134.89999389648438,148892900,0.10984093270036187,0.18423666390368798,74.217118898156,3.2788402864650124,-0.03765307627190245,-0.22781558226511023,0.10361464095050721,0.0,1,1.68,3.5,294.913
2022-08-01,135.38999938964844,138.8300018310547,133.50999450683594,134.9600067138672,76846900,0.09399873213106501,0.18223054364261282,78.56363191841727,4.181244880726325,-0.01727178982025345,-0.23475568276233189,0.0032604850044939404,0.0,0,2.33,3.6,295.097
2022-08-02,134.16000366210938,137.44000244140625,134.08999633789062,134.72000122070312,61922400,0.07026616917112541,0.1660243971339919,75.9049343357909,4.742488195620524,0.009913894254177954,-0.23051621036905554,-0.009084834427092181,0.0,1,2.33,3.6,295.097
2022-08-03,139.52000427246094,140.49000549316406,136.0500030517578,136.2100067138672,71827800,0.09834920639839931,0.20591680787092106,78.32909220375797,5.555741688222426,-0.004532728288009684,-0.2663747212315057,0.039952299225118226,0.0,1,2.33,3.6,295.097
2022-08-04,142.57000732421875,143.55999755859375,139.5500030517578,140.5800018310547,70585000,0.10672954394994015,0.22486538550906224,78.38420094322727,6.372897896660746,-0.0003269671960159757,-0.2891659973006784,0.021860686341448332,0.0,0,2.33,3.6,295.097
2022-08-05,140.8000030517578,142.86000061035156,139.60000610351562,140.10000610351562,50686900,0.0776142615670031,0.20207835518913012,75.66438948261612,6.799297458213417,0.031153639059315587,-0.28120338726220856,-0.012414983387324718,0.0,0,2.33,3.6,295.097
2022-08-08,139.41000366210938,144.22999572753906,138.2899932861328,142.0500030517578,52229000,0.052262140847031326,0.18361564971468566,71.36235731979785,6.945003175261775,0.05453709909615861,-0.26729805875039325,-0.009872154542052702,0.0,0,2.33,3.6,295.097
2022-08-09,137.8300018310547,138.9499969482422,136.2100067138672,138.0500030517578,40434700,0.02256877297264896,0.16490935549089683,66.14494309771365,6.8539747086455804,0.07351968943466791,-0.24503534007205965,-0.011333489631663474,0.0,1,2.33,3.6,295.097
2022-08-10,142.69000244140625,144.60000610351562,141.00999450683594,142.89999389648438,54773800,0.041837034285939295,0.20039618317039065,68.19097767357293,7.092240491938483,0.047678554681661746,-0.2588426380443313,0.0352608325167747,0.0,0,2.33,3.6,295.097
2022-08-11,140.63999938964844,144.49000549316406,139.75999450683594,143.86000061035156,44867300,0.01328566502774335,0.1790971739012411,68.4114765311365,7.034559702732139,0.0678851901285859,-0.2316365933806044,-0.014366830308238487,0.0,1,2.33,3.6,295.097
2022-08-12,143.5500030517578,143.57000732421875,140.1199951171875,142.0500030517578,47643500,0.0278827989191756,0.19909767810278223,71.9232994561054,7.14133932294979,0.05389226015000409,-0.2339689165630056,0.020691152408548463,0.0,0,2.33,3.6,295.097
2022-08-15,143.17999267578125,143.75999450683594,141.49000549316406,142.8000030517578,39014600,0.019546341708229994,0.1924868854380779,81.41747483568507,7.114099288023027,0.060705233969533604,-0.21553122856171114,-0.0025775713556979163,0.0,1,2.33,3.6,295.097
2022-08-16,144.77999877929688,146.57000732421875,142.0,143.91000366210938,59102900,0.02320188479693653,0.20132428163116664,79.32986179508501,7.13932083828368,0.05566436901016684,-0.21252993884552826,0.0111747882760318,0.0,0,2.33,3.6,295.097
2022-08-17,142.10000610351562,143.3800048828125,140.77999877929688,142.69000244140625,48149800,0.002433806694680914,0.1757094438886778,73.61772753257219,6.86393294098076,0.08018567278390924,-0.18868679909940256,-0.01851079360669594,0.0,1,2.33,3.6,295.097
2022-08-18,142.3000030517578,142.77000427246094,140.3800048828125,141.32000732421875,37458700,0.004035911339210038,0.17361601178406616,62.46185305418755,6.585905906874075,0.08299130485959168,-0.18173342521787195,0.0014074379989574837,0.0,0,2.33,3.6,295.097
2022-08-19,138.22999572753906,141.11000061035156,137.91000366210938,140.47000122070312,47792800,-0.0229093236668055,0.13685145128495552,54.2874307665232,5.968352450791571,0.11358413030113099,-0.14490866012719086,-0.02860159688639219,0.0,0,2.33,3.6,295.097
2022-08-22,133.22000122070312,136.32000732421875,132.85000610351562,135.72000122070312,50461500,-0.05418452832329559,0.09257978118275136,48.72628479745935,5.016841178947516,0.14979168993064496,-0.09801268145183456,-0.036243902638259384,0.0,1,2.33,3.6,295.097
2022-08-23,133.6199951171875,134.99000549316406,132.9499969482422,133.41000366210938,36252100,-0.048500720286210816,0.0915685263906292,40.76392315957082,4.246091505524902,0.12746294832809535,-0.06774874516077167,0.003002506326521548,0.0,1,2.33,3.6,295.097
2022-08-24,133.8000030517578,135.47000122070312,132.10000610351562,132.75,38627000,-0.04114887827801883,0.08768463578973472,34.915725043868335,3.6081989014070928,0.11275963379124876,-0.046227528809413984,0.001347163157822573,0.0,1,2.33,3.6,295.097
2022-08-25,137.27999877929688,137.4199981689453,134.27999877929688,135.25999450683594,37496300,-0.013835617573526585,0.10966509911480332,44.28199696708158,3.3449129146067094,0.06765767452975428,-0.042584798472515235,0.026008936084948253,0.0,0,2.33,3.6,295.097
2022-08-26,130.75,137.8300018310547,130.5,136.5500030517578,53322700,-0.052027895242835874,0.0529528551569357,37.94543370712822,2.5796044705928978,0.12454533320714069,-0.0015472279811307216,-0.04756700784791723,0.0,0,2.33,3.6,295.097
2022-08-29,129.7899932861328,131.9499969482422,128.77000427246094,129.89999389648438,48101600,-0.04976320037693462,0.04084127883069913,38.61189182086105,1.8740249037141439,0.13706614059213962,-0.0026797011288814646,-0.007342307563037775,0.0,0,2.33,3.6,295.097
2022-08-30,128.72999572753906,132.07000732421875,126.8499984741211,131.25,49203000,-0.04631731279544469,0.028627008399973924,27.84126991815964,1.2153057807877872,0.15080745957291536,-0.0030640428818406213,-0.008167020675137082,0.0,0,2.33,3.6,295.097
2022-08-31,126.7699966430664,130.58999633789062,126.73999786376953,129.4499969482422,53648700,-0.05004909519361067,0.010045452138655138,27.921047818385006,0.5290124580153588,0.17318951255670717,-0.0022972874317265285,-0.015225659516225343,0.0,1,2.33,3.6,295.097
2022-09-01,127.81999969482422,128.02000427246094,123.66000366210938,126.0,56636100,-0.03167398955848962,0.015358264165055634,23.38409869515455,0.06905055446759434,0.1621255852335008,-0.020606261323681603,0.008282741023605045,0.0,0,2.56,3.5,296.349
2022-09-02,127.51000213623047,131.3800048828125,126.38999938964844,129.5,57429800,-0.026113362714894586,0.010476448674938835,23.431685868647648,-0.31683450916239053,0.1641022525181027,-0.027799259235810937,-0.002425266463259912,0.0,0,2.56,3.5,296.349
2022-09-06,126.11000061035156,128.6199951171875,124.73999786376953,127.91999816894531,43888600,-0.03154708213504582,-0.00214430531925457,18.129050104998626,-0.7272364954478974,0.17723658452239505,-0.027763920816497388,-0.010979542799969155,0.0,1,2.56,3.5,296.349
2022-09-07,129.47999572753906,129.82000732421875,125.4000015258789,126.12000274658203,47900300,-0.002496092891705736,0.021891555246989634,28.952614785758527,-0.771657398483427,0.1451121931599371,-0.05803305168250956,0.026722663554652915,0.0,1,2.56,3.5,296.349
2022-09-08,129.82000732421875,130.27999877929688,127.0999984741211,127.72000122070312,43988500,0.00319929782638182,0.02096194125633457,29.28288275509196,-0.7705428515711787,0.13481330885286014,-0.06311415898198734,0.0026259778181887405,0.0,1,2.56,3.5,296.349
2022-09-09,133.27000427246094,133.69000244140625,130.75999450683594,130.91000366210938,49387600,0.03306077086437443,0.04409537388209416,41.593234821901476,-0.48567508416965666,0.10022473892115798,-0.08768635294078685,0.02657523304266962,0.0,1,2.56,3.5,296.349
2022-09-12,136.4499969482422,136.49000549316406,134.0,134.10000610351562,53826900,0.05305805712260637,0.06396746257507094,55.83663885305956,-0.003278698716769668,0.06650662421127895,-0.10607419716467514,0.023861278411006825,0.0,0,2.56,3.5,296.349
2022-09-13,126.81999969482422,131.39999389648438,126.2699966430664,131.00999450683594,72694000,-0.019013290625059385,-0.013776953485126815,40.785914442856765,-0.39350035769479064,0.13713338758599147,-0.04073691991986702,-0.0705752837581286,0.0,1,2.56,3.5,296.349
2022-09-14,128.5500030517578,128.83999633789062,126.33000183105469,127.36000061035156,45316800,-0.0054927862853258935,-0.0026580051750152186,43.17295134370613,-0.5567392773359359,0.10515282168291638,-0.04959472332563113,0.01364140798846103,0.0,0,2.56,3.5,296.349
2022-09-15,126.27999877929688,130.3699951171875,125.5,127.37999725341797,52887200,-0.022683842908009608,-0.022082909262595953,35.23093665759636,-0.85937137255209,0.1119239687115787,-0.03194296123999205,-0.0176585314552421,0.0,0,2.56,3.5,296.349
2022-09-16,123.52999877929688,123.87000274658203,120.69999694824219,122.77999877929688,115667800,-0.04078211181108601,-0.044444592352929135,39.21099854754233,-1.3060561038747096,0.12145007568166898,-0.010359642311303277,-0.021777003694830932,0.0,1,2.56,3.5,296.349
2022-09-19,124.66000366210938,124.70999908447266,121.80000305175781,122.16000366210938,47279700,-0.029860597496233057,-0.03706218630142444,42.37289788999517,-1.5509961038162317,0.10179584486579028,-0.020727404070159182,0.009147615105472573,0.0,0,2.56,3.5,296.349
2022-09-20,122.19000244140625,124.4000015258789,121.13999938964844,123.3499984741211,47698400,-0.04617305005574209,-0.05766162022316951,40.66782007523139,-1.922262627315746,0.12372597980633784,-0.009616851306831419,-0.019813903001303146,0.0,0,2.56,3.5,296.349
2022-09-21,118.54000091552734,123.76000213623047,118.44999694824219,122.48999786376953,58498900,-0.06669501512111126,-0.08712299189105654,38.79663318015004,-2.482403043776486,0.16034640081496956,0.006137471035146033,-0.02987152347123645,0.0,0,2.56,3.5,296.349
2022-09-22,117.30999755859375,118.79000091552734,116.26000213623047,117.08000183105469,55229200,-0.06719149976739329,-0.09755570425120619,35.76266740583509,-2.9910899279523733,0.17302082002510305,0.002122005937549437,-0.010376272544574294,0.0,0,2.56,3.5,296.349
2022-09-23,113.77999877929688,116.05000305175781,112.05999755859375,116.0,65126700,-0.08101865970546476,-0.12513533856260056,32.89309858456049,-3.6371426323879064,0.20522939793641135,0.016742849520434828,-0.03009120154088929,0.0,1,2.56,3.5,296.349
2022-09-26,115.1500015258789,117.33999633789062,113.12999725341797,113.30000305175781,62723300,-0.05367312041382276,-0.11481906335932329,36.33417041017399,-3.9925723938862916,0.1919473743018012,-0.009958694958259287,0.012040804722097675,0.0,0,2.56,3.5,296.349
2022-09-27,114.41000366210938,118.31999969482422,113.05000305175781,117.19999694824219,60094700,-0.05006639993009645,-0.1205954561938559,29.890598562082715,-4.284574772866506,0.20031998834173043,-0.017661192779089056,-0.006426381710496365,0.0,1,2.56,3.5,296.349
2022-09-28,118.01000213623047,118.69999694824219,113.80000305175781,114.37999725341797,55763800,-0.011525628450968441,-0.09289642892595625,35.502081739973846,-4.177345137119204,0.16101748663321885,-0.05402657964814985,0.0314657666190894,0.0,0,2.56,3.5,296.349
2022-09-29,114.80000305175781,116.06999969482422,113.05999755859375,115.5999984741211,58969700,-0.029076930961968558,-0.11648809623040511,27.191900821276235,-4.301796544487431,0.19373580122796846,-0.03825674637435116,-0.027201076403397084,0.0,0,2.56,3.5,296.349
2022-09-30,113.0,116.91999816894531,112.83999633789062,114.08000183105469,59479600,-0.03571277317273529,-0.12878151510991392,20.020471192463546,-4.4938678729704264,0.21214736338001317,-0.03544822970113813,-0.015679468675155683,0.0,1,2.56,3.5,296.349
2022-10-03,115.87999725341797,116.91000366210938,112.44999694824219,113.58000183105469,50941900,-0.0036713480385095047,-0.10567514356310456,33.096419844715015,-4.363395567401312,0.1785011030579596,-0.06593631690190058,0.025486701357681163,0.0,1,3.08,3.6,298.007
2022-10-04,121.08999633789062,123.0,119.79000091552734,119.88999938964844,62812600,0.042109488288682155,-0.06545881953709481,39.59262792962056,-3.7958359073832213,0.12490379268099337,-0.1073795662495794,0.04496029692750958,0.0,0,3.08,3.6,298.007
2022-10-05,120.94999694824219,121.75,117.69000244140625,118.58000183105469,48217500,0.03875021241814059,-0.06742313746102904,42.09433288415499,-3.3190773113024363,0.11916666078130625,-0.10635965412685923,-0.001156159830559278,0.0,0,3.08,3.6,298.007
2022-10-06,120.30000305175781,121.52999877929688,119.5,120.7699966430664,42253800,0.03052162355308598,-0.0723390264415124,44.89086418036747,-2.959575618807122,0.11680427741692084,-0.1010354101403509,-0.00537407121029132,0.0,0,3.08,3.6,298.007
2022-10-07,114.55999755859375,118.16999816894531,113.87999725341797,118.0,54678000,-0.019304049916950485,-0.11554848767518798,36.05741888028634,-3.1020795672320673,0.15605193404584553,-0.0556154349044186,-0.04771409266460691,0.0,0,3.08,3.6,298.007
2022-10-10,113.66999816894531,116.25,112.43000030517578,115.0999984741211,42339700,-0.0256885121984188,-0.11952658889933993,37.70207213830524,-3.2493737280813093,0.1346197506176826,-0.037777979040966574,-0.007768849586377025,0.0,0,3.08,3.6,298.007
2022-10-11,112.20999908447266,115.4800033569336,110.38999938964844,112.70999908447266,56432200,-0.03638565440051391,-0.1277031503252391,40.2465293892769,-3.4442123995526828,0.1408738849643938,-0.029769685628935182,-0.012844190270001499,0.0,1,3.08,3.6,298.007
2022-10-12,112.9000015258789,113.83000183105469,111.4000015258789,112.48999786376953,45728700,-0.026186842659721397,-0.11942856259856184,43.08994581479481,-3.502570566780733,0.11838927970887705,-0.03404918279461913,0.006149206372302096,0.0,0,3.08,3.6,298.007
2022-10-13,112.52999877929688,113.44000244140625,105.3499984741211,107.87999725341797,86868100,-0.02747409555501407,-0.11860356195708782,47.826086956521735,-3.5378933320937733,0.10943814551257328,-0.03046362618545162,-0.00327726077574253,0.0,0,3.08,3.6,298.007
2022-10-14,106.9000015258789,114.95999908447266,106.5999984741211,114.0999984741211,67737300,-0.07123430757107661,-0.15799587702493623,37.503784651809724,-3.974366580607793,0.16547899448180428,0.0074302392051194795,-0.05003107895219994,0.0,1,3.08,3.6,298.007
2022-10-17,113.79000091552734,114.19000244140625,110.08999633789062,110.11000061035156,62782000,-0.009574362259246415,-0.09989652748185418,49.2083723066978,-3.721411293168373,0.08166317599618507,-0.04987656678699174,0.06445275295885255,0.0,1,3.08,3.6,298.007
2022-10-18,116.36000061035156,119.5199966430664,114.79000091552734,119.05999755859375,65607400,0.016981749185579785,-0.07619853139997335,47.83634717449265,-3.275803484981509,0.049633821242719124,-0.06773283525691237,0.022585461588422673,0.0,0,3.08,3.6,298.007
2022-10-19,115.06999969482422,116.58999633789062,113.22000122070312,114.70999908447266,47198100,0.010902314895794159,-0.0831265667389394,50.3728205604708,-2.9922555204329484,0.05840089662528345,-0.057297216886142886,-0.01108629175628062,0.0,1,3.08,3.6,298.007
2022-10-20,115.25,118.23999786376953,113.51000213623047,113.83000183105469,48795100,0.016995519194995548,-0.07765910203849848,53.252385426730015,-2.721643780041177,0.055172913576208134,-0.05898202367568627,0.0015642678860967596,0.0,1,3.08,3.6,298.007
2022-10-21,119.31999969482422,119.58999633789062,114.5,114.79000091552734,55660500,0.048506148460669786,-0.041817304557898484,54.80715841080005,-2.1539378108589062,0.023517734099874697,-0.09077384587984015,0.03531453097461368,0.0,1,3.08,3.6,298.007
2022-10-24,119.81999969482422,120.38999938964844,116.56999969482422,119.9800033569336,49531500,0.04724030533608379,-0.03412095612516461,47.956233254682054,-1.6447215921450749,0.02362345727674719,-0.09504725498967358,0.004190412347291339,0.0,1,3.08,3.6,298.007
2022-10-25,120.5999984741211,121.31999969482422,118.94999694824219,119.6500015258789,50934600,0.04638449319174802,-0.024281329616835406,49.448126010365485,-1.1647976253781138,0.02225787146965486,-0.10102236249572186,0.006509754475742646,0.0,0,3.08,3.6,298.007
2022-10-26,115.66000366210938,119.3499984741211,114.76000213623047,116.0,68802300,0.0011252779069522365,-0.05981846989076407,43.55555640326607,-1.1695884327111656,0.06430084468439606,-0.06303859088506852,-0.040961814879887926,0.0,0,3.08,3.6,298.007
2022-10-27,110.95999908447266,114.12000274658203,109.7699966430664,113.91999816894531,129605400,-0.03824986121866018,-0.0934344327635608,44.85126062872236,-1.5349424112284709,0.1103255796026129,-0.027755273968212795,-0.04063638620803933,0.0,0,3.08,3.6,298.007
2022-10-28,103.41000366210938,103.95999908447266,97.66000366210938,97.91000366210938,223133400,-0.10097020475502892,-0.14971604801275007,37.67420025164906,-2.4059750216943314,0.20304724071350969,0.022298387594147435,-0.06804249715805744,0.0,0,3.08,3.6,298.007
2022-10-31,102.44000244140625,104.87000274658203,100.73999786376953,103.55999755859375,99251400,-0.10052769090901865,-0.15270497198680144,38.12302784404574,-3.138368474603226,0.22306389394593376,0.010233593746044966,-0.009380148789788212,0.0,0,3.08,3.6,298.007
2022-11-01,96.79000091552734,104.58000183105469,96.05999755859375,103.98999786376953,153370000,-0.13527855946300923,-0.19458317140507875,32.523321880688115,-4.127128498466874,0.30334235936094583,0.03521532643617057,-0.05515425020719422,0.0,0,3.78,3.6,298.786
2022-11-02,92.12000274658203,97.73999786376953,92.01000213623047,97.31999969482422,135761800,-0.1597726873704667,-0.22811237289987832,29.747966491221348,-5.227300695900226,0.38115678952211507,0.044657305858399284,-0.048248766657425834,0.0,0,3.78,3.6,298.786
2022-11-03,89.30000305175781,93.5,89.0199966430664,92.47000122070312,136683300,-0.16574800609530466,-0.2461195596940392,31.50483331342336,-6.254645832554502,0.43436019294699063,0.03334410266683389,-0.030612240672440172,0.0,1,3.78,3.6,298.786
2022-11-04,90.9800033569336,92.44000244140625,88.04000091552734,91.48999786376953,129101300,-0.12693841293485156,-0.2258852532750365,23.08236938014089,-6.8542507348473265,0.4147127250801833,-0.018493845490859015,0.01881299269611514,0.0,0,3.78,3.6,298.786
2022-11-07,90.52999877929688,92.0999984741211,89.04000091552734,91.94999694824219,77495700,-0.10613259082803503,-0.2244057440838135,17.91304120365878,-7.281813337026733,0.42560162589068123,-0.0430322601729148,-0.00494619214148917,0.0,0,3.78,3.6,298.786
2022-11-08,89.9800033569336,91.72000122070312,88.2300033569336,90.79000091552734,88703400,-0.08386530409382334,-0.22382320118010923,18.24854489216696,-7.577688932688844,0.43669504946880816,-0.0642679075129819,-0.006075283660437414,0.0,0,3.78,3.6,298.786
2022-11-09,86.13999938964844,89.4800033569336,85.87000274658203,89.47000122070312,90796200,-0.09578546295119557,-0.25144732077381465,16.284454661742288,-8.02946997018259,0.5035610086526124,-0.05644000241571065,-0.042676192754212194,0.0,1,3.78,3.6,298.786
2022-11-10,96.62999725341797,98.69000244140625,91.6500015258789,92.94000244140625,173414900,0.02981920574501403,-0.15586789515945138,27.122399559375125,-7.455116594810804,0.3327120711751008,-0.1677011244977247,0.12177847617944293,0.0,1,3.78,3.6,298.786
2022-11-11,100.79000091552734,101.19000244140625,96.66000366210938,97.87999725341797,111590500,0.07716147911331588,-0.11534950318982443,32.13145654526116,-6.58831389639046,0.27499370726992833,-0.2054034713809207,0.0430508514990382,0.0,0,3.78,3.6,298.786
2022-11-14,98.48999786376953,100.12000274658203,97.29000091552734,98.7699966430664,99533100,0.0570431667003982,-0.13111065539256725,29.815593494970074,-6.017590499803745,0.2939759065576616,-0.19158981704578246,-0.022819754250081425,0.0,1,3.78,3.6,298.786
2022-11-15,98.94000244140625,103.79000091552734,97.33999633789062,103.20999908447266,111336300,0.05942822006072119,-0.12293608110332259,33.37311400903934,-5.465968208537674,0.27212246577371163,-0.19690519690873493,0.004569038353104293,0.0,0,3.78,3.6,298.786
2022-11-16,97.12000274658203,98.48999786376953,95.54000091552734,96.8499984741211,87958800,0.034401978906792426,-0.13410185211232498,35.40085056465557,-5.116680426551227,0.280118081892602,-0.1844941507010662,-0.018394983322363,0.0,0,3.78,3.6,298.786
2022-11-17,94.8499984741211,96.97000122070312,94.02999877929688,95.37000274658203,82617900,0.004288189045417413,-0.14903430371162252,39.83855469043636,-4.965795121355853,0.292255407150859,-0.1679854541522736,-0.02337318995330062,0.0,0,3.78,3.6,298.786
2022-11-18,94.13999938964844,95.98999786376953,92.4800033569336,95.94999694824219,72428200,-0.006553335981962416,-0.1494321501621453,40.08600106877096,-4.847627984464353,0.2708802605920455,-0.1573365697058736,-0.007485493894513584,0.0,0,3.78,3.6,298.786
2022-11-21,92.45999908447266,95.0199966430664,90.58999633789062,93.97000122070312,84330300,-0.026265360118324737,-0.1579173735836253,44.286091109715045,-4.833820388914219,0.2551704198599633,-0.13281476712300666,-0.017845764989037338,0.0,1,3.78,3.6,298.786
2022-11-22,93.19999694824219,93.3499984741211,90.87000274658203,92.62000274658203,62192000,-0.021789354238325093,-0.14594768086445567,51.590096798463875,-4.708885031314523,0.19445618408176163,-0.11835094918726755,0.008003437930963697,0.0,1,3.78,3.6,298.786
2022-11-23,94.12999725341797,94.58000183105469,92.83000183105469,93.23999786376953,59414700,-0.02024462138004688,-0.13194959515910448,57.53038969368483,-4.4831506381233766,0.13921620067595544,-0.10649542623038327,0.009978544373689724,0.0,0,3.78,3.6,298.786
2022-11-25,93.41000366210938,94.43000030517578,93.06999969482422,93.79000091552734,35088600,-0.024469167742078742,-0.1333351579153354,53.90549608095446,-4.312638557999676,0.11195003794278054,-0.08234941765938944,-0.0076489282090407285,0.0,1,3.78,3.6,298.786
2022-11-28,93.94999694824219,96.4000015258789,93.43000030517578,93.93000030517578,74943100,-0.011770425049863467,-0.12351410998325077,55.480766832475595,-4.086823206781048,0.09035554342552561,-0.08248958462377005,0.00578089353348199,0.0,0,3.78,3.6,298.786
2022-11-29,92.41999816894531,94.41000366210938,91.44000244140625,94.04000091552734,65567300,-0.0216171725490535,-0.1325698535791784,53.79116654579285,-3.9853800483994632,0.09296564964424851,-0.0627015943295687,-0.016285245651894598,0.0,1,3.78,3.6,298.786
2022-11-30,96.54000091552734,96.54000091552734,91.52999877929688,92.47000122070312,102805800,0.02460148980241151,-0.08951670310307756,66.01971937647679,-3.5318231661976824,0.04597554782779294,-0.10261529823737688,0.04457912603558589,0.0,0,3.78,3.6,298.786
2022-12-01,95.5,97.2300033569336,94.91999816894531,96.98999786376953,68488000,0.015309386875861279,-0.09539380353843852,47.544552045828084,-3.219186671509604,0.05905224627195736,-0.09098941904682659,-0.010772746070691896,0.0,0,4.1,3.5,298.832
2022-12-02,94.12999725341797,95.36000061035156,93.77999877929688,94.4800033569336,72496400,0.0015108130036094079,-0.10443816307699254,33.53114920861073,-3.0468456292846184,0.07335312765107845,-0.07151519162241457,-0.01434557849824114,0.0,0,4.1,3.5,298.832
2022-12-05,91.01000213623047,94.05999755859375,90.81999969482422,93.05000305175781,71535500,-0.028449395490101354,-0.13035416558023477,32.224339081731,-3.1259872080659505,0.11013338308733875,-0.039635691899167616,-0.033145598727553405,0.0,0,4.1,3.5,298.832
2022-12-06,88.25,91.04000091552734,87.9000015258789,90.5,75503600,-0.05365988981319636,-0.15236981236614447,27.109193505700006,-3.3725400432427364,0.14727893346776016,-0.01461038479732385,-0.03032636052572657,0.0,1,4.1,3.5,298.832
2022-12-07,88.45999908447266,89.88999938964844,87.4800033569336,88.33999633789062,68086900,-0.04656176416337522,-0.14609614584264874,30.082779318786706,-3.510522650466143,0.14611406928131734,-0.020226651926264556,0.0023795930251859776,0.0,1,4.1,3.5,298.832
2022-12-08,90.3499984741211,90.86000061035156,87.87999725341797,89.23999786376953,73305900,-0.02220732449124912,-0.12316968639840015,39.46628491093319,-3.427853543555628,0.11619757135882339,-0.03012117861430599,0.021365582288144003,0.0,0,4.1,3.5,298.832
2022-12-09,89.08999633789062,90.30000305175781,88.62999725341797,88.9000015258789,67398500,-0.03131458766382215,-0.13106158526649564,38.475568862025234,-3.42453343312782,0.13089354513641313,-0.02377707273428686,-0.01394579034322141,0.0,1,4.1,3.5,298.832
2022-12-12,90.55000305175781,90.58000183105469,87.87000274658203,89.20999908447266,61999800,-0.011786494552809673,-0.11293669293167755,45.59705742378254,-3.2664384129328425,0.09950104110586654,-0.03766788007635756,0.01638799835988136,0.0,1,4.1,3.5,298.832
2022-12-13,92.48999786376953,96.25,90.5199966430664,95.2300033569336,100212000,0.00930844917005049,-0.08976034108653845,48.44910585397087,-2.9505930028426093,0.06795353899713209,-0.0558548978278822,0.02142456926150338,0.0,0,4.1,3.5,298.832
2022-12-14,91.58000183105469,93.45999908447266,89.87000274658203,92.5,70298000,0.004816737030470841,-0.09345041443519599,44.425017889221934,-2.7421030573435274,0.06701772557198378,-0.04296230674422465,-0.009838858835905628,0.0,0,4.1,3.5,298.832
2022-12-15,88.44999694824219,89.97000122070312,87.47000122070312,89.88999938964844,84802900,-0.0219603074579543,-0.11876412893700464,40.189859665006786,-2.7971941954550203,0.09854772112935486,-0.012668639748166156,-0.034177820705733164,0.0,0,4.1,3.5,298.832
2022-12-16,87.86000061035156,89.3499984741211,86.7300033569336,88.2699966430664,146144100,-0.021701600411816832,-0.11894714306542976,37.978689503243025,-2.855545146052677,0.10434139802925178,-0.012411084810739768,-0.006670394101153776,0.0,0,4.1,3.5,298.832
2022-12-19,84.91999816894531,87.62999725341797,84.51000213623047,87.51000213623047,83531500,-0.04798207516505222,-0.1433367686573826,35.97606869991607,-3.103249987048457,0.1460219294846548,0.007475508307298532,-0.033462353983410575,0.0,1,4.1,3.5,298.832
2022-12-20,85.19000244140625,86.61000061035156,84.33000183105469,85.33000183105469,74348300,-0.04166757105554947,-0.13564636964034674,25.207525133831012,-3.2404172568397343,0.1451852339798572,-0.007047030085615155,0.0031795134041781026,0.0,1,4.1,3.5,298.832
2022-12-21,86.7699966430664,87.2300033569336,85.20999908447266,86.18000030517578,59267200,-0.022034405306340432,-0.11504699045136105,31.37003149119657,-3.18491723552566,0.12282826532751108,-0.031033799483187196,0.018546709195681466,0.0,0,4.1,3.5,298.832
2022-12-22,83.79000091552734,85.68000030517578,82.25,85.5199966430664,81431300,-0.048586887450529144,-0.1403349928226478,29.353036920307545,-3.3428594166299916,0.1623533664850014,-0.008504492232700665,-0.034343619255829294,0.0,1,4.1,3.5,298.832
2022-12-23,85.25,85.77999877929688,82.93000030517578,83.25,57433700,-0.027769856322625977,-0.1204321807906029,37.68177328295366,-3.3120408632736797,0.13961301819074812,-0.03222300318433317,0.01742450254827599,0.0,0,4.1,3.5,298.832
2022-12-27,83.04000091552734,85.3499984741211,83.0,84.97000122070312,57284000,-0.04479258672861307,-0.13899469708295978,38.589574227544496,-3.426447440878121,0.1672882173409851,-0.01695106407348836,-0.025923742926365456,0.0,0,4.1,3.5,298.832
2022-12-28,81.81999969482422,83.4800033569336,81.69000244140625,82.80000305175781,58228600,-0.04713102974018266,-0.14598251004426516,36.07382464422822,-3.574356424517404,0.18475101323526974,-0.015305889907533425,-0.01469172937442731,0.0,1,4.1,3.5,298.832
2022-12-29,84.18000030517578,84.55000305175781,82.55000305175781,82.87000274658203,54995900,-0.01112454759201303,-0.1154069227280561,37.30975156605029,-3.461243967858991,0.13666287069949815,-0.042721333178021854,0.02884381103830358,0.0,0,4.1,3.5,298.832
2022-12-30,84.0,84.05000305175781,82.47000122070312,83.12000274658203,62401200,-0.008053659215986836,-0.1114965999326213,39.0443450838511,-3.347537720259055,0.12466685826514395,-0.03992877174635689,-0.002138278742257471,0.0,1,4.1,3.5,298.832
2023-01-03,85.81999969482422,86.95999908447266,84.20999908447266,85.45999908447266,76706000,0.015885790606237266,-0.08655872926452769,39.974553579947134,-3.0751178899852647,0.0878250945085802,-0.05698146678214054,0.021666663033621747,0.0,0,4.33,3.5,300.42
2023-01-04,85.13999938964844,86.9800033569336,83.36000061035156,86.55000305175781,68885100,0.007573957273946006,-0.08715455388001234,33.542318892374254,-2.8808845100983405,0.09050234756115505,-0.05033320870420209,-0.007923564525679994,0.0,0,4.33,3.5,300.42
2023-01-05,83.12000274658203,85.41999816894531,83.06999969482422,85.33000183105469,67930800,-0.013915714039254389,-0.10174331551052575,31.953922873444142,-2.857016101256633,0.11613093622420853,-0.03255305137097034,-0.023725589118479662,0.0,1,4.33,3.5,300.42
2023-01-06,86.08000183105469,86.4000015258789,81.43000030517578,83.02999877929688,83303400,0.022036489238617046,-0.06276265438979577,44.90761444752928,-2.5696319097987157,0.07567187133093241,-0.06650602435736809,0.035611152390083056,0.0,1,4.33,3.5,300.42
2023-01-09,87.36000061035156,89.4800033569336,87.08000183105469,87.45999908447266,65266100,0.03285607966927603,-0.042928003784433316,48.956593951760304,-2.213081635979819,0.05524650777026,-0.07894157652301638,0.01486987397850048,0.0,1,4.33,3.5,300.42
2023-01-10,89.87000274658203,90.19000244140625,87.29000091552734,87.56999969482422,67756600,0.056759544090504176,-0.010858841741517604,60.518500721274734,-1.7082847366676503,0.027178468930508206,-0.1052023327114805,0.028731709234134817,0.0,1,4.33,3.5,300.42
2023-01-11,95.08999633789062,95.26000213623047,90.93000030517578,90.93000030517578,103126200,0.10251827251394303,0.04851457261196079,67.38061918151114,-0.8769112129805876,-0.01689246817391078,-0.16186442909106058,0.058083825879343465,0.0,1,4.33,3.5,300.42
2023-01-12,95.2699966430664,97.19000244140625,93.5,96.93000030517578,85254800,0.08764395111337839,0.05216304408470678,65.69424707304952,-0.2011979012689551,-0.011119639631260378,-0.16816023903517544,0.0018929468094222024,0.0,1,4.33,3.5,300.42
2023-01-13,98.12000274658203,98.37000274658203,94.12000274658203,94.18000030517578,85549400,0.10263299632232614,0.08332029918557113,76.58627727968883,0.5578508828456137,-0.02281525529009744,-0.2026841835077676,0.029915043601747016,0.0,0,4.33,3.5,300.42
2023-01-17,96.05000305175781,98.88999938964844,95.7300033569336,98.68000030517578,72755000,0.06495035517854579,0.05954643123254432,69.59362120551089,0.9810617678742375,0.011203756179491911,-0.1905478999263355,-0.02109661268732821,0.0,0,4.33,3.5,300.42
2023-01-18,95.45999908447266,99.31999969482422,95.37999725341797,97.25,79570400,0.04721574598686152,0.05160880064164937,73.93985543563427,1.2543912129665102,0.028186360798061687,-0.18831623633566993,-0.006142675153973931,0.0,0,4.33,3.5,300.42
2023-01-19,93.68000030517578,95.44000244140625,92.86000061035156,94.73999786376953,69002700,0.018150197627934045,0.03138638765328878,72.37735964217276,1.312248952932876,0.05478053078532571,-0.17060034253441403,-0.01864654092151996,0.0,1,4.33,3.5,300.42
2023-01-20,97.25,97.3499984741211,93.19999694824219,93.86000061035156,67481500,0.0409642127800994,0.06910896398787814,73.58354407551752,1.6274109875029694,0.0286589309122084,-0.20124504539847113,0.03810845093076898,0.0,1,4.33,3.5,300.42
2023-01-23,97.5199966430664,97.77999877929688,95.86000061035156,97.55999755859375,76501100,0.03122650429737237,0.07030279454802382,74.31654472897944,1.8773250090489029,0.037425877693540756,-0.2040480421650483,0.002776315095798454,0.0,0,4.33,3.5,300.42
2023-01-24,96.31999969482422,98.08999633789062,96.0,96.93000030517578,66929500,0.008977299811949186,0.054775619095107204,69.31567849419628,1.9560063234026046,0.05765768288696776,-0.18843009967908148,-0.012305137300550828,0.0,1,4.33,3.5,300.42
2023-01-25,97.18000030517578,97.23999786376953,91.5199966430664,92.55999755859375,94261600,0.010250128171116295,0.06406508921026845,72.00293129444033,2.0639645947516243,0.05637177464498476,-0.1914098513529802,0.008928577793566816,0.0,1,4.33,3.5,300.42
2023-01-26,99.22000122070312,99.48999786376953,96.91999816894531,98.23999786376953,68523600,0.02704774242079912,0.08677557182478271,79.40102280709918,2.2877614377052993,0.04311069570879153,-0.20018590176088044,0.02099198301215366,0.0,1,4.33,3.5,300.42
2023-01-27,102.23999786376953,103.48999786376953,99.52999877929688,99.52999877929688,87775600,0.05072759359915876,0.11893497718101914,79.4460624781913,2.67794090228449,0.022605334170413986,-0.21414481005696723,0.03043737760442866,0.0,0,4.33,3.5,300.42
2023-01-30,100.55000305175781,101.73999786376953,99.01000213623047,101.08999633789062,70691900,0.030785189969240873,0.10005167416384758,73.68044304744143,2.8183048179933508,0.04652936579583835,-0.19139267026823406,-0.01652968356145279,0.0,1,4.33,3.5,300.42
2023-01-31,103.12999725341797,103.3499984741211,101.13999938964844,101.16000366210938,66527300,0.04961577257029091,0.12679593113672546,73.74642303597622,3.1019706162681473,0.029033156058741464,-0.20175685293807272,0.025658817736008643,0.0,1,4.33,3.5,300.42
2023-02-01,105.1500015258789,106.23999786376953,101.23999786376953,102.52999877929688,80450100,0.05972347166270525,0.14628644412176905,70.34791220885535,3.450005749286376,0.020959574587861383,-0.21040324988518838,0.019586971068148662,0.0,1,4.57,3.6,301.45
2023-02-02,112.91000366210938,114.0,108.87999725341797,110.25,158154200,0.11629611877606615,0.22586491119665528,77.30651628332694,4.302398052412656,-0.024281721482091487,-0.26500182764915364,0.07379935352944922,0.0,0,4.57,3.6,301.45
2023-02-03,103.38999938964844,108.77999877929688,102.5199966430664,105.26000213623047,144374800,0.016008090797419633,0.11984835700540189,56.761608300907916,4.161766062444457,0.06316456390147489,-0.1753223978411602,-0.08431497620839845,0.0,0,4.57,3.6,301.45
2023-02-06,102.18000030517578,103.94999694824219,100.6500015258789,102.93000030517578,81945200,-0.00045976231204949465,0.10459372182099541,58.042506405709695,3.9076326269565413,0.07274333707062601,-0.14678914196017345,-0.011703250716856073,0.0,0,4.57,3.6,301.45
2023-02-07,102.11000061035156,102.41000366210938,98.08000183105469,101.16999816894531,119501300,-0.006770031952755463,0.10193581372880373,58.84544230306708,3.6584097872924843,0.06916668133195537,-0.12744697651353448,-0.0006850625818668465,0.0,0,4.57,3.6,301.45
2023-02-08,100.05000305175781,102.66999816894531,98.77999877929688,102.04000091552734,75878300,-0.029517015881570432,0.07815988754658701,58.410357606581385,3.2571281585249494,0.08632386824303359,-0.09444986328610064,-0.02017429777965274,0.0,0,4.57,3.6,301.45
2023-02-09,98.23999786376953,101.77999877929688,97.56999969482422,101.31999969482422,64622500,-0.046167314654696014,0.05767696362168918,51.37080871809033,2.7612275721749455,0.1056307358717877,-0.07385137138079557,-0.01809100582487666,0.0,0,4.57,3.6,301.45
2023-02-10,97.61000061035156,98.81999969482422,96.2300033569336,97.55999755859375,52740100,-0.048004526264100476,0.049721148766699946,50.12339454771196,2.2909782997229513,0.11198614708047877,-0.0646959147845273,-0.006412838631079665,0.0,1,4.57,3.6,301.45
2023-02-13,99.54000091552734,99.68000030517578,96.91000366210938,97.8499984741211,52841500,-0.02822387352099432,0.06978654648692788,54.32795898502792,2.0504015060526655,0.0907467230913484,-0.08172523623626467,0.019772567289289666,0.0,1,4.57,3.6,301.45
2023-02-14,99.69999694824219,100.91999816894531,97.5199966430664,98.41000366210938,56202900,-0.023391618296150152,0.07053961828205133,53.452050917544625,1.8513122315013106,0.08882345621150106,-0.0793650192717011,0.0016073541414833858,0.0,1,4.57,3.6,301.45
2023-02-15,101.16000366210938,101.16999816894531,98.44999694824219,99.08999633789062,47957600,-0.00520210677795568,0.08457920075622152,52.70044897035029,1.790700802899181,0.07304057493143393,-0.08694930155264999,0.014643999584324163,0.0,0,4.57,3.6,301.45
2023-02-16,98.1500015258789,100.62999725341797,98.0999984741211,99.20999908447266,56339200,-0.02058614104308343,0.05069905399281192,44.30521314286831,1.4826922391053614,0.1025139704409831,-0.05096025184771749,-0.02975486385196624,0.0,0,4.57,3.6,301.45
2023-02-17,97.19999694824219,97.94000244140625,95.6500015258789,97.80000305175781,60029400,-0.024037625660480372,0.03853917404665406,45.23741139536518,1.1486943696650513,0.11331354746027456,-0.04175998133830365,-0.009679109147912035,0.0,0,4.57,3.6,301.45
2023-02-21,94.58000183105469,95.61000061035156,94.2699966430664,95.33999633789062,56580400,-0.043041853497762864,0.009225823555329539,37.858574354714044,0.664922133608087,0.14646041451923422,-0.020630461765335846,-0.02695468312187932,0.0,1,4.57,3.6,301.45
2023-02-22,95.79000091552734,97.01000213623047,94.80000305175781,95.0999984741211,59534100,-0.02456161281058323,0.020951958859618546,36.39535157083426,0.3748449852181608,0.13235711877994222,-0.03393349392473073,0.012793392483054111,0.0,1,4.57,3.6,301.45
2023-02-23,95.81999969482422,96.43000030517578,93.66999816894531,96.12000274658203,48467000,-0.020034980874157594,0.01980867666911905,17.960254496178294,0.14569789140679745,0.1327692681173709,-0.03642193431686798,0.000313172345862478,0.0,0,4.57,3.6,301.45
2023-02-24,93.5,94.13999938964844,92.31999969482422,93.52999877929688,57053800,-0.039103851736727126,-0.0055074692197404455,24.601954880382706,-0.2205648830058351,0.16385634961369258,-0.021610352149099572,-0.024212061179431754,0.0,1,4.57,3.6,301.45
2023-02-27,93.76000213623047,94.77999877929688,93.13999938964844,94.27999877929688,47470300,-0.03260419218539201,-0.0030113616818605938,27.267828762151623,-0.48426842607419474,0.16026894922603857,-0.03300789284948505,0.0027807715104863906,0.0,1,4.57,3.6,301.45
2023-02-28,94.2300033569336,94.69000244140625,92.91999816894531,93.13999938964844,43959300,-0.022398793734232026,0.0014219819739948543,29.175489327520694,-0.6478620627118516,0.15446447328287907,-0.04452078085199446,0.005012811540044737,0.0,0,4.57,3.6,301.45
2023-03-01,92.16999816894531,94.68000030517578,91.58999633789062,93.87000274658203,52299500,-0.0362416101171853,-0.021244444718965142,29.17547756266019,-0.9329815700855875,0.17821473183489478,-0.0330047368229312,-0.02186145722806776,0.0,0,4.65,3.5,301.821
2023-03-02,92.12999725341797,92.2300033569336,90.38999938964844,91.41000366210938,55509400,-0.027477256337878772,-0.022555624632773337,32.186596651253666,-1.1489244871288946,0.17134336508350478,-0.03933417436660584,-0.00043399062951077205,0.0,1,4.65,3.5,301.821
2023-03-03,94.9000015258789,94.94000244140625,92.66000366210938,92.73999786376953,55759600,0.005211436973764851,0.004704869206232816,42.97564330692249,-1.0840483749051941,0.0980943771182447,-0.04729356002537835,0.030066258059702422,0.0,0,4.65,3.5,301.821
2023-03-06,93.75,96.55000305175781,93.73999786376953,95.19000244140625,52112400,-0.003327562236548493,-0.00926587636678544,34.359817735543416,-1.1126036978780576,0.10155338398215281,-0.035878709502986265,-0.012118034851298809,0.0,0,4.65,3.5,301.821
2023-03-07,93.55000305175781,95.08999633789062,92.77999877929688,94.05999755859375,49100700,-0.0043635329494514175,-0.012794075537791008,33.42321340732124,-1.138251030005705,0.09541111447251092,-0.03454532379568777,-0.0021333007812499583,0.0,1,4.65,3.5,301.821
2023-03-08,93.91999816894531,94.16999816894531,92.18000030517578,93.5999984741211,44899100,0.0015675922997635619,-0.011004076584765836,29.266888003502714,-1.1158582919254627,0.08097437905880822,-0.03694749973955292,0.003955051898638651,0.0,0,4.65,3.5,301.821
2023-03-09,92.25,96.20999908447266,92.18000030517578,93.68000030517578,56218700,-0.012481805703947543,-0.03001945529693042,31.69975024622778,-1.2188170172550912,0.09515517183119089,-0.022580641123725494,-0.017781071140368643,0.0,0,4.65,3.5,301.821
2023-03-10,90.7300033569336,93.56999969482422,90.25,92.66999816894531,69827500,-0.02586453931023813,-0.04754203265462351,30.617149183736814,-1.4068463260940973,0.11226088528517819,-0.013241884284266795,-0.0164769283801236,0.0,1,4.65,3.5,301.821
2023-03-13,92.43000030517578,94.0199966430664,88.12000274658203,89.97000122070312,72397100,-0.00619315109143547,-0.03185260497292781,43.183253064216096,-1.4025180072210617,0.08915182678263317,-0.03434277831909808,0.01873687738723384,0.0,1,4.65,3.5,301.821
2023-03-14,94.87999725341797,95.06999969482422,92.70999908447266,93.83000183105469,60912700,0.019436745567901852,-0.008413053761721773,47.32509125225271,-1.187702411010946,0.054125663009396564,-0.05728748747365237,0.0265065123894086,0.0,1,4.65,3.5,301.821
2023-03-15,96.19999694824219,96.66999816894531,93.06999969482422,93.22000122070312,70731800,0.029163159467821644,0.00282497162914106,51.038244121508356,-0.9005654023018366,0.03281974987218598,-0.06701926536596406,0.01391230747297123,0.0,1,4.65,3.5,301.821
2023-03-16,100.04000091552734,100.98999786376953,95.61000061035156,95.75,84446900,0.061263467390774866,0.03977201342319978,66.49848894103462,-0.3590125530477053,-0.010463903338995762,-0.10031180031897259,0.03991688242309577,0.0,0,4.65,3.5,301.821
2023-03-17,98.94999694824219,100.66000366210938,97.45999908447266,99.79000091552734,87300200,0.04520964684921162,0.02549908718569454,62.566572466126786,-0.017579582469096522,0.002342596015538326,-0.09149867778044429,-0.010895681300578386,0.0,0,4.65,3.5,301.821
2023-03-20,97.70999908447266,98.4800033569336,95.69999694824219,98.41000366210938,62388900,0.027812251406760472,0.009594807851330876,58.12324002105741,0.15120801027578068,0.016006135702228842,-0.08039051945351568,-0.012531560404374087,0.0,1,4.65,3.5,301.821
2023-03-21,100.61000061035156,100.8499984741211,98.0,98.13999938964844,58597300,0.05051582178084132,0.03644717821650051,68.95778195006824,0.5130649865958503,-0.0031158112356609387,-0.1110676812753085,0.029679680207260972,0.0,0,4.65,3.5,301.821
2023-03-22,98.69999694824219,102.0999984741211,98.61000061035156,100.44999694824219,57475400,0.02545452187638334,0.014400967932912718,63.613759723684986,0.6383593056915089,0.020225380321923087,-0.09496696645995426,-0.018984232685839597,0.0,1,4.65,3.5,301.821
2023-03-23,98.70999908447266,101.05999755859375,97.62000274658203,100.43000030517578,57559300,0.018721102573500212,0.012663672849368372,58.91436225815849,0.7300475117968972,0.023904256884254006,-0.0959131589524608,0.00010133876939955044,0.0,0,4.65,3.5,301.821
2023-03-24,98.12999725341797,98.30000305175781,96.4000015258789,98.06999969482422,56095400,0.00505959610874308,0.0060859049499328785,60.52884186865921,0.7472954188118877,0.03322089853484195,-0.08911609290247807,-0.005875816395847999,0.0,0,4.65,3.5,301.821
2023-03-27,98.04000091552734,99.33999633789062,97.08000183105469,99.06999969482422,46721300,-0.0015988032517131505,0.004592607532776704,60.85065004743944,0.7451133541193968,0.03696989777846685,-0.0867149270575521,-0.0009171134251457769,0.0,0,4.65,3.5,301.821
2023-03-28,97.23999786376953,98.44000244140625,96.29000091552734,98.11000061035156,38720100,-0.01211992735902947,-0.0034251074360090133,57.8598467402224,0.6710945317372676,0.04711144397060005,-0.07771610488425526,-0.00815996577200262,0.0,1,4.65,3.5,301.821
2023-03-29,100.25,100.41999816894531,98.55999755859375,98.69000244140625,49783300,0.014286014006968946,0.02653950289326957,67.80943367897719,0.8455689064735026,0.020413437788800805,-0.10208926074362074,0.0309543624265336,0.0,1,4.65,3.5,301.821
2023-03-30,102.0,103.04000091552734,101.01000213623047,101.55000305175781,53633400,0.02994932208097899,0.0430621037505594,74.83471053538555,1.1122303806232736,0.009902963620375009,-0.11481473790039963,0.0174563591022443,0.0,1,4.65,3.5,301.821
2023-03-31,103.29000091552734,103.48999786376953,101.94999694824219,102.16000366210938,56750300,0.03842443475381146,0.054181832504613815,74.37161976600922,1.4113842538525034,0.0070945879031844685,-0.12755158043267104,0.012647067799287592,0.0,0,4.65,3.5,301.821
2023-04-03,102.41000366210938,103.29000091552734,101.43000030517578,102.30000305175781,41135700,0.024735375368341892,0.04410083190210297,68.17962625202478,1.5594807069206524,0.021980972502201695,-0.11783106179613748,-0.008519675143944028,0.0,1,4.83,3.4,302.845
2023-04-04,103.94999694824219,104.19999694824219,102.11000061035156,102.75,48662500,0.036680205965957995,0.05841382419783493,68.51408758235405,1.7805872988801497,0.014690898520974903,-0.12874568953867818,0.015037527888523972,0.0,0,4.83,3.4,302.845
2023-04-05,101.0999984741211,103.91000366210938,100.75,103.91000366210938,45175400,0.0058500374607887776,0.028394244937312414,52.6579674744488,1.7061770604697415,0.04544576399992671,-0.09923407539000927,-0.027417013542964663,0.0,1,4.83,3.4,302.845
2023-04-06,102.05999755859375,102.37999725341797,99.80000305175781,100.75,43808000,0.01202810403057432,0.03712975004862351,57.849573431679744,1.7050159509554845,0.03622458755042009,-0.0987074090779017,0.009495540049077267,0.0,1,4.83,3.4,302.845
2023-04-10,102.16999816894531,102.19999694824219,99.56999969482422,100.95999908447266,37261200,0.009076440956114573,0.037625458364399324,61.93789885334449,1.69345084602557,0.030694546364946784,-0.08406636245359789,0.0010778033801970288,0.0,0,4.83,3.4,302.845
2023-04-11,99.91999816894531,101.0,99.01000213623047,100.80000305175781,60417800,-0.014974526754194225,0.015253165800515217,48.08651556261182,1.485604101752557,0.04746514767102057,-0.04950676666033346,-0.022022120390757682,0.0,0,4.83,3.4,302.845
2023-04-12,97.83000183105469,100.51000213623047,97.70999908447266,100.4000015258789,56735000,-0.036138621028387836,-0.005432839944815666,47.611214921946356,1.1391078950772737,0.06647617032430066,-0.02281886185111063,-0.020916697119598093,0.0,1,4.83,3.4,302.845
2023-04-13,102.4000015258789,102.56999969482422,98.70999908447266,98.94999694824219,67925100,0.006754316580891647,0.04118159437398937,58.10277606895341,1.2192136017412878,0.019442127362382166,-0.06093630998639168,0.046713683014299345,0.0,1,4.83,3.4,302.845
2023-04-14,102.51000213623047,103.19999694824219,101.11000061035156,102.06999969482422,51450500,0.007330708283018119,0.04285992622415762,59.820644126526226,1.2768552883950832,0.020692664276335426,-0.061878942441032495,0.001074224694457282,0.0,1,4.83,3.4,302.845
2023-04-17,102.73999786376953,103.7300033569336,101.58999633789062,103.16000366210938,39919500,0.010136745358745595,0.04736698436179758,60.47236994832816,1.3258123341138912,0.020891763857442534,-0.06277415548331663,0.0022436418178335416,0.0,0,4.83,3.4,302.845
2023-04-18,102.30000305175781,104.19999694824219,101.5199966430664,103.94999694824219,39790500,0.00591952134292714,0.04311334275661004,61.45835600903504,1.3139607201534602,0.025962346093674815,-0.054936018791615145,-0.004282604839014548,0.0,1,4.83,3.4,302.845
2023-04-19,104.30000305175781,105.12000274658203,101.38999938964844,101.58000183105469,58398900,0.025232745166583942,0.06304697048156928,59.610838893950216,1.4492455158237192,0.01074733234043144,-0.07397845763586011,0.019550341547772243,0.0,0,4.83,3.4,302.845
2023-04-20,103.80999755859375,105.25,103.20999908447266,103.52999877929688,57696900,0.017705163183993313,0.057686209655567915,54.568397717880835,1.4996335014004671,0.018271089312024515,-0.06743779419548376,-0.0046980391066805405,0.0,1,4.83,3.4,302.845
2023-04-21,106.95999908447266,108.1500015258789,105.08000183105469,106.0999984741211,86774200,0.043573270920190726,0.0882482139662079,58.46793046436891,1.773303600410756,-0.0031267360339386923,-0.0957793845366025,0.03034391291745231,0.0,0,4.83,3.4,302.845
2023-04-24,106.20999908447266,109.2300033569336,105.06999969482422,107.66000366210938,69575600,0.03218720225829727,0.07886775494068966,58.820793762168876,1.9076798477788088,0.008668326979327902,-0.08654233558364152,-0.007011967150520215,0.0,0,4.83,3.4,302.845
2023-04-25,102.56999969482422,105.44999694824219,102.44999694824219,104.91000366210938,65026800,-0.005748192575344865,0.0408442828519402,47.081223065952656,1.700850120499453,0.0430789641423732,-0.04832415988130757,-0.03427172037496595,0.0,1,4.83,3.4,302.845
2023-04-26,104.9800033569336,106.62000274658203,104.0999984741211,105.04000091552734,73803800,0.010608624629524126,0.06412528931827248,58.36208058877887,1.7116721349018462,0.01797211425707869,-0.06163763486730803,0.023496184744855597,0.0,1,4.83,3.4,302.845
2023-04-27,109.81999969482422,110.86000061035156,106.80000305175781,108.16000366210938,149961200,0.04970368203314866,0.11090654657034868,64.32792429430198,2.086741259921766,-0.014195186753146946,-0.10697581346103466,0.046103983455159314,0.0,0,4.83,3.4,302.845
2023-04-28,105.44999694824219,109.4800033569336,104.33000183105469,107.7300033569336,130715900,0.005108917871677389,0.06577588024692824,55.2329278279642,2.0082141016211636,0.028928163335833545,-0.06896604044100743,-0.039792412663683385,0.0,0,4.83,3.4,302.845
2023-05-01,102.05000305175781,105.2300033569336,101.81999969482422,104.94999694824219,74728100,-0.02665837563834829,0.030599911220105833,53.277940170875944,1.6525797596248424,0.06291657407978198,-0.038869597944049,-0.032242712137328766,0.0,1,5.06,3.6,303.334
2023-05-02,103.62999725341797,103.9000015258789,101.1500015258789,101.47000122070312,73469400,-0.012840810703949431,0.045198796619652384,59.06816382258096,1.4811554706191288,0.047162066754308604,-0.05279745295164898,0.015482549283793778,0.0,1,5.06,3.6,303.334
2023-05-03,103.6500015258789,105.95999908447266,103.27999877929688,103.73999786376953,65051900,-0.012038529093337963,0.04349140929329565,52.27852776844462,1.3315652092797023,0.04675998604609663,-0.05306971237202686,0.00019303553981586674,0.0,1,5.06,3.6,303.334
2023-05-04,104.0,105.38999938964844,103.30999755859375,104.04000091552734,45345500,-0.008881942303143698,0.045287063754851316,52.692443753531045,1.2271104359746516,0.04366267923977892,-0.05389344788367176,0.0033767339022539034,0.0,1,5.06,3.6,303.334
2023-05-05,105.66000366210938,105.76000213623047,103.55000305175781,104.2699966430664,56951700,0.008186897495901372,0.0598750515005751,55.017192356447424,1.2637104306649007,0.02939461742406287,-0.06747910079868429,0.015961573674128537,0.0,1,5.06,3.6,303.334
2023-05-08,105.83000183105469,106.0999984741211,104.69999694824219,105.04000091552734,49430900,0.010175261750299086,0.05896081043796474,56.122092533990894,1.2915454892051486,0.02983944318502706,-0.06761703512813276,0.0016089169321718,0.0,1,5.06,3.6,303.334
2023-05-09,106.62000274658203,106.79000091552734,105.16000366210938,105.4800033569336,44089400,0.013796857682467332,0.0641271083134698,54.19985420731234,1.361655132443076,0.023444390052941664,-0.0694770656426078,0.00746481056277859,0.0,1,5.06,3.6,303.334
2023-05-10,110.19000244140625,110.66999816894531,108.05000305175781,108.0999984741211,78627600,0.0425773629188964,0.0962652218428972,60.39088846420521,1.685853203143182,-0.0063795005326614815,-0.09174195410806518,0.03348339526223332,0.0,1,5.06,3.6,303.334
2023-05-11,112.18000030517578,113.27999877929688,110.48999786376953,111.02999877929688,74924800,0.0590412105711142,0.1116374140163671,58.83548139320937,2.079388806606147,-0.011594240977117544,-0.11154713126789606,0.01805969525073481,0.0,0,5.06,3.6,303.334
2023-05-12,110.26000213623047,112.63999938964844,109.31999969482422,112.16000366210938,49852700,0.036210029290573584,0.08869950521587214,56.593950144339935,2.2108554362227437,0.011500146394855863,-0.09493024488849673,-0.01711533396079623,0.0,1,5.06,3.6,303.334
2023-05-15,111.19999694824219,112.29000091552734,109.25,111.1500015258789,53011100,0.036134213220525936,0.09445799684262911,65.40521473854807,2.36364676424553,0.009670315455391511,-0.10169363231279996,0.008525256609829501,0.0,1,5.06,3.6,303.334
2023-05-16,113.4000015258789,114.79000091552734,111.05000305175781,111.05000305175781,71472900,0.04710108266756278,0.11181050107476041,65.14388824853175,2.6319178648811743,-0.0002744793435715751,-0.11897597638491607,0.01978421437062372,0.0,1,5.06,3.6,303.334
2023-05-17,115.5,115.83000183105469,114.22000122070312,114.88999938964844,65655200,0.05494865712441849,0.1275464983401538,61.332806440112726,2.9796296554528965,-0.005169527298525659,-0.1385793827879699,0.018518504813616277,0.0,1,5.06,3.6,303.334
2023-05-18,118.1500015258789,118.5999984741211,116.33999633789062,116.69000244140625,73174100,0.06538381886060961,0.14798571987255965,77.20653539351056,3.429493662603946,-0.010908061687918736,-0.1623378249448979,0.022943736154795724,0.0,0,5.06,3.6,303.334
2023-05-19,116.25,118.30999755859375,115.69999694824219,118.16000366210938,55056300,0.03833579572417957,0.12428118511859573,82.50915597363527,3.5913015959130945,0.015501751386994094,-0.15089958903610373,-0.01608126535201726,0.0,0,5.06,3.6,303.334
2023-05-22,115.01000213623047,116.7699966430664,114.25,116.7699966430664,70741100,0.018905711942355907,0.10708959076123081,76.46512763444767,3.5782304708157255,0.03355976595053666,-0.1412026001740323,-0.010666648290490577,0.0,0,5.06,3.6,303.334
2023-05-23,114.98999786376953,117.13999938964844,113.77999877929688,114.2699966430664,67576300,0.011230003341789226,0.10211027349648066,76.37208450672239,3.5256162231976305,0.03834334938578953,-0.13485604125770093,-0.00017393506729301844,0.0,1,5.06,3.6,303.334
2023-05-24,116.75,117.33999633789062,115.0199966430664,115.3499984741211,63487900,0.020818576281830894,0.11430742088845665,77.82627228708631,3.584615302475939,0.030105848594251,-0.14523217699109933,0.015305697616548875,0.0,0,5.06,3.6,303.334
2023-05-25,115.0,116.87000274658203,114.30999755859375,116.62999725341797,66496700,0.003044018680401198,0.0936798611366261,70.30433986497962,3.450388195899393,0.050095171520822976,-0.1320342916061661,-0.01498929336188437,0.0,1,5.06,3.6,303.334
2023-05-26,120.11000061035156,121.5,116.0199966430664,116.04000091552734,96779900,0.038690377970138426,0.1379333264573299,75.55475578293856,3.71353922153385,0.01658909617253165,-0.16792536768979338,0.04443478791610045,0.0,1,5.06,3.6,303.334
2023-05-30,121.66000366210938,122.91999816894531,119.86000061035156,122.37000274658203,64314800,0.04266298913662947,0.14767958022769836,76.20208800810896,4.001039109318924,0.012741807612781453,-0.17151219332174572,0.01290486257498391,0.0,0,5.06,3.6,303.334
2023-05-31,120.58000183105469,122.04000091552734,119.16999816894531,121.44999694824219,72800800,0.027086891375209313,0.13260432816432338,69.82067288855615,4.094538429643961,0.02799038860161814,-0.15621232716632763,-0.00887721353399118,0.0,1,5.06,3.6,303.334
2023-06-01,122.7699966430664,123.48999786376953,119.93000030517578,120.69000244140625,54375100,0.039305122444719315,0.1483941605301831,70.04921406558563,4.29583191712868,0.017092246711865784,-0.16312948862321286,0.01816217265513176,0.0,1,5.08,3.6,304.014
2023-06-02,124.25,126.38999938964844,124.0199966430664,124.91999816894531,61264400,0.04643034363837157,0.156709190105461,76.93491162155865,4.522648086313652,0.012544954437988445,-0.1643678792917988,0.01205508998453797,0.0,1,5.08,3.6,304.014
2023-06-05,125.30000305175781,125.80000305175781,123.02999877929688,123.36000061035156,47950100,0.04729110550227204,0.1607376352305099,77.0322025766742,4.732573840244783,0.012409033922250639,-0.1640451401862575,0.008450728786783213,0.0,1,5.08,3.6,304.014
2023-06-06,126.61000061035156,127.4000015258789,125.0,125.06999969482422,45695200,0.04807867553984236,0.16671673662892472,76.22071020881636,4.947614349107198,0.00982867905971668,-0.1641766746579158,0.010454888481148839,0.0,0,5.08,3.6,304.014
2023-06-07,121.2300033569336,127.37000274658203,120.62999725341797,127.01000213623047,95663300,-0.0016141322126448285,0.11238555799738682,60.06322721412491,4.630536740688484,0.05277292907549384,-0.11316231327330206,-0.04249267220189956,0.0,1,5.08,3.6,304.014
2023-06-08,124.25,125.62999725341797,122.26000213623047,123.01000213623047,62159300,0.016975502609840352,0.1344731886944459,60.57558535886588,4.570255876665584,0.031164664718477973,-0.12738195871684324,0.024911297199049942,0.0,0,5.08,3.6,304.014
2023-06-09,123.43000030517578,125.80000305175781,123.19000244140625,124.08000183105469,51396000,0.0033409416003309035,0.12223577744498164,62.932276211544185,4.405531510374885,0.04110015032297362,-0.11555530196298436,-0.006599595129369917,0.0,1,5.08,3.6,304.014
2023-06-12,126.56999969482422,126.77999877929688,123.52999877929688,124.0199966430664,51338000,0.023490872581493058,0.14566624748269014,69.48751876480992,4.476752752935312,0.019356067644508142,-0.12869476122476783,0.025439515368102628,0.0,1,5.08,3.6,304.014
2023-06-13,126.66000366210938,128.41000366210938,125.18000030517578,128.1199951171875,50564800,0.02009425142500056,0.14165090561283866,69.6266472933616,4.488715550018981,0.0216335956273804,-0.12010987318650433,0.0007111003199982147,0.0,0,5.08,3.6,304.014
2023-06-14,126.41999816894531,126.94999694824219,124.12000274658203,126.69999694824219,52422500,0.013394877812815174,0.134576841942293,67.13930497611656,4.427788920928762,0.026666347557629963,-0.11123362473277698,-0.001894879884926648,0.0,1,5.08,3.6,304.014
2023-06-15,127.11000061035156,127.69000244140625,124.31999969482422,125.20999908447266,60458500,0.015393461170795788,0.13604676154405504,72.30201938624282,4.3846381792645275,0.025528177452662764,-0.11135934569296582,0.005458016543269828,0.0,0,5.08,3.6,304.014
2023-06-16,125.48999786376953,127.9000015258789,125.30000305175781,127.70999908447266,84247100,0.001460390323589585,0.1166994791773469,61.36938860073553,4.171632243141957,0.041665491893426825,-0.09693678712437115,-0.012744888197649074,0.0,1,5.08,3.6,304.014
2023-06-20,125.77999877929688,127.25,124.5,124.97000122070312,56930100,0.003390359164663883,0.11457488087274284,59.196413913557635,3.980341258037953,0.04072914777325529,-0.09290752857527726,0.002310948445805039,0.0,0,5.08,3.6,304.014
2023-06-21,124.83000183105469,126.7300033569336,123.8499984741211,125.63999938964844,52137700,-0.0027720635181148184,0.10173217395909892,59.54198290221153,3.7093261569366973,0.046766686128666454,-0.07625481200884605,-0.00755284590127181,0.0,1,5.08,3.6,304.014
2023-06-22,130.14999389648438,130.3300018310547,125.13999938964844,125.30999755859375,90354600,0.03237111765840372,0.14258869735733876,64.52755277573276,3.8791076965419364,0.007195449186021623,-0.10558183363249035,0.04261789623803569,0.0,0,5.08,3.6,304.014
2023-06-23,129.3300018310547,130.83999633789062,128.27999877929688,129.11000061035156,71927800,0.021749624134315484,0.12914492377826037,60.26678220752948,3.9025085933318024,0.015517716542913213,-0.09212022857397216,-0.006300361919969633,0.0,0,5.08,3.6,304.014
2023-06-26,127.33000183105469,131.49000549316406,127.0999984741211,129.3300018310547,59989300,0.0028590264768299043,0.10686513060919241,53.95095327387016,3.7168254373314795,0.024786812734757514,-0.06149460171552223,-0.01546431587167707,0.0,1,5.08,3.6,304.014
2023-06-27,129.17999267578125,130.08999633789062,127.55000305175781,128.6300048828125,46801000,0.015342484157333748,0.11776405931181734,54.89895916714757,3.676567813408198,0.012045598814971569,-0.06984855395049103,0.014529104045574393,0.0,0,5.08,3.6,304.014
2023-06-28,129.0399932861328,131.47999572753906,128.44000244140625,128.94000244140625,52149500,0.012348353541189532,0.11149387617740585,68.60408861736283,3.591960688785136,0.015358473727682937,-0.06533513146855661,-0.001083754432466999,0.0,0,5.08,3.6,304.014
2023-06-29,127.9000015258789,129.25999450683594,127.26000213623047,128.77000427246094,40761000,0.002241157838085897,0.09683727810306322,59.54998896111958,3.3937995169515602,0.022973762105774738,-0.0498463504431567,-0.008834406537251538,0.0,1,5.08,3.6,304.014
2023-06-30,130.36000061035156,131.25,128.9499969482422,129.47000122070312,54350700,0.01892309793960366,0.1129590269625882,66.69881433562975,3.396108502829591,0.007086976148282082,-0.06537174007892099,0.019233769000189582,0.0,0,5.08,3.6,304.014
2023-07-03,130.22000122070312,131.85000610351562,130.07000732421875,130.82000732421875,28264800,0.014079700413829244,0.10677272310136184,60.2817076971019,3.3480474036699803,0.011518953727199455,-0.06313163148177894,-0.0010739443770555468,0.0,1,5.12,3.5,304.609
2023-07-05,130.3800048828125,131.39999389648438,129.63999938964844,130.24000549316406,35895400,0.011701576224322005,0.10373859500437797,60.437727447874295,3.2850021348822054,0.013639361365020261,-0.0637468153967204,0.0012287180203460757,0.0,0,5.12,3.5,304.609
2023-07-06,128.36000061035156,128.72999572753906,127.37000274658203,128.25,40639900,-0.0066937406215199415,0.08257821810724776,54.94899198445469,3.037031829796561,0.030458735674517776,-0.04851733294293786,-0.015493205988729275,0.0,1,5.12,3.5,304.609
2023-07-07,129.77999877929688,130.97000122070312,128.1300048828125,128.58999633789062,41992300,0.004582461646698523,0.08955360383451821,56.56665503304324,2.9214192586077417,0.01684617072471777,-0.05000226867913713,0.011062622017709689,0.0,0,5.12,3.5,304.609
2023-07-10,127.12999725341797,129.27999877929688,125.91999816894531,129.07000732421875,61889300,-0.014251612993908262,0.06335104073623804,53.83895525725311,2.5861509485337706,0.036887712392961125,-0.026779913660870056,-0.020419182854096718,0.0,1,5.12,3.5,304.609
2023-07-11,128.77999877929688,129.77000427246094,127.3499984741211,127.75,49951500,-0.002579137544488749,0.0737464778445424,56.60212118932743,2.4256285942891225,0.02151046463452978,-0.03300292303898511,0.012978852839820476,0.0,1,5.12,3.5,304.609
2023-07-12,130.8000030517578,131.25999450683594,128.8300018310547,130.30999755859375,54022800,0.011796581332491254,0.0859981194886898,62.547302931178244,2.4333606678916198,0.008378105878636024,-0.04734604830680629,0.01568569880112225,0.0,1,5.12,3.5,304.609
2023-07-13,134.3000030517578,134.6699981689453,132.7100067138672,134.0399932861328,61170900,0.03466076564392341,0.10911807936547216,59.44472418523084,2.6908902336156046,-0.009030352435658834,-0.07535540178649791,0.026758409161619312,0.0,1,5.12,3.5,304.609
2023-07-14,134.67999267578125,136.64999389648438,134.05999755859375,134.05999755859375,54487100,0.032196695110177274,0.10658108842199582,62.4245121684152,2.8923055587218585,-0.004126894362079106,-0.07953057118328327,0.002829408900884234,0.0,0,5.12,3.5,304.609
2023-07-17,133.55999755859375,135.6199951171875,133.2100067138672,134.55999755859375,48450200,0.021108707075177206,0.09201151696584252,65.08475102285718,2.9278045014229264,0.008832621562844672,-0.07159091050371832,-0.008315972513331604,0.0,0,5.12,3.5,304.609
2023-07-18,132.8300018310547,133.86000061035156,131.35000610351562,132.7100067138672,54882900,0.013505279915331257,0.0809469302761765,59.344629378311254,2.8640184924941536,0.016280487403021175,-0.06286638652683844,-0.005465676406731013,0.0,1,5.12,3.5,304.609
2023-07-19,135.36000061035156,135.99000549316406,132.52999877929688,133.38999938964844,54531000,0.02889981002251955,0.09623654993669777,64.41608634031024,2.983228576240407,0.002474088693687257,-0.0784936099334009,0.019046892602732513,0.0,0,5.12,3.5,304.609
2023-07-20,129.9600067138672,134.7899932861328,129.3300018310547,134.07000732421875,59820600,-0.013346644469571947,0.04840614590160426,53.93431314864826,2.6118611392708715,0.041364667573018106,-0.033493124121223364,-0.03989357175040831,0.0,1,5.12,3.5,304.609
2023-07-21,130.0,131.3699951171875,128.4199981689453,131.33999633789062,133307300,-0.013207834754611663,0.0447876334742267,49.242422296347,2.2943292939375795,0.04100621914178493,-0.03386775854232586,0.00030773533446226686,0.0,0,5.12,3.5,304.609
2023-07-24,128.8000030517578,131.66000366210938,128.35000610351562,130.30999755859375,45591100,-0.023554456271556872,0.032056266849695064,47.139404722236904,1.9236783275752316,0.0507451288961606,-0.02531815825262474,-0.009230745755709147,0.0,1,5.12,3.5,304.609
2023-07-25,129.1300048828125,129.5800018310547,128.52999877929688,129.30999755859375,39236700,-0.021312367792994318,0.03189751991148665,47.498997095392866,1.637684943556934,0.047382498431356765,-0.025737718489721256,0.002562125956798944,0.0,0,5.12,3.5,304.609
2023-07-26,128.14999389648438,129.0800018310547,126.11000061035156,126.51000213623047,53910100,-0.026785289149341297,0.021146407544853685,49.56157228721459,1.3167754620855874,0.055642899696978824,-0.019341589858172883,-0.007589335934878205,0.0,1,5.12,3.5,304.609
2023-07-27,128.25,132.6300048828125,127.79000091552734,131.0,52610700,-0.021530152278458517,0.019173979014514817,46.619532742355595,1.058322361360439,0.05499746582762477,-0.02089999137434737,0.0007803832093540297,0.0,1,5.12,3.5,304.609
2023-07-28,132.2100067138672,133.00999450683594,129.3300018310547,129.69000244140625,46317400,0.01058670110326196,0.047511646406427674,60.60988003619023,1.1596679335639237,0.024331246561456625,-0.047899899855957155,0.030877245332297854,0.0,1,5.12,3.5,304.609
2023-07-31,133.67999267578125,133.8699951171875,132.3800048828125,133.1999969482422,41901500,0.021729263248449388,0.05611598115661485,60.31144397335104,1.3431179835790203,0.015689565822286033,-0.058508123880338006,0.011118568090654923,0.0,0,5.12,3.5,304.609
2023-08-01,131.69000244140625,133.69000244140625,131.6199951171875,133.5500030517578,42098500,0.007397331262643088,0.03817332500576747,51.87526484293971,1.3127948076739813,0.03164342919892348,-0.043770423709977156,-0.014886223394710907,0.0,0,5.33,3.7,306.082
2023-08-02,128.2100067138672,130.22999572753906,126.81999969482422,130.14999389648438,51027600,-0.013829879480356171,0.008836517006318167,37.15730415173607,0.9964702123016878,0.05989029939965065,-0.019753122643232816,-0.026425663778747666,0.0,1,5.33,3.7,306.082
2023-08-03,128.91000366210938,129.83999633789062,126.41000366210938,127.4800033569336,88585200,-0.0076441477946490284,0.012130517435964758,37.99418095182458,0.7931219786099462,0.053966131938928776,-0.024480490777438066,0.005459768439170398,0.0,1,5.33,3.7,306.082
2023-08-04,139.57000732421875,143.6300048828125,139.32000732421875,141.05999755859375,153128500,0.06655972066178652,0.091613626395052,58.951465472022804,1.4751357972976678,-0.013663898521453827,-0.10484302625929061,0.08269337801006271,0.0,1,5.33,3.7,306.082
2023-08-07,142.22000122070312,142.5399932861328,138.9499969482422,140.99000549316406,71213100,0.07577796946774082,0.10792577976966264,63.2290870817857,2.2040619683845364,-0.017224661571780812,-0.12572991289984242,0.01898684357254843,0.0,0,5.33,3.7,306.082
2023-08-08,139.94000244140625,140.83999633789062,138.4199981689453,140.6199951171875,51710500,0.04994635960373277,0.08594435272467703,56.498304601844474,2.568160211561292,0.007020866610069292,-0.11174433077601306,-0.016031491771390738,0.0,0,5.33,3.7,306.082
2023-08-09,137.85000610351562,140.32000732421875,137.10000610351562,139.97000122070312,50017300,0.026792720425866202,0.0667886712292618,62.35515967739083,2.657432230269052,0.02680444929261402,-0.0976786489118805,-0.01493494570121734,0.0,1,5.33,3.7,306.082
2023-08-10,138.55999755859375,140.41000366210938,137.49000549316406,139.07000732421875,58928400,0.02421568558007237,0.06948567250844488,63.1288404434975,2.753728062080313,0.025564039578556234,-0.10324874295059891,0.005150463718840648,0.0,0,5.33,3.7,306.082
2023-08-11,138.41000366210938,139.3300018310547,137.0,137.39999389648438,42905800,0.018439495804725762,0.0653954920351396,65.22980820338364,2.785826672901436,0.03007160123487352,-0.10297820589477374,-0.0010825194798443905,0.0,1,5.33,3.7,306.082
2023-08-14,140.57000732421875,140.58999633789062,137.75,138.3000030517578,47148700,0.029115718719463796,0.07906494697064169,67.13602640348512,2.951535829093075,0.020640101908897833,-0.1181716452772029,0.015605834874352187,0.0,0,5.33,3.7,306.082
2023-08-15,137.6699981689453,141.27999877929688,137.22999572753906,140.0500030517578,42781500,0.0034914443297513727,0.05463056412347833,63.48443580691609,2.8163894424511113,0.04496232826316257,-0.09890285212498531,-0.020630355012962953,0.0,0,5.33,3.7,306.082
2023-08-16,135.07000732421875,137.27000427246094,135.00999450683594,137.19000244140625,41675900,-0.020358697128289565,0.03316663179728248,59.021183905753865,2.471003238038861,0.06491190547056327,-0.08160702161900887,-0.018885675014943426,0.0,0,5.33,3.7,306.082
2023-08-17,133.97999572753906,136.08999633789062,133.52999877929688,135.4600067138672,48354100,-0.03182453804299286,0.023674830440270012,52.5336257246076,2.0852894378321594,0.07374045102266387,-0.07129969385961411,-0.008069975106044458,0.0,0,5.33,3.7,306.082
2023-08-18,133.22000122070312,134.07000732421875,131.14999389648438,131.6199951171875,48497700,-0.03287864729517141,0.016006568694927503,49.327890343523705,1.698701691394632,0.07969237535300856,-0.0634110230774883,-0.005672447612115605,0.0,1,5.33,3.7,306.082
2023-08-21,134.67999267578125,135.19000244140625,132.7100067138672,133.74000549316406,41442500,-0.016898489173282544,0.025509763158660558,54.43750775621788,1.4929276848598363,0.0675062380179202,-0.06871638196355236,0.01095925117625085,0.0,0,5.33,3.7,306.082
2023-08-22,134.25,135.64999389648438,133.72999572753906,135.0800018310547,32905400,-0.015950045892911095,0.02055399112201647,59.85639592414621,1.280393902927102,0.07012072732628322,-0.061115120730030975,-0.0031926989840012077,0.0,1,5.33,3.7,306.082
2023-08-23,135.52000427246094,135.9499969482422,133.22000122070312,134.5,42801000,-0.004941491244595778,0.028808486155804888,60.58956368434768,1.2005983302367724,0.0585049336539125,-0.0628880859786652,0.009459994580714559,0.0,0,5.33,3.7,306.082
2023-08-24,131.83999633789062,136.77999877929688,131.8300018310547,136.39999389648438,43646300,-0.027161873918138027,8.492705126506195e-05,34.048664429800695,0.8308365126335104,0.08562603573780685,-0.03158317409442687,-0.027154721211281152,0.0,1,5.33,3.7,306.082
2023-08-25,133.25999450683594,133.8699951171875,130.5800018310547,132.47000122070312,44147500,-0.012932797447378987,0.009808571849298526,30.521711612675958,0.6449450677304753,0.07387049760514088,-0.04092727905853218,0.010770617478674804,0.0,0,5.33,3.7,306.082
2023-08-28,133.13999938964844,133.9499969482422,131.85000610351562,133.77999877929688,34108400,-0.008364177632203682,0.007978115635474022,33.685198595077196,0.48238156089144013,0.07486188572227806,-0.04049201904586204,-0.0009004586682715976,0.0,1,5.33,3.7,306.082
2023-08-29,134.91000366210938,135.13999938964844,133.25,133.3800048828125,38646100,0.006888759012100255,0.019923727811303225,42.83624752565069,0.49071668626066867,0.060489257886639836,-0.050423320827813874,0.013294308852149106,0.0,1,5.33,3.7,306.082
2023-08-30,135.07000732421875,135.67999267578125,133.9199981689453,134.92999267578125,36137000,0.008082932048980454,0.01970103226858722,41.2619178241289,0.5044186670884585,0.05553212303214319,-0.04276845790442206,0.0011860029483812262,0.0,1,5.33,3.7,306.082
2023-08-31,138.00999450683594,138.7899932861328,135.0,135.05999755859375,58781300,0.026936491804659794,0.039826963741613666,49.121245053127545,0.7439343684348216,0.030321772231822808,-0.05384171330620479,0.021766395374215985,0.0,1,5.33,3.7,306.082
2023-09-01,138.1199951171875,139.9600067138672,136.8800048828125,139.4600067138672,40991500,0.024021325379697048,0.03940743931031112,44.0849511880641,0.9318862131252956,0.028016138278336395,-0.054159995124110905,0.0007970481467276525,0.0,0,5.33,3.7,307.276
2023-09-05,137.27000427246094,137.8000030517578,135.82000732421875,137.72999572753906,40636700,0.015768981082134367,0.03177791430176837,48.92820345081365,1.0007166085242432,0.0275138948769089,-0.045041448678672866,-0.006154002858205887,0.0,0,5.33,3.7,307.276
2023-09-06,135.36000061035156,137.4499969482422,134.61000061035156,136.32000732421875,41785500,0.0008133132003812385,0.016194854781732545,50.806882339105414,0.8908744141127158,0.03780683555290246,-0.030744189634251042,-0.013914209970579572,0.0,1,5.33,3.7,307.276
2023-09-07,137.85000610351562,138.02999877929688,133.16000366210938,133.89999389648438,48498900,0.0174708702731054,0.0335427550623345,59.9897119260519,0.9932962166454047,0.01906077384123717,-0.04825200381802095,0.018395430569861038,0.0,1,5.33,3.7,307.276
2023-09-08,138.22999572753906,138.85000610351562,136.75,136.86000061035156,38348200,0.015486075752474649,0.034965519466904904,63.191156158122716,1.0925341662253345,0.015860991520951426,-0.050708642613379505,0.0027565441218631026,0.0,1,5.33,3.7,307.276
2023-09-11,143.10000610351562,143.6199951171875,138.63999938964844,138.75,56764500,0.04371803397183391,0.06899543586738495,68.79467795090756,1.5463250209174646,-0.010517693747660341,-0.08793101742320146,0.035231212663680456,0.0,0,5.33,3.7,307.276
2023-09-12,141.22999572753906,143.0,140.61000061035156,142.32000732421875,42668500,0.024036506471418192,0.053315335084724705,64.63924566318416,1.7350626118841888,0.0036658706357824036,-0.07646904197471298,-0.013067856717097759,0.0,1,5.33,3.7,307.276
2023-09-13,144.85000610351562,144.97999572753906,140.8699951171875,140.9499969482422,60465200,0.04276904228127591,0.07796154775419378,67.81213349654419,2.1519369070284995,-0.010619525686763163,-0.10539021423437774,0.025632022130484877,0.0,0,5.33,3.7,307.276
2023-09-14,144.72000122070312,145.86000061035156,142.9499969482422,145.0800018310547,64033600,0.034645471298135416,0.07470028558502012,78.44522206106747,2.4436535646291304,-0.0002398453856526047,-0.10740942388579083,-0.0008975138235036706,0.0,0,5.33,3.7,307.276
2023-09-15,140.38999938964844,143.57000732421875,140.08999633789062,142.69000244140625,102909300,0.0019841152077771616,0.04068600061395787,63.95303282399074,2.2989453461451603,0.03299504999738195,-0.07771332323154839,-0.029919857618376344,0.0,0,5.33,3.7,307.276
2023-09-18,139.97999572753906,141.75,139.22000122070312,140.47999572753906,42823500,-0.0022666422087524686,0.03607994090939789,63.23527327612474,2.1266643090889374,0.03735197717291424,-0.07151394118994608,-0.0029204620264398073,0.0,0,5.33,3.7,307.276
2023-09-19,137.6300048828125,138.83999633789062,135.55999755859375,138.6999969482422,61482500,-0.019268290325299958,0.017105250878421782,55.147615136803466,1.7799871407722208,0.05523591525308387,-0.05368835058367046,-0.016788047695762587,0.0,0,5.33,3.7,307.276
2023-09-20,135.2899932861328,139.3699951171875,135.1999969482422,138.5500030517578,46263700,-0.03589478237101475,-0.0011488568396220537,50.38459055524344,1.3014216292132232,0.07322200299485,-0.03628642680325393,-0.01700219075536713,0.0,0,5.33,3.7,307.276
2023-09-21,129.3300018310547,132.24000549316406,129.30999755859375,131.94000244140625,70343300,-0.07273703652228218,-0.04494439363009203,36.274532512968996,0.4362052105871044,0.12698080034091147,-0.0009621172028229123,-0.04405345369833069,0.0,0,5.33,3.7,307.276
2023-09-22,129.1199951171875,132.02999877929688,128.52000427246094,131.11000061035156,59904300,-0.06815626588390407,-0.045765180466698606,35.813381155702984,-0.26339457275423683,0.13137389358627652,-0.004003924188942069,-0.0016238050792075631,0.0,1,5.33,3.7,307.276
2023-09-25,131.27000427246094,131.77999877929688,128.77000427246094,129.36000061035156,46017800,-0.04448210083096145,-0.029386774164835146,40.91461098464789,-0.6370017117291695,0.11389714466265143,-0.022886311236616743,0.01665124873434287,0.0,0,5.33,3.7,307.276
2023-09-26,125.9800033569336,130.38999938964844,125.27999877929688,130.1199951171875,73048200,-0.07269459666228476,-0.06745583500932283,37.11540513185107,-1.3444489539113533,0.16721265512786024,0.00591795401066203,-0.040298626825268746,0.0,0,5.33,3.7,307.276
2023-09-27,125.9800033569336,127.4800033569336,124.12999725341797,125.76000213623047,66553400,-0.05963317538123115,-0.0665091656470854,32.49780579243797,-1.8833953806476984,0.17233473726469384,-0.006292554913933407,0.0,0.0,0,5.33,3.7,307.276
2023-09-28,125.9800033569336,126.58000183105469,123.04000091552734,124.04000091552734,54555000,-0.04629241893818146,-0.06520972833351059,31.73281642540327,-2.2841836593653966,0.1761000715798906,-0.017273323206799283,0.0,0.0,1,5.33,3.7,307.276
2023-09-29,127.12000274658203,129.14999389648438,126.31999969482422,128.1999969482422,62411700,-0.02789671804065323,-0.05635304996891206,23.187950898513577,-2.4812208647777823,0.16582142818801127,-0.03492152275721118,0.009049050319664742,0.0,1,5.33,3.7,307.276
2023-10-02,129.4600067138672,130.47000122070312,126.54000091552734,127.27999877929688,48029700,-0.0019735049992954854,-0.0389055018008802,30.55834904830533,-2.4206517392658213,0.14297411975797097,-0.05727978183391824,0.01840783446134786,0.0,0,5.33,3.9,307.696
2023-10-03,124.72000122070312,128.52000427246094,124.25,128.05999755859375,51565000,-0.028849525101459255,-0.07353345258611671,17.935671067681582,-2.723731617715231,0.18725956247580858,-0.03236058833328963,-0.03661366636292884,0.0,1,5.33,3.9,307.696
2023-10-04,127.0,127.36000061035156,125.68000030517578,126.05999755859375,44203900,-0.004671009961144313,-0.056298139957841255,23.583797488625294,-2.7482674418816657,0.1656383883571234,-0.05600844643183447,0.018280939360016735,0.0,0,5.33,3.9,307.696
2023-10-05,125.95999908447266,126.7300033569336,124.33000183105469,126.70999908447266,39660600,-0.010207551674220714,-0.06372137316170415,26.148777872805354,-2.8191344148532096,0.17299980505680995,-0.055391009714350535,-0.008188983586829512,0.0,1,5.33,3.9,307.696
2023-10-06,127.95999908447266,128.4499969482422,124.12999725341797,124.16000366210938,46836700,0.006425809916653766,-0.04881408022026855,31.12438852859883,-2.6829859245619048,0.15067089890526675,-0.07418602738776534,0.015878056641289273,0.0,1,5.33,3.9,307.696
2023-10-09,128.25999450683594,128.7899932861328,124.76000213623047,126.22000122070312,38773700,0.011179208377756187,-0.046023857250993255,34.273241206995365,-2.5218102825262463,0.13664313296018873,-0.07658534085923559,0.0023444468936362206,0.0,1,5.33,3.9,307.696
2023-10-10,129.47999572753906,130.74000549316406,128.0500030517578,128.82000732421875,42178600,0.017988514507789193,-0.0363476263827339,39.867466275803416,-2.2694724566869127,0.11633259246575696,-0.08476007332421345,0.009511938819224852,0.0,1,5.33,3.9,307.696
2023-10-11,131.8300018310547,132.0500030517578,129.61000061035156,129.74000549316406,40741800,0.03171933438926123,-0.01887819668815697,54.98802314267378,-1.8584440725529987,0.07934100446520127,-0.09385972527334895,0.01814956889912689,0.0,1,5.33,3.9,307.696
2023-10-12,132.3300018310547,134.47999572753906,131.22999572753906,132.1699981689453,55528600,0.03051117923571274,-0.01576061562354638,56.33136885367766,-1.475348397547208,0.05552008703379843,-0.08690377079577416,0.0037927633547389927,0.0,0,5.33,3.9,307.696
2023-10-13,129.7899932861328,133.30999755859375,128.9499969482422,132.97999572753906,45786600,0.0086338405125636,-0.034778951340621554,47.12507810193622,-1.3610108905415927,0.06209708938825931,-0.0631217173031565,-0.019194502454286222,0.0,1,5.33,3.9,307.696
2023-10-16,132.5500030517578,133.07000732421875,130.42999267578125,130.69000244140625,42832900,0.027615003860891957,-0.013223016078327265,64.1533634542278,-1.0357484078458299,0.026475023861768594,-0.07472855160047384,0.021265196921155027,0.0,0,5.33,3.9,307.696
2023-10-17,131.47000122070312,132.5800018310547,128.7100067138672,130.38999938964844,49344600,0.013936144256733844,-0.01969409959616813,61.30092787012017,-0.8552637209421903,0.023969544521299888,-0.060875317002276684,-0.008147882355257097,0.0,0,5.33,3.9,307.696
2023-10-18,128.1300048828125,130.6699981689453,127.51000213623047,129.89999389648438,42699500,-0.012683351119145854,-0.04291313315665323,53.89069736682605,-0.9705501986591685,0.04138359323248784,-0.032704971208386155,-0.025405007278304192,0.0,1,5.33,3.9,307.696
2023-10-19,128.39999389648438,132.24000549316406,127.47000122070312,130.57000732421875,60961400,-0.0124596604269247,-0.03954046388736608,52.391611206763585,-1.0282763758521014,0.038766673227047306,-0.03503604172943494,0.002107149015711185,0.0,0,5.33,3.9,307.696
2023-10-20,125.16999816894531,128.1699981689453,124.97000122070312,128.0500030517578,56406400,-0.035231736399779785,-0.06182216658655291,42.2423017641141,-1.3194486652986654,0.06590298914572121,-0.013622051880349508,-0.02515573116103942,0.0,1,5.33,3.9,307.696
2023-10-23,126.55999755859375,127.87999725341797,123.9800033569336,124.62999725341797,48260000,-0.02323823700342634,-0.04971574580353233,53.786000219776774,-1.4216555086788674,0.05139425542390774,-0.02537493308969896,0.011104892625885654,0.0,1,5.33,3.9,307.696
2023-10-24,128.55999755859375,128.8000030517578,126.33999633789062,127.73999786376953,46477400,-0.007097689778147921,-0.03295448733220027,53.247288262105556,-1.3259867334505202,0.03516037152085769,-0.03865286698808589,0.015802781594350668,0.0,0,5.33,3.9,307.696
2023-10-25,121.38999938964844,126.33999633789062,120.79000091552734,126.04000091552734,74577500,-0.05485264721488155,-0.08464628307547852,42.421228087000905,-1.8078872707976927,0.10139795073816892,0.009253674601301312,-0.055771610960691276,0.0,0,5.33,3.9,307.696
2023-10-26,119.56999969482422,121.63999938964844,118.3499984741211,120.62999725341797,100419500,-0.05968118059606024,-0.09625759979940131,36.00267092439644,-2.3100271287531484,0.12495701989302355,0.012460390810295235,-0.01499299533713827,0.0,1,5.33,3.9,307.696
2023-10-27,127.73999786376953,130.02000427246094,125.5199966430664,126.19999694824219,125309300,0.006191207361035865,-0.0335949610807986,49.31290091365216,-2.0253787062239894,0.05319327241025444,-0.051995504035068925,0.06832816082460003,0.0,1,5.33,3.9,307.696
2023-10-30,132.7100067138672,133.0,128.55999755859375,129.72000122070312,72485500,0.0452075847274098,0.004082658659345141,53.88315711191818,-1.3828143790925367,0.017365004654848516,-0.08866343199129355,0.03890722509168976,0.0,1,5.33,3.9,307.696
2023-10-31,133.08999633789062,133.57000732421875,131.7100067138672,132.75,51589400,0.0468646538128303,0.007199986817301162,51.590099270720685,-0.8333096584367752,0.01893682788044183,-0.08945298059720354,0.002863308000901066,0.0,1,5.33,3.9,307.696
2023-11-01,137.0,137.35000610351562,133.7100067138672,133.9600067138672,61529400,0.07015365978219576,0.03635879373539094,55.42644469140933,-0.08138048649047391,0.00022018993167506758,-0.11850487482988437,0.02937864429857373,0.0,1,5.33,3.7,308.148
2023-11-02,138.07000732421875,138.80999755859375,136.47000122070312,138.72999572753906,52236700,0.0704263040863746,0.04405024549065286,59.96151891781548,0.5940219331941989,0.0029315342492725175,-0.12702811385821802,0.007810272439553012,0.0,1,5.33,3.7,308.148
2023-11-03,138.60000610351562,139.49000549316406,137.4499969482422,138.99000549316406,44059800,0.06346250792068699,0.0469875741538731,57.69133627930616,1.1586929972990845,0.00897740417243824,-0.13257056259851513,0.0038386235328597973,0.0,1,5.33,3.7,308.148
2023-11-06,139.74000549316406,140.72999572753906,138.36000061035156,138.75999450683594,44970400,0.061475033566333485,0.05456673129424291,60.4975978728333,1.678834745304215,0.011063984763845649,-0.14174961146338427,0.008225103459209127,0.0,1,5.33,3.7,308.148
2023-11-07,142.7100067138672,143.3699951171875,140.5,140.5500030517578,53553500,0.07250758266461597,0.07542686911977886,68.68273441331074,2.3041443632525898,0.003552265019752713,-0.1638704659817693,0.02125376487729147,0.0,0,5.33,3.7,308.148
2023-11-08,142.0800018310547,143.1199951171875,141.22000122070312,142.97000122070312,44521700,0.05142416528448782,0.06952355492115235,67.36923087653169,2.7175444508994815,0.018248294186965386,-0.1631948137858852,-0.004414580990635519,0.0,0,5.33,3.7,308.148
2023-11-09,140.60000610351562,142.64999389648438,139.83999633789062,142.02000427246094,36235400,0.02452746819626807,0.0575022890628001,70.50226671857007,2.8924019036863626,0.03611062133620876,-0.15564838206234477,-0.010416636461610618,0.0,1,5.33,3.7,308.148
2023-11-10,143.55999755859375,143.64999389648438,139.91000366210938,140.4600067138672,49287800,0.034174691849764995,0.07886471742349037,71.68367515748278,3.2325613129280555,0.02554459478966795,-0.17426285010930542,0.021052569890351647,0.0,0,5.33,3.7,308.148
2023-11-13,142.58999633789062,143.22999572753906,140.6699981689453,142.0800018310547,35680600,0.019927855498296513,0.07085562918414545,68.37830685398293,3.3848506522729735,0.04052458238831464,-0.16960790571605971,-0.006756765374750118,0.0,1,5.33,3.7,308.148
2023-11-14,145.8000030517578,147.25999450683594,144.67999267578125,145.0,56674600,0.03349282224198485,0.09356180272244877,85.6767010691855,3.721660776771671,0.029075193100366475,-0.18952103230182712,0.02251214528584833,0.0,0,5.33,3.7,308.148
2023-11-15,143.1999969482422,147.2899932861328,142.58999633789062,147.05999755859375,63875700,0.01062136400358319,0.07279897296495665,83.76677392296168,3.7357233700241466,0.05465656849432594,-0.17117886449459438,-0.017832688951265996,0.0,0,5.33,3.7,308.148
2023-11-16,142.8300018310547,143.32000732421875,139.52000427246094,140.91000366210938,49653500,0.0046352605215138985,0.06922929226646071,77.7491695074623,3.6746534451896196,0.06296140144934993,-0.16450170263175376,-0.0025837648398919777,0.0,1,5.33,3.7,308.148
2023-11-17,145.17999267578125,145.22999572753906,142.5399932861328,142.66000366210938,49636700,0.016460185307073192,0.085691663447082,75.37645500394667,3.7723939025744926,0.05102079981833517,-0.16950808808397055,0.016453061783939793,0.0,1,5.33,3.7,308.148
2023-11-20,146.1300048828125,146.6300048828125,144.72999572753906,145.1300048828125,41951200,0.01855468867366322,0.09230107754662704,75.93476719738574,3.8817653896611546,0.049602755564108154,-0.16692983933426203,0.0065436854591447435,0.0,0,5.33,3.7,308.148
2023-11-21,143.89999389648438,144.0500030517578,141.5,143.91000366210938,71226000,0.0021798239800956765,0.0752028865228127,64.70585557107884,3.745326044285065,0.06874397696176013,-0.14623519440958704,-0.015260459261028925,0.0,1,5.33,3.7,308.148
2023-11-22,146.7100067138672,147.74000549316406,144.57000732421875,144.57000732421875,45669100,0.01846585709036568,0.09589434530199865,67.14283724763231,3.8199079096160347,0.04466505024716311,-0.141720533639567,0.019527539517508297,0.0,1,5.33,3.7,308.148
2023-11-24,146.74000549316406,147.1999969482422,145.32000732421875,146.6999969482422,22378400,0.014350533339843362,0.0957877427529303,66.47771323516238,3.8372023459347133,0.030545426033784497,-0.10947419232319625,0.0002044767086364363,0.0,1,5.33,3.7,308.148
2023-11-27,147.72999572753906,149.25999450683594,146.8800048828125,147.52999877929688,53762400,0.01825873805761872,0.10197251930567522,66.2728803972876,3.885996896266306,0.019205104176132515,-0.09747619749272488,0.006746559883569869,0.0,0,5.33,3.7,308.148
2023-11-28,147.02999877929688,147.60000610351562,145.52999877929688,146.97999572753906,42711700,0.010341857270550554,0.09559866451673482,59.694769621879495,3.8241011675065977,0.022811641105647207,-0.08219404776218632,-0.00473835354015173,0.0,0,5.33,3.7,308.148
2023-11-29,146.32000732421875,148.5399932861328,145.97000122070312,147.85000610351562,40610900,0.005103875576444314,0.0888979346737456,59.48122848261719,3.6753903674464254,0.02343873249877345,-0.06436280897291723,-0.0048288883967405605,0.0,0,5.33,3.7,308.148
2023-11-30,146.08999633789062,146.92999267578125,144.3300018310547,144.75999450683594,65814000,0.0015356283926160653,0.08544142511382412,63.00328305863678,3.4986458115959067,0.02385494841426428,-0.05547237382856214,-0.001571972217158657,0.0,1,5.33,3.7,308.148
2023-12-01,147.02999877929688,147.25,145.5500030517578,146.0,39951800,0.005085918802559968,0.08955983418120161,59.088518436811604,3.3952860744280997,0.016992205708662295,-0.055100043203128064,0.006434406632690459,0.0,0,5.33,3.8,308.741
2023-12-04,144.83999633789062,145.35000610351562,142.80999755859375,145.25,48294200,-0.009654596759227732,0.07083602421444869,55.53913562197322,3.1009124551169123,0.02963727676144394,-0.03377281535014708,-0.014894936132684111,0.0,1,5.33,3.8,308.741
2023-12-05,146.8800048828125,148.57000732421875,143.1300048828125,143.5500030517578,46822400,0.0037792372832883233,0.08341757570144305,52.82131698928777,2.997675543797186,0.014451381663347872,-0.041446264650214254,0.014084566393959497,0.0,0,5.33,3.8,308.741
2023-12-06,144.52000427246094,147.85000610351562,144.27999877929688,147.5800018310547,39679000,-0.012767333431341552,0.06310202998078869,53.49207835741367,2.694368222207544,0.030777508718859297,-0.0243009490456669,-0.016067541747663228,0.0,1,5.33,3.8,308.741
2023-12-07,146.8800048828125,147.9199981689453,145.33999633789062,146.14999389648438,52352800,0.003237596798795667,0.07715033394763585,59.693626743819976,2.614291386776955,0.014741189123056971,-0.03723579951282926,0.016329923474831087,0.0,1,5.33,3.8,308.741
2023-12-08,147.4199981689453,147.83999633789062,145.39999389648438,145.47999572753906,41906000,0.006458467824195213,0.07772137082021816,55.87002540728022,2.564837018461276,0.009512085676207985,-0.034623982946528374,0.0036764247561378305,0.0,0,5.33,3.8,308.741
2023-12-11,145.88999938964844,146.19000244140625,143.63999938964844,145.66000366210938,50907300,-0.0027343053070994256,0.06361726696061672,49.38961021825635,2.3748106219343015,0.019944885971544073,-0.022748355089518443,-0.010378502226973785,0.0,1,5.33,3.8,308.741
2023-12-12,147.47999572753906,147.5,145.3000030517578,145.52000427246094,44944300,0.007824478849296634,0.07239148379552812,59.41114886140738,2.3257034878268428,0.008796988161896441,-0.02981672598758515,0.010898597193382598,0.0,1,5.33,3.8,308.741
2023-12-13,148.83999633789062,149.4600067138672,146.82000732421875,148.1199951171875,52766200,0.015369690584271543,0.07849755293036871,56.061441621861505,2.3692155711857765,0.0024913673415498465,-0.03955124958109413,0.009221593773735215,0.0,0,5.33,3.8,308.741
2023-12-14,147.4199981689453,150.5399932861328,145.52000427246094,149.92999267578125,58400800,0.004770981976397738,0.06505642415664227,51.79323043840066,2.2630304199279294,0.011815546782013393,-0.027105170339546854,-0.00954043404920335,0.0,1,5.33,3.8,308.741
2023-12-15,149.97000122070312,150.57000732421875,147.8800048828125,148.3800048828125,110089300,0.020106937318660204,0.0797333890372649,55.45810191708948,2.357466451761553,-0.003259754059334887,-0.04101578363059611,0.01729753821347546,0.0,1,5.33,3.8,308.741
2023-12-18,154.07000732421875,154.85000610351562,150.0500030517578,150.55999755859375,62512800,0.04145687856050563,0.10509725371151267,64.71572866418052,2.7316550951964302,-0.01749463570050781,-0.0730551956773529,0.027338841569267247,0.0,0,5.33,3.8,308.741
2023-12-19,153.7899932861328,155.1199951171875,152.69000244140625,154.39999389648438,43171300,0.03473096194823822,0.09906361169676597,65.90032888518769,2.9713555610009905,-0.007294134125244952,-0.07479824391134514,-0.0018174467759756174,0.0,0,5.33,3.8,308.741
2023-12-20,152.1199951171875,155.6300048828125,151.55999755859375,152.89999389648438,50322100,0.018287922549071252,0.08362238992707792,62.09384911623967,2.9920742422595765,0.007015041165569866,-0.06264868617462563,-0.01085895208954335,0.0,1,5.33,3.8,308.741
2023-12-21,153.83999633789062,153.97000122070312,152.10000610351562,153.3000030517578,36305700,0.025025973970122427,0.09244912028759773,63.24385791236679,3.111417189714757,0.001924605290370968,-0.07466247289636951,0.011306871390431628,0.0,0,5.33,3.8,308.741
2023-12-22,153.4199981689453,154.35000610351562,152.7100067138672,153.77000427246094,29514100,0.018157203786667575,0.08621310769421321,67.91979007389098,3.135957625785551,0.009357619400765004,-0.07246541366629664,-0.0027300973670256745,0.0,0,5.33,3.8,308.741
2023-12-26,153.41000366210938,153.97999572753906,153.02999877929688,153.55999755859375,25067200,0.013035243575158654,0.08252175302930598,64.9018660151794,3.1186497717254724,0.013509782398652958,-0.0727888884311708,-6.514474615582078e-05,0.0,0,5.33,3.8,308.741
2023-12-27,153.33999633789062,154.77999877929688,153.1199951171875,153.55999755859375,31434700,0.008669783017391864,0.07886231919048597,72.47703211265679,3.0639646890145116,0.017527731655126274,-0.07180576522764724,-0.0004563413242133496,0.0,1,5.33,3.8,308.741
2023-12-28,153.3800048828125,154.0800018310547,152.9499969482422,153.72000122070312,27057000,0.005928837557292424,0.07582696236521196,68.78610728416774,2.9893948393171854,0.020258726002897156,-0.07044134797571196,0.0002609139551152939,0.0,0,5.33,3.8,308.741
2023-12-29,151.94000244140625,153.88999938964844,151.02999877929688,153.10000610351562,39823200,-0.006460539844319439,0.062178788744198306,62.41757541561274,2.7820320006179884,0.03107433096317152,-0.05892746537187078,-0.009388462612883952,0.0,0,5.33,3.8,308.741
2024-01-02,149.92999267578125,152.3800048828125,148.38999938964844,151.5399932861328,47339400,-0.01957839427935291,0.04498162348809533,60.81366426648914,2.4275215103552057,0.04501280551153708,-0.0444924719248575,-0.013228970207501023,0.0,0,5.33,3.7,309.698
2024-01-03,148.47000122070312,151.0500030517578,148.3300018310547,149.1999969482422,49425500,-0.02555720007967691,0.031455687722827856,52.6684735891815,2.005640508629085,0.05381943217775113,-0.031181882628053357,-0.00973782115920796,0.0,0,5.33,3.7,309.698
2024-01-04,144.57000732421875,147.3800048828125,144.0500030517578,145.58999633789062,56039800,-0.045377058550366306,0.0018544862079401564,39.87675776106315,1.341140033954531,0.08371830706737572,-0.008114900463994452,-0.026267891590348702,0.0,1,5.33,3.7,309.698
2024-01-05,145.24000549316406,146.58999633789062,144.52999877929688,144.69000244140625,45153100,-0.03657611293945177,0.004176033760430447,44.64112635821048,0.8586835042085283,0.07814627400218331,-0.01162197997066604,0.00463442024626004,0.0,1,5.33,3.7,309.698
2024-01-08,149.10000610351562,149.39999389648438,146.14999389648438,146.74000549316406,46757100,-0.007851981056438945,0.02692885109432975,47.9907756671572,0.7788252061824608,0.049939291004165824,-0.035425624717450685,0.026576703830634596,0.0,1,5.33,3.7,309.698
2024-01-09,151.3699951171875,151.7100067138672,148.2100067138672,148.3300018310547,43812600,0.008628976032928934,0.038016449553840016,43.18867000686723,0.8884644073247046,0.03472713277142342,-0.04781420857566246,0.015224607114340927,0.0,1,5.33,3.7,309.698
2024-01-10,153.72999572753906,154.4199981689453,151.8800048828125,152.05999755859375,44421800,0.02413608277721483,0.050455735191102136,49.86301923444056,1.1525012727795456,0.02005471534470154,-0.0585442252122936,0.015590940651907248,0.0,1,5.33,3.7,309.698
2024-01-11,155.17999267578125,157.1699981689453,153.1199951171875,155.0399932861328,49072700,0.0325301734478938,0.05711754089600028,57.057192325558475,1.4619031173942005,0.013632119122455986,-0.0654879431266032,0.009432101662268044,0.0,0,5.33,3.7,309.698
2024-01-12,154.6199951171875,156.1999969482422,154.00999450683594,155.38999938964844,40484200,0.027955960140956825,0.05022207173043272,51.900582838463464,1.6429799355105388,0.01971855743756051,-0.060780461425017154,-0.0036086969005325598,0.0,0,5.33,3.7,309.698
2024-01-16,153.16000366210938,154.99000549316406,152.14999389648438,153.52999877929688,41384600,0.017424315343726657,0.03802665962231791,49.397043784126176,1.6496592645639794,0.029631186638643735,-0.04827187524079889,-0.009442449238027617,0.0,0,5.33,3.7,309.698
2024-01-17,151.7100067138672,152.14999389648438,149.91000366210938,151.49000549316406,34953400,0.006601902878251068,0.026301946093164094,46.30435200855555,1.5204235491242741,0.039664870144168904,-0.03822141551666046,-0.009467203666572499,0.0,1,5.33,3.7,309.698
2024-01-18,153.5,153.77999877929688,151.82000732421875,152.77000427246094,37850200,0.01509079074296095,0.03632189902605764,50.32363238620091,1.544635218837385,0.027092602895534307,-0.04935970904183433,0.011798781932089941,0.0,1,5.33,3.7,309.698
2024-01-19,155.33999633789062,155.75999450683594,152.74000549316406,153.8300018310547,51651600,0.01999406841438076,0.04653980415368098,53.695313956405364,1.6927821298251047,0.01639248885017033,-0.06108795252818099,0.011986946826648914,0.0,0,5.33,3.7,309.698
2024-01-22,154.77999877929688,157.0500030517578,153.89999389648438,156.88999938964844,43687500,0.009990275731753538,0.04107391650034336,55.538224406965256,1.7448885126219977,0.021829515328707638,-0.057732072018786475,-0.003604979862209201,0.0,1,5.33,3.7,309.698
2024-01-23,156.02000427246094,156.2100067138672,153.92999267578125,154.85000610351562,37986000,0.013505209449012632,0.047450150180223374,62.24371532330353,1.8647456494517485,0.015756866874697323,-0.06587228579162456,0.008011406531487353,0.0,1,5.33,3.7,309.698
2024-01-24,156.8699951171875,158.50999450683594,156.47999572753906,157.8000030517578,48547300,0.015398931295111832,0.050860915068715436,67.31247248254607,2.005205688433847,0.013442535989117958,-0.07192401845050764,0.005447960655367012,0.0,1,5.33,3.7,309.698
2024-01-25,157.75,158.50999450683594,154.5500030517578,156.9499969482422,43638600,0.018444995874128588,0.05475075900185392,81.0264069506646,2.1626012003571873,0.011838572722356704,-0.07839958698543119,0.005609771850602074,0.0,1,5.33,3.7,309.698
2024-01-26,159.1199951171875,160.72000122070312,157.91000366210938,158.4199981689453,51047400,0.024683300067108845,0.06156429503619762,81.63176171204786,2.370559104228221,0.008642461107917868,-0.08821756634293307,0.008684596622424712,0.0,1,5.33,3.7,309.698
2024-01-29,161.25999450683594,161.2899932861328,158.89999389648438,159.33999633789062,45270400,0.03404271261391447,0.07362654151167848,80.0692759605625,2.6771863693501246,0.00317289062403234,-0.10334646574253478,0.01344896590822775,0.0,0,5.33,3.7,309.698
2024-01-30,159.0,161.72999572753906,158.49000549316406,160.6999969482422,45207400,0.01574728290762081,0.05635768077986968,68.87684223242329,2.706627697668381,0.021902118277560105,-0.09063168685497265,-0.014014601164705653,0.0,0,5.33,3.7,309.698
2024-01-31,155.1999969482422,159.00999450683594,154.80999755859375,157.0,50284400,-0.010734053058168776,0.029419355408093886,53.39492773030591,2.3957153587727475,0.04773274992483832,-0.06578039765759557,-0.023899390262627773,0.0,1,5.33,3.7,309.698
2024-02-01,159.27999877929688,159.75999450683594,155.6199951171875,155.8699951171875,76542400,0.011545647944976027,0.05450899962323015,58.443186702966045,2.450291702471162,0.023971376553073517,-0.08600050045448011,0.026288672108771616,0.0,1,5.33,3.9,310.967
2024-02-02,171.80999755859375,172.5,167.3300018310547,169.19000244140625,117218300,0.07982577730814173,0.1336089423812171,73.7103681559538,3.4646714561107217,-0.03186892458747669,-0.15564052056845068,0.07866649218561839,0.0,0,5.33,3.9,310.967
2024-02-05,170.30999755859375,170.5500030517578,167.6999969482422,170.1999969482422,55081300,0.06005153486018677,0.11980925528403918,73.62910482277258,4.1002718732800645,-0.011900204357396147,-0.14492557504948292,-0.008730574595861018,0.0,0,5.33,3.9,310.967
2024-02-06,169.14999389648438,170.7100067138672,167.64999389648438,169.38999938964844,42505500,0.044296941400992246,0.10890979092164203,74.22221468701456,4.458986758435003,0.004382126369750451,-0.13671433335814084,-0.00681113075414308,0.0,1,5.33,3.9,310.967
2024-02-07,170.52999877929688,170.8800048828125,168.94000244140625,169.47999572753906,47174100,0.044012229526209964,0.1144804663366299,73.92526065135614,4.799302379809973,0.006687523576147926,-0.14289817020771636,0.008158468416245013,0.0,0,5.33,3.9,310.967
2024-02-08,169.83999633789062,171.42999267578125,168.8800048828125,169.64999389648438,42316500,0.032148280083605034,0.10677251168422201,71.05110187589165,4.956195593483784,0.01928691868478973,-0.13844022118310212,-0.004046223223746481,0.0,1,5.33,3.9,310.967
2024-02-09,174.4499969482422,175.0,170.5800018310547,170.89999389648438,56986000,0.05037842501287131,0.13276571330514333,75.55208542700619,5.390386101963003,0.005502418406067235,-0.16331266624221857,0.02714319777292107,0.0,0,5.33,3.9,310.967
2024-02-12,172.33999633789062,175.38999938964844,171.5399932861328,174.8000030517578,51050400,0.030797106938439185,0.11529598914762013,70.73169691610418,5.500815812316546,0.0263443190302347,-0.15131818678184505,-0.012095159915523457,0.0,0,5.33,3.9,310.967
2024-02-13,168.63999938964844,170.9499969482422,165.75,167.72999572753906,56345100,0.0028842564547727394,0.08817551466948147,63.94219663627079,5.229491004758643,0.05210669879853685,-0.12676278565202764,-0.021469171561243172,0.0,1,5.33,3.9,310.967
2024-02-14,170.97999572753906,171.2100067138672,168.27999877929688,169.2100067138672,42815500,0.007346824820552891,0.09987518366613875,65.14769439233363,5.143985624027806,0.04098026496537599,-0.13071588667091041,0.013875689909627953,0.0,0,5.33,3.9,310.967
2024-02-15,169.8000030517578,171.1699981689453,167.58999633789062,170.5800018310547,49855200,-0.005767453353143593,0.0887882003628522,62.28151907085617,4.924242840213083,0.05012118979012116,-0.11698226373027548,-0.006901349311422389,0.0,0,5.33,3.9,310.967
2024-02-16,169.50999450683594,170.4199981689453,167.1699981689453,168.74000549316406,48107700,-0.0061270719909152374,0.08378331011124104,59.90871851111183,4.672828378196812,0.0535111500564058,-0.10870549821011553,-0.0017079419299743659,0.0,0,5.33,3.9,310.967
2024-02-20,167.0800018310547,168.7100067138672,165.74000549316406,167.8300018310547,41980300,-0.018515883573910416,0.06517403113211294,59.66507325495865,4.2287540605639435,0.0676236182515476,-0.08717118803735573,-0.01433539469369316,0.0,1,5.33,3.9,310.967
2024-02-21,168.58999633789062,170.22999572753906,167.13999938964844,168.94000244140625,44420100,-0.00931977250760624,0.07183362895455633,66.94507877915768,3.953097059424664,0.05747253360505363,-0.0873022857372926,0.00903755380828164,0.0,1,5.33,3.9,310.967
2024-02-22,174.5800018310547,174.8000030517578,171.77000427246094,173.10000610351562,55392400,0.023443429470864488,0.106096029473076,68.469342984217,4.169912131383597,0.02485957981891105,-0.11214339215625994,0.035530017339574504,0.0,1,5.33,3.9,310.967
2024-02-23,174.99000549316406,175.75,173.6999969482422,174.27999877929688,59715200,0.02275918996998056,0.10462052337869156,55.42663413541784,4.324967968427018,0.025588222358470036,-0.10750155707825253,0.0023485144793740087,0.0,0,5.33,3.9,310.967
2024-02-26,174.72999572753906,176.3699951171875,174.25999450683594,175.6999969482422,44368600,0.021072419559384374,0.09919764740570844,57.87597318239139,4.37642155781657,0.029466993933838427,-0.09959230498460608,-0.0014858549486425066,0.0,0,5.33,3.9,310.967
2024-02-27,173.5399932861328,174.6199951171875,172.86000061035156,174.0800018310547,31141700,0.013407737410106722,0.08832936684278478,57.814164430902814,4.271931479444731,0.03803701441561549,-0.08785256629994073,-0.006810521779339163,0.0,0,5.33,3.9,310.967
2024-02-28,173.16000366210938,174.0500030517578,172.27000427246094,172.44000244140625,28180500,0.008526724698814079,0.08245163644256943,54.85419940632094,4.111070491004028,0.038637413897652836,-0.07599598855970992,-0.0021896371944472026,0.0,1,5.33,3.9,310.967
2024-02-29,176.75999450683594,177.22000122070312,172.85000610351562,173.00999450683594,53805400,0.026039887091656333,0.10126721607877738,61.533336147733635,4.225368752733743,0.010442440718963903,-0.07557591671282897,0.02078996747858297,0.0,1,5.33,3.9,310.967
2024-03-01,178.22000122070312,178.72999572753906,176.07000732421875,176.75,31981200,0.02948313509185602,0.10703217387292702,57.02049452132566,4.38323409448023,-0.001489801388687005,-0.06886709433904051,0.00825982552183624,0.0,0,5.33,3.9,312.345
2024-03-04,177.5800018310547,180.13999938964844,177.49000549316406,177.52999877929688,37381500,0.021026559266366773,0.09980629247218792,60.323104088671755,4.405912298731522,0.0065764627739252155,-0.06672967105072264,-0.003591063770984282,0.0,0,5.33,3.9,312.345
2024-03-05,174.1199951171875,176.92999267578125,173.3000030517578,176.92999267578125,37228300,-0.0029033527883397534,0.07544678299739495,60.89895755883647,4.097458364218426,0.02758811507707969,-0.047005722170786884,-0.01948421375262155,0.0,0,5.33,3.9,312.345
2024-03-06,173.50999450683594,176.4600067138672,173.25999450683594,175.5399932861328,32090900,-0.009188061964735185,0.06908145459139503,55.403670191200874,3.7604364766462766,0.03145941641233886,-0.0414011628547176,-0.0035033346396604603,0.0,1,5.33,3.9,312.345
2024-03-07,176.82000732421875,177.99000549316406,173.72000122070312,174.8300018310547,34063300,0.008423535942753321,0.08634353060918107,63.743143558544645,3.7175806188052434,0.014946088453291444,-0.058583781198834235,0.019076784751165476,0.0,0,5.33,3.9,312.345
2024-03-08,175.35000610351562,178.7899932861328,174.3300018310547,176.44000244140625,37893200,-0.00016531754205829983,0.0744156556917529,60.92815867303439,3.524373446266196,0.024508519102503953,-0.04860326438820399,-0.008313545751684748,0.0,0,5.33,3.9,312.345
2024-03-11,171.9600067138672,174.47000122070312,171.47000122070312,174.30999755859375,28484800,-0.01794379108012747,0.051245511043440176,58.81503033563796,3.062409203692283,0.04396740511041804,-0.030557391543796778,-0.019332758891648982,0.0,1,5.33,3.9,312.345
2024-03-12,175.38999938964844,176.75999450683594,171.97999572753906,173.5,36610600,0.0005875983469457798,0.06933646306388952,61.4864833516937,2.9391898059694483,0.024804749339686464,-0.04903075446098105,0.019946455814511488,0.0,1,5.33,3.9,312.345
2024-03-13,176.55999755859375,177.6199951171875,175.5500030517578,175.89999389648438,30772600,0.005312378672288252,0.0732478180121662,53.99514650091781,2.902488538541519,0.018974812253733306,-0.05180781873647163,0.0066708374081581034,0.0,1,5.33,3.9,312.345
2024-03-14,178.75,179.52999877929688,176.47000122070312,177.69000244140625,43705800,0.01663007181643889,0.08276636253921499,57.078299496104016,3.015358241283792,0.010112066028173453,-0.06269947861558592,0.012403729449981915,0.0,0,5.33,3.9,312.345
2024-03-15,174.4199981689453,177.92999267578125,173.89999389648438,176.63999938964844,72147400,-0.0058479674573096736,0.05322651944444816,49.49396423575548,2.724012611709611,0.03470759055464746,-0.03630142629074588,-0.024223786467438835,0.0,1,5.33,3.9,312.345
2024-03-18,174.47999572753906,176.69000244140625,174.27999877929688,175.8000030517578,31250700,-0.0037456852575568755,0.04979673630676767,51.59322447695974,2.469493617581037,0.033359779195112446,-0.03279233203133805,0.00034398325434925603,0.0,1,5.33,3.9,312.345
2024-03-19,175.89999389648438,176.08999633789062,173.52000427246094,174.22000122070312,26880900,0.0033425394305276945,0.05445012289460749,54.48590286139688,2.355217979047694,0.020891155366587297,-0.03145959776079628,0.00813845829732096,0.0,1,5.33,3.9,312.345
2024-03-20,178.14999389648438,178.52999877929688,174.63999938964844,176.13999938964844,29947200,0.013494259919909978,0.06423140288201962,52.38094989171442,2.418332872173437,0.005684064689095856,-0.03601238005191765,0.012791359170393646,0.0,0,5.33,3.9,312.345
2024-03-21,178.14999389648438,181.4199981689453,178.14999389648438,179.99000549316406,32824300,0.012728000977611799,0.06083718637294601,49.87376975030182,2.440222513543489,0.007605411672414982,-0.035929802147367185,0.0,0.0,1,5.33,3.9,312.345
2024-03-22,178.8699951171875,179.25999450683594,176.75,177.75,27995400,0.01479038549541797,0.06194509725011561,52.31929646096117,2.486999708706662,0.006010610688230066,-0.040102373620538395,0.0040415450203241665,0.0,1,5.33,3.9,312.345
2024-03-25,179.7100067138672,180.99000549316406,177.24000549316406,178.00999450683594,29815500,0.015092857556196682,0.0638336136741459,61.09568810790543,2.5623161034134228,0.004430984549413512,-0.044940779730469,0.004696213001679439,0.0,0,5.33,3.9,312.345
2024-03-26,178.3000030517578,180.4499969482422,177.9499969482422,180.14999389648438,29659000,0.005475727382746627,0.05253591046215553,59.21509180511507,2.4796455666375152,0.013365733635331226,-0.03571013742105115,-0.007845994154095037,0.0,1,5.33,3.9,312.345
2024-03-27,179.8300018310547,180.0,177.30999755859375,179.8800048828125,33272600,0.012237152827566862,0.058235636884331324,56.21642641906384,2.5086683186043786,0.006634638508731096,-0.04209593495510387,0.008581036192426339,0.0,1,5.33,3.9,312.345
2024-03-28,180.3800048828125,181.6999969482422,179.25999450683594,180.1699981689453,38051600,0.014402320241429659,0.05790257632102129,60.7986194371612,2.546693016512336,0.006280694654129069,-0.04572525546020734,0.0030584610251771505,0.0,1,5.33,3.9,312.345
2024-04-01,180.97000122070312,183.0,179.9499969482422,180.7899932861328,29174500,0.013985242729602568,0.0579539314671715,71.98631549865098,2.5945275387903166,0.0055426229987341835,-0.04985937545761914,0.003270852211551434,0.0,0,5.33,3.9,313.023
2024-04-02,180.69000244140625,180.7899932861328,178.3800048828125,179.07000732421875,32611500,0.008905903287640031,0.05319545381370041,65.28258220073127,2.580101378251811,0.009438052075948174,-0.04900308074581815,-0.0015472110151306673,0.0,1,5.33,3.9,313.023
2024-04-03,182.41000366210938,182.8699951171875,179.8000030517578,179.89999389648438,31046600,0.014820930539606304,0.05980729695484985,66.34991982532155,2.6766040406979243,0.0038519859695944135,-0.05735786019755799,0.009519072430478781,0.0,0,5.33,3.9,313.023
2024-04-04,180.0,185.10000610351562,180.0,184.0,41624300,0.0003834732078975393,0.042899080364877676,53.45112894718661,2.5294579252302185,0.01779356133032353,-0.04163244377661247,-0.013212014767422509,0.0,1,5.33,3.9,313.023
2024-04-05,185.07000732421875,186.27000427246094,181.97000122070312,182.3800048828125,42374000,0.024620367478618968,0.06878160049444318,78.24932914020667,2.7897918044996572,-0.0031782915647026104,-0.07033990668626272,0.028166707356770848,0.0,1,5.33,3.9,313.023
2024-04-08,185.19000244140625,187.2899932861328,184.80999755859375,186.89999389648438,39221300,0.021709740484921757,0.06609576755708033,78.31833949682357,2.9715368553895303,0.001858600340075544,-0.0713116157285547,0.0006483768975988902,0.0,1,5.33,3.9,313.023
2024-04-09,185.6699981689453,187.33999633789062,184.1999969482422,187.24000549316406,36520100,0.021000685253041832,0.06560161358492406,77.18418284037385,3.1183562911281797,0.002296647446062677,-0.06935646605820237,0.002591909504893186,0.0,1,5.33,3.9,313.023
2024-04-10,185.9499969482422,186.27000427246094,182.6699981689453,182.77000427246094,35879200,0.018256861510539655,0.06419263653511988,74.37498629094478,3.220185024700612,0.005315174932908642,-0.06960662100906932,0.0015080453603608657,0.0,1,5.33,3.9,313.023
2024-04-11,189.0500030517578,189.77000427246094,185.50999450683594,186.74000549316406,40020700,0.03003193331685282,0.0782254006260638,78.53402346655334,3.510562040461423,-0.0031376301173034367,-0.08628847719011883,0.016671181255133227,0.0,0,5.33,3.9,313.023
2024-04-12,186.1300048828125,188.3800048828125,185.0800018310547,187.72000122070312,38608800,0.01095524404353163,0.0578393396803137,67.04226179474725,3.465124668501062,0.01620967061085077,-0.07169781740215193,-0.015445639364236818,0.0,0,5.33,3.9,313.023
2024-04-15,183.6199951171875,188.69000244140625,183.0,187.42999267578125,48052400,-0.00411115361295713,0.04069487518146757,58.511070087414126,3.1898082884423786,0.0297060640841245,-0.05360318816545602,-0.013485250630092094,0.0,0,5.33,3.9,313.023
2024-04-16,183.32000732421875,184.8300018310547,182.25999450683594,183.27000427246094,32891300,-0.007154394497074459,0.037640842479660444,61.482168646609665,2.9138228301146682,0.02998114404607932,-0.045822366746814835,-0.001633742516860992,0.0,0,5.33,3.9,313.023
2024-04-17,181.27999877929688,184.57000732421875,179.82000732421875,184.30999755859375,31359700,-0.01760167887693101,0.024821154162021214,53.24093937345545,2.5016532243642473,0.039853378805959155,-0.03039836706642184,-0.011128128209780819,0.0,0,5.33,3.9,313.023
2024-04-18,179.22000122070312,182.38999938964844,178.64999389648438,181.47000122070312,30723800,-0.028354569053457054,0.012023218352364506,47.5711821086262,1.985889161345881,0.05141077465210615,-0.01826157073655221,-0.011363622972558218,0.0,0,5.33,3.9,313.023
2024-04-19,174.6300048828125,179.0,173.44000244140625,178.74000549316406,56000700,-0.047850104890758534,-0.0143520625353082,38.629850739733705,1.1930157384502138,0.08173043971166652,0.0028426217764547053,-0.02561096030926935,0.0,1,5.33,3.9,313.023
2024-04-22,177.22999572753906,178.8699951171875,174.55999755859375,176.94000244140625,37924900,-0.02946172096177916,-0.0005109629003023191,44.27151148426096,0.7656296683711048,0.06649286687960468,-0.013426158427692214,0.014888568814227066,0.0,1,5.33,3.9,313.023
2024-04-23,179.5399932861328,179.92999267578125,175.97999572753906,178.0800018310547,37046500,-0.01350026008280095,0.011935321498044302,45.3393780419089,0.606331217360804,0.05278859106037765,-0.026231744505040545,0.01303389727631088,0.0,0,5.33,3.9,313.023
2024-04-24,176.58999633789062,180.32000732421875,176.17999267578125,179.94000244140625,34185100,-0.02469335594985865,-0.005168255323202588,44.55792351802662,0.23928758930367167,0.07114692380783635,-0.01170409298485715,-0.016430862529557833,0.0,0,5.33,3.9,313.023
2024-04-25,173.6699981689453,173.9199981689453,166.32000732421875,169.67999267578125,49249400,-0.03260307268560653,-0.022172434303021165,30.46604184718295,-0.2839434557202196,0.09215038788638177,-0.0016281018567007393,-0.016535467634067658,0.0,1,5.33,3.9,313.023
2024-04-26,179.6199951171875,180.82000732421875,176.1300048828125,177.8000030517578,43919800,0.00418174184258267,0.01034529742724739,42.045114787479505,-0.21600285460317536,0.055925872192664546,-0.035076242542395115,0.034260361668536854,0.0,1,5.33,3.9,313.023
2024-04-29,180.9600067138672,183.52999877929688,179.38999938964844,182.75,54063900,0.01317988735667081,0.016606406462303706,43.43463605209514,-0.05341595593469606,0.04810471365633551,-0.04222502923735798,0.007460258507441919,0.0,0,5.33,3.9,313.023
2024-04-30,175.0,182.99000549316406,174.8000030517578,181.08999633789062,94639800,-0.015604076179170558,-0.017482081949711407,36.82310933334704,-0.4008664602957026,0.08502293920987329,-0.014080076835431327,-0.03293549122868411,0.0,1,5.33,3.9,313.023
2024-05-01,179.0,185.14999389648438,176.55999755859375,181.63999938964844,94645100,0.008189431817613457,0.0036321390358439168,38.1625397240765,-0.3494289185808839,0.060016696847777926,-0.0372569172426584,0.02285714285714291,0.0,1,5.33,3.9,313.175
2024-05-02,184.72000122070312,185.10000610351562,179.91000366210938,180.85000610351562,54303500,0.037193435602016926,0.03383354063988202,48.441984903746544,0.15114963932677483,0.029208826074596368,-0.06653018664443852,0.031955314082140474,0.0,1,5.33,3.9,313.175
2024-05-03,186.2100067138672,187.8699951171875,185.4199981689453,186.99000549316406,39172000,0.038805312078432186,0.04081780014620498,52.927890398898526,0.6604791512239103,0.021907683062124143,-0.07432169125439153,0.008066292135759712,0.0,1,5.33,3.9,313.175
2024-05-06,188.6999969482422,188.75,184.8000030517578,186.27999877929688,34725300,0.046003057204942445,0.053121508624075955,55.79490503687979,1.2506313612789484,0.011710476495977588,-0.08796375719632622,0.013371946429286963,0.0,1,5.33,3.9,313.175
2024-05-07,188.75999450683594,189.94000244140625,187.30999755859375,188.9199981689453,34048900,0.04101517706857713,0.0518092082566494,58.415839204455125,1.7035352472067018,0.014230339802778708,-0.08945808790664615,0.0003179520909595279,0.0,0,5.33,3.9,313.175
2024-05-08,188.0,188.42999267578125,186.38999938964844,187.44000244140625,26136400,0.030340231842374325,0.045888932418849684,60.17617293583596,1.9783346245568794,0.020096071435261365,-0.08645245441398489,-0.004026247769404412,0.0,1,5.33,3.9,313.175
2024-05-09,189.5,191.6999969482422,187.44000244140625,188.8800048828125,43368400,0.029628300783565955,0.052320602510052515,68.56429419411472,2.290746277756483,0.012513273380517631,-0.09393807710176186,0.007978723404255428,0.0,0,5.33,3.9,313.175
2024-05-10,187.47999572753906,189.88999938964844,186.92999267578125,189.16000366210938,34141800,0.014321011625690966,0.03986517264707332,62.98454482264316,2.348267929864619,0.02452691232165691,-0.0845599448172299,-0.01065965315282813,0.0,0,5.33,3.9,313.175
2024-05-13,186.57000732421875,188.30999755859375,185.36000061035156,188.0,24898600,0.0063432855352896144,0.03386024959077932,59.23301221865725,2.293982195725903,0.03133659160011336,-0.08032632354858303,-0.004853789332504466,0.0,1,5.33,3.9,313.175
2024-05-14,187.07000732421875,187.72000122070312,183.4499969482422,183.82000732421875,38698200,0.0025134181767608507,0.035541811835050056,64.71085404679249,2.2651944302813263,0.030824938092546317,-0.08302472569138546,0.002679959159411549,0.0,0,5.33,3.9,313.175
2024-05-15,185.99000549316406,186.72000122070312,182.72999572753906,185.97000122070312,75459900,-0.006994105830446828,0.02821214671773556,68.23565389198512,2.1306717394325574,0.038738815319329205,-0.07709577055477389,-0.005773249525686364,0.0,0,5.33,3.9,313.175
2024-05-16,183.6300048828125,187.30999755859375,183.4600067138672,185.60000610351562,38834500,-0.019023334312458857,0.014030677300114834,56.64128758089331,1.8127331524497095,0.05276691146187492,-0.0635113904444164,-0.012688857146349708,0.0,1,5.33,3.9,313.175
2024-05-17,184.6999969482422,185.3000030517578,183.35000610351562,183.75999450683594,33175700,-0.012510714049568303,0.019052454448296775,56.24998725033609,1.6283335336518405,0.04581011713560486,-0.06262654216897455,0.005826891232250109,0.0,0,5.33,3.9,313.175
2024-05-20,183.5399932861328,186.6699981689453,183.27999877929688,184.33999633789062,30511800,-0.015997980176254242,0.011737974528916863,66.99840790930733,1.37276848566583,0.0519860434700012,-0.0528304729019234,-0.006280474722663021,0.0,0,5.33,3.9,313.175
2024-05-21,183.14999389648438,183.25999450683594,180.75,182.3000030517578,50839100,-0.015126700388844984,0.008344200613246226,59.64667108375104,1.1257843117371635,0.05425045877859732,-0.04886682623191153,-0.0021248741632045043,0.0,0,5.33,3.9,313.175
2024-05-22,183.1300048828125,185.22000122070312,181.97000122070312,183.8800048828125,28148800,-0.012648515610633843,0.007375601782420446,44.971538100725596,0.9178541765230364,0.05290693036232047,-0.043733167979813185,-0.00010914012742568868,0.0,0,5.33,3.9,313.175
2024-05-23,181.0500030517578,184.75999450683594,180.0800018310547,183.66000366210938,33670200,-0.019395433080688567,-0.004557959914393809,34.268246389055335,0.5785600022794313,0.059935637343489404,-0.023603159081047844,-0.011358061353112014,0.0,0,5.33,3.9,313.175
2024-05-24,180.75,182.44000244140625,180.3000030517578,181.64999389648438,27471600,-0.017438772324018418,-0.006425938151439854,22.02670561011098,0.28220608952923953,0.06127314439583295,-0.02093565121691253,-0.0016570176564539851,0.0,1,5.33,3.9,313.175
2024-05-28,182.14999389648438,182.24000549316406,179.49000549316406,179.92999267578125,29927000,-0.0074435279049273936,0.00041957613693787554,28.745941204003984,0.15848437652962843,0.052908066332368366,-0.027599183697968228,0.007745471073219212,0.0,0,5.33,3.9,313.175
2024-05-29,182.02000427246094,184.0800018310547,181.5500030517578,181.6999969482422,32009300,-0.0054149520424658735,-0.0011216722719856716,29.959756390654476,0.04937577808613014,0.04811806360014496,-0.017506084906115063,-0.0007136405620595809,0.0,0,5.33,3.9,313.175
2024-05-30,179.32000732421875,181.33999633789062,178.36000061035156,181.30999755859375,29184700,-0.0165840001089866,-0.016307793089860766,18.42427099365983,-0.2520552254326276,0.0636310787507677,-0.0022659958145043123,-0.014833517662161122,0.0,0,5.33,3.9,313.175
2024-05-31,176.44000244140625,179.2100067138672,173.8699951171875,178.3000030517578,58903900,-0.028547818629559532,-0.03192495883917168,17.491119240761364,-0.715090672112666,0.08482350879398408,0.005496128412830803,-0.016060700229647673,0.0,1,5.33,3.9,313.175
2024-06-03,178.33999633789062,178.6999969482422,175.9199981689453,177.6999969482422,30786600,-0.014636268513376726,-0.021520645302483363,27.100655526119155,-0.9181520853519487,0.07355091727870142,-0.009913996723826889,0.01076849847083472,0.0,1,5.33,4.1,313.044
2024-06-04,179.33999633789062,179.82000732421875,176.44000244140625,177.63999938964844,27198400,-0.006806284049799853,-0.016084794745246114,29.074111403381224,-0.9870104337832686,0.06460013383557373,-0.01768919210774525,0.00560726713319748,0.0,1,5.33,4.1,313.044
2024-06-05,181.27999877929688,181.5,178.75,180.10000610351562,32116400,0.0049783129316049455,-0.005612638178924553,37.816829529944926,-0.8749532706040952,0.04913985581207447,-0.02826053273398075,0.010817455564965828,0.0,1,5.33,4.1,313.044
2024-06-06,185.0,185.0,181.49000549316406,181.75,31371200,0.024539094472851845,0.014047570170425539,53.31077084645463,-0.48043598531526754,0.025539269034202856,-0.04691764081418603,0.020520748266509736,0.0,0,5.33,4.1,313.044
2024-06-07,184.3000030517578,186.2899932861328,183.36000061035156,184.89999389648438,28021500,0.01882872180956993,0.009715857296959734,49.0157619265745,-0.2217064045605639,0.02427918984316777,-0.040963967524767435,-0.003783767287795614,0.0,1,5.33,4.1,313.044
2024-06-10,187.05999755859375,187.22999572753906,183.7899932861328,184.07000732421875,34445600,0.030491654364929042,0.024087332905854887,58.02921867505901,0.20369902711235,0.00869690475875599,-0.05486922123971668,0.014975553234585881,0.0,1,5.33,4.1,313.044
2024-06-11,187.22999572753906,187.77000427246094,184.5399932861328,187.05999755859375,27265100,0.028549743943164105,0.02431592089639356,59.40094042101666,0.5482336320470154,0.00847016504718641,-0.05606398606467532,0.0009087895389929823,0.0,0,5.33,4.1,313.044
2024-06-12,186.88999938964844,188.35000610351562,185.42999267578125,188.02000427246094,33984200,0.023942580002908866,0.021762681704088585,58.53769070910491,0.7847982598758279,0.010115032027173846,-0.054253290095435024,-0.0018159287809064173,0.0,0,5.33,4.1,313.044
2024-06-13,183.8300018310547,187.6699981689453,182.6699981689453,186.08999633789062,39721500,0.0046947477444977325,0.004877075905893212,56.04348362597076,0.717094977747081,0.025424698954082586,-0.03818107304483658,-0.016373254687715777,0.0,0,5.33,4.1,313.044
2024-06-14,183.66000366210938,183.72000122070312,182.22999572753906,183.0800018310547,25456400,-0.00017962364162116122,0.003546252927964778,56.362064203105675,0.6423179657047342,0.02638781617050224,-0.03728843697373311,-0.0009247574783878276,0.0,1,5.33,4.1,313.044
2024-06-17,184.05999755859375,185.0,181.22000122070312,182.52000427246094,35601900,-0.0011125380931469723,0.005842902412016169,54.36672783216002,0.6083204697705185,0.023765242005349848,-0.039336228784602814,0.002177904217078641,0.0,0,5.33,4.1,313.044
2024-06-18,182.80999755859375,184.2899932861328,181.42999267578125,183.74000549316406,36659200,-0.009761022890663253,-0.0007281085855889543,51.7181255894618,0.4750367282862271,0.030483704853199078,-0.03288507987202112,-0.006791263808433312,0.0,1,5.33,4.1,313.044
2024-06-20,186.10000610351562,186.50999450683594,182.72000122070312,182.91000366210938,44726800,0.005435107880579941,0.017207843090863054,64.37659592917537,0.6276494446294976,0.014168571157373034,-0.05029974262401243,0.017996874289478493,0.0,1,5.33,4.1,313.044
2024-06-21,189.0800018310547,189.27999877929688,185.86000061035156,187.8000030517578,70792500,0.019288209267650954,0.03314275538176955,76.68921335325741,0.9777855688089119,0.0031328374191976036,-0.06706875276536048,0.01601287280926522,0.0,0,5.33,4.1,313.044
2024-06-24,185.57000732421875,191.0,185.3300018310547,189.3300018310547,50610400,-0.0003178034143472496,0.014349721354332021,64.29422156577394,0.9609663257396619,0.023449196711587548,-0.04832936790077165,-0.0185635417434159,0.0,1,5.33,4.1,313.044
2024-06-25,186.33999633789062,188.83999633789062,185.4199981689453,186.80999755859375,45366400,0.0042197039312887805,0.018535198821665107,63.966498815706956,0.9982612979214593,0.020856128400438583,-0.050897944722086065,0.004149318226444709,0.0,1,5.33,4.1,313.044
2024-06-26,193.61000061035156,194.8000030517578,186.25999450683594,186.9199981689453,65103900,0.03982383705811306,0.05711858464880722,70.28630217253445,1.5960481691101052,-0.007646902397259381,-0.09044720305712123,0.03901472799901873,0.0,1,5.33,4.1,313.044
2024-06-27,197.85000610351562,199.83999633789062,194.1999969482422,195.00999450683594,74397500,0.056377530712924985,0.07855785479037723,70.78618128108778,2.3844451796771295,-0.014779327429228863,-0.11607237750613505,0.0218997235669518,0.0,0,5.33,4.1,313.044
2024-06-28,193.25,198.85000610351562,192.5,197.72999572753906,76930200,0.026653128014034976,0.052108352338699634,62.85550344605088,2.6080099269386494,0.013815340898468665,-0.09296669482088954,-0.023249966952787915,0.0,1,5.33,4.1,313.044
2024-07-01,197.1999969482422,198.3000030517578,192.82000732421875,193.49000549316406,41192000,0.04015568508905726,0.07151549166087993,64.0833384549198,3.0685460532632476,0.0002524138184866904,-0.10735177445819197,0.02043982896891161,0.0,1,5.33,4.2,313.569
2024-07-02,200.0,200.42999267578125,195.92999267578125,197.27999877929688,45600000,0.04612905392866629,0.0837418126816769,66.52861468091031,3.617757836669057,-0.004222426868342808,-0.11854756977472349,0.014198798656638534,0.0,0,5.33,4.2,313.569
2024-07-03,197.58999633789062,200.02999877929688,196.75999450683594,199.94000244140625,31597900,0.025594418887991823,0.06832544561199001,63.144960381507246,3.8145729550475664,0.013025196306288903,-0.10366233551534623,-0.012050018310546862,0.0,1,5.33,4.2,313.569
2024-07-05,200.0,200.5500030517578,198.1699981689453,198.64999389648438,39858900,0.030667508896399447,0.07896863361329277,70.18726209339903,4.117552921637213,0.00806733574707124,-0.11235233177978614,0.012196992290986808,0.0,0,5.33,4.2,313.569
2024-07-08,199.2899932861328,201.1999969482422,197.9600067138672,200.0399932861328,34767300,0.021633227035989803,0.07251140111140486,69.25349243470282,4.251367996102488,0.01796115542161705,-0.10832187124712327,-0.0035500335693359197,0.0,1,5.33,4.2,313.569
2024-07-09,199.33999633789062,200.57000732421875,199.0500030517578,199.39999389648438,32700100,0.014726606984950425,0.06982463388974022,68.98607219102296,4.311749075711504,0.022923442917323466,-0.10621828354204747,0.0002509059834530092,0.0,1,5.33,4.2,313.569
2024-07-10,199.7899932861328,200.11000061035156,197.69000244140625,200.0,32883800,0.010101495573028635,0.06992332951446179,71.5263540911836,4.345816640214139,0.025926332924305764,-0.10716657565048988,0.002257434315787954,0.0,0,5.33,4.2,313.569
2024-07-11,195.0500030517578,200.27000427246094,192.86000061035156,200.08999633789062,44565000,-0.01458044774450585,0.04296559917810889,60.943992518752566,3.944863896951631,0.05239738155301624,-0.08299982325650263,-0.023724863074531144,0.0,0,5.33,4.2,313.569
2024-07-12,194.49000549316406,196.47000122070312,193.8300018310547,194.8000030517578,30598500,-0.015738830996824806,0.037808064824076094,57.03145761690009,3.5410992484455903,0.05639895828841669,-0.07742322948296343,-0.0028710461411536325,0.0,0,5.33,4.2,313.569
2024-07-15,192.72000122070312,196.19000244140625,190.8300018310547,194.55999755859375,40683200,-0.024434678379271196,0.026859696449815604,59.73317690967447,3.0432080947081204,0.0650459464748672,-0.0632817400530325,-0.009100746683474936,0.0,1,5.33,4.2,313.569
2024-07-16,193.02000427246094,196.6199951171875,192.24000549316406,195.58999633789062,33994700,-0.020844193752044868,0.027549330346177837,59.21125665257074,2.6423738661969765,0.06173571665352073,-0.05823353135497071,0.0015566783408964557,0.0,0,5.33,4.2,313.569
2024-07-17,187.92999267578125,191.5800018310547,185.99000549316406,191.35000610351562,48076100,-0.04079177416356506,0.0002692825895793914,41.66666293555003,1.8921766211474562,0.0886624886303118,-0.028836942072856548,-0.02637038381521739,0.0,0,5.33,4.2,313.569
2024-07-18,183.75,189.67999267578125,181.4499969482422,189.58999633789062,51043600,-0.05545445630129727,-0.021463369359183394,29.276898870437606,0.9494052713039025,0.11267068465414976,-0.005476126166692146,-0.022242286163404512,0.0,0,5.33,4.2,313.569
2024-07-19,183.1300048828125,184.92999267578125,180.11000061035156,181.13999938964844,43081800,-0.050406762710902976,-0.0241799360522812,33.15580519550444,0.15048901610890653,0.11836586259024087,-0.005659098629945015,-0.0033741230867346816,0.0,0,5.33,4.2,313.569
2024-07-22,182.5500030517578,185.05999755859375,182.47999572753906,185.0,39931900,-0.04512570736128564,-0.026705210807449885,22.53470843541136,-0.5234254497389657,0.12490234580123415,-0.009060145499769749,-0.003167158934036185,0.0,1,5.33,4.2,313.569
2024-07-23,186.41000366210938,189.38999938964844,183.55999755859375,184.10000610351562,47537700,-0.018295367046944705,-0.0057974088260601365,25.49586917835883,-0.7375358748653582,0.10127679702455407,-0.028796821882603504,0.021144894800451786,0.0,0,5.33,4.2,313.569
2024-07-24,180.8300018310547,185.4499969482422,180.41000366210938,183.1999969482422,41532400,-0.03807689909149778,-0.03487328781999348,22.880275823517593,-1.342009591901899,0.13855908685921176,-0.005174159585909037,-0.029934025650088625,0.0,0,5.33,4.2,313.569
2024-07-25,179.85000610351562,183.89999389648438,176.8000030517578,182.91000366210938,44464200,-0.03549132362391408,-0.039414678024723954,15.812702643648521,-1.8784828516982657,0.1478184580281641,-0.010459615608986351,-0.005419431054668911,0.0,1,5.33,4.2,313.569
2024-07-26,182.5,183.19000244140625,180.24000549316406,180.38999938964844,29506000,-0.014945844925838133,-0.024784893565498196,23.27284386332667,-2.065993922740006,0.12896429139136126,-0.031051961286481064,0.014734466536293178,0.0,1,5.33,4.2,313.569
2024-07-29,183.1999969482422,184.75,182.3800048828125,183.83999633789062,33270100,-0.006060235281573198,-0.020752370372471258,24.828433717278187,-2.1335200033517765,0.12421413956451523,-0.03980362482608216,0.003835599716395466,0.0,0,5.33,4.2,313.569
2024-07-30,181.7100067138672,185.86000061035156,179.3800048828125,184.72000122070312,39508600,-0.008057356240436247,-0.028517319578875537,22.688821891538055,-2.280971053828523,0.13046184954717951,-0.03748410003668099,-0.008133134602594794,0.0,1,5.33,4.2,313.569
2024-07-31,186.97999572753906,187.94000244140625,184.4600067138672,185.0500030517578,41667300,0.021240769864492345,-0.0005858395766454247,38.00176408614621,-1.9501034250050964,0.09152489224744557,-0.06450056264714867,0.029002194810164417,0.0,0,5.33,4.2,313.569
2024-08-01,184.07000732421875,190.60000610351562,181.8699951171875,189.2899932861328,70435600,0.005171413127431304,-0.016195563490385607,35.519721728273694,-1.9007890764766273,0.10332710133702815,-0.051602287083577364,-0.015563100170141508,0.0,0,5.33,4.2,314.062
2024-08-02,167.89999389648438,168.77000427246094,160.5500030517578,166.75,141448400,-0.07544057001256248,-0.10115466860699406,25.36718940716031,-3.1304066657225746,0.21084814921154818,0.019354439166288966,-0.0878470841762542,0.0,0,5.33,4.2,314.062
2024-08-05,161.02000427246094,162.9600067138672,151.61000061035156,154.2100067138672,83149400,-0.10268768609263002,-0.13594090864887026,21.910093095821836,-4.60693920091461,0.2681971334268211,0.0335293119908848,-0.04097671157906757,0.0,1,5.33,4.2,314.062
2024-08-06,161.92999267578125,165.0800018310547,158.5399932861328,161.7100067138672,59950800,-0.0851361184343894,-0.1292710114861495,25.369429075457376,-5.638674286615952,0.2587836957293413,0.006905295213573175,0.005651399696776416,0.0,1,5.33,4.2,314.062
2024-08-07,162.77000427246094,167.5800018310547,161.42999267578125,166.5500030517578,48408200,-0.07091034724407813,-0.12305841813623468,28.78234818278588,-6.3157458726967945,0.24378474645612933,-0.012532099932338687,0.0051874985158653075,0.0,1,5.33,4.2,314.062
2024-08-08,165.8000030517578,166.69000244140625,162.5500030517578,165.1699981689453,44616200,-0.04596403327088215,-0.1051574741466822,33.28831717352273,-6.532531447799755,0.21300447397277017,-0.04016975638138391,0.018615215947435537,0.0,1,5.33,4.2,314.062
2024-08-09,166.94000244140625,168.5500030517578,165.85000610351562,166.39999389648438,36401000,-0.030725987438520397,-0.09753575486793843,35.10779130524911,-6.5369927710247,0.1943397676702839,-0.052845834076269756,0.00687575011257735,0.0,0,5.33,4.2,314.062
2024-08-12,166.8000030517578,168.5500030517578,166.11000061035156,168.13999938964844,30072800,-0.02222846476486493,-0.09707033613026098,29.862376192632595,-6.477160508098535,0.18491577291202105,-0.05716399717962449,-0.000838620987187122,0.0,1,5.33,4.2,314.062
2024-08-13,170.22999572753906,171.0399932861328,167.10000610351562,167.80999755859375,39237900,0.004638674029566988,-0.07788297429801136,38.61192731116489,-6.0828519347111865,0.14753366421050262,-0.07604208997904206,0.020563504874259175,0.0,0,5.33,4.2,314.062
2024-08-14,170.10000610351562,172.27999877929688,168.86000061035156,172.11000061035156,28843800,0.013972703234864825,-0.07776383135600164,39.33025552242634,-5.714970008934216,0.13946014833120582,-0.07686761108980468,-0.0007636117446156998,0.0,1,5.33,4.2,314.062
2024-08-15,177.58999633789062,177.91000366210938,173.99000549316406,174.86000061035156,51698500,0.06272587873291344,-0.03697238803271936,45.141490489290454,-4.764123467091196,0.0875021283871843,-0.11536963202037259,0.04403286281963403,0.0,0,5.33,4.2,314.062
2024-08-16,177.05999755859375,178.33999633789062,176.25999450683594,177.0399932861328,31489200,0.053778013734562875,-0.03940679808225275,43.903885269281886,-4.0071453273336886,0.08696623300183148,-0.11235871636332212,-0.002984395462729106,0.0,1,5.33,4.2,314.062
2024-08-19,178.22000122070312,178.3000030517578,176.16000366210938,177.63999938964844,31129800,0.04993402396768996,-0.03240167248548769,46.51208397801244,-3.275869907727696,0.07701587838216069,-0.11769032849811276,0.006551472258579993,0.0,1,5.33,4.2,314.062
2024-08-20,178.8800048828125,179.00999450683594,177.42999267578125,177.9199981689453,26255200,0.04340321253851119,-0.028246452226445538,41.08322697750452,-2.6129516098313275,0.06663418237560113,-0.11874737276583999,0.003703308593809629,0.0,1,5.33,4.2,314.062
2024-08-21,180.11000061035156,182.38999938964844,178.88999938964844,179.9199981689453,35599100,0.040058204614515425,-0.02082520098001018,45.47324076422366,-1.965674633387124,0.058831361057448656,-0.12464669217977824,0.006876093995775934,0.0,0,5.33,4.2,314.062
2024-08-22,176.1300048828125,181.47000122070312,175.67999267578125,181.3800048828125,32047500,0.011044416305512826,-0.04130553931101556,63.04282429686147,-1.7536404832885353,0.08064619688125005,-0.1048669876456849,-0.022097583221652117,0.0,1,5.33,4.2,314.062
2024-08-23,177.0399932861328,178.97000122070312,175.24000549316406,177.33999633789062,29150100,0.010409967788955457,-0.03531795351604433,81.31355851320204,-1.494940686983,0.07117040663605549,-0.1086307869181208,0.005166572293719973,0.0,0,5.33,4.2,314.062
2024-08-26,175.5,177.47000122070312,174.3000030517578,176.6999969482422,22366200,-0.003327919657622017,-0.04284039477627479,75.88711855881367,-1.398067767552135,0.07493402487245814,-0.0995607975003294,-0.00869856159361615,0.0,0,5.33,4.2,314.062
2024-08-27,173.1199951171875,174.88999938964844,172.25,174.14999389648438,29842000,-0.018455024140680367,-0.054733948976886104,68.64866291547277,-1.4960957242616928,0.0842536333018886,-0.08668541473735711,-0.013561281383547064,0.0,0,5.33,4.2,314.062
2024-08-28,170.8000030517578,173.69000244140625,168.9199981689453,173.69000244140625,29045000,-0.03199295334427091,-0.06604912243219135,59.24558007776128,-1.7409193226380637,0.08516259831839626,-0.06993429137124296,-0.013401063602498708,0.0,1,5.33,4.2,314.062
2024-08-29,172.1199951171875,174.2899932861328,170.80999755859375,173.22000122070312,26407800,-0.021478382157517267,-0.057729689915800866,59.51506990917581,-1.8075946344070815,0.06607897343423898,-0.07324833500478445,0.007728290643119529,0.0,1,5.33,4.2,314.062
2024-08-30,178.5,178.89999389648438,172.60000610351562,172.77999877929688,43429400,0.013962578166926604,-0.02198854860961893,67.4835862864033,-1.3302874990227735,0.032420853461966534,-0.10488023516386617,0.037067191865004956,0.0,0,5.33,4.2,314.062
2024-09-03,176.25,178.25999450683594,175.25999450683594,177.5500030517578,37817500,0.0023031664584073825,-0.0329568330064993,59.32467942551615,-1.120656125157268,0.044064872482678756,-0.08327622034670808,-0.012605042016806678,0.0,0,5.13,4.1,314.732
2024-09-04,173.3300018310547,175.97999572753906,172.5399932861328,174.47999572753906,30309200,-0.011181456816808577,-0.04769909637625627,54.60507452101403,-1.1765783371710086,0.057827267452420575,-0.05742919907617908,-0.016567365497562103,0.0,1,5.13,4.1,314.732
2024-09-05,177.88999938964844,179.8800048828125,175.0,175.0,40170500,0.016119451492428917,-0.02173746168092392,50.466713351453365,-0.843223246898873,0.028472890688786816,-0.07085300446107709,0.026308183871355473,0.0,0,5.13,4.1,314.732
2024-09-06,171.38999938964844,178.3800048828125,171.16000366210938,177.24000549316406,41466500,-0.01835114237679791,-0.05517358953601097,42.56100417404883,-1.0909567431597225,0.0644994435588582,-0.02937486661655423,-0.03653943460735232,0.0,1,5.13,4.1,314.732
2024-09-09,175.39999389648438,175.85000610351562,173.50999450683594,174.52999877929688,29037400,0.005560942062579566,-0.030668275922334988,46.55760496387955,-0.9527317810733678,0.038002588049945656,-0.044581770989609824,0.023396899008788496,0.0,1,5.13,4.1,314.732
2024-09-10,179.5500030517578,180.5,176.7899932861328,177.49000549316406,36233800,0.02696830721523367,-0.006228833771277941,50.753654302518335,-0.5025236669830804,0.013273929950420916,-0.05882673874458215,0.023660258265018275,0.0,1,5.13,4.1,314.732
2024-09-11,184.52000427246094,184.99000549316406,175.72999572753906,180.10000610351562,42564700,0.04855805809041593,0.02271457238127032,54.575644564682555,0.25239758721193084,-0.006421424471345035,-0.08402951937470812,0.02768031821904482,0.0,1,5.13,4.1,314.732
2024-09-12,187.0,187.41000366210938,183.5399932861328,184.8000030517578,33544200,0.05295757381309803,0.037955880543284755,61.64061003819111,1.0388181995363652,-0.010201960050943686,-0.09653601112740703,0.013440254011034547,0.0,0,5.13,4.1,314.732
2024-09-13,186.49000549316406,188.5,185.91000366210938,187.0,26495400,0.04165738376508903,0.03640220264230964,60.20740623537245,1.6024379983958283,0.000498968215616818,-0.09728705416917738,-0.0027272433520638684,0.0,0,5.13,4.1,314.732
2024-09-16,184.88999938964844,185.80999755859375,183.36000061035156,185.2899932861328,26065500,0.029047529644514722,0.029238861881020827,60.12945118058936,1.898123245673105,0.014415272640394229,-0.09049834007212691,-0.008579580976924128,0.0,1,5.13,4.1,314.732
2024-09-17,186.8800048828125,189.4499969482422,186.13999938964844,186.85000610351562,26091700,0.034005796826878716,0.041756113914989026,64.96955213652967,2.2669013192547425,0.01025345259752915,-0.10218949959146299,0.010763186217390919,0.0,0,5.13,4.1,314.732
2024-09-18,186.42999267578125,188.8000030517578,185.05999755859375,186.4499969482422,34448100,0.024093034792459746,0.04074550994677791,67.72509130526119,2.4940979664372094,0.01801001765420189,-0.10129053220517621,-0.0024080275860086653,0.0,1,5.13,4.1,314.732
2024-09-19,189.8699951171875,190.99000549316406,188.47000122070312,190.0399932861328,39543200,0.0361707212697746,0.061124592486573925,69.20579047820316,2.9180944179153414,0.007779971146598985,-0.12064662570502861,0.01845197970580159,0.0,1,5.13,4.1,314.732
2024-09-20,191.60000610351562,191.83999633789062,187.41000366210938,190.22999572753906,100378600,0.034205457099002454,0.07120616579429875,65.76034318300475,3.3550373070948183,0.008483656242133316,-0.13031566175823311,0.009111555436973395,0.0,1,5.13,4.1,314.732
2024-09-23,193.8800048828125,194.4499969482422,190.57000732421875,191.63999938964844,36993100,0.036176404585992264,0.08402722805653695,71.19499098194775,3.841017680645507,0.007667528212006744,-0.14290070718402967,0.011899784481557152,0.0,1,5.13,4.1,314.732
2024-09-24,193.9600067138672,195.3699951171875,190.1300048828125,194.27000427246094,43478900,0.02868176791931727,0.08432418079305971,76.61934017504082,4.1843811657549,0.016668335871383513,-0.1431532376085143,0.0004126358007008335,0.0,0,5.13,4.1,314.732
2024-09-25,192.52999877929688,193.9499969482422,192.16000366210938,193.75,26391100,0.016778172788046275,0.07638876169672143,70.55022821758956,4.291638178786513,0.030140497665984044,-0.1326284023036638,-0.007372694808574054,0.0,0,5.13,4.1,314.732
2024-09-26,191.16000366210938,194.52999877929688,189.5399932861328,194.30999755859375,36334900,0.0073299742271690045,0.06834360210056611,82.42043444208397,4.217476533736033,0.03964790783861695,-0.11788606212224496,-0.007115748848874004,0.0,0,5.13,4.1,314.732
2024-09-27,187.97000122070312,190.89999389648438,187.33999633789062,190.67999267578125,36002300,-0.010251847429689804,0.05002022329347922,71.18299411249214,3.856837140906407,0.056602357622334884,-0.0937944644522035,-0.016687603998192135,0.0,0,5.13,4.1,314.732
2024-09-30,186.3300018310547,188.49000549316406,184.64999389648438,187.13999938964844,41583900,-0.019630538220399812,0.04048702904947942,62.48157261960943,3.3995061879094806,0.06657835600426365,-0.0822924190914492,-0.008724793206352333,0.0,0,5.13,4.1,314.732
2024-10-01,185.1300048828125,186.19000244140625,183.4499969482422,184.89999389648438,36044900,-0.025046589344947905,0.03348832580303689,51.3039756955657,2.90673139766281,0.07261651397983789,-0.07067197246056926,-0.006440170323887107,0.0,0,4.83,4.1,315.631
2024-10-02,184.75999450683594,186.60000610351562,184.0399932861328,184.44000244140625,23704100,-0.02613869573905403,0.03161279008740393,44.73684021829774,2.4580126414353742,0.07110800583549708,-0.058967861501354905,-0.0019986515757441925,0.0,0,4.83,4.1,315.631
2024-10-03,181.9600067138672,183.44000244140625,180.8800048828125,183.0500030517578,30204300,-0.03688175446608386,0.015850788519444683,40.39034470436062,1.8550799726849334,0.08629014443833269,-0.04095056972716658,-0.015154729791167831,0.0,1,4.83,4.1,315.631
2024-10-04,186.50999450683594,187.60000610351562,183.60000610351562,185.75,40890300,-0.010131713071666087,0.040478839720641355,53.05428718722958,1.7245183043260113,0.05154915041807867,-0.047999671762099023,0.02500542770436165,0.0,0,4.83,4.1,315.631
2024-10-07,180.8000030517578,183.60000610351562,180.25,182.9499969482422,42364200,-0.03372863424187675,0.008815993951709521,39.947088745686386,1.1470758748154708,0.07984004999369203,-0.010028120473429934,-0.03061493551686767,0.0,1,4.83,4.1,315.631
2024-10-08,182.72000122070312,183.08999633789062,180.9199981689453,181.9199981689453,26372100,-0.017565742759807688,0.01958368772836841,44.15012227244862,0.8347538722964316,0.06654950015401857,-0.016751993102089628,0.010619458719785868,0.0,1,4.83,4.1,315.631
2024-10-09,185.1699981689453,185.85000610351562,182.0500030517578,182.82000732421875,26343100,-0.0004372597567093853,0.032855927985095956,42.35026188802765,0.7759856340310591,0.05237572988867,-0.02934820877485515,0.013408477078997505,0.0,1,4.83,4.1,315.631
2024-10-10,186.64999389648438,188.1300048828125,185.8300018310547,187.1300048828125,27785000,0.010010789483140495,0.04114949483809948,41.87722847642323,0.8391613386235974,0.04396183639210699,-0.0371629399627045,0.007992632403596822,0.0,1,4.83,4.1,315.631
2024-10-11,188.82000732421875,189.92999267578125,186.3000030517578,186.6300048828125,25751600,0.021283536797883775,0.052696171057306535,41.66666666666667,1.052201365361583,0.03268810051947637,-0.047718354651600244,0.011626110360002828,0.0,0,4.83,4.1,315.631
2024-10-14,187.5399932861328,189.8300018310547,187.36000061035156,189.77999877929688,22614400,0.013696818122749525,0.043275245712393134,39.82887527824568,1.1050127865156867,0.039949266709169755,-0.04001850649778581,-0.006779016992029097,0.0,1,4.83,4.1,315.631
2024-10-15,187.69000244140625,188.41000366210938,184.5800018310547,187.6300048828125,32178900,0.013105779577499976,0.041020742674619706,42.00793174866334,1.1457630600740174,0.039301303996508025,-0.04053740491377525,0.0007998782160802964,0.0,0,4.83,4.1,315.631
2024-10-16,186.88999938964844,187.77999877929688,185.61000061035156,187.0500030517578,23456800,0.007629057229537367,0.03372135706597136,42.81386181836858,1.1008148764244936,0.043809155765711705,-0.03624319185463794,-0.004262363692000948,0.0,1,4.83,4.1,315.631
2024-10-17,187.52999877929688,188.94000244140625,186.0,188.22000122070312,25039400,0.008052375823208514,0.034427968992312104,49.18998088718947,1.1041082465123395,0.03921296871635884,-0.03974619232332413,0.0034244710350397334,0.0,1,4.83,4.1,315.631
2024-10-18,188.99000549316406,190.74000549316406,186.27999877929688,187.14999389648438,37417700,0.014548020096352714,0.03982123460296857,54.92958224416089,1.210573864108909,0.029346307160344504,-0.04670706072279402,0.007785456851548744,0.0,1,4.83,4.1,315.631
2024-10-21,189.07000732421875,189.4600067138672,186.39999389648438,188.0500030517578,24639400,0.010491358335673004,0.03773433239570773,57.61794281438928,1.286573296166324,0.02433064399570649,-0.04507434832304628,0.0004233124965837831,0.0,1,4.83,4.1,315.631
2024-10-22,189.6999969482422,191.52000427246094,186.97999572753906,188.35000610351562,29650600,0.010090235297181177,0.03858133423005595,59.456361724500525,1.3817107893395075,0.016132475517704255,-0.04569490379355184,0.003332044214411578,0.0,0,4.83,4.1,315.631
2024-10-23,184.7100067138672,189.16000366210938,183.69000244140625,188.85000610351562,31937100,-0.01623887231487751,0.009660986555451443,54.85694142909809,1.042440820401481,0.03840137831053112,-0.018965567699266744,-0.026304640562205495,0.0,1,4.83,4.1,315.631
2024-10-24,186.3800048828125,187.11000061035156,183.86000061035156,185.25,21647400,-0.0072017416275572755,0.016979509743707048,49.74441686302676,0.8979705753613416,0.02527094323105171,-0.02649429070047349,0.009041189476714617,0.0,1,4.83,4.1,315.631
2024-10-25,187.8300018310547,190.4499969482422,187.52999877929688,187.85000610351562,29362100,0.001049922563067294,0.023747368924883435,66.60367104464618,0.890217626253957,0.017265540236590885,-0.03399343946538143,0.007779788122410869,0.0,1,4.83,4.1,315.631
2024-10-28,188.38999938964844,190.2100067138672,188.2100067138672,189.57000732421875,27930800,0.0035798221907845265,0.025532981772284517,64.31094018265861,0.9186706180803696,0.01528544877957661,-0.03681523654560619,0.002981406341556969,0.0,1,4.83,4.1,315.631
2024-10-29,190.8300018310547,191.4600067138672,187.82000732421875,188.5800018310547,35690200,0.014880443430636155,0.037391321842326984,64.29292532293887,1.1251377367109114,0.0056230207427299716,-0.04946309731253701,0.012951868195294036,0.0,1,4.83,4.1,315.631
2024-10-30,192.72999572753906,195.61000061035156,192.4199981689453,194.6999969482422,37707600,0.021811478316685385,0.0461447669308039,65.0346114634012,1.4256441064491412,0.0007589135414028297,-0.059748120281492,0.009956473710913016,0.0,0,4.83,4.1,315.631
2024-10-31,186.39999389648438,190.60000610351562,185.22999572753906,190.50999450683594,75146800,-0.01115636086249456,0.011094886516302306,45.03688896009934,1.139879502411219,0.03326069872678838,-0.02395268974505875,-0.03284388507953562,0.0,1,4.83,4.1,315.631
2024-11-01,197.92999267578125,200.5,197.02000427246094,199.0,99687800,0.04505347259043826,0.07110422486347356,65.00144744837104,1.8227717579674163,-0.01494912531386973,-0.08702119586619074,0.06185621865256041,0.0,0,4.64,4.2,316.528
2024-11-04,195.77999877929688,197.3300018310547,194.30999755859375,196.4499969482422,38492100,0.030052399844949066,0.05732495577618345,61.042863772201905,2.165519490572933,-0.00013240144991174196,-0.07334291598948599,-0.01086239567545566,0.0,1,4.64,4.2,316.528
2024-11-05,199.5,199.82000732421875,195.99000549316406,196.0399932861328,30564800,0.04424019328204198,0.07462937180357222,65.94185760742792,2.7061279882478573,-0.00970451513610744,-0.09128295414745308,0.0190009257528736,0.0,1,4.64,4.2,316.528
2024-11-06,207.08999633789062,207.5500030517578,199.13999938964844,200.00999450683594,72292200,0.07141747414375499,0.11144622657100417,71.03226924265822,3.7043123824603015,-0.02644069816181859,-0.1335621680649669,0.038045094425516846,0.0,1,4.64,4.2,316.528
2024-11-07,210.0500030517578,212.25,207.19000244140625,207.44000244140625,52878400,0.07358438061757472,0.12260289191605007,71.93751140436262,4.680277188348811,-0.02101976242869283,-0.1537719774415382,0.01429333510169939,0.0,0,4.64,4.2,316.528
2024-11-08,208.17999267578125,209.9600067138672,207.44000244140625,209.72000122070312,36075800,0.05307350661299881,0.10833670837027026,69.19059428090894,5.2424108702251715,0.0007820044824769365,-0.14987887881273348,-0.008902691496347037,0.0,0,4.64,4.2,316.528
2024-11-11,206.83999633789062,209.64999389648438,205.58999633789062,208.5,35456000,0.03662050543817046,0.09788965697180785,66.97030155304304,5.516192128271172,0.016841277025226642,-0.14461633839161567,-0.006436720074140534,0.0,1,4.64,4.2,316.528
2024-11-12,208.91000366210938,209.5399932861328,206.00999450683594,208.3699951171875,38942900,0.03759297137003364,0.10504574563175835,75.43084911405704,5.832959314959737,0.016986169508176434,-0.1531548893052188,0.010007771034946433,0.0,1,4.64,4.2,316.528
2024-11-13,214.10000610351562,215.08999633789062,209.13999938964844,209.39999389648438,46212900,0.05220224219567469,0.12763504018724645,77.12328562598353,6.428683552677398,0.006079379737173774,-0.17472025285061815,0.024843245179395845,0.0,0,4.64,4.2,316.528
2024-11-14,211.47999572753906,215.89999389648438,210.8800048828125,214.16000366210938,42620300,0.026671702113020706,0.10990864460527962,72.62290516492448,6.613154038815026,0.0276629789889094,-0.16229032952467332,-0.012237320417028852,0.0,0,4.64,4.2,316.528
2024-11-15,202.61000061035156,207.33999633789062,199.61000061035156,206.75999450683594,86591100,-0.01861915356816716,0.05988305339745705,61.736544411677876,5.974740660613662,0.07474805586787181,-0.12098961226585761,-0.041942478231440816,0.0,0,4.64,4.2,316.528
2024-11-18,201.6999969482422,204.6699981689453,200.9499969482422,204.14999389648438,36409900,-0.025820359820179647,0.05222739620482615,59.20405736372653,5.333878141562735,0.08081028255826578,-0.11197535731536394,-0.004491405455644082,0.0,1,4.64,4.2,316.528
2024-11-19,204.61000061035156,205.3000030517578,198.77999877929688,199.3300018310547,31197900,-0.014198502615943128,0.06462465837672314,59.89010933173852,5.00312998553369,0.06767145622329145,-0.11955065279111175,0.014427385751800914,0.0,0,4.64,4.2,316.528
2024-11-20,202.8800048828125,203.1300048828125,199.4499969482422,202.97999572753906,32769000,-0.020546863784994308,0.053610122886530685,64.85755901291687,4.548975731342182,0.07519030436925238,-0.10150147866421018,-0.00845508881471324,0.0,0,4.64,4.2,316.528
2024-11-21,198.3800048828125,203.49000549316406,195.75,203.49000549316406,58800000,-0.0368453279490248,0.029024125073659014,50.46460044550728,3.7823423329717514,0.09662952209596612,-0.07212105999849565,-0.022180598835253806,0.0,0,4.64,4.2,316.528
2024-11-22,197.1199951171875,199.25999450683594,196.75,198.25,31530800,-0.03779601661909988,0.02136194096611133,51.409334493950404,3.038086414677565,0.10075509228297203,-0.05859291748437386,-0.006351495788949668,0.0,1,4.64,4.2,316.528
2024-11-25,201.4499969482422,201.9499969482422,199.0,199.27999877929688,40685700,-0.01406591292920837,0.04200933059191361,52.02491728095258,2.7657711100619338,0.07429586373905611,-0.06954528643115197,0.021966324768223133,0.0,1,4.64,4.2,316.528
2024-11-26,207.86000061035156,208.0,201.7899932861328,201.89999389648438,41673700,0.01782890113974788,0.07283688303316303,50.81967585907352,3.032239227809839,0.04158351088861423,-0.09046258157213177,0.03181932866326265,0.0,0,4.64,4.2,316.528
2024-11-27,205.74000549316406,207.63999938964844,205.0500030517578,206.97999572753906,28061600,0.011588998627892071,0.05978238263757426,45.32842591471624,3.0373386927334423,0.05161156799531401,-0.07406229380384116,-0.010199148999145757,0.0,1,4.64,4.2,316.528
2024-11-29,207.88999938964844,208.1999969482422,204.58999633789062,205.8300018310547,24892400,0.023967603963897015,0.06887285728546994,49.687574695210664,3.178229938273688,0.033101366866020956,-0.06566666444984168,0.010450052683389277,0.0,1,4.64,4.2,316.528
2024-12-02,210.7100067138672,212.99000549316406,209.50999450683594,209.9600067138672,39523200,0.03373335908180053,0.08124726049031566,54.04051781077775,3.4773535218879204,0.021676044721943993,-0.07450700948276724,0.01356490130596999,0.0,1,4.48,4.1,317.604
2024-12-03,213.44000244140625,214.02000427246094,209.64999389648438,210.30999755859375,32214800,0.04113010546969465,0.09306185297992833,54.66529049517659,3.8898590825074564,0.011037773706475325,-0.08049993571329202,0.012956175029913197,0.0,1,4.48,4.1,317.604
2024-12-04,218.16000366210938,220.0,215.75,215.9600067138672,48745700,0.057166263006484794,0.11447138821547588,54.222125744056115,4.545242635271052,-0.002442287387889291,-0.10023467322588672,0.02211394849472459,0.0,1,4.48,4.1,317.604
2024-12-05,220.5500030517578,222.14999389648438,217.3000030517578,218.02999877929688,41140200,0.059674247400357,0.12346444990618446,59.47754040469428,5.197577362846715,-0.002895312775536012,-0.11423914133446085,0.010955259211262725,0.0,1,4.48,4.1,317.604
2024-12-06,227.02999877929688,227.14999389648438,220.60000610351562,220.75,44178100,0.07599704953114485,0.15226223800188113,76.85877096614705,6.16635690986385,-0.015524533154507482,-0.1478723584158096,0.029381072944344444,0.0,0,4.48,4.1,317.604
2024-12-09,226.08999633789062,230.0800018310547,225.6699981689453,227.2100067138672,46819400,0.057028757122942884,0.14306831096019146,76.80808578195666,6.780114401119903,0.001086767309525545,-0.14892608521889927,-0.004140432746599476,0.0,0,4.48,4.1,317.604
2024-12-10,225.0399932861328,229.05999755859375,224.1999969482422,226.08999633789062,31199900,0.04064255087782404,0.13332362937595996,73.41277835133751,7.099951344258727,0.01570235786633533,-0.1468123202136584,-0.004644181824783544,0.0,1,4.48,4.1,317.604
2024-12-11,230.25999450683594,231.1999969482422,226.25999450683594,226.41000366210938,35385800,0.053864892013396885,0.15436481146089248,79.05346306755348,7.686035071226883,0.006173285978500041,-0.1703789200674811,0.02319588240507109,0.0,0,4.48,4.1,317.604
2024-12-12,228.97000122070312,231.08999633789062,227.6300048828125,229.8300018310547,28204100,0.036936069651347596,0.14283176478838183,84.83260508616993,7.954721887807011,0.021457987080961936,-0.16882664733969685,-0.0056023335225716675,0.0,0,4.48,4.1,317.604
2024-12-13,227.4600067138672,230.1999969482422,225.86000061035156,228.39999389648438,28768100,0.021048547738928055,0.13016193040303273,84.35237722390171,7.9541239983964545,0.036373635033332345,-0.16441817625973354,-0.006594726378065796,0.0,1,4.48,4.1,317.604
2024-12-16,232.92999267578125,233.0,228.00999450683594,230.22999572753906,37552100,0.035276623868478164,0.15202606158511436,84.74615321652436,8.299362435297041,0.023363504261499433,-0.18235112324049096,0.024048121869595374,0.0,0,4.48,4.1,317.604
2024-12-17,231.14999389648438,232.72999572753906,227.85000610351562,232.38999938964844,35948100,0.0193416746665785,0.13755702088064933,78.63291346305003,8.333274556625128,0.039032342492113486,-0.17110237700212838,-0.00764177579215608,0.0,0,4.48,4.1,317.604
2024-12-18,220.52000427246094,231.39999389648438,220.11000061035156,230.77000427246094,43281400,-0.028546230155146485,0.081221038235227,65.0264438306726,7.4169014103746065,0.09037460132911986,-0.12518780606294239,-0.045987410359975445,0.0,1,4.48,4.1,317.604
2024-12-19,223.2899932861328,226.08999633789062,222.9199981689453,224.91000366210938,39918700,-0.017529520557971294,0.09072521327418119,65.46185452662476,6.835389933230516,0.07803983239263222,-0.1280912792988578,0.012561168873593154,0.0,1,4.48,4.1,317.604
2024-12-20,224.9199981689453,226.2100067138672,218.72999572753906,219.83999633789062,88279200,-0.009437906183622918,0.09459495448680443,64.61633887915443,6.431922471040195,0.06860140093984243,-0.1209844605902973,0.00729994595290151,0.0,1,4.48,4.1,317.604
2024-12-23,225.05999755859375,226.8800048828125,223.89999389648438,225.00999450683594,28070000,-0.008371519300485923,0.0914264772439935,62.62495175671858,6.053685265694497,0.06288697917806477,-0.10406709255386534,0.0006224408269079884,0.0,1,4.48,4.1,317.604
2024-12-24,229.0500030517578,229.13999938964844,226.1300048828125,226.94000244140625,15007500,0.007428734600408567,0.10632186822186268,62.02253073743912,6.006648745112585,0.04205138501699874,-0.10530397789525799,0.017728630305015702,0.0,0,4.48,4.1,317.604
2024-12-26,227.0500030517578,228.5,226.6699981689453,228.5,16146700,4.4061232101225145e-05,0.09250783182121725,57.238313253339605,5.741800773202414,0.050175359739322675,-0.08791597296319854,-0.00873171784917226,0.0,0,4.48,4.1,317.604
2024-12-27,223.75,226.02999877929688,220.89999389648438,225.60000610351562,27367100,-0.012219776249693847,0.07282349921498546,46.06903034204289,5.205617067170152,0.05984008707878287,-0.06059092861378646,-0.014534256804240364,0.0,0,4.48,4.1,317.604
2024-12-30,221.3000030517578,223.0,218.42999267578125,220.05999755859375,28321200,-0.02037164731605006,0.05765133082858603,44.459869140689115,4.530765494582312,0.06492823582017782,-0.037485879808018555,-0.010949707031249978,0.0,0,4.48,4.1,317.604
2024-12-31,219.38999938964844,223.22999572753906,218.94000244140625,222.97000122070312,24819700,-0.022970590666225275,0.045484955121722355,43.59265334939159,3.798038010311501,0.06864288270326704,-0.019593244656990298,-0.008630834323407832,0.0,1,4.48,4.1,317.604
2025-01-02,220.22000122070312,225.14999389648438,218.19000244140625,222.02999877929688,33956600,-0.014477183683759933,0.046333847409647175,37.355161491549815,3.246892258328046,0.0603389847773257,-0.015933407524353887,0.003783225458606987,0.0,1,4.33,4.0,318.961
2025-01-03,224.19000244140625,225.36000061035156,221.6199951171875,222.50999450683594,27515600,0.0016441740272861397,0.06171683086129988,44.360545457033055,3.0947765413791046,0.040043230267045815,-0.029150711926415794,0.018027432561515733,0.0,1,4.33,4.0,318.961
2025-01-06,227.61000061035156,228.83999633789062,224.83999633789062,226.77999877929688,31849800,0.014965172273724276,0.0735510568657506,50.169331644725325,3.213149818883352,0.02467302285819784,-0.04089376385706437,0.015254909370185477,0.0,0,4.33,4.0,318.961
2025-01-07,222.11000061035156,228.3800048828125,221.4600067138672,227.89999389648438,28084200,-0.00831796903708416,0.04409051144721629,37.793328065745,2.830528884519083,0.049601737290031395,-0.01891425227934768,-0.02416414035082548,0.0,1,4.33,4.0,318.961
2025-01-08,222.1300048828125,223.52000427246094,220.1999969482422,223.19000244140625,25033300,-0.006929528503012501,0.04082815096075839,39.40320778771926,2.500093691187601,0.04925553106921044,-0.02053365881521539,9.006470850470016e-05,0.0,0,4.33,4.0,318.961
2025-01-10,218.94000244140625,221.7100067138672,216.5,221.4600067138672,36811500,-0.01674682734898463,0.022952192398031,47.75056753380763,1.9582414937793828,0.06547832699133262,-0.009983692448177614,-0.014360970473526025,0.0,0,4.33,4.0,318.961
2025-01-13,218.4600067138672,219.39999389648438,216.47000122070312,218.05999755859375,27262700,-0.015102995311752462,0.01808091718488887,42.64394752057589,1.4731070190402136,0.06561100617592727,-0.011001522831133249,-0.0021923619356289947,0.0,0,4.33,4.0,318.961
2025-01-14,217.75999450683594,221.82000732421875,216.1999969482422,220.44000244140625,24711700,-0.015600521923961405,0.012456689034009176,38.77743231608151,1.0203869323555637,0.06745948972213381,-0.01139312239662831,-0.003204303696411115,0.0,1,4.33,4.0,318.961
2025-01-15,223.35000610351562,223.57000732421875,220.75,222.8300018310547,31291300,0.0087347083991172,0.03489117305186589,47.71085705694812,1.0999902176527883,0.03907421681655896,-0.036307310304188586,0.025670516796895804,0.0,0,4.33,4.0,318.961
2025-01-16,220.66000366210938,224.64999389648438,220.30999755859375,224.4199981689453,24757300,-0.003985676135027644,0.020277958583337315,38.36339587103054,0.935234873569442,0.0438281609406765,-0.022206686778205423,-0.012043887924316987,0.0,1,4.33,4.0,318.961
2025-01-17,225.94000244140625,226.50999450683594,223.0800018310547,225.83999633789062,42370100,0.017220808851077136,0.041785790795091635,48.58886384771796,1.2166915878233624,0.014282734863909527,-0.04221051245108944,0.023928209424767255,0.0,1,4.33,4.0,318.961
2025-01-21,230.7100067138672,231.77999877929688,226.94000244140625,228.89999389648438,39951500,0.03565610589957157,0.06072688200346312,58.529412974672304,1.8038538376735858,-0.0009522632405161983,-0.06333194639676044,0.021111818274402117,0.0,1,4.33,4.0,318.961
2025-01-22,235.00999450683594,235.44000244140625,231.19000244140625,232.02000427246094,41448200,0.05146591441122486,0.07772988361674779,66.0726654244982,2.5863434717512064,-0.009482235006832287,-0.08523282571894215,0.018638063663626525,0.0,1,4.33,4.0,318.961
2025-01-23,235.4199981689453,235.52000427246094,231.50999450683594,234.10000610351562,26404400,0.04706498038582774,0.07710382387441411,69.47750822453804,3.20263799603444,-0.0030793901602187306,-0.09049377013387376,0.0017446222360446573,0.0,0,4.33,4.0,318.961
2025-01-24,234.85000610351562,236.39999389648438,232.92999267578125,234.5,25890700,0.038653769778920884,0.0718801164023421,67.8894590875031,3.603523079686056,0.005736749138288497,-0.09051429958455208,-0.002421170970448472,0.0,1,4.33,4.0,318.961
2025-01-27,235.4199981689453,235.61000061035156,225.86000061035156,226.2100067138672,49428300,0.03364095400587056,0.07168576058271907,64.97731939461404,3.9220104971147407,0.008146724744026163,-0.09485555584442251,0.0024270472668348475,0.0,1,4.33,4.0,318.961
2025-01-28,238.14999389648438,241.77000427246094,233.97999572753906,234.2899932861328,41587200,0.03666523070241293,0.08123492487489772,64.32064186422582,4.34461983664616,0.00438103364000205,-0.1083616587256185,0.011596277923593856,0.0,0,4.33,4.0,318.961
2025-01-29,237.07000732421875,240.38999938964844,236.14999389648438,239.02000427246094,26091700,0.023362049121156993,0.07409135483712255,73.10069720153342,4.540059907874394,0.01544270286317702,-0.10516730190724195,-0.004534900692607424,0.0,0,4.33,4.0,318.961
2025-01-30,234.63999938964844,237.9499969482422,232.22000122070312,237.13999938964844,32020700,0.007960059383863518,0.06085540619474496,67.97929997276313,4.4475971095505145,0.029799749083738784,-0.09405561291270248,-0.010250170242948609,0.0,1,4.33,4.0,318.961
2025-01-31,237.67999267578125,240.2899932861328,236.41000366210938,236.5,36110200,0.01360828327830728,0.07120286870355776,77.04965187567782,4.566976465774019,0.021554838960005523,-0.10287419140388988,0.012955989149507907,0.0,0,4.33,4.0,318.961
2025-02-03,237.4199981689453,239.25,232.89999389648438,234.05999755859375,37285900,0.0075667177095330666,0.06659693337055775,77.54212793273007,4.587721682033134,0.026680358328402425,-0.09865405269515083,-0.0010938846972727845,0.0,1,4.33,4.2,319.679
2025-02-04,242.05999755859375,242.52000427246094,238.02999877929688,239.00999450683594,29713800,0.022333717642941817,0.08379508772434574,81.67364702447415,4.921835729478403,0.014542543637923556,-0.11609172111568339,0.019543422733693472,0.0,0,4.33,4.2,319.679
2025-02-05,236.1699981689453,238.32000732421875,235.1999969482422,237.02000427246094,38727300,-0.003030971584048014,0.054280457589702145,66.58045270421479,4.657659197339854,0.04257101930196989,-0.0931489725127862,-0.024332807771026643,0.0,1,4.33,4.2,319.679
2025-02-06,238.8300018310547,239.66000366210938,236.00999450683594,238.00999450683594,60897100,0.00674876388203992,0.06231841706699553,73.51801372462971,4.609798568882894,0.03432569193960802,-0.09961481893281647,0.011263088803542765,0.0,0,4.33,4.2,319.679
2025-02-07,229.14999389648438,234.80999755859375,228.05999755859375,232.5,77539300,-0.031729214910315266,0.016365609974512006,53.7299486668851,3.7475732433297253,0.0772676509892987,-0.05776508686009919,-0.04053095448794508,0.0,1,4.33,4.2,319.679
2025-02-10,233.13999938964844,233.9199981689453,229.1999969482422,230.5500030517578,35419900,-0.013919489681851388,0.031164025307612774,52.875733054425346,3.347624229962605,0.0569714416094337,-0.0659402965712857,0.017412199866636335,0.0,0,4.33,4.2,319.679
2025-02-11,232.75999450683594,233.44000244140625,230.1300048828125,231.9199981689453,23713700,-0.0132772786142402,0.027220706739173404,47.06496114242311,2.965810519664757,0.055246971430088214,-0.05482159891364865,-0.0016299428832775575,0.0,0,4.33,4.2,319.679
2025-02-12,228.92999267578125,231.17999267578125,228.16000366210938,230.4600067138672,32285200,-0.026153039558767185,0.008254326959130562,42.22753549085989,2.327343101772726,0.06688915626733122,-0.02811742050720191,-0.01645472556041927,0.0,1,4.33,4.2,319.679
2025-02-13,230.3699951171875,230.4199981689453,227.52000427246094,228.85000610351562,31346500,-0.0182441214716183,0.012591328995622519,44.74423803427249,1.9154689024336449,0.057621118781203934,-0.02854612054308167,0.006290143220533118,0.0,0,4.33,4.2,319.679
2025-02-14,228.67999267578125,229.88999938964844,227.22999572753906,229.1999969482422,27031100,-0.021694041100429065,0.0035775300882806083,42.295376489816135,1.4361317264012428,0.05965602630678017,-0.012078576005941638,-0.007336035409240549,0.0,0,4.33,4.2,319.679
2025-02-18,226.64999389648438,229.3000030517578,223.72000122070312,228.82000732421875,42975100,-0.025890310818956038,-0.006483197824395993,36.64033722484374,0.8822792587806418,0.06866732141697598,-0.0024374158592220564,-0.008877028355405714,0.0,0,4.33,4.2,319.679
2025-02-19,226.6300048828125,226.8300018310547,223.7100067138672,225.52000427246094,28566700,-0.019473769790606322,-0.007307955180338086,37.56550773080275,0.43670023310087913,0.07030931690358383,-0.005697459606754756,-8.819331220011328e-05,0.0,0,4.33,4.2,319.679
2025-02-20,222.8800048828125,225.1300048828125,221.80999755859375,224.77999877929688,30001700,-0.030121550603259033,-0.023933059718599183,36.42033062586756,-0.2165220831222996,0.09141502683397253,0.002491946038135815,-0.016546793977871843,0.0,0,4.33,4.2,319.679
2025-02-21,216.5800018310547,223.30999755859375,214.74000549316406,223.27999877929688,55323900,-0.04832208734298929,-0.050653985550084,27.341081361505715,-1.228402806991511,0.13011980213140178,0.015997072808316616,-0.028266344731418536,0.0,0,4.33,4.2,319.679
2025-02-24,212.7100067138672,217.72000122070312,212.4199981689453,217.4499969482422,42387600,-0.058526164933616405,-0.06652257604421297,25.373744427365196,-2.3159055167274403,0.15835700665289987,0.016397269893220972,-0.017868663239768212,0.0,1,4.33,4.2,319.679
2025-02-25,212.8000030517578,213.33999633789062,204.16000366210938,211.6300048828125,58958000,-0.04957144078396647,-0.06512328603579488,17.93074544954048,-3.1343662735637565,0.16176675626061401,0.0014380870281109827,0.000423094048469963,0.0,1,4.33,4.2,319.679
2025-02-26,214.35000610351562,218.16000366210938,213.08999633789062,214.94000244140625,39120600,-0.03471162522059079,-0.056995539820274214,23.57075503257093,-3.616244215405686,0.15224036573628086,-0.015781371408264702,0.007283848822975836,0.0,0,4.33,4.2,319.679
2025-02-27,208.74000549316406,219.97000122070312,208.3699951171875,218.35000610351562,40548600,-0.05134996930753187,-0.08003847789014372,15.98463840853249,-4.400094569350813,0.18454625171757078,-0.004240673897127145,-0.02617215045770671,0.0,1,4.33,4.2,319.679
2025-02-28,212.27999877929688,212.6199951171875,206.99000549316406,208.64999389648438,51771700,-0.027264826109308665,-0.06318348696338202,27.85508435399113,-4.6816861848658675,0.16342755345606633,-0.030014133283440922,0.016958863624485065,0.0,0,4.33,4.2,319.679
2025-03-03,205.02000427246094,214.00999450683594,202.5500030517578,213.35000610351562,42948400,-0.05023532672433476,-0.09298836018995593,16.005796571050794,-5.4280987082806575,0.20341429748401238,-0.01038439786439538,-0.034200087377916355,0.0,0,4.33,4.2,319.785
2025-03-04,203.8000030517578,206.8000030517578,197.42999267578125,200.11000061035156,60853100,-0.04578633983509283,-0.09619852293823214,15.687199027486798,-6.048358204820914,0.20756414564939168,-0.017902746259728163,-0.005950644792114046,0.0,1,4.33,4.2,319.785
2025-03-05,208.36000061035156,209.97999572753906,203.25999450683594,204.8000030517578,38610100,-0.0160187521861567,-0.07497842260251641,26.04239123441998,-6.101628851797159,0.16862411696243154,-0.04305779480000711,0.022374865016246748,0.0,0,4.33,4.2,319.785
2025-03-06,200.6999969482422,205.77000427246094,198.3000030517578,204.39999389648438,49863800,-0.04216024904827555,-0.10719450630215475,19.816875824448417,-6.684885304932038,0.20790971044419354,-0.018891241378974848,-0.03676331176651382,0.0,0,4.33,4.2,319.785
2025-03-07,199.25,202.27000427246094,192.52999877929688,199.49000549316406,59802800,-0.04114995788983714,-0.11161583108213108,19.914118958096495,-7.181340854627621,0.20610156271506475,-0.021017498083046128,-0.007224698407026442,0.0,0,4.33,4.2,319.785
2025-03-10,194.5399932861328,196.72999572753906,190.85000610351562,195.60000610351562,62350900,-0.05555775113167339,-0.13024898397750195,18.879615829749824,-7.864190144473923,0.23437552284231522,-0.014179086515603305,-0.02363867861413893,0.0,1,4.33,4.2,319.785
2025-03-11,196.58999633789062,200.17999267578125,193.39999389648438,193.89999389648438,54002900,-0.03803528100399145,-0.1185253778845019,21.988053636270507,-8.146032619347466,0.2124983569924931,-0.03404570177376061,0.010537694677220655,0.0,1,4.33,4.2,319.785
2025-03-12,198.88999938964844,201.52000427246094,195.2899932861328,200.72000122070312,43679300,-0.01936228437848622,-0.10595485030685173,27.007852851100594,-8.090541065682544,0.18614344054108042,-0.04991235147751775,0.011699491808345508,0.0,0,4.33,4.2,319.785
2025-03-13,193.88999938964844,198.8800048828125,191.82000732421875,198.1699981689453,41270800,-0.036963820188662205,-0.12608467882534322,27.698049322458104,-8.353725277874645,0.20794074453056752,-0.03469301644850119,-0.025139524437347016,0.0,1,4.33,4.2,319.785
2025-03-14,197.9499969482422,198.64999389648438,195.32000732421875,197.41000366210938,38096700,-0.009749934140324584,-0.10590317594985929,35.54640572721611,-8.140850137135885,0.16852014543334695,-0.056224074199660586,0.02093969555611075,0.0,0,4.33,4.2,319.785
2025-03-17,195.74000549316406,199.0,194.32000732421875,198.77000427246094,47341800,-0.016238515493310283,-0.11399232425796858,33.96013547557044,-8.05759001317719,0.16679124204145346,-0.04747485042769125,-0.01116439246854839,0.0,0,4.33,4.2,319.785
2025-03-18,192.82000732421875,194.0,189.3800048828125,192.52000427246094,40414900,-0.025536542425927487,-0.12503921904891804,30.265807885229265,-8.133467661579203,0.16996606770351397,-0.03610034915717747,-0.014917738259935254,0.0,1,4.33,4.2,319.785
2025-03-19,195.5399932861328,195.97000122070312,191.9600067138672,193.3800048828125,39442900,-0.0053461529795309545,-0.1103836205793006,37.22413949954927,-7.883247934316074,0.13481571726000102,-0.04653190658292169,0.014106347155876442,0.0,0,4.33,4.2,319.785
2025-03-20,194.9499969482422,199.32000732421875,192.3000030517578,193.07000732421875,38921100,-0.005438341249676118,-0.11042422691312855,32.21103438726894,-7.644434489091907,0.12130344118855152,-0.04102640669570425,-0.003017266841301769,0.0,1,4.33,4.2,319.785
2025-03-21,196.2100067138672,196.99000549316406,192.52000427246094,192.89999389648438,60056900,0.0025445920709558935,-0.10255340000381788,39.68625694076759,-7.269700275899538,0.10299079414008355,-0.046454490145136466,0.006463245885351521,0.0,1,4.33,4.2,319.785
2025-03-24,203.25999450683594,203.63999938964844,199.9499969482422,200.0,41625400,0.03396001142251354,-0.06869979673372317,49.44374867184975,-6.33086731882085,0.057956097577372835,-0.0773991179799043,0.03593082692897376,0.0,1,4.33,4.2,319.785
2025-03-25,205.7100067138672,206.2100067138672,203.22000122070312,203.60000610351562,31171200,0.04159074621540177,-0.05633023123680156,47.14624777674511,-5.327725226886997,0.03918674604139869,-0.08566485578821971,0.012053587883713357,0.0,0,4.33,4.2,319.785
2025-03-26,201.1300048828125,206.00999450683594,199.92999267578125,205.83999633789062,32855300,0.01724662978482885,-0.07587108374780428,50.49597234761887,-4.846429144494294,0.051339406117271974,-0.059906048021503365,-0.022264360904062586,0.0,1,4.33,4.2,319.785
2025-03-27,201.36000061035156,203.7899932861328,199.27999877929688,200.88999938964844,27317700,0.014576726851339908,-0.07341791489325987,52.50415515073898,-4.395768119972729,0.044768328813112206,-0.059274688877339096,0.0011435177345771042,0.0,0,4.33,4.2,319.785
2025-03-28,192.72000122070312,199.25999450683594,191.8800048828125,198.4199981689453,52548200,-0.026391305129750207,-0.11066892163601928,48.024323963496826,-4.681822617656053,0.07981545458314555,-0.01545784627321807,-0.04290822091507418,0.0,0,4.33,4.2,319.785
2025-03-31,190.25999450683594,191.3300018310547,184.39999389648438,188.19000244140625,63547600,-0.03615071298445604,-0.11955066513907663,43.18915026546098,-5.048825137258802,0.09149517074098952,-0.008203825945679595,-0.012764667384211892,0.0,1,4.33,4.2,319.785
2025-04-01,192.1699981689453,193.92999267578125,187.1999969482422,187.86000061035156,41267300,-0.02615403354414324,-0.10792373554384779,42.708329883989464,-5.126461290542721,0.07749660233564035,-0.020963308407148794,0.010038913682617334,0.0,1,4.33,4.2,320.302
2025-04-02,196.00999450683594,198.33999633789062,187.66000366210938,187.66000366210938,53679200,-0.006930890838592956,-0.08715716599245608,52.35974613061148,-4.822541631083936,0.04580646713088586,-0.03586304710532241,0.01998228846583383,0.0,0,4.33,4.2,320.302
2025-04-03,178.41000366210938,184.1300048828125,176.9199981689453,183.0,95553600,-0.08846128649840485,-0.1647190170866565,33.28771703522078,-5.9334580720436065,0.16141764671569295,0.0343112437537264,-0.08979129298487254,0.0,0,4.33,4.2,320.302
2025-04-04,171.0,178.13999938964844,166.0,167.14999389648438,123159400,-0.11492057520824256,-0.1945527260568375,30.568638077325105,-7.32732784843904,0.2292665385983808,0.04509018297851051,-0.041533565999713695,0.0,1,4.33,4.2,320.302
2025-04-07,175.25999450683594,183.41000366210938,161.3800048828125,162.0,109327100,-0.07953133816590162,-0.169826931540506,36.49229466184051,-7.99606013027261,0.20636742990380785,0.0017063555636708493,0.024912248577988017,0.0,0,4.33,4.2,320.302
2025-04-08,170.66000366210938,185.89999389648438,168.57000732421875,185.22999572753906,87710400,-0.08688159288897881,-0.1866260663330951,31.39952640252318,-8.795823322966271,0.2466142156334861,0.005782315455334713,-0.026246667744515673,0.0,1,4.33,4.2,320.302
2025-04-09,191.10000610351562,192.64999389648438,169.92999267578125,172.1199951171875,116804300,0.0279997117579077,-0.0851048455033617,47.78047328814517,-7.691639608833867,0.10998137429437488,-0.10257693335610717,0.11977031526306248,0.0,0,4.33,4.2,320.302
2025-04-10,181.22000122070312,186.8699951171875,175.85000610351562,185.44000244140625,68302000,-0.014471307740817556,-0.1277410241577514,42.139482468553844,-7.52703293332678,0.16981803880489052,-0.05996262260841256,-0.05170070417193329,0.0,1,4.33,4.2,320.302
2025-04-11,184.8699951171875,185.86000061035156,178.0,179.92999267578125,50594300,0.009688884410138713,-0.10588886148158881,39.99999999999999,-7.021121831904196,0.14278053316531553,-0.08165644066999544,0.020141230945248445,0.0,0,4.33,4.2,320.302
2025-04-14,182.1199951171875,187.44000244140625,179.22999572753906,186.83999633789062,48002500,-0.000888755280612744,-0.11442977971487743,37.21408374057904,-6.764113170312072,0.1572415033074188,-0.07247316343556191,-0.014875318183769082,0.0,0,4.33,4.2,320.302
2025-04-15,179.58999633789062,182.35000610351562,177.92999267578125,181.41000366210938,43642000,-0.007921616433637748,-0.1217929885798399,38.05985980181163,-6.687492461483686,0.17228480348053762,-0.06551378897793311,-0.013891933050343641,0.0,0,4.33,4.2,320.302
2025-04-16,174.3300018310547,179.10000610351562,171.41000366210938,176.2899932861328,51875300,-0.025305261948062915,-0.1418301221339193,35.808041413929075,-6.970851952702105,0.20594728260727166,-0.047776023030265756,-0.029288905919567454,0.0,0,4.33,4.2,320.302
2025-04-17,172.61000061035156,176.2100067138672,172.0,176.0,44726500,-0.03178217403234595,-0.14494645674536957,38.61397087473086,-7.250625418382867,0.21606650562900334,-0.04933225687440994,-0.009866352335440198,0.0,0,4.33,4.2,320.302
2025-04-21,167.32000732421875,169.60000610351562,165.2899932861328,169.60000610351562,48126100,-0.05951386586319555,-0.1652372756765932,37.41496871980659,-7.809186710121907,0.25286403713932665,-0.03489258234535678,-0.030647084568839134,0.0,1,4.33,4.2,320.302
2025-04-22,173.17999267578125,176.77999877929688,169.35000610351562,169.85000610351562,56607200,-0.025436169522896675,-0.1311494194662664,40.01471481422346,-7.690349156116156,0.19649544890528328,-0.07094391035617767,0.03502262189247651,0.0,1,4.33,4.2,320.302
2025-04-23,180.60000610351562,187.3800048828125,180.19000244140625,183.4499969482422,63470100,0.010666311441743539,-0.08912086496436367,42.19114550753236,-6.917693600695628,0.12743062498679272,-0.10311175753699924,0.042845673527805994,0.0,1,4.33,4.2,320.302
2025-04-24,186.5399932861328,186.74000549316406,180.17999267578125,180.9199981689453,43763200,0.04657813918502136,-0.054754738341214165,54.671872766794365,-5.75965743757115,0.0782020230389244,-0.12616486337909388,0.03289029336584037,0.0,1,4.33,4.2,320.302
2025-04-25,188.99000549316406,189.94000244140625,185.49000549316406,187.6199951171875,36414300,0.05572162186143845,-0.03844781359885883,60.96283456138266,-4.5912844563563056,0.05073449820966493,-0.1305483053020507,0.013133978209558528,0.0,0,4.33,4.2,320.302
2025-04-28,187.6999969482422,190.22000122070312,184.88999938964844,190.11000061035156,33224700,0.046860519333786585,-0.040846565644743045,57.86545558530047,-3.726476854072331,0.05364915164944098,-0.12294054956996947,-0.006825802991833552,0.0,0,4.33,4.2,320.302
2025-04-29,187.38999938964844,188.02000427246094,183.67999267578125,183.99000549316406,41667300,0.042068674487131655,-0.03837272588016601,61.18464850206174,-3.0311832175943607,0.05311548485766442,-0.12074449181658094,-0.0016515586767922308,0.0,0,4.33,4.2,320.302
2025-04-30,184.4199981689453,185.0500030517578,178.85000610351562,182.1699981689453,55176500,0.022805410639927536,-0.049494143968338115,44.173055775247484,-2.6888172668190577,0.06383934991730662,-0.10455075435225125,-0.015849304820837684,0.0,1,4.33,4.2,320.302
2025-05-01,190.1999969482422,191.80999755859375,187.5,190.6300048828125,74266000,0.04565819438330771,-0.01600875853657083,58.43667615204318,-1.9288575193808697,0.02459300305770879,-0.1279000207289432,0.031341496782804956,0.0,0,4.33,4.3,320.62
2025-05-02,189.97999572753906,192.8800048828125,186.39999389648438,191.44000244140625,77903500,0.0345691194804022,-0.01378973245412248,55.13155382546995,-1.3290161335024209,0.03188432961409715,-0.12690482231766007,-0.0011566836184702112,0.0,0,4.33,4.3,320.62
2025-05-05,186.35000610351562,188.17999267578125,185.52999877929688,186.50999450683594,35217500,0.004392740038616185,-0.029587777240829786,54.17407974444004,-1.13348127259664,0.05298186231816689,-0.1026572722256448,-0.01910722026349243,0.0,0,4.33,4.3,320.62
2025-05-06,185.00999450683594,187.92999267578125,183.85000610351562,184.57000732421875,29314100,-0.009147509974625023,-0.033778356975948956,55.47695901065802,-1.0742627907378335,0.061830515185163686,-0.09210990501502914,-0.007190832051464091,0.0,1,4.33,4.3,320.62
2025-05-07,188.7100067138672,190.99000549316406,185.00999450683594,185.55999755859375,43948600,0.00629773202801764,-0.011968802207572106,65.00417451311677,-0.7204665643247381,0.04146229553162346,-0.10079679532822415,0.019998985551532122,0.0,1,4.33,4.3,320.62
2025-05-08,192.0800018310547,194.3300018310547,188.82000732421875,191.42999267578125,41043600,0.021251264835514087,0.008026224297717852,69.63889282218295,-0.16623382414766752,0.024118457470198695,-0.11699124144847033,0.01785806262143419,0.0,1,4.33,4.3,320.62
2025-05-09,193.05999755859375,194.69000244140625,191.16000366210938,193.3800048828125,29663100,0.024245308418183883,0.014839372700454675,78.43568789276371,0.34806480609842083,0.025411997918564796,-0.1218327819923911,0.0051020185245573835,0.0,1,4.33,4.3,320.62
2025-05-12,208.63999938964844,211.66000366210938,205.75,210.7100067138672,75205000,0.09474037584768048,0.09715708622943156,82.24808092649502,1.9898879267902032,-0.027021036952670496,-0.2001549585966544,0.08070031092964336,0.0,1,4.33,4.3,320.62
2025-05-13,211.3699951171875,214.83999633789062,210.10000610351562,211.0800018310547,56193700,0.09528347714423036,0.1107712574748851,80.59254701277928,3.4713172340670155,-0.016363689623785958,-0.21987131147061367,0.01308471882441209,0.0,0,4.33,4.3,320.62
2025-05-14,210.25,211.92999267578125,208.85000610351562,211.4499969482422,38492100,0.07509012684367308,0.10413706349567968,76.07213340747396,4.503077710658488,0.006688779993774395,-0.2189456191245526,-0.005298742220089303,0.0,0,4.33,4.3,320.62
2025-05-15,205.1699981689453,206.8800048828125,202.6699981689453,206.4499969482422,64347300,0.041144404691501234,0.07782033421997264,66.81911707137877,4.854877622198359,0.04051263184571831,-0.19347357843356028,-0.024161720956264898,0.0,1,4.33,4.3,320.62
2025-05-16,205.58999633789062,206.85000610351562,204.3699951171875,206.85000610351562,43318500,0.03507648550330528,0.07947210852687663,68.93923460511459,5.1086822202472035,0.0447027735086526,-0.185395387019602,0.002047074000553817,0.0,1,4.33,4.3,320.62
2025-05-19,206.16000366210938,206.6199951171875,201.25999450683594,201.64999389648438,34314800,0.027696378696791122,0.08168008849169622,69.76205738190826,5.294784045490985,0.04186628945757321,-0.16885992763213784,0.0027725440652370814,0.0,0,4.33,4.3,320.62
2025-05-20,204.07000732421875,205.58999633789062,202.64999389648438,204.6300048828125,29470400,0.00770335642272197,0.06964460908356933,71.0791771057276,5.213527544918719,0.0521548460944226,-0.14482899757059287,-0.010137739138364021,0.0,0,4.33,4.3,320.62
2025-05-21,201.1199951171875,203.4600067138672,200.05999755859375,201.61000061035156,42460900,-0.012912841363180202,0.053681573939692986,62.47144205966401,4.855123016047145,0.06802006139341471,-0.12251484918759707,-0.014455883280997672,0.0,1,4.33,4.3,320.62
2025-05-22,203.10000610351562,205.75999450683594,200.16000366210938,201.3800048828125,38938900,-0.008557325377019847,0.06358580857393013,64.40492261546365,4.676942304119251,0.06057271425913912,-0.1258805022817339,0.00984492359983613,0.0,0,4.33,4.3,320.62
2025-05-23,200.99000549316406,202.3699951171875,197.85000610351562,198.89999389648438,33393500,-0.02264082531642686,0.051754137773115945,66.62879125320592,4.315724406436971,0.07350407754087379,-0.1125309480862342,-0.010388973643241206,0.0,1,4.33,4.3,320.62
2025-05-27,206.02000427246094,206.69000244140625,202.19000244140625,203.08999633789062,34892000,0.0030966536302821693,0.07716569798961861,72.01844486433724,4.384790350402625,0.05107117765493067,-0.12908305717226956,0.025026113945093353,0.0,0,4.33,4.3,320.62
2025-05-28,204.72000122070312,207.66000366210938,204.41000366210938,205.9199981689453,28549800,4.882061142113856e-06,0.06936452959844719,67.66717057812642,4.285228777011497,0.059680589186885236,-0.11702233105307562,-0.006310081665849121,0.0,1,4.33,4.3,320.62
2025-05-29,205.6999969482422,208.80999755859375,204.22999572753906,208.02999877929688,34650000,0.007030095724652663,0.07303971753305233,65.86671814551022,4.236566476671044,0.05443593327656135,-0.11068772332837977,0.004787005283780621,0.0,0,4.33,4.3,320.62
2025-05-30,205.00999450683594,205.99000549316406,201.6999969482422,204.83999633789062,51679400,0.003730726391956967,0.06838472544829714,64.01594100653554,4.095117853139129,0.059161304495001836,-0.10164698147027679,-0.0033544115296213484,0.0,1,4.33,4.3,320.62
2025-06-02,206.64999389648438,207.0,202.67999267578125,204.97999572753906,29113300,0.011235371132405723,0.07561970570370008,46.531885211854515,4.068454434410739,0.05189639543526917,-0.10185036432284478,0.007999607012299847,0.0,0,4.33,4.1,321.435
2025-06-03,205.7100067138672,208.9499969482422,205.02999877929688,207.11000061035156,33139100,0.0068572874726372975,0.0696691871856647,39.479579039082346,3.926215405917162,0.053602497084171356,-0.08523446795131585,-0.004548692041520419,0.0,1,4.33,4.1,321.435
2025-06-04,207.22999572753906,208.17999267578125,205.17999267578125,206.5500030517578,29915600,0.012730583885346671,0.07712824588719869,44.46885726214876,3.891284060969639,0.0393089541985178,-0.07465610951264184,0.007388989179248462,0.0,1,4.33,4.1,321.435
2025-06-05,207.91000366210938,212.80999755859375,207.55999755859375,209.5500030517578,51864200,0.012693385402967253,0.08041566086042153,55.98254235311756,3.8738167278172853,0.030128991752232843,-0.06266714239378304,0.0032814165352026414,0.0,1,4.33,4.1,321.435
2025-06-06,213.57000732421875,213.8699951171875,210.5,212.39999389648438,39832500,0.034984111118880404,0.1083951308456843,64.1791166174308,4.267495699358278,0.0026397260997406188,-0.07725700964814174,0.027223334916139486,0.0,1,4.33,4.1,321.435
2025-06-09,216.97999572753906,217.85000610351562,212.8800048828125,214.75,38102500,0.04342387943033938,0.12426965428345288,67.46286887930631,4.799323077333554,-0.010958262938475771,-0.08289366435745057,0.015966607137600786,0.0,1,4.33,4.1,321.435
2025-06-10,217.61000061035156,217.69000244140625,214.14999389648438,216.77999877929688,31303300,0.04065344385679349,0.12463319728730683,72.93358964511432,5.211560608252682,-0.005517952189753268,-0.08973042963604097,0.0029035159702168745,0.0,0,4.33,4.1,321.435
2025-06-11,213.1999969482422,218.39999389648438,212.88999938964844,217.41000366210938,39326000,0.015446009201669664,0.09923536672506318,69.49645496612578,5.123352562756054,0.016455533551720247,-0.07144612026719797,-0.020265629565462184,0.0,1,4.33,4.1,321.435
2025-06-12,213.24000549316406,213.5800018310547,211.3300018310547,211.77999877929688,27640000,0.012002246828102723,0.09705807691949363,67.45868067140789,4.9990494758478405,0.01831015302980925,-0.07226348807048975,0.00018765734284498237,0.0,0,4.33,4.1,321.435
2025-06-13,212.10000610351562,214.0500030517578,209.6199951171875,209.9600067138672,29337800,0.0032163696853953214,0.08938955061399849,69.78981786751976,4.7537516703968095,0.026105795485702278,-0.06633214929132766,-0.0053460859139069505,0.0,1,4.33,4.1,321.435
2025-06-16,216.10000610351562,217.05999755859375,211.60000610351562,212.30999755859375,33284200,0.017587660957176267,0.10565364935327141,68.63906126822914,4.826481290964864,0.012329339161776594,-0.08396750886972709,0.018859028217320217,0.0,0,4.33,4.1,321.435
2025-06-17,214.82000732421875,217.41000366210938,214.55999755859375,215.1999969482422,32086300,0.007239468124219344,0.09419826793550425,68.68987825717677,4.726352386896622,0.021913724823482878,-0.0780305229582767,-0.005923177895162723,0.0,0,4.33,4.1,321.435
2025-06-18,212.52000427246094,217.9600067138672,212.33999633789062,215.08999633789062,44360500,-0.006010145058801184,0.07838980134515691,62.03247742678849,4.410566222749679,0.034405751006052684,-0.06550872980852789,-0.010706651956707725,0.0,0,4.33,4.1,321.435
2025-06-20,209.69000244140625,214.88999938964844,208.27000427246094,214.67999267578125,75350700,-0.020062344805699905,0.059831539814058234,57.677179446488346,3.8871374156244656,0.047035963305781255,-0.04747947893539738,-0.013316402099383007,0.0,0,4.33,4.1,321.435
2025-06-23,208.47000122070312,210.38999938964844,207.30999755859375,209.7899932861328,37311700,-0.02343622538822209,0.05181847323910417,53.027291204317535,3.335423723882002,0.05221364199911356,-0.03837951170324087,-0.005818118205440093,0.0,1,4.33,4.1,321.435
2025-06-24,212.77000427246094,214.33999633789062,211.0500030517578,212.13999938964844,38378800,-0.0013236167787117471,0.07010693346720853,60.56252950624916,3.208179066686853,0.02940118851166249,-0.050729406657049426,0.02062648355436747,0.0,0,4.33,4.1,321.435
2025-06-25,211.99000549316406,216.02999877929688,211.11000061035156,214.6199951171875,31755700,-0.002353044683448163,0.06328341675901127,57.28275151070309,3.0097033891491947,0.03343586463822723,-0.04466756105577685,-0.0036659245365152637,0.0,1,4.33,4.1,321.435
2025-06-26,217.1199951171875,218.0399932861328,212.00999450683594,213.1199951171875,50480800,0.019907701250803232,0.08520387186739271,62.402356913426416,3.2291338295856633,0.011597756559483873,-0.06410783163340253,0.024199205109171285,0.0,1,4.33,4.1,321.435
2025-06-27,223.3000030517578,223.3000030517578,216.74000549316406,219.9199981689453,119217100,0.04400433570813554,0.11123719076864408,62.92163793030078,3.857245105852485,-0.007465628010880902,-0.09106102761725123,0.028463559660798277,0.0,0,4.33,4.1,321.435
2025-06-30,219.38999938964844,223.82000732421875,219.1199951171875,223.52000427246094,58887800,0.022239601043712306,0.08690481784527887,53.158587313014955,3.993488746909179,0.012816630452007823,-0.07090038415724914,-0.017510092291414314,0.0,1,4.33,4.1,321.435
2025-07-01,220.4600067138672,221.8800048828125,217.92999267578125,219.5,39256800,0.025142656510346598,0.08705195042022386,53.69267183227127,4.140079206684334,0.011306736169298635,-0.07255144108380392,0.00487719279454657,0.0,0,4.33,4.3,322.169
2025-07-02,219.9199981689453,221.60000610351562,219.05999755859375,219.72999572753906,30894200,0.020212170521261077,0.07879330005499663,59.6774122664379,4.164671287463904,0.015140232017683431,-0.06516293078488677,-0.002449462616694653,0.0,1,4.33,4.3,322.169
2025-07-03,223.41000366210938,224.00999450683594,221.36000061035156,221.82000732421875,29632400,0.03119288835579995,0.09053900933588788,63.321968202418454,4.414882942373083,0.0037506896492623923,-0.07699271885986095,0.015869432167251007,0.0,1,4.33,4.3,322.169
2025-07-07,223.47000122070312,224.2899932861328,222.3699951171875,223.0,36604100,0.024950691849572847,0.08628549470617942,65.32756387787711,4.565391788444742,0.0070803102696795255,-0.07387673616107283,0.0002685535903059755,0.0,0,4.33,4.3,322.169
2025-07-08,219.36000061035156,224.0,218.42999267578125,223.9199981689453,45692000,0.0010998536794402268,0.06291531979802359,54.38170981168125,4.303421271140138,0.027461333115912298,-0.05539713184458295,-0.018391733064396676,0.0,1,4.33,4.3,322.169
2025-07-09,222.5399932861328,224.2899932861328,220.47000122070312,221.07000732421875,38155100,0.011104211831613812,0.074829422047672,59.87209941700531,4.302806506406654,0.015909695870659633,-0.06952694572171594,0.014496684294917905,0.0,0,4.33,4.3,322.169
2025-07-10,222.25999450683594,222.7899932861328,219.6999969482422,221.5500030517578,30370600,0.005141911679377031,0.06990533103193466,63.133745611248365,4.230953936185415,0.019713395612671103,-0.06878648903118705,-0.0012581953255335065,0.0,1,4.33,4.3,322.169
2025-07-11,225.02000427246094,226.67999267578125,222.3699951171875,223.5800018310547,50518300,0.014000999388694021,0.07928128803264538,70.71060722188392,4.346614907358969,0.012034763167907334,-0.07978431424338352,0.012417933203629827,0.0,1,4.33,4.3,322.169
2025-07-14,225.69000244140625,226.66000366210938,224.24000549316406,225.07000732421875,35702600,0.015926041662266452,0.07822622918673659,73.61490790326118,4.441145551728653,0.013722099239642087,-0.08169144103407949,0.0029775049161142597,0.0,1,4.33,4.3,322.169
2025-07-15,226.35000610351562,227.27000427246094,225.4600067138672,226.1999969482422,34907300,0.01571476965293858,0.07765702966492546,70.68859306343924,4.517246541853439,0.014947577416655424,-0.08225487951046997,0.0029243814744550622,0.0,0,4.33,4.3,322.169
2025-07-16,223.19000244140625,226.10000610351562,222.17999267578125,225.8800048828125,39535900,0.00030925717351524244,0.05926251272300794,65.9090741606914,4.2733111674313875,0.031350868879027244,-0.06811775445622772,-0.013960696164789232,0.0,1,4.33,4.3,322.169
2025-07-17,223.8800048828125,224.5,222.50999450683594,223.32000732421875,31855800,0.0016240533733825086,0.058765572142361666,60.98829797260763,4.088537935874598,0.030223640481856356,-0.06899443831721837,0.0030915472640284936,0.0,1,4.33,4.3,322.169
2025-07-18,226.1300048828125,226.39999389648438,222.97999572753906,225.13999938964844,37833800,0.010460761711457527,0.06526310207816417,55.27394412776192,4.076666738092229,0.022344622259129095,-0.07461104463762415,0.010050026580880944,0.0,1,4.33,4.3,322.169
2025-07-21,229.3000030517578,229.69000244140625,225.64999389648438,225.83999633789062,40297600,0.021963530955795778,0.07608125066238225,68.99193840812804,4.273785548314322,0.010446816384505234,-0.08108790844264839,0.014018476542235536,0.0,0,4.33,4.3,322.169
2025-07-22,227.47000122070312,230.0,226.35000610351562,229.67999267578125,37483700,0.010156181835937906,0.0639591598155618,63.05398310907383,4.233536201728242,0.016056525028612323,-0.06282312680165573,-0.007980819043607368,0.0,1,4.33,4.3,322.169
2025-07-23,228.2899932861328,228.7899932861328,227.08999633789062,228.47000122070312,28294900,0.01121551199949192,0.06428702182379059,65.42571620119776,4.219168859032948,0.01245853184314114,-0.059442563151297874,0.003604836070819184,0.0,1,4.33,4.3,322.169
2025-07-24,232.22999572753906,236.0,228.63999938964844,229.1699981689453,42902300,0.024144975203517424,0.08027919142871441,65.98983226951512,4.47413288661707,-0.003454184182085891,-0.06794912441860045,0.01725876103762447,0.0,0,4.33,4.3,322.169
2025-07-25,231.44000244140625,232.47999572753906,231.17999267578125,232.22000122070312,28712100,0.01777948154178526,0.07459781959865042,64.0763014977438,4.559884351082729,0.003011497102042952,-0.06164441536783645,-0.00340177109187767,0.0,1,4.33,4.3,322.169
2025-07-28,232.7899932861328,234.2899932861328,232.25,233.35000610351562,26300100,0.020529806356992343,0.07860831279104238,76.28179861494323,4.6827956302168445,0.002666249985171073,-0.06848087198125472,0.005833005662313484,0.0,0,4.33,4.3,322.169
2025-07-29,231.00999450683594,234.72000122070312,230.30999755859375,234.14999389648438,33716200,0.010661779556803475,0.06780397471911563,67.53623884338981,4.583734243951056,0.012624679945111761,-0.058505761258983345,-0.007646371539299812,0.0,0,4.33,4.3,322.169
2025-07-30,230.19000244140625,231.8000030517578,229.2899932861328,231.63999938964844,32993300,0.003999611251046354,0.061599427890907166,66.05915765754908,4.388473286597957,0.017657732336605902,-0.05235083175001194,-0.003549595623255297,0.0,1,4.33,4.3,322.169
2025-07-31,234.11000061035156,236.52999877929688,231.39999389648438,235.77000427246094,104357300,0.01656130145115529,0.07690155986566528,67.58221455117277,4.498186370107874,0.004374407939276634,-0.06591385817575164,0.017029402351838252,0.0,0,4.33,4.3,322.169
2025-08-01,214.75,220.44000244140625,212.8000030517578,217.2100067138672,122258800,-0.06287364500323628,-0.013123736004131352,37.71889555638081,2.9884950179567227,0.10008349105152695,0.009099280180465304,-0.08269617085933034,0.0,0,4.33,4.3,323.291
2025-08-04,211.64999389648438,217.44000244140625,211.4199981689453,217.39999389648438,77890100,-0.06923257972568563,-0.028310114093620466,34.35502520397027,1.5243375455583248,0.12281586746345907,0.01167509600239202,-0.01443541840985152,0.0,1,4.33,4.3,323.291
2025-08-05,213.75,216.3000030517578,212.8699951171875,213.0500030517578,51505100,-0.05429140543959452,-0.01962763242706069,39.721247871677264,0.5273561091100305,0.11463126693934725,-0.0037353636475891587,0.009922070229506863,0.0,1,4.33,4.3,323.291
2025-08-06,222.30999755859375,222.64999389648438,213.74000549316406,214.6999969482422,54823000,-0.013809595805455127,0.017642913411135035,48.54061352895455,0.42308434894167135,0.07171548041804492,-0.042202616800912245,0.04004677220394748,0.0,1,4.33,4.3,323.291
2025-08-07,223.1300048828125,226.22000122070312,220.82000732421875,221.0,40603500,-0.006159973302131383,0.019799102704986984,47.13521692199015,0.40198216556862576,0.06778242941316769,-0.04533815514148375,0.0036885760119835798,0.0,0,4.33,4.3,323.291
2025-08-08,222.69000244140625,223.8000030517578,221.8800048828125,223.13999938964844,32970500,-0.004238977836478831,0.016119015877866228,43.340719330765296,0.3457682127217936,0.06966860576980695,-0.04427457969974571,-0.001971955504762035,0.0,0,4.33,4.3,323.291
2025-08-11,221.3000030517578,223.0500030517578,220.39999389648438,221.77999877929688,31646200,-0.005344070437339382,0.008341035716032938,43.728400308339914,0.18690242128613477,0.07602160987480505,-0.03988968733704989,-0.006241858073597895,0.0,1,4.33,4.3,323.291
2025-08-12,221.47000122070312,223.5,219.0500030517578,222.22999572753906,37185800,-0.0002934046063573201,0.0076042346871898914,42.97487329136275,0.07386608624486257,0.07455003608832031,-0.04218448905174438,0.0007681796954406295,0.0,1,4.33,4.3,323.291
2025-08-13,224.55999755859375,224.9199981689453,222.0,222.0,36508300,0.01623733972874998,0.020000274296243823,41.95848162049727,0.23095851068816842,0.05994835030168962,-0.05493853292607629,0.01395221168040428,0.0,1,4.33,4.3,323.291
2025-08-14,230.97999572753906,233.11000061035156,227.02000427246094,227.39999389648438,61545800,0.046773510760399456,0.04675832451786206,49.56863580052421,0.8635412212569236,0.03308295321486449,-0.080727740119972,0.02858923333961183,0.0,1,4.33,4.3,323.291
2025-08-15,231.02999877929688,234.0800018310547,229.80999755859375,232.5800018310547,39649200,0.039332031503341205,0.044731293581563,48.3083483638162,1.3533023778683457,0.03492330637549505,-0.08086971786203528,0.00021648217457226338,0.0,1,4.33,4.3,323.291
2025-08-18,231.49000549316406,231.91000366210938,228.3300018310547,230.22999572753906,25248900,0.03218875735233814,0.04458378836160513,50.47338350173174,1.758291826714327,0.03402332139705556,-0.08290669564526404,0.0019911124801876845,0.0,0,4.33,4.3,323.291
2025-08-19,228.00999450683594,230.52999877929688,227.1199951171875,230.08999633789062,29891000,0.010248228303941242,0.027541380236794984,47.95726512101935,1.777946024744523,0.049993306254539925,-0.0688608619565497,-0.01503309388634011,0.0,0,4.33,4.3,323.291
2025-08-20,223.80999755859375,227.27000427246094,220.9199981689453,227.1199951171875,36604300,-0.009019391722606731,0.007993312531030052,40.398958511421185,1.4380406281876503,0.06860222533627848,-0.052293735583481535,-0.01842023178556884,0.0,0,4.33,4.3,323.291
2025-08-21,221.9499969482422,222.77999877929688,220.5,222.64999389648438,32140500,-0.016741324294224424,-0.0007743662654420397,59.961249294376586,1.006968936860801,0.07399489640555848,-0.04542087305916393,-0.008310623433453235,0.0,1,4.33,4.3,323.291
2025-08-22,228.83999633789062,229.13999938964844,220.82000732421875,222.7899932861328,37315300,0.011027452169101908,0.02879583409132294,71.52515960003882,1.20738885722497,0.04016555859276482,-0.07380476117232974,0.031043025385826706,0.0,0,4.33,4.3,323.291
2025-08-25,227.94000244140625,229.60000610351562,227.30999755859375,227.35000610351562,22633700,0.004105598876218406,0.023397071985318884,68.31913041080131,1.2788592092753674,0.04128879499903726,-0.06929180552046552,-0.003932852258726194,0.0,1,4.33,4.3,323.291
2025-08-26,228.7100067138672,229.0,226.02000427246094,227.11000061035156,26105400,0.0042945546112612715,0.025324938135656335,60.34260745628636,1.3817054474681072,0.036404962229369564,-0.07205278423761179,0.0033781006590050122,0.0,1,4.33,4.3,323.291
2025-08-27,229.1199951171875,229.8699951171875,227.80999755859375,228.57000732421875,21254500,0.004084334667130015,0.025965244055428032,59.8100073270179,1.4792426811037558,0.033915240537410844,-0.07354509102365162,0.0017926124405795996,0.0,1,4.33,4.3,323.291
2025-08-28,231.60000610351562,232.7100067138672,228.02000427246094,229.00999450683594,33679600,0.014676916116169222,0.03551422786273723,63.678234047377664,1.7366389094301553,0.02073360045500358,-0.08243917988773773,0.0108240705271474,0.0,0,4.33,4.3,323.291
2025-08-29,229.0,231.80999755859375,228.16000366210938,231.32000732421875,26199200,0.0041789625709593705,0.022382587398321278,61.3972672414533,1.7111039699817354,0.032109065990931246,-0.06558505012285673,-0.011226278216735164,0.0,0,4.33,4.3,323.291
2025-09-02,225.33999633789062,226.1699981689453,221.8300018310547,223.52000427246094,38843900,-0.009198366438983311,0.004638421634032712,55.19183403424648,1.3796320988498394,0.04311023674305424,-0.03857039819342331,-0.015982548742835667,0.0,1,4.22,4.4,324.245
2025-09-03,225.99000549316406,227.1699981689453,224.36000061035156,225.2100067138672,29223100,-0.005457003082103529,0.005964857272058546,52.052837505656875,1.15606219398083,0.03409319159498831,-0.02990278751560706,0.0028845707190781056,0.0,1,4.22,4.4,324.245
2025-09-04,235.67999267578125,235.77000427246094,230.77999877929688,231.19000244140625,59391800,0.03179707668303558,0.0469631608226594,56.167971539370654,1.7407165201870498,-0.002150590991042944,-0.07038838534928711,0.042877945692648245,0.0,0,4.22,4.4,324.245
2025-09-05,232.3300018310547,236.0,231.92999267578125,235.19000244140625,36721800,0.0125296965507622,0.030219727428573272,51.57005164767243,1.9117060642714137,0.014596891745375583,-0.055383720625147355,-0.014214150326010255,0.0,1,4.22,4.4,324.245
2025-09-08,235.83999633789062,237.60000610351562,233.75,234.94000244140625,33947100,0.024700727879806154,0.04405074479989364,54.89312839525244,2.3038859689937112,0.00417389860824836,-0.06854378449729744,0.015107797009308976,0.0,1,4.22,4.4,324.245
2025-09-09,238.24000549316406,238.85000610351562,235.0800018310547,236.36000061035156,27033800,0.03051670681137008,0.05328220223698388,61.79388072178267,2.7763480381399006,-0.0005201519754841615,-0.07623862613525065,0.010176429751274751,0.0,0,4.22,4.4,324.245
2025-09-10,230.3300018310547,237.67999267578125,229.10000610351562,237.52000427246094,60907700,-0.0043959865071905215,0.01732721031977472,56.9243882953295,2.4838738909136566,0.032527803064322985,-0.039391886427009436,-0.03320182790348514,0.0,0,4.22,4.4,324.245
2025-09-11,229.9499969482422,231.52999877929688,229.33999633789062,231.49000549316406,37485600,-0.0063950367496953,0.014798077565827081,58.77192865044729,2.196107444276521,0.03393468380931459,-0.03516101402305116,-0.0016498279850283293,0.0,0,4.22,4.4,324.245
2025-09-12,228.14999389648438,230.7899932861328,226.2899932861328,230.35000610351562,38496200,-0.012700976695226313,0.006123590946905197,49.1483556219829,1.802032549542787,0.04152867182249163,-0.02822597021084511,-0.007827802024989672,0.0,1,4.22,4.4,324.245
2025-09-15,231.42999267578125,233.72999572753906,230.32000732421875,230.6300048828125,33243300,0.00044090782117631167,0.01986672528473305,54.068534672909166,1.7344007534469768,0.026924685651902407,-0.04198317844770729,0.014376501718361023,0.0,1,4.22,4.4,324.245
2025-09-16,234.0500030517578,235.89999389648438,232.22999572753906,232.94000244140625,38203900,0.007971627940280153,0.030451723101767438,55.96780717592482,1.8706513049774856,0.01683677391755636,-0.053021383031457106,0.011320962964584513,0.0,0,4.22,4.4,324.245
2025-09-17,231.6199951171875,234.3000030517578,228.7100067138672,233.77000427246094,42815200,-0.004906311505032832,0.018653451016378282,52.67322267566356,1.7622355621940358,0.02824762018554796,-0.04227055435285092,-0.010382430689534927,0.0,0,4.22,4.4,324.245
2025-09-18,231.22999572753906,233.47999572753906,228.7899932861328,232.5,37931700,-0.004678962673729636,0.016161535263444684,49.58584045404006,1.626100934204345,0.02931145435133167,-0.03677585507381283,-0.0016837898189709932,0.0,1,4.22,4.4,324.245
2025-09-19,231.47999572753906,234.16000366210938,229.6999969482422,232.3699951171875,97943200,-0.0032381496117475,0.016436500873714274,52.930050099423646,1.520854705047725,0.025502738078385073,-0.03100210516294568,0.0010811746080494622,0.0,0,4.22,4.4,324.245
2025-09-22,227.6300048828125,230.57000732421875,227.50999450683594,230.55999755859375,45914500,-0.0163388675399079,-0.0006979913482748818,52.69349331786516,1.1139433788636381,0.043019509276479954,-0.015316706748520315,-0.016632067201427403,0.0,0,4.22,4.4,324.245
2025-09-23,220.7100067138672,227.86000061035156,220.07000732421875,227.8300018310547,70956200,-0.03896224819373521,-0.03065313103718188,44.587946995257205,0.23042105138057423,0.08001846477104692,0.007983824427485455,-0.030400202172415014,0.0,0,4.22,4.4,324.245
2025-09-24,220.2100067138672,224.55999755859375,219.4499969482422,224.14999389648438,49509000,-0.0368954298923553,-0.03232720894129342,30.46226139118953,-0.5043092171760009,0.08600417844426643,0.0028790931741580635,-0.0022654160880354324,0.0,0,4.22,4.4,324.245
2025-09-25,218.14999389648438,220.6699981689453,216.47000122070312,220.05999755859375,52226300,-0.040955593325343286,-0.040954753119195074,31.488256519540997,-1.2385369831904143,0.1002776297533709,0.0033025306167513884,-0.00935476479077324,0.0,1,4.22,4.4,324.245
2025-09-26,219.77999877929688,221.0500030517578,218.02000427246094,219.0800018310547,41650100,-0.03022120103608326,-0.03344038000049802,27.951704859679637,-1.6696433963028596,0.09300195313459524,-0.010401166187087502,0.007471945580644679,0.0,1,4.22,4.4,324.245
2025-09-29,222.1699981689453,222.60000610351562,219.3000030517578,220.0800018310547,44259200,-0.015653321891579607,-0.022589077172091607,27.931897502606688,-1.7977223339397312,0.08144374343480125,-0.02432081056049303,0.01087450815780766,0.0,0,4.22,4.4,324.245
2025-09-30,219.57000732421875,222.24000549316406,217.88999938964844,222.02999877929688,48396400,-0.02089136462768492,-0.03319973618816079,32.700985344213024,-2.084988892819297,0.09565238121194736,-0.01679832964465005,-0.011702709034319914,0.0,1,4.22,4.4,324.245
2025-10-01,220.6300048828125,222.14999389648438,216.61000061035156,217.36000061035156,43933800,-0.011319419529016637,-0.027946887980997998,35.33670870273943,-2.2017365181183948,0.09112134894961296,-0.024684376744772977,0.004827606336181178,0.0,1,4.09,4.4,324.245
2025-10-02,222.41000366210938,222.80999755859375,218.9499969482422,221.00999450683594,41258600,0.0006118645709544257,-0.01959658926100841,40.96349422318566,-2.126120236250756,0.07799430496893794,-0.034061959835593465,0.008067800117406154,0.0,0,4.09,4.4,324.245
2025-10-03,219.50999450683594,224.1999969482422,219.33999633789062,223.44000244140625,43639000,-0.00708806177234718,-0.03129376698022024,31.00702594332857,-2.2739871818036477,0.09034743807135198,-0.02525240377817667,-0.013039023009411066,0.0,1,4.09,4.4,324.245
2025-10-06,220.89999389648438,221.72999572753906,216.02999877929688,221.0,43690900,0.002250381300109163,-0.024251936439633436,28.192362915131298,-2.253039826788438,0.07771065012277474,-0.03237333969544707,0.00633228292302257,0.0,1,4.09,4.4,324.245
2025-10-07,221.77999877929688,222.88999938964844,220.1699981689453,220.8800048828125,31194700,0.005754809138367099,-0.019411048907948064,32.797212870732466,-2.1407525941528434,0.06357831518364089,-0.03377850818551353,0.003983725247293846,0.0,1,4.09,4.4,324.245
2025-10-08,225.22000122070312,226.72999572753906,221.19000244140625,222.9199981689453,46686000,0.019039697927176337,-0.0036911402723039063,40.505540650318316,-1.7539660764583687,0.0449352281492459,-0.04840740548669891,0.015510877718191152,0.0,1,4.09,4.4,324.245
2025-10-09,227.74000549316406,228.2100067138672,221.75,225.0,46412100,0.025989903205049614,0.007675063138212749,44.48704487935575,-1.2299140072255454,0.032089360169906225,-0.058624054684923155,0.01118907849570383,0.0,0,4.09,4.4,324.245
2025-10-10,216.3699951171875,228.25,216.0,226.2100067138672,72367500,-0.023733272484525787,-0.0411282069127141,36.41409168669136,-1.7123251623805515,0.08594604825149672,-0.014221642143298269,-0.049925397829666096,0.0,1,4.09,4.4,324.245
2025-10-13,220.07000732421875,220.67999267578125,217.0399932861328,217.6999969482422,37809700,-0.006096982607902438,-0.02519076926646063,49.16274384788499,-1.7756112741219567,0.06315872219030601,-0.031427971893616964,0.017100394188331425,0.0,0,4.09,4.4,324.245
2025-10-14,216.38999938964844,219.32000732421875,212.60000610351562,215.55999755859375,45665600,-0.0213114355749492,-0.041893846053818386,45.386470705743854,-2.098521410305352,0.07355703345395675,-0.015435114748841997,-0.016721987604375044,0.0,0,4.09,4.4,324.245
2025-10-15,215.57000732421875,217.7100067138672,212.66000366210938,216.6199951171875,45909500,-0.02278370111820384,-0.045678316732250104,46.787868057180894,-2.3930113807932116,0.07171863319196126,-0.013213336183185017,-0.003789417568938358,0.0,0,4.09,4.4,324.245
2025-10-16,214.47000122070312,218.58999633789062,212.80999755859375,215.6699981689453,42414600,-0.024258192355750885,-0.04988849100512092,43.300538966284385,-2.68421613082009,0.07072663269302015,-0.009477973270869253,-0.00510277898660183,0.0,0,4.09,4.4,324.245
2025-10-17,213.0399932861328,214.8000030517578,211.02999877929688,214.55999755859375,45986900,-0.02790265798420181,-0.055379012924024404,38.194990293101,-2.9958533499143414,0.06984704360524813,-0.0034181282277130545,-0.006667636156250767,0.0,1,4.09,4.4,324.245
2025-10-20,216.47999572753906,216.69000244140625,213.58999633789062,213.8800048828125,38882800,-0.010209748646659994,-0.03959711728927037,46.08958839175062,-2.9314566362159553,0.04704549647201936,-0.018604023776110243,0.016147214372026486,0.0,1,4.09,4.4,324.245
2025-10-21,222.02999877929688,223.32000732421875,217.99000549316406,218.42999267578125,50494600,0.015049960608888338,-0.015038598705158168,51.590899948258915,-2.4048611710845478,0.02148187571218814,-0.04315010539163605,0.025637486886977978,0.0,0,4.09,4.4,324.245
2025-10-22,217.9499969482422,220.00999450683594,216.52000427246094,219.3000030517578,44308500,-0.0002798166733600405,-0.03283610298824319,45.183584729499614,-2.2903507826915472,0.040233583194375755,-0.02590458241438868,-0.018375903497213075,0.0,1,4.09,4.4,324.245
2025-10-23,221.08999633789062,221.3000030517578,218.17999267578125,219.0,31540000,0.017225977046286887,-0.018599962423639652,51.69746453253702,-1.924049521013501,0.02613829125065045,-0.039087736753880026,0.014406971477930908,0.0,1,4.09,4.4,324.245
2025-10-24,224.2100067138672,225.39999389648438,221.89999389648438,221.97000122070312,38685100,0.027873315913378063,-0.004151963943343294,53.42863925736235,-1.366245146162015,0.014106269704136197,-0.05273082952779558,0.01411194729592502,0.0,1,4.09,4.4,324.245
2025-10-27,226.97000122070312,228.39999389648438,225.5399932861328,227.66000366210938,38267000,0.03724523141049835,0.008470500642610778,55.174473336550406,-0.6934786793238175,0.005444143535570771,-0.06580454998662942,0.012309863182682124,0.0,1,4.09,4.4,324.245
2025-10-28,229.25,231.49000549316406,226.2100067138672,228.22000122070312,47100000,0.041543621047509374,0.018803763335187764,54.11307875258674,0.02340069081327556,0.0017560414936923661,-0.07718461212354856,0.010045375014470892,0.0,1,4.09,4.4,324.245
2025-10-29,230.3000030517578,232.82000732421875,227.75999450683594,231.6699981689453,52036200,0.03935843987728645,0.023261779681010453,52.693597287843005,0.6685525696556169,0.003567756910032493,-0.08357212451472923,0.0045801659836763875,0.0,0,4.09,4.4,324.245
2025-10-30,222.86000061035156,228.44000244140625,222.75,227.05999755859375,102252900,0.001987255277131108,-0.009711806698160158,57.44436708291371,0.5728901424295145,0.03723705713014242,-0.05294199079384788,-0.03230569840563213,0.0,1,4.09,4.4,324.245
2025-10-31,244.22000122070312,250.5,243.97999572753906,250.10000610351562,166340800,0.08284265551668754,0.08305875247614526,69.71427090926393,2.195343957338224,-0.030735771625447078,-0.14840189873947562,0.09584492754129248,0.0,1,4.09,4.4,324.245
2025-11-03,254.0,258.6000061035156,252.89999389648438,255.36000061035156,95997800,0.10777711637370119,0.12392264867453522,77.92129820422122,4.221649909164,-0.038836265932415945,-0.19738026565592057,0.04004585509136338,0.0,0,3.88,4.5,325.063
2025-11-04,249.32000732421875,257.010009765625,248.66000366210938,250.3800048828125,51546300,0.07457645724798631,0.10113075273153709,73.69750708191016,5.3877688327923465,-0.0035744376847416178,-0.1884880178369789,-0.018425168014886806,0.0,1,3.88,4.5,325.063
2025-11-05,250.1999969482422,251.0,246.16000366210938,249.02999877929688,40610700,0.06358556516305647,0.10292365981924705,75.1655113134057,6.310194297576658,0.008032940159527852,-0.1964701626524957,0.0035295587926045258,0.0,0,3.88,4.5,325.063
2025-11-06,243.0399932861328,250.3800048828125,242.1699981689453,249.16000366210938,46004200,0.023597805835021992,0.07004796057822753,69.55161595585612,6.389812881868181,0.04513306679076541,-0.1739060558202458,-0.028617121300727022,0.0,1,3.88,4.5,325.063
2025-11-07,244.41000366210938,244.89999389648438,238.49000549316406,242.89999389648438,46374300,0.0206843103961791,0.0748673565704213,68.707303756973,6.488662311156048,0.047076123045047956,-0.17486551717230284,0.005636975040415049,0.0,1,3.88,4.5,325.063
2025-11-10,248.39999389648438,251.75,245.58999633789062,248.33999633789062,36476500,0.028145670101342637,0.0905536890607377,68.03940103874176,6.810453394836998,0.040072407136397876,-0.18652968971308395,0.01632498741700883,0.0,1,3.88,4.5,325.063
2025-11-11,249.10000610351562,249.75,247.22999572753906,248.41000366210938,23564100,0.022640989713426957,0.09135010246191815,72.3425664575907,7.040798341360642,0.04538965586723575,-0.18392442501726056,0.0028180846386129943,0.0,0,3.88,4.5,325.063
2025-11-12,244.1999969482422,250.3699951171875,243.75,250.24000549316406,31190100,-0.00316360057866234,0.06817790850900186,66.1676194778707,6.750147089454401,0.06989187097226113,-0.15935130930510155,-0.01967085120518708,0.0,0,3.88,4.5,325.063
2025-11-13,237.5800018310547,243.75,236.5,243.0500030517578,41401700,-0.03597933140441398,0.03904806173673665,58.91689669166988,5.917413340413702,0.09869240057024353,-0.12518875642488034,-0.027108907452568887,0.0,0,3.88,4.5,325.063
2025-11-14,234.69000244140625,238.72999572753906,232.88999938964844,235.05999755859375,38956700,-0.04400921322716624,0.026196912232591386,55.139813976887105,4.967010442242753,0.10840889111279736,-0.10137835975143165,-0.012164320933474637,0.0,0,3.88,4.5,325.063
2025-11-17,232.8699951171875,234.60000610351562,229.19000244140625,233.25,59919000,-0.043187449510091895,0.018503351094875532,52.424969457896054,4.020602909923355,0.11358758746277274,-0.08383274503973429,-0.007754941860691922,0.0,0,3.88,4.5,325.063
2025-11-18,222.5500030517578,230.1999969482422,222.4199981689453,228.10000610351562,60608400,-0.07542041813801077,-0.025295441792097265,45.38195706008555,2.4100494601810283,0.16504194852996265,-0.04093053900799846,-0.04431653833391602,0.0,1,3.88,4.5,325.063
2025-11-19,222.69000244140625,223.74000549316406,218.52000427246094,223.74000549316406,58335600,-0.06414290823966663,-0.02402914609751921,49.88904962303163,1.1319229256804135,0.16216443068062256,-0.03725987262705998,0.0006290693674619874,0.0,0,3.88,4.5,325.063
2025-11-20,217.13999938964844,227.41000366210938,216.74000549316406,227.0500030517578,50309000,-0.07742508831391336,-0.04728308795954796,27.730262769886693,-0.32509295505917635,0.1939147663481705,-0.016517682186539203,-0.02492255148822009,0.0,1,3.88,4.5,325.063
2025-11-21,220.69000244140625,222.2100067138672,215.17999267578125,216.35000610351562,68490500,-0.05279602175822326,-0.03107291807196746,19.479573861253243,-1.179733724101709,0.1759297502970387,-0.035153113964955955,0.016348913427910006,0.0,1,3.88,4.5,325.063
2025-11-24,226.27999877929688,227.3300018310547,222.27000427246094,222.55999755859375,54318400,-0.019494850304997896,-0.006080887254611521,29.235757045362163,-1.3899541774617035,0.14699099480649788,-0.059404803349828304,0.02532963104830621,0.0,1,3.88,4.5,325.063
2025-11-25,229.6699981689453,230.52000427246094,223.8000030517578,226.3800048828125,39379300,0.003644523185546496,0.009197765039663325,32.298679571859424,-1.2683895764759825,0.1300413113449229,-0.07308566002875189,0.0149814363087164,0.0,0,3.88,4.5,325.063
2025-11-26,229.16000366210938,231.75,228.77000427246094,230.74000549316406,38497900,0.008041115741725805,0.0071745285248348304,36.48228818775618,-1.1993753958902857,0.13259675152229056,-0.07156082385305113,-0.0022205534501759105,0.0,1,3.88,4.5,325.063
2025-11-28,233.22000122070312,233.2899932861328,230.22000122070312,231.24000549316406,20292300,0.027871802634703284,0.024839237497430867,39.644639372364736,-0.8077619118867005,0.11169609048139992,-0.08209743549503688,0.01771686809963624,0.0,1,3.88,4.5,325.063
2025-12-01,233.8800048828125,235.8000030517578,232.25,233.22000122070312,42904000,0.031148750914920163,0.027522760621035987,35.68048765513099,-0.43908710195054823,0.105256104622341,-0.08580599645117748,0.0028299616613276513,0.0,1,3.72,4.4,326.031
2025-12-02,234.4199981689453,238.97000122070312,233.5500030517578,235.00999450683594,45785400,0.03282370757445559,0.029281064560713076,35.476840240698834,-0.10215908727258238,0.09155310807306186,-0.08510739247509956,0.0023088475921804186,0.0,0,3.72,4.4,326.031
2025-12-03,232.3800048828125,233.3800048828125,230.61000061035156,233.35000610351562,35495100,0.01942068519274138,0.019279391449204767,37.604868221668575,0.00024555196904429977,0.09285014328007939,-0.07608023672653538,-0.008702300580441968,0.0,0,3.72,4.4,326.031
2025-12-04,229.11000061035156,233.5,226.8000030517578,232.77000427246094,45683200,0.0022528899884001296,0.00415230281319925,40.446645853483915,-0.18038073306038882,0.09785649454610632,-0.061507143336015896,-0.014071797072686909,0.0,1,3.72,4.4,326.031
2025-12-05,229.52999877929688,231.24000549316406,228.5500030517578,230.32000732421875,33117400,-0.0013227041205269476,0.004990574360506162,43.836591653373844,-0.28633730491333154,0.09059819745625693,-0.06386093382190099,0.0018331725713693903,0.0,0,3.72,4.4,326.031
2025-12-08,226.88999938964844,230.8300018310547,226.27000427246094,229.58999633789062,35019200,-0.01546513166023988,-0.007186732031704375,42.994378055647424,-0.5766868517796127,0.096158567399836,-0.05356082193989561,-0.011501761877265149,0.0,1,3.72,4.4,326.031
2025-12-09,227.9199981689453,228.57000732421875,225.11000061035156,226.83999633789062,25841700,-0.01169901141814198,-0.0031813278529252225,58.04132624942534,-0.7154316157704557,0.0785219810451304,-0.05414059566998904,0.004539639393836836,0.0,1,3.72,4.4,326.031
2025-12-10,231.77999877929688,232.4199981689453,228.4600067138672,228.80999755859375,38790700,0.004119923931933332,0.012619066987110246,62.247372576108944,-0.5080614349857342,0.04520125486471366,-0.06200596909191175,0.016935769749744978,0.0,0,3.72,4.4,326.031
2025-12-11,230.27999877929688,232.11000061035156,228.69000244140625,230.7100067138672,28249600,-0.002862209767282101,0.005218153286706111,69.8729679745262,-0.45946016588106886,0.04035230705267265,-0.050283679608188615,-0.006471654188885845,0.0,0,3.72,4.4,326.031
2025-12-12,226.19000244140625,230.0800018310547,225.1199951171875,229.8699951171875,35639100,-0.017581798131890182,-0.012961228657396757,58.18452975647681,-0.7424137493387093,0.05345456487942736,-0.03243685310816129,-0.017760970816273702,0.0,0,3.72,4.4,326.031
2025-12-15,222.5399932861328,227.92999267578125,221.5,227.92999267578125,47286100,-0.02865077022538325,-0.02914572708839973,44.09348252829456,-1.2468092957807642,0.06758482984375586,-0.018878916305155796,-0.01613691637948922,0.0,1,3.72,4.4,326.031
2025-12-16,222.55999755859375,223.66000366210938,221.1300048828125,223.0399932861328,39298900,-0.02350846236893307,-0.029199066007215575,37.433718102300254,-1.6261865563492108,0.06515921413128119,-0.0212699012347796,8.989068511033871e-05,0.0,0,3.72,4.4,326.031
2025-12-17,221.27000427246094,225.19000244140625,220.99000549316406,224.66000366210938,44034400,-0.02441280451420169,-0.03478303914535366,36.42930591124705,-2.0077928596046206,0.0717709906605522,-0.016544381407259237,-0.005796159688549518,0.0,1,3.72,4.4,326.031
2025-12-18,226.75999450683594,229.22999572753906,224.41000366210938,225.7100067138672,50272400,0.0008297402671527275,-0.010967659350319344,39.40981976109227,-1.8459433877935965,0.045640583275875724,-0.03837734971122239,0.024811271877659857,0.0,1,3.72,4.4,326.031
2025-12-19,227.35000610351562,229.1300048828125,225.5800018310547,226.75999450683594,85544400,0.004400217260824207,-0.00836053945219662,39.27045620932074,-1.651035402020824,0.03919414489457317,-0.03264922190665599,0.0026019210221046585,0.0,1,3.72,4.4,326.031
2025-12-22,228.42999267578125,229.47999572753906,226.7100067138672,228.61000061035156,32261300,0.00848532515385138,-0.004697036732768257,40.329337732780395,-1.3933617219095993,0.03255581429899176,-0.03210922600749247,0.00475032567966549,0.0,1,3.72,4.4,326.031
2025-12-23,232.13999938964844,232.4499969482422,228.72999572753906,229.05999755859375,29230200,0.022958624414476804,0.010405247478253894,49.63234451952812,-0.8796469159081539,0.01773233306970128,-0.04673207126321819,0.016241329216049705,0.0,1,3.72,4.4,326.031
2025-12-24,232.3800048828125,232.9499969482422,231.3300018310547,232.1300048828125,11420500,0.023745563714953125,0.010043955241233882,55.521790282094344,-0.4479936021684807,0.017972882880301945,-0.047842103018173425,0.001033882544133169,0.0,1,3.72,4.4,326.031
2025-12-26,232.52000427246094,232.99000549316406,231.17999267578125,232.0399932861328,15994700,0.023352453347599295,0.009165490631615706,55.09717917916772,-0.09353030132163553,0.01880904339894874,-0.04841943438998965,0.000602458846315379,0.0,0,3.72,4.4,326.031
2025-12-29,232.07000732421875,232.60000610351562,230.77000427246094,231.94000244140625,19797900,0.018735598848859707,0.00567605300999756,59.54312463349951,0.14935179095010653,0.020053323789037666,-0.04633855471242878,-0.0019353042317807878,0.0,1,3.72,4.4,326.031
2025-12-30,232.52999877929688,232.77000427246094,230.1999969482422,231.2100067138672,21910500,0.016297996017580158,0.005970142644599403,58.67520133050707,0.3746364888222615,0.01706892938307849,-0.047839140929886385,0.001982123671998126,0.0,0,3.72,4.4,326.031
2025-12-31,230.82000732421875,232.99000549316406,230.1199951171875,232.91000366210938,24383700,0.005195405422474209,-0.002665061094256393,48.03441415456752,0.410462657532662,0.022145950719489053,-0.039887105289258956,-0.0073538531116630335,0.0,0,3.72,4.4,326.031
2026-01-02,226.5,235.4600067138672,224.6999969482422,231.33999633789062,51456200,-0.0158592287711477,-0.02170899254310454,43.061673762043476,0.08923798712555708,0.03971517769506579,-0.022244975785918438,-0.018715913643268745,0.0,1,3.64,4.3,326.588
2026-01-05,233.05999755859375,234.0,227.17999267578125,228.83999633789062,49733300,0.009879520363329283,0.00531253712580214,61.56175882375298,0.35985392823715756,0.012546732004810273,-0.050167923036261525,0.028962461627345393,0.0,1,3.64,4.3,326.588
2026-01-06,240.92999267578125,243.17999267578125,232.07000732421875,232.10000610351562,53764700,0.03787398947611697,0.037484270253755954,77.09992872031606,1.1955799435476706,-0.010568034073986316,-0.0864227360461714,0.033768107781812384,0.0,1,3.64,4.3,326.588
2026-01-07,241.55999755859375,245.2899932861328,239.52000427246094,239.61000061035156,42236500,0.034735325820450635,0.0386451915961822,77.50436028789386,1.886982995271211,-0.0041314937456959746,-0.09174942907878954,0.0026148877348795008,0.0,1,3.64,4.3,326.588
2026-01-08,246.2899932861328,246.41000366210938,241.8800048828125,243.05999755859375,39509800,0.04864047117126027,0.05722644761069158,82.93839110088322,2.78449805969845,-0.010570037743030593,-0.11442077904177404,0.019581038977249277,0.0,1,3.64,4.3,326.588
2026-01-09,247.3800048828125,247.86000061035156,242.24000549316406,244.57000732421875,34560000,0.04659724537174193,0.06025515302946574,80.70281306075933,3.5428996984042556,-0.0037862115581539127,-0.12316022465297863,0.004425724253495522,0.0,0,3.64,4.3,326.588
2026-01-12,246.47000122070312,248.94000244140625,245.9600067138672,246.72999572753906,35867800,0.036629224967224615,0.05489277727332525,78.20058784607976,4.024121206414009,0.008805095005135963,-0.1222671889837244,-0.003678565947722645,0.0,0,3.64,4.3,326.588
2026-01-13,242.60000610351562,247.66000366210938,240.25,246.52999877929688,38371800,0.01585336774861768,0.03657762651019511,69.31045582562146,4.046570114094294,0.029587001815437212,-0.10619051118588077,-0.0157016882298876,0.0,0,3.64,4.3,326.588
2026-01-14,236.64999389648438,241.27999877929688,236.22000122070312,241.14999389648438,41410600,-0.010768083569989458,0.01180904412033366,55.79243974778516,3.54339868206813,0.05528382355365574,-0.07756562157486833,-0.024526018373191683,0.0,1,3.64,4.3,326.588
2026-01-15,238.17999267578125,240.64999389648438,236.6300048828125,239.30999755859375,43003600,-0.007426198002250964,0.019730106906993852,57.210327718716265,3.23084662305061,0.048140348525097534,-0.07656836775765569,0.006465239039753046,0.0,1,3.64,4.3,326.588
2026-01-16,239.1199951171875,239.57000732421875,236.41000366210938,239.08999633789062,45888300,-0.008722193489030434,0.02464950288652877,58.0448441702839,3.024136838541665,0.04216153439911968,-0.07087511482376234,0.0039466053837939885,0.0,0,3.64,4.3,326.588
2026-01-20,231.0,235.08999633789062,229.33999633789062,233.75999450683594,47737900,-0.041565351283166754,-0.00851390335956165,48.901204281611605,2.1799727320590705,0.07770163466186024,-0.03528605209582607,-0.033957825706746436,0.0,1,3.64,4.3,326.588
2026-01-21,231.30999755859375,232.3000030517578,226.8800048828125,231.08999633789062,47276100,-0.03643316866012157,-0.006182636147731958,48.74330345494886,1.518476753226281,0.07524066001722668,-0.033850302046862776,0.001341980773133189,0.0,1,3.64,4.3,326.588
2026-01-22,234.33999633789062,235.72000122070312,230.89999389648438,234.0500030517578,31913300,-0.020866244701966068,0.007707654463041739,53.52987153364553,1.2246153988911885,0.06051340417868599,-0.04299609397623783,0.01309929882528893,0.0,1,3.64,4.3,326.588
2026-01-23,239.16000366210938,240.4499969482422,234.57000732421875,234.9600067138672,33778500,0.0022588310271589866,0.029252546770281124,62.56949927796499,1.3649284217983393,0.04013764560367111,-0.060345906761453086,0.020568436457892858,0.0,0,3.64,4.3,326.588
2026-01-26,238.4199981689453,240.9499969482422,237.5399932861328,239.97999572753906,32825500,0.002923544849238381,0.027011931742431303,56.01706078332292,1.4002737602703519,0.043964911919893705,-0.05549497449296131,-0.003094185824689788,0.0,1,3.64,4.3,326.588
2026-01-27,244.67999267578125,244.8800048828125,238.0800018310547,239.69000244140625,38029200,0.030032057486296487,0.053933742532933066,54.36757276266749,1.9113812224644562,0.020831748744801294,-0.07826589984648,0.026256163723313408,0.0,0,3.64,4.3,326.588
2026-01-28,243.00999450683594,247.77999877929688,241.52999877929688,246.3699951171875,40882700,0.02282531505375926,0.046250980242166284,51.64884740140872,2.156820192501641,0.02979452093712761,-0.06937722466199651,-0.0068252338521122,0.0,0,3.64,4.3,326.588
2026-01-29,241.72999572753906,243.0,236.74000549316406,242.82000732421875,47229600,0.015267011637048288,0.04010958428399546,44.373154787009696,2.2224283696238842,0.03627800898050004,-0.061674093330112804,-0.005267268047532414,0.0,0,3.64,4.3,326.588
2026-01-30,239.3000030517578,243.32000732421875,237.63999938964844,239.88999938964844,46585000,0.004588468776047468,0.029084443585625452,40.348779606734425,2.0546583989921317,0.04610902033163306,-0.04791015042572038,-0.010052507834071855,0.0,1,3.64,4.3,326.588
2026-02-02,242.9600067138672,245.6300048828125,238.1699981689453,238.30999755859375,37546100,0.01831170452687094,0.04299301136389875,46.065910716417406,2.191765883377741,0.027238894184352734,-0.05236655684956486,0.015294624385431943,0.0,0,3.64,4.4,327.46
2026-02-03,238.6199951171875,246.35000610351562,235.4499969482422,244.97999572753906,53831300,-0.003062435983296698,0.02296284366364517,45.58561504269616,1.9279971368407303,0.04489419826241786,-0.03177289274132199,-0.017863069956986388,0.0,0,3.64,4.4,327.46
2026-02-04,232.99000549316406,238.86000061035156,231.82000732421875,238.86000061035156,51299900,-0.027266893824103466,-0.0025284384836730314,45.9115406026677,1.2502532527447272,0.07074561459552772,-0.012386946547171825,-0.023593955826118118,0.0,0,3.64,4.4,327.46
2026-02-05,222.69000244140625,226.30999755859375,220.3800048828125,224.91000366210938,103509200,-0.0657252065418925,-0.04678781427846981,35.53148646776556,-0.1166432332570082,0.12771282831304434,0.017376724997542014,-0.04420791797466184,0.0,0,3.64,4.4,327.46
2026-02-06,210.32000732421875,211.44000244140625,200.30999755859375,202.6999969482422,179210900,-0.10681521703137781,-0.09850516341831533,27.832518795138043,-2.173024498210566,0.20900768668152442,0.045143049138583274,-0.05554804877440456,0.0,0,3.64,4.4,327.46
2026-02-09,208.72000122070312,212.80999755859375,203.35000610351562,208.97000122070312,91178400,-0.10228728855167318,-0.10375364858732489,30.937715735351404,-3.887021423475005,0.22553316504600612,0.02737501889053637,-0.00760748406141476,0.0,0,3.64,4.4,327.46
2026-02-10,206.9600067138672,212.64999389648438,206.41000366210938,208.8000030517578,67175000,-0.09517769834701148,-0.10961352880387187,29.67107105286155,-5.325998389130916,0.2399016233155211,0.013074721507148094,-0.008432323191560842,0.0,0,3.64,4.4,327.46
2026-02-11,204.0800018310547,208.57000732421875,202.49000549316406,208.05999755859375,65545500,-0.09232021640460056,-0.11979696909393595,24.673592463681203,-6.622450835619787,0.26205541288705897,0.003840289163404159,-0.013915755650289796,0.0,0,3.64,4.4,327.46
2026-02-12,199.60000610351562,203.9600067138672,197.55999755859375,203.9600067138672,83975400,-0.09529333687359583,-0.1365661370267957,16.70033533375907,-7.920098983235363,0.29804912116279997,0.0001421925500958872,-0.021952154485218922,0.0,0,3.64,4.4,327.46
2026-02-13,198.7899932861328,201.16000366210938,197.27999877929688,198.8800048828125,66321600,-0.08211092390500124,-0.13741110777796675,16.68067591276909,-8.91113375117854,0.30671698614702625,-0.018976075312656143,-0.004058180323715632,0.0,1,3.64,4.4,327.46
2026-02-17,201.14999389648438,201.74000549316406,196.0,198.1300048828125,69879200,-0.05293046524923457,-0.12479857455394412,10.833189632921403,-9.39777195371363,0.2895108220888291,-0.0474873875010561,0.011871828009746066,0.0,1,3.64,4.4,327.46
2026-02-18,204.7899932861328,206.86000061035156,201.50999450683594,202.07000732421875,51003300,-0.020185771187491302,-0.10707125247951069,16.78832503920772,-9.38157376275106,0.2656204254958094,-0.0762458749274774,0.018095945812067304,0.0,1,3.64,4.4,327.46
2026-02-19,204.86000061035156,205.63999938964844,202.80999755859375,203.8000030517578,35669600,-0.006479272423737866,-0.10484022060971415,17.27322569565213,-9.25638572103071,0.2629014997550152,-0.08718638460836178,0.00034184934085601526,0.0,1,3.64,4.4,327.46
2026-02-20,210.11000061035156,211.1699981689453,203.75,204.75999450683594,65881600,0.02523690145189079,-0.08055141104907156,25.325451907618714,-8.634014625995917,0.22559825303281505,-0.1157795915868604,0.025627257563010764,0.0,0,3.64,4.4,327.46
2026-02-23,205.27000427246094,208.42999267578125,203.11000061035156,208.10000610351562,53581500,0.0040942709279117905,-0.09994718805231631,18.76347441997396,-8.43410518959243,0.24486421494865176,-0.10180877017320904,-0.023035535309270605,0.0,1,3.64,4.4,327.46
2026-02-24,208.55999755859375,210.36000061035156,203.25,205.47000122070312,41137200,0.020267383561104448,-0.0836555455261868,24.645750524971334,-7.918916221555264,0.21439956990604822,-0.11946763013466072,0.016027637831418806,0.0,1,3.64,4.4,327.46
2026-02-25,210.63999938964844,211.58999633789062,208.92999267578125,210.4600067138672,41346400,0.028590962870091077,-0.07291670483481648,29.94796187192695,-7.2591080096864005,0.18419478486023055,-0.1261098903877529,0.00997315810991184,0.0,0,3.64,4.4,327.46
2026-02-26,207.9199981689453,211.0500030517578,205.35000610351562,210.72999572753906,47756800,0.01340845579921784,-0.08341408631126232,34.66251145993466,-6.876419530703515,0.18045747534844475,-0.1123254771347035,-0.012913032798065993,0.0,1,3.64,4.4,327.46
2026-02-27,210.0,210.3300018310547,205.1999969482422,206.8300018310547,57422800,0.018384269973059024,-0.07322002980584116,49.577380890006985,-6.332302547476644,0.14847006357234258,-0.1159319601962264,0.01000385652833935,0.0,0,3.64,4.4,327.46
2026-03-02,208.38999938964844,209.72999572753906,203.4600067138672,204.5500030517578,46001000,0.005893742205353859,-0.07917365753188184,49.564296619173845,-5.9622701728685,0.13666770631632005,-0.10325918103263312,-0.007666669573102691,0.0,1,3.64,4.4,327.46
2026-03-03,208.72999572753906,209.17999267578125,202.47999572753906,203.10000610351562,43184900,0.003861917069041983,-0.07664801024807903,52.427967655564245,-5.577290454436451,0.10400108361251487,-0.09030392054260113,0.0016315386481426941,0.0,1,3.64,4.4,327.46
2026-03-04,216.82000732421875,217.5399932861328,210.14999389648438,210.47000122070312,54731100,0.036771419728500135,-0.040016260476032496,65.29044611976056,-4.566752251890591,0.03644983583251704,-0.10794237646514651,0.03875826073047883,0.0,1,3.64,4.4,327.46
2026-03-05,218.94000244140625,220.47000122070312,215.58999633789062,215.97999572753906,60943400,0.03990729432994999,-0.02990740994552058,74.60558184103999,-3.5538608616087686,0.006328217383234243,-0.10291177218064375,0.009777672934109694,0.0,0,3.64,4.4,327.46
2026-03-06,213.2100067138672,217.32000732421875,212.52999877929688,214.99000549316406,51152700,0.011202409332443496,-0.054020328588125215,66.30485417194329,-3.176878823424005,0.02284901130446351,-0.07272477466434853,-0.026171534044230005,0.0,1,3.64,4.4,327.46
2026-03-09,213.49000549316406,213.82000732421875,207.11000061035156,210.4499969482422,54642900,0.008598309925662424,-0.05120782100777045,64.64168459351114,-2.822982693467253,0.023441670766567065,-0.07439023651976716,0.0013132534612816382,0.0,1,3.64,4.4,327.46
2026-03-10,214.3300018310547,215.64999389648438,212.42999267578125,214.19000244140625,35678800,0.009814038205168659,-0.04594406404188713,62.125075537606676,-2.446534647960391,0.022467546768807776,-0.07843732279074546,0.00393459326562029,0.0,0,3.64,4.4,327.46
2026-03-11,212.64999389648438,217.0,211.35000610351562,215.7100067138672,34199300,0.000950787001087363,-0.051744923370993325,59.511592022801366,-2.2577337108143922,0.03257184548062282,-0.07050736319237137,-0.007838417021498345,0.0,0,3.64,4.4,327.46
2026-03-12,209.52999877929688,211.7100067138672,208.14999389648438,210.38999938964844,44349500,-0.014481994476135952,-0.0637756788265818,49.252959879439025,-2.332972088942114,0.04826544715257879,-0.05438389171007828,-0.014671973697334195,0.0,0,3.64,4.4,327.46
2026-03-13,207.6699981689453,210.55999755859375,206.22000122070312,209.61000061035156,35662100,-0.022158825790003125,-0.07002051715587093,53.34820611288269,-2.513709076746096,0.0552657079473781,-0.03963994218827152,-0.008877013416636048,0.0,1,3.64,4.4,327.46
2026-03-16,211.74000549316406,212.72000122070312,207.4499969482422,208.35000610351562,42209300,-0.0045648607100993695,-0.05017124298713105,54.34189928118707,-2.301992923643496,0.031956898321163794,-0.04895893188949002,0.0195984367511175,0.0,1,3.64,4.4,327.46
2026-03-17,215.1999969482422,215.6999969482422,212.42999267578125,212.82000732421875,44969900,0.008633354383259802,-0.033670662750470905,55.99999678762336,-1.8338741927603905,0.015075322152313905,-0.057431239510087155,0.016340754535353108,0.0,0,3.64,4.4,327.46
2026-03-18,209.8699951171875,215.13999938964844,208.8300018310547,213.92999267578125,37846600,-0.013133480505216814,-0.05563762129713805,52.40088268768103,-1.8714009833747411,0.0397462108017218,-0.02996391410925896,-0.024767666852414494,0.0,0,3.64,4.4,327.46
2026-03-19,208.75999450683594,209.1199951171875,206.0500030517578,207.05999755859375,36440600,-0.013631341123807438,-0.057904849830041495,48.435916356890914,-1.968022865355607,0.04388192380171525,-0.021545215178737566,-0.005288991452693126,0.0,0,3.64,4.4,327.46
2026-03-20,205.3699951171875,207.5399932861328,204.32000732421875,207.39999389648438,63694600,-0.026040867946725842,-0.07016610196093052,46.35441283683447,-2.29172346077857,0.06218482875058051,-0.00877386483077828,-0.01623874055782004,0.0,1,3.64,4.4,327.46
2026-03-23,210.13999938964844,212.8000030517578,209.50999450683594,209.7899932861328,44277400,-0.0018334958103090509,-0.045444718749825086,51.53762647154944,-2.1387053703777212,0.03696850738421958,-0.027850774578585428,0.02322639327005427,0.0,0,3.64,4.4,327.46
2026-03-24,207.24000549316406,209.35000610351562,206.63999938964844,207.9499969482422,35351400,-0.012282097345980002,-0.055172362438762404,38.219374614636656,-2.2257852357903403,0.05177811535130949,-0.015182917746535768,-0.013800294588880768,0.0,1,3.64,4.4,327.46
2026-03-25,211.7100067138672,213.07000732421875,209.89999389648438,211.55999755859375,36388800,0.009474436018754247,-0.031724250353428116,41.59498180546159,-1.9120638336980846,0.029841618646186854,-0.035741258326590565,0.021569200454641724,0.0,0,3.64,4.4,327.46
2026-03-26,207.5399932861328,212.88999938964844,207.1199951171875,210.61000061035156,46746000,-0.009469109727534203,-0.04774230549075199,43.16042007489137,-1.9771314549698502,0.050627516753377864,-0.01664363972242917,-0.019696817795534227,0.0,0,3.64,4.4,327.46
2026-03-27,199.33999633789062,206.60000610351562,199.13999938964844,206.4600067138672,56009800,-0.044807886082311586,-0.08222415078342823,35.66942861920195,-2.6597097586183907,0.09995645226237498,0.012349194132672768,-0.039510442389467326,0.0,1,3.64,4.4,327.46
2026-03-30,200.9499969482422,203.8000030517578,199.97999572753906,201.47999572753906,46373800,-0.032088709237565564,-0.07162895645044291,36.6573584225813,-3.0357501500116655,0.094095129494338,-0.0024155775856376177,0.008076656164990315,0.0,1,3.64,4.4,327.46
2026-03-31,208.27000427246094,210.27999877929688,204.13999938964844,204.85000610351562,58470100,0.006529151806107136,-0.03506063190766151,46.07387188802711,-2.7118410387722918,0.05560989558112853,-0.037666880237279744,0.03642700888472339,0.0,1,3.64,4.4,327.46
2026-04-01,210.57000732421875,213.5800018310547,208.19000244140625,210.44000244140625,45955400,0.017300471939619252,-0.022554053698985933,50.94615004469913,-2.243685895766191,0.040141958627168975,-0.04720855961227642,0.011043371606930696,0.0,0,3.64,4.4,327.46
2026-04-02,209.77000427246094,212.2100067138672,204.89999389648438,206.5399932861328,31453000,0.012941249433026774,-0.02431648622867209,51.948056727565906,-1.9151465155368044,0.03687033520945737,-0.04070790930572675,-0.0037992260242744047,0.0,1,3.64,4.4,327.46
2026-04-06,212.7899932861328,212.9499969482422,209.58999633789062,209.8000030517578,25385500,0.02385577070055838,-0.0082818272843752,50.99336581996998,-1.3950080311834085,0.02186951913330921,-0.05423470322082775,0.014396667550949482,0.1044776119402985,1,3.64,4.4,327.46
2026-04-07,213.77000427246094,213.97000122070312,209.0800018310547,211.24000549316406,28154600,0.026777794947381448,-0.001351008793992502,48.580512261250206,-0.8934170826389334,0.017395692230409304,-0.05865035482644781,0.00460553135602737,0.08235294117647059,0,3.64,4.4,327.46
