Date,Close,High,Low,Open,Volume,MA10_Dist,MA50_Dist,RSI,MACD,BB_Upper_Dist,BB_Lower_Dist,Daily_Return,Sentiment,Target,FEDFUNDS,UNRATE,CPIAUCSL
2020-02-19,9633.38671875,10191.67578125,9611.2236328125,10143.798828125,46992019710,-0.03864923065093572,0.0785086080651656,50.3204706130235,290.9518934898624,0.09085202476358549,-0.057403106268459216,-0.05014884351152826,0.0,0,1.58,3.5,259.25
2020-02-20,9608.4755859375,9643.216796875,9507.900390625,9629.3251953125,44925260237,-0.038754932777181506,0.06995003214701544,47.99338439324097,247.8085110467564,0.09243329479812419,-0.05102784414568,-0.0025859164113087862,0.0,1,1.58,3.5,259.25
2020-02-21,9686.44140625,9723.0146484375,9589.7431640625,9611.7822265625,40930547513,-0.025870061849083362,0.07218237840291158,48.196001181536374,217.40218270689365,0.08256189614232817,-0.054556950843870224,0.008114275736580634,0.0,0,1.58,3.5,259.25
2020-02-22,9663.181640625,9698.2314453125,9600.728515625,9687.70703125,35838025154,-0.021687514683192965,0.06414636687052801,46.62205959226346,189.24656315763605,0.08331558364860397,-0.04712983793896068,-0.002401270461409255,0.0,1,1.58,3.5,259.25
2020-02-23,9924.515625,9937.404296875,9657.791015625,9663.318359375,41185185761,0.007727560916019723,0.08690756392715435,46.796126369099525,185.8778165303538,0.05253795368892299,-0.06361145341891604,0.02704430011708836,0.0,0,1.58,3.5,259.25
2020-02-24,9650.1748046875,9951.74609375,9537.04296875,9921.5830078125,45080496648,-0.01349821585634927,0.05170502513238512,46.57437281939175,159.2354816090592,0.07595072149921026,-0.02561964244957744,-0.027642741538078885,0.0,0,1.58,3.5,259.25
2020-02-25,9341.705078125,9652.7373046875,9305.021484375,9651.3125,42515259129,-0.039654834541121974,0.014609509708491833,35.41175913540644,111.93993638529355,0.11490436268383104,0.00022143930502411022,-0.031965195740564556,0.0,0,1.58,3.5,259.25
2020-02-26,8820.5224609375,9354.7783203125,8704.4267578125,9338.2900390625,50420050762,-0.08272953976755688,-0.043361429463447364,27.684771019448576,32.033531931369,0.19582829025571702,0.033966328229338795,-0.05579095174048332,0.0,0,1.58,3.5,259.25
2020-02-27,8784.494140625,8932.892578125,8577.19921875,8825.09375,45470195695,-0.07779077664060706,-0.04872287733958227,28.31983989703943,-33.810309439866614,0.21100120390567897,0.016424562509353195,-0.0040846016176541156,0.0,0,1.58,3.5,259.25
2020-02-28,8672.455078125,8890.4560546875,8492.9326171875,8788.728515625,44605450443,-0.0752868285574936,-0.06246662240200426,25.246552161848257,-93.94965100491208,0.2350143814956805,0.007435076277076521,-0.012754184897438958,0.0,0,1.58,3.5,259.25
2020-02-29,8599.5087890625,8775.6318359375,8599.5087890625,8671.212890625,35792392544,-0.07284398169629842,-0.07122187971771944,28.22735643354804,-145.81579465197137,0.2484049285534502,-0.004576105663516321,-0.008411261679117432,0.0,0,1.58,3.5,259.25
2020-03-01,8562.4541015625,8726.796875,8471.212890625,8599.7587890625,35349164300,-0.06630916594552297,-0.0762712971861493,26.779847473992533,-187.7458732113264,0.25761894441028094,-0.019194103401210683,-0.0043089307085921735,0.0,1,0.65,4.4,258.076
2020-03-02,8869.669921875,8921.30859375,8532.630859375,8563.2646484375,42857674409,-0.02411722100384431,-0.04452449200466203,36.40345880275399,-193.95027532593303,0.20680235975020647,-0.061000600727236745,0.03587941221856461,0.0,0,0.65,4.4,258.076
2020-03-03,8787.7861328125,8901.5986328125,8704.990234375,8865.3876953125,42386715821,-0.023723440132345914,-0.054656151784468435,24.42224087207532,-203.13305473893524,0.20681782354377784,-0.058526299430220634,-0.009231886844013548,0.0,0,0.65,4.4,258.076
2020-03-04,8755.24609375,8843.3662109375,8712.431640625,8788.5419921875,34746706368,-0.014537339862229874,-0.05800966573318047,29.77726602137382,-210.60842001919082,0.20048144302914972,-0.06087132980685382,-0.0037028710724991143,0.0,1,0.65,4.4,258.076
2020-03-05,9078.7626953125,9142.0546875,8757.25390625,8760.28515625,39698054597,0.028491540216875527,-0.02377288181108507,39.2761002937069,-188.25749958683627,0.14156828603912014,-0.09178701529576774,0.03695117168590434,0.0,1,0.65,4.4,258.076
2020-03-06,9122.5458984375,9167.6953125,9032.0791015625,9078.30859375,40826885651,0.03602373150326573,-0.01990542484943599,38.42386416626137,-165.1080329066499,0.12814328830999108,-0.09660625357451472,0.004822595830994203,0.0,0,0.65,4.4,258.076
2020-03-07,8909.9541015625,9163.220703125,8890.744140625,9121.6005859375,36216930370,0.010853560668422071,-0.042706292351410415,35.65240845633714,-162.0483031169697,0.14494525727248203,-0.07643382787025847,-0.02330399860322019,0.0,0,0.65,4.4,258.076
2020-03-08,8108.1162109375,8914.34375,8105.2529296875,8908.2060546875,39973102121,-0.07300322964054486,-0.12729120415852613,21.30881060380989,-221.7686507889648,0.2594337878644576,-0.005872198162009636,-0.08999349283790192,0.0,0,0.65,4.4,258.076
2020-03-09,7923.64453125,8177.79345703125,7690.09814453125,8111.146484375,46936995808,-0.08627124748700479,-0.14570740802276902,21.931462591784083,-280.74650844678035,0.27735066972358297,0.0006798540302331696,-0.022751484424786028,0.0,0,0.65,4.4,258.076
2020-03-10,7909.7294921875,8136.9453125,7814.76318359375,7922.14697265625,42213940994,-0.08056239334303067,-0.14583011754416678,24.25436774493275,-324.8648728794342,0.2772488381836131,-0.01700234093431726,-0.0017561412564156553,0.0,1,0.65,4.4,258.076
2020-03-11,7911.43017578125,7950.814453125,7642.8125,7910.08984375,38682762605,-0.07335221327727255,-0.14410390327947792,29.90090040100587,-355.5927121581717,0.2714572626857142,-0.033147191758248346,0.00021501160000858555,0.0,0,0.65,4.4,258.076
2020-03-12,4970.7880859375,7929.1162109375,4860.35400390625,7913.6162109375,53980357243,-0.38992269355961323,-0.4578847031831398,13.089395224234735,-610.1960268836574,1.1483697653859497,0.3192229398074978,-0.37169538560117077,0.0,1,0.65,4.4,258.076
2020-03-13,5563.70703125,5838.11474609375,4106.98095703125,5017.8310546875,74156772075,-0.2890187834217604,-0.3894348659854918,22.474430385088098,-755.4193800837265,0.9452107151227525,0.07916151555191178,0.11928067241286833,0.0,0,0.65,4.4,258.076
2020-03-14,5200.3662109375,5625.2265625,5125.0693359375,5573.07763671875,36154506008,-0.3038242657092432,-0.4252143354147658,21.375222433354693,-889.5740455493506,1.0906150787652777,0.05422231155522808,-0.06530552710121185,0.0,1,0.65,4.4,258.076
2020-03-15,5392.31494140625,5836.64501953125,5169.283203125,5201.06689453125,33997889639,-0.24065374404923404,-0.4000524328916714,23.982441355304886,-969.2312317821825,1.0095324014552818,-0.05560254196648568,0.036910617960911996,0.0,0,0.65,4.4,258.076
2020-03-16,5014.47998046875,5385.2294921875,4575.35791015625,5385.2294921875,45368026430,-0.2505021822321903,-0.437607179750342,18.72273192309767,-1050.7360186572532,1.1591954516407363,-0.06898516706934626,-0.07006915676163483,0.0,1,0.65,4.4,258.076
2020-03-17,5225.62939453125,5371.3486328125,4981.9091796875,5002.578125,38622642935,-0.17342417549052058,-0.4090423534000885,21.69383262629644,-1085.775017865988,1.0666956909060044,-0.17014349441427273,0.04210793838741411,0.0,1,0.65,4.4,258.076
2020-03-18,5238.4384765625,5331.833984375,5069.3359375,5227.11376953125,37878801016,-0.1319979091551099,-0.4020213404151739,21.96628522497275,-1099.831913632549,1.048101421294545,-0.22632489370709943,0.0024512036855608432,0.0,1,0.65,4.4,258.076
2020-03-19,6191.19287109375,6329.73583984375,5236.96875,5245.41650390625,51000731797,0.05619174559202386,-0.2881832721599522,29.0807311577433,-1022.3082544712925,0.7102732785430252,-0.36281345678102916,0.18187755736638023,0.0,1,0.65,4.4,258.076
2020-03-20,6198.7783203125,6844.26171875,5865.78173828125,6191.65380859375,54442976103,0.0892798163894255,-0.2818447928566565,28.706815510578323,-949.3150012936412,0.6840730575996385,-0.3782149145589152,0.001225199953657663,0.0,0,0.65,4.4,258.076
2020-03-21,6185.06640625,6378.13525390625,5932.8232421875,6206.521484375,42494390880,0.12087369104735679,-0.2781387773945774,29.56320258048639,-882.4019784011089,0.6615004369667707,-0.3889678926011519,-0.00221203491300348,0.0,0,0.65,4.4,258.076
2020-03-22,5830.2548828125,6359.697265625,5823.7138671875,6185.55810546875,40099664740,0.04036957686332813,-0.31384294384596656,31.6880244753186,-848.2254355156365,0.7229338134134466,-0.3642336416766098,-0.05736583896317804,0.0,1,0.65,4.4,258.076
2020-03-23,6416.31494140625,6443.9345703125,5785.00439453125,5831.37451171875,46491916000,0.1277896031386242,-0.23962963909277504,38.61736969183971,-765.0313253270542,0.527407127883071,-0.4211083882428426,0.10052048673231173,0.0,1,0.65,4.4,258.076
2020-03-24,6734.8037109375,6789.02294921875,6411.06640625,6436.642578125,48221910672,0.15268148904098425,-0.1970172271874821,41.517708395757175,-665.7259374351925,0.41808811851885036,-0.4413962344900059,0.04963733427047878,0.0,0,0.65,4.4,258.076
2020-03-25,6681.06298828125,6892.51123046875,6536.92626953125,6738.716796875,44590107888,0.11880576896774606,-0.19864764678612695,41.18369874087227,-584.6229596983612,0.3766371984495883,-0.41993331941649154,-0.007979552925792555,0.0,1,0.65,4.4,258.076
2020-03-26,6716.4404296875,6735.4638671875,6590.962890625,6675.1708984375,35319797642,0.09356253084851117,-0.18876666946351395,71.43202615272429,-511.596238684695,0.30820671392447885,-0.3976334790843049,0.005295181540467819,0.0,0,0.65,4.4,258.076
2020-03-27,6469.79833984375,6793.83642578125,6466.70166015625,6719.38916015625,34585598367,0.032489022269925574,-0.21235412639255075,62.1582019796967,-468.2265671238056,0.29138610032660084,-0.34569396574122613,-0.03672214358569481,0.0,0,0.65,4.4,258.076
2020-03-28,6242.19384765625,6467.5009765625,6117.837890625,6467.25390625,34885225901,-0.019539001727132695,-0.23343015972834738,64.50803664109431,-447.0680481309564,0.29386712957323274,-0.3071227559559658,-0.035179534234601295,0.0,0,0.65,4.4,258.076
2020-03-29,5922.04296875,6250.46728515625,5920.0859375,6245.62451171875,28373690931,-0.06587603777974464,-0.26563414001243973,57.12244882149166,-450.93516976576666,0.31613115906707084,-0.25578080126059716,-0.051288198783903005,0.0,1,0.65,4.4,258.076
2020-03-30,6429.841796875,6517.19580078125,5903.234375,5925.53857421875,37101651525,0.010539378104678837,-0.19530637972521783,68.38760245198397,-408.3179349595257,0.1668628693576717,-0.29224527208859047,0.08574723804008189,0.0,1,0.65,4.4,258.076
2020-03-31,6438.64453125,6504.51513671875,6374.162109375,6430.6064453125,32786468812,0.007906008436777159,-0.18725152624923996,66.63333199869679,-369.5729552613657,0.11120124729956038,-0.2620207314568068,0.0013690436954885143,0.0,1,0.65,4.4,258.076
2020-04-01,6606.7763671875,6612.57373046875,6202.37353515625,6437.3193359375,40346426266,0.021804656748987423,-0.1583760505128504,67.9965789009276,-321.5933180981465,0.08617050944476977,-0.25928638730395753,0.026112924097839496,0.0,1,0.05,14.8,256.032
2020-04-02,6793.62451171875,7088.24755859375,6595.91845703125,6606.7763671875,47660646124,0.04460683306035679,-0.12671446053422486,59.922270800514575,-265.43228807207106,0.06908196992667667,-0.27433947705490613,0.028281287899985408,0.0,0,0.05,14.8,256.032
2020-04-03,6733.38720703125,7003.220703125,6673.3359375,6797.396484375,38976504903,0.035367126366182874,-0.1266417337222319,58.655091962017096,-223.21186676663183,0.08298992330958838,-0.24942409502720608,-0.008866740365705117,0.0,1,0.05,14.8,256.032
2020-04-04,6867.52734375,6878.95361328125,6696.48486328125,6738.3828125,33185988584,0.05297426252176288,-0.10121174318713964,60.63409221427534,-176.88882644131263,0.06931089891137625,-0.2500782542811616,0.01992164308903499,0.0,0,0.05,14.8,256.032
2020-04-05,6791.12939453125,6883.4140625,6715.92919921875,6862.53759765625,29510409856,0.04006936192222839,-0.10394349818520156,66.39481809806644,-144.67444234700088,0.07356786225077237,-0.20770813010507144,-0.011124520572645125,0.0,1,0.05,14.8,256.032
2020-04-06,7271.78125,7271.78125,6782.8896484375,6788.0498046875,46896904615,0.10016896936253505,-0.033734376368650065,65.14092595322859,-79.44394277877109,0.007811680415891219,-0.2371437221912471,0.0707764242948763,0.0,0,0.05,14.8,256.032
2020-04-07,7176.41455078125,7427.939453125,7136.71435546875,7273.64404296875,44243482668,0.070608577941483,-0.039993338444791436,58.486343598115326,-35.039681883462436,0.015396287980937838,-0.19419329398823287,-0.013114627068677276,0.0,1,0.05,14.8,256.032
2020-04-08,7334.0986328125,7356.2236328125,7153.3056640625,7179.283203125,37563249549,0.0715594669926516,-0.011473355173657855,62.06717652410906,12.728080995793789,0.009707524291374952,-0.2120771811156296,0.02197254365887824,0.0,0,0.05,14.8,256.032
2020-04-09,7302.08935546875,7341.4482421875,7179.09423828125,7337.96630859375,34815139178,0.053457334157266626,-0.00956334765878325,60.83545285872587,47.45447046071331,0.026693813646792724,-0.2060738926173945,-0.004364445986660415,0.0,0,0.05,14.8,256.032
2020-04-10,6865.4931640625,7303.8154296875,6802.47509765625,7303.8154296875,43622840992,-0.015591539097168339,-0.061800974656759156,56.840202462085635,39.292777758819284,0.09348120615947501,-0.1471720769872462,-0.05979058460566089,0.0,0,0.05,14.8,256.032
2020-04-11,6859.0830078125,6926.06982421875,6789.9208984375,6867.4404296875,31222085946,-0.020055801017487423,-0.05537746191062364,61.54692906957848,31.939156735867073,0.08725308290410679,-0.12412553091976132,-0.0009336774645052337,0.0,1,0.05,14.8,256.032
2020-04-12,6971.091796875,7119.947265625,6811.078125,6858.06787109375,35759567632,-0.006572095784713162,-0.032779832865273056,71.29543358610228,34.74896780565268,0.07253527250530878,-0.13299224058133935,0.016329994685138294,0.0,0,0.05,14.8,256.032
2020-04-13,6845.03759765625,6965.61669921875,6668.259765625,6965.61669921875,38619308647,-0.026085264646281133,-0.042083749298116375,59.9742456627824,26.498781466174478,0.09321841504095965,-0.11634747530552023,-0.018082418492216368,0.0,0,0.05,14.8,256.032
2020-04-14,6842.427734375,6958.55712890625,6793.8212890625,6843.28173828125,34110434052,-0.02610880272270764,-0.03486446380552754,59.729028918327494,19.524785622596028,0.09475799654956481,-0.11477473494336968,-0.0003812781513637953,0.0,0,0.05,14.8,256.032
2020-04-15,6642.10986328125,6928.66455078125,6633.40283203125,6845.5615234375,32288311031,-0.052610867873803306,-0.05592992135419566,50.838346482253534,-2.1414491070318036,0.12751961286821162,-0.08894156991443392,-0.029275847531044064,0.0,1,0.05,14.8,256.032
2020-04-16,7116.80419921875,7134.45068359375,6555.50439453125,6640.4541015625,46783242377,0.017345410084070666,0.01646317583282205,56.7464629262153,18.775339075391457,0.05704256646586598,-0.14534743881251747,0.07146740203164859,0.0,0,0.05,14.8,256.032
2020-04-17,7096.1845703125,7167.18310546875,7050.33203125,7116.552734375,32513423567,0.015562573291711469,0.018429724715075844,57.70086951402608,33.304301424364894,0.06053320460456374,-0.13124869280499268,-0.002897315751431484,0.0,1,0.05,14.8,256.032
2020-04-18,7257.6650390625,7269.95654296875,7089.2470703125,7092.29150390625,32447188386,0.03981008921141817,0.04585222601201402,58.18619059699002,57.18948822000766,0.027924972524823108,-0.1231634387530794,0.02275595669052466,0.0,0,0.05,14.8,256.032
2020-04-19,7189.4248046875,7280.52197265625,7167.0546875,7260.92236328125,31311210215,0.03169858749578766,0.04024610324599113,58.38607168742515,69.80755617847262,0.037868453892644004,-0.10446211474786873,-0.009402505352301915,0.0,0,0.05,14.8,256.032
2020-04-20,6881.95849609375,7240.29052734375,6835.5029296875,7186.87353515625,37747113936,-0.012656808168392607,0.000624545009340842,41.14666215400093,54.37075225607714,0.07900405859117884,-0.052776946558052706,-0.04276646838190479,0.0,0,0.05,14.8,256.032
2020-04-21,6880.3232421875,6934.5517578125,6834.4423828125,6879.7841796875,32589741511,-0.013192125427087479,0.006207642387497926,42.9763838224771,41.52633289123969,0.07674788457254618,-0.04606341171197284,-0.00023761461322069355,0.0,1,0.05,14.8,256.032
2020-04-22,7117.20751953125,7145.86572265625,6867.78173828125,6879.4404296875,33249153866,0.018648176744745452,0.045961432493713386,45.041416324200476,49.88655827223556,0.04230336750668159,-0.07466032232040644,0.034429236680519004,0.0,1,0.05,14.8,256.032
2020-04-23,7429.724609375,7491.78515625,7081.5947265625,7121.30615234375,43500782316,0.054552265098478,0.09616035230141128,52.58629099649728,80.79822283722206,0.0060166955170439865,-0.11176645649352691,0.043910071328696176,0.0,1,0.05,14.8,256.032
2020-04-24,7550.90087890625,7574.19580078125,7434.181640625,7434.181640625,34636526286,0.0610815750694024,0.11908354808194804,65.9240513566439,113.76246902211369,0.0008036325702139501,-0.12790194871820565,0.016309658285092787,0.0,1,0.05,14.8,256.032
2020-04-25,7569.93603515625,7641.36376953125,7521.67236328125,7550.48291015625,32941541447,0.050065535841652214,0.1270916479650951,66.41890274862087,139.8111932379452,0.007325289764522083,-0.12884500027128157,0.002520911948821203,0.0,1,0.05,14.8,256.032
2020-04-26,7679.8671875,7700.59423828125,7561.40771484375,7570.13916015625,33070154491,0.05705846303827646,0.1476632040645953,66.38664189732887,167.3958845542611,0.0028829370920346173,-0.1459778786651208,0.014522071498782596,0.0,1,0.05,14.8,256.032
2020-04-27,7795.60107421875,7795.60107421875,7679.4189453125,7679.4189453125,36162144725,0.06275716604133272,0.1660473584032123,72.08207539208293,196.3325096308845,0.0013189814176456135,-0.16403886093703854,0.015069777105927384,0.0,1,0.05,14.8,256.032
2020-04-28,7807.05859375,7814.52734375,7730.806640625,7796.97021484375,33187959921,0.056406908586798366,0.1681685723185096,72.31712860666102,217.68023727881246,0.010399677902982426,-0.1697578145951886,0.001469741643032707,0.0,1,0.05,14.8,256.032
2020-04-29,8801.0380859375,8871.75390625,7786.04931640625,7806.71240234375,60201052203,0.16549022341370104,0.31339426813285415,86.53192950218416,311.21678980107754,-0.060471923657716,-0.28973476693708816,0.1273180520232342,0.0,0,0.05,14.8,256.032
2020-04-30,8658.5537109375,9440.650390625,8533.255859375,8797.669921875,66964629541,0.12026524522480062,0.28925617556222083,79.39307067046299,369.58750856010556,-0.016337632409249972,-0.2860116633952624,-0.01618949646720247,0.0,1,0.05,14.8,256.032
2020-05-01,8864.7666015625,9048.0234375,8667.763671875,8672.7822265625,44068389997,0.11823465900777176,0.3048300857211802,81.48921697908494,427.55776087347385,-0.010236011870294541,-0.3089788266302167,0.023816089558295506,0.0,1,0.05,13.2,255.802
2020-05-02,8988.5966796875,9007.1875,8811.3662109375,8869.0576171875,40134388683,0.10770609345200854,0.3098505689551977,81.23766776944447,477.98177947798195,0.0035704622422880364,-0.32349523020186544,0.013968791699848548,0.0,0,0.05,13.2,255.802
2020-05-03,8897.46875,9167.78125,8830.9716796875,8983.6142578125,47101785174,0.0769956212796157,0.2827493263956371,80.57206482049561,504.77122667763433,0.03404877112587023,-0.31369861338262145,-0.010138170944239966,0.0,1,0.05,13.2,255.802
2020-05-04,8912.654296875,8956.90625,8645.0244140625,8895.7451171875,45718796276,0.06133931250489436,0.2720268485118434,90.59457809063221,521.2191138163644,0.04926755941918647,-0.3086206200144296,0.0017067266322232655,0.0,1,0.05,13.2,255.802
2020-05-05,9003.0703125,9062.4150390625,8856.8271484375,8912.83203125,43148462663,0.05411660836767201,0.27046670216044466,90.98012126851954,535.3784897291407,0.05207282495636662,-0.3026829032890187,0.010144678859214995,0.0,1,0.05,13.2,255.802
2020-05-06,9268.76171875,9411.4677734375,8966.7060546875,9007.44140625,49371886931,0.06540467020835365,0.2932030642540848,91.07934187030685,561.5655945499302,0.041424133575189696,-0.31896360377140914,0.029511199738283755,0.0,1,0.05,13.2,255.802
2020-05-07,9951.5185546875,9992.6640625,9138.322265625,9261.8955078125,61112700562,0.11622314006378423,0.3704396460644853,92.18431400095729,630.1478818826017,0.000532862722176348,-0.36755498805539577,0.07366214135771076,0.0,0,0.05,13.2,255.802
2020-05-08,9842.666015625,9996.7431640625,9767.1728515625,9936.162109375,51780748042,0.07936876061101261,0.3419533560814952,88.49513087590758,668.0158773105322,0.03530417702296306,-0.35800356653907034,-0.010938284289408906,0.0,0,0.05,13.2,255.802
2020-05-09,9593.896484375,9913.86328125,9580.64453125,9840.90625,46566121841,0.04301943570792165,0.29603750538071955,81.56097208870057,670.2269552548023,0.07676885232961433,-0.3309133584700948,-0.025274608612654736,0.0,0,0.05,13.2,255.802
2020-05-10,8756.4306640625,9595.5810546875,8395.107421875,9591.1689453125,63325279337,-0.04903922426517086,0.17474312519530255,63.68293549340814,597.5149770351582,0.17611071651338242,-0.2418746388985492,-0.0872915214038874,0.0,0,0.05,13.2,255.802
2020-05-11,8601.7958984375,9033.470703125,8374.3232421875,8755.53515625,57119858802,-0.06315725053218205,0.14547934323663952,60.146265676567864,521.4020785848952,0.18871308738735013,-0.19969223997392277,-0.017659566044374797,0.0,1,0.05,13.2,255.802
2020-05-12,8804.4775390625,8949.8984375,8569.6435546875,8610.3857421875,42142717533,-0.03915592652334555,0.1650595689159223,61.97643682837843,471.99589781377836,0.15489452026786557,-0.1924977406197263,0.023562712138033515,0.0,1,0.05,13.2,255.802
2020-05-13,9269.9873046875,9317.87890625,8805.3876953125,8805.3876953125,45558144023,0.007549723428364239,0.21848322649862892,56.449372178591055,465.0431631533447,0.09739847011989,-0.21369528210775338,0.05287193516704303,0.0,1,0.05,13.2,255.802
2020-05-14,9733.7216796875,9793.2685546875,9255.03515625,9271.3291015625,56426907637,0.04859494941820422,0.26925244266346315,63.58609459321384,491.28928228658515,0.05156314910264633,-0.23517808072275606,0.05002535168149658,0.0,0,0.05,13.2,255.802
2020-05-15,9328.197265625,9755.828125,9261.3984375,9734.291015625,48158802327,0.0014011540010529784,0.2081440292316987,55.57519874039252,473.9042168699034,0.0937748962852549,-0.1795772937541188,-0.04166180495059313,0.0,1,0.05,13.2,255.802
2020-05-16,9377.013671875,9564.205078125,9260.6943359375,9333.240234375,36164766408,0.0054732281235223374,0.20538922452160316,54.758651054110736,458.77700751928387,0.08320789750528923,-0.16087653263803475,0.005233209039209763,0.0,1,0.05,13.2,255.802
2020-05-17,9670.7392578125,9823.001953125,9349.5458984375,9374.9296875,40084250663,0.04010012769610721,0.2322847395667681,59.02559513971607,465.12807818809597,0.047716202865321515,-0.16438124541827867,0.03132400103227817,0.0,1,0.05,13.2,255.802
2020-05-18,9726.5751953125,9906.0302734375,9570.359375,9675.6953125,41827139896,0.047413122742155867,0.22749803241627048,59.410762971238206,469.2575322370176,0.03447334283436067,-0.1422150094366029,0.005773698991511145,0.0,1,0.05,13.2,255.802
2020-05-19,9729.0380859375,9836.0478515625,9539.6240234375,9727.0634765625,39254288955,0.04615588914442939,0.21766907609397126,58.568090403783934,467.34166520569124,0.03989303398796372,-0.13857526697384526,0.00025321252090737545,0.0,0,0.05,13.2,255.802
2020-05-20,9522.9814453125,9804.7939453125,9447.201171875,9725.3291015625,36546239703,0.015627307585128827,0.18274786812555938,53.043215789497076,444.07723206626906,0.0628841615681129,-0.11134872606274167,-0.02117954918100662,0.0,0,0.05,13.2,255.802
2020-05-21,9081.76171875,9555.2421875,8869.9306640625,9522.740234375,39326160532,-0.03636155133856924,0.12105661019179607,38.94926641614577,385.5923876635461,0.11372853056929823,-0.06499219172741433,-0.04633209978369557,0.0,1,0.05,13.2,255.802
2020-05-22,9182.5771484375,9232.9365234375,9008.638671875,9080.3349609375,29810773699,-0.029557647989620774,0.12685526809160183,41.5960484465152,343.41896962892133,0.10133025978324246,-0.07297449432685778,0.01110086707949609,0.0,1,0.05,13.2,255.802
2020-05-23,9209.287109375,9302.501953125,9118.1083984375,9185.0625,27727866812,-0.026110110712252874,0.1233070438771786,44.80986094791991,308.5942205355095,0.09741563756942569,-0.07155685880181352,0.0029087652089092586,0.0,0,0.05,13.2,255.802
2020-05-24,8790.3681640625,9288.404296875,8787.2509765625,9212.283203125,32518803300,-0.06104407822535821,0.06720318842622826,50.51629373833392,244.37509417773072,0.1507849427119701,-0.029771786555279227,-0.045488748514099786,0.0,1,0.05,13.2,255.802
2020-05-25,8906.9345703125,8951.005859375,8719.66796875,8786.107421875,31288157264,-0.044292395925808845,0.07582805741761664,54.69649582269166,200.57480714040867,0.13622337590874023,-0.044047577140641316,0.013260696716498988,0.0,0,0.05,13.2,255.802
2020-05-26,8835.052734375,8991.9677734375,8757.2939453125,8909.5859375,29584186947,-0.04646023885380049,0.06313096069990323,50.49033626145421,158.23842659888396,0.1462346074307326,-0.04194586012690207,-0.008070322664891605,0.0,1,0.05,13.2,255.802
2020-05-27,9181.017578125,9203.3203125,8834.1572265625,8837.380859375,32740536902,-0.00385629771684737,0.09945713362461127,48.516297520252,150.86394588573603,0.09246136613538804,-0.07586006942965533,0.039158209254817056,0.0,1,0.05,13.2,255.802
2020-05-28,9525.7509765625,9546.3193359375,9148.45703125,9184.9453125,34367073114,0.035804365640867614,0.13478344430618225,46.388434960218206,170.8670717449695,0.047219117726889005,-0.10692480448120399,0.037548495632866885,0.0,0,0.05,13.2,255.802
2020-05-29,9439.1240234375,9573.6669921875,9379.3388671875,9528.35546875,32896642044,0.02963064137636917,0.11876742061240808,52.16625479683101,177.6814211375895,0.05468697999399777,-0.09822543152080974,-0.009093976247976698,0.0,1,0.05,13.2,255.802
2020-05-30,9700.4140625,9704.0302734375,9366.7294921875,9438.9140625,32722975141,0.056088450776995244,0.14206186222764747,55.83163928721865,201.839089206449,0.03032099229036787,-0.11682725652039042,0.02768159825145977,0.0,0,0.05,13.2,255.802
2020-05-31,9461.05859375,9700.34375,9432.296875,9700.10546875,27773290299,0.02579377745237775,0.10709879528577759,46.143361972869734,199.37199301588043,0.05328343117839814,-0.08229808871168338,-0.024674768232348376,0.0,1,0.05,13.2,255.802
2020-06-01,10167.2685546875,10199.5654296875,9450.8994140625,9463.60546875,35198901068,0.09071816113290058,0.1809036480977468,56.5407819428211,251.50287473035678,-0.0077744988473283285,-0.14473944203776726,0.07464386293982206,0.0,0,0.08,11.0,257.042
2020-06-02,9529.8037109375,10182.3408203125,9460.5712890625,10162.9736328125,39137252109,0.018829426204653214,0.10000338741993488,47.51194295674096,238.62813213081063,0.059972344111356574,-0.08617843132602526,-0.06269774820259899,0.0,1,0.08,11.0,257.042
2020-06-03,9656.7177734375,9682.859375,9471.8466796875,9533.7607421875,25007459262,0.022923338113019984,0.10745769937423776,51.703789926705646,235.94587289035917,0.044934987571462276,-0.0978792067987065,0.013317594606312655,0.0,1,0.08,11.0,257.042
2020-06-04,9800.63671875,9887.6103515625,9525.2470703125,9655.8544921875,25921805072,0.02843244672698234,0.11587864828872961,59.90903579232119,242.63625946034153,0.0341964567556488,-0.1109120161321721,0.014903505382374727,0.0,0,0.08,11.0,257.042
2020-06-05,9665.533203125,9869.2373046875,9663.216796875,9800.2158203125,23509628646,0.005492786102855706,0.0941458028241459,56.59477071714682,234.33544131619237,0.05093032533143555,-0.09777744015005768,-0.013785177382049874,0.0,0,0.08,11.0,257.042
2020-06-06,9653.6796875,9773.431640625,9591.0244140625,9664.904296875,20438419222,-0.0006541453208289027,0.08651284001811627,56.092906725336775,224.2158823634727,0.05201658784400741,-0.09664219004718286,-0.0012263695520872142,0.0,1,0.08,11.0,257.042
2020-06-07,9758.8525390625,9768.498046875,9458.150390625,9653.0029296875,25015250846,0.007801429576140239,0.09220071927895304,64.52847160164663,222.12214333867996,0.04113825005897972,-0.10650651294929422,0.010894586827723485,0.0,1,0.08,11.0,257.042
2020-06-08,9771.4892578125,9782.306640625,9675.8857421875,9760.0634765625,21486346312,0.005654668952487967,0.08733062838512791,63.386817862074516,218.9585003752236,0.04040068769892336,-0.10783642254015127,0.0012948980117710729,0.0,1,0.08,11.0,257.042
2020-06-09,9795.7001953125,9836.369140625,9664.7197265625,9774.3603515625,23717842783,0.007158712930542883,0.08300190727718579,65.09760695141615,215.91596599786862,0.04090568306951584,-0.1103338551280271,0.0024777121338637187,0.0,1,0.08,11.0,257.042
2020-06-10,9870.0947265625,9908.896484375,9728.291015625,9794.119140625,25706567601,0.010557727649143355,0.08406025260709997,61.84027844198941,217.00623966520834,0.0370664410345799,-0.11305895590821635,0.007594610876882513,0.0,0,0.08,11.0,257.042
2020-06-11,9321.78125,9938.2978515625,9263.0693359375,9870.078125,30247143440,-0.0372476431009167,0.018903208939818672,46.72439431915736,171.6473307082524,0.09776164081730862,-0.05908941355722906,-0.05555301055894357,0.0,1,0.08,11.0,257.042
2020-06-12,9480.84375,9540.4658203125,9285.8515625,9320.6904296875,22610564515,-0.02032430806304265,0.03166343019863482,50.65475546406086,146.842375477494,0.07941363921930979,-0.07208046203966786,0.01706353064227928,0.0,0,0.08,11.0,257.042
2020-06-13,9475.27734375,9493.2119140625,9396.009765625,9480.7353515625,17564322315,-0.01906036975723357,0.026757614004347292,46.15830950954207,125.29083255621481,0.07465236676395445,-0.05891156762012992,-0.0005871213994007585,0.0,0,0.08,11.0,257.042
2020-06-14,9386.7880859375,9482.2705078125,9347.59375,9477.5537109375,18991732746,-0.024039906603786375,0.013179323905434871,48.663868602238566,99.91893269203683,0.07986701567144183,-0.04001181693227313,-0.009338962291258746,0.0,1,0.08,11.0,257.042
2020-06-15,9450.7021484375,9504.8603515625,8990.17578125,9386.03515625,26699704768,-0.0151949598759007,0.016193333176840123,33.23441350013526,84.00054396435371,0.06370904197696992,-0.03113483571604705,0.006808938469139436,0.0,1,0.08,11.0,257.042
2020-06-16,9538.0244140625,9579.4306640625,9400.4453125,9454.2666015625,21565537209,-0.004896314611206727,0.021754100044659812,50.25902207933991,77.53747946728618,0.05114035604328638,-0.033431733575464584,0.009239764861221245,0.0,0,0.08,11.0,257.042
2020-06-17,9480.2548828125,9540.4228515625,9327.33984375,9533.7841796875,20177709879,-0.008040175156590529,0.011937985390162883,44.18661213753592,66.9818112918947,0.05760111117087492,-0.028077144777319152,-0.006056760681470541,0.0,0,0.08,11.0,257.042
2020-06-18,9411.8408203125,9482.7822265625,9328.3955078125,9481.5673828125,17770083003,-0.011478672454081641,0.003327055826035681,36.52095661200255,52.49084336197848,0.0654344025742861,-0.021447839355269314,-0.007216479234543938,0.0,0,0.08,11.0,257.042
2020-06-19,9288.0185546875,9440.8759765625,9274.2958984375,9410.2939453125,19632223107,-0.01925417755534278,-0.011199745887199398,36.80888018371852,30.66177500963022,0.07995824590952201,-0.013162566285728974,-0.013156009327927487,0.0,1,0.08,11.0,257.042
2020-06-20,9332.3408203125,9394.9716796875,9247.3798828125,9290.9599609375,17130541557,-0.008946594436660129,-0.007469328662226483,39.0208957693958,16.745485951410956,0.0754524402828565,-0.019851898777169894,0.004771982890003024,0.0,0,0.08,11.0,257.042
2020-06-21,9303.6298828125,9401.107421875,9300.4306640625,9330.9267578125,15324301169,-0.011805085313797783,-0.011185453019030235,33.58906547925838,3.361247533131973,0.0662117270392119,-0.01355043063031059,-0.0030764990320015784,0.0,1,0.08,11.0,257.042
2020-06-22,9648.7177734375,9655.0732421875,9296.8720703125,9300.9150390625,21104009514,0.023024644165244332,0.023856415396906527,46.4298168988326,20.365094776267142,0.028957359134416827,-0.04847737915002958,0.03709174751916078,0.0,0,0.08,11.0,257.042
2020-06-23,9629.658203125,9670.541015625,9547.2470703125,9644.076171875,17006433272,0.019335311923002158,0.02028140984024965,45.157004906599155,31.934694901645344,0.03071172743542831,-0.046592870591591645,-0.0019753474772544743,0.0,0,0.08,11.0,257.042
2020-06-24,9313.6103515625,9680.3671875,9278.2333984375,9632.1494140625,18961716076,-0.013355265905522756,-0.013853418142582319,35.774229046296156,15.423473850711162,0.06259404128148437,-0.016375328055492196,-0.03282025643027875,0.0,0,0.08,11.0,257.042
2020-06-25,9264.8134765625,9340.1611328125,9095.32421875,9314.126953125,18616048626,-0.016588040893245524,-0.019011941984520858,48.044207252676955,-1.5810622872086242,0.06733494413252711,-0.014664173747810658,-0.005239308190707503,0.0,0,0.08,11.0,257.042
2020-06-26,9162.91796875,9310.5166015625,9101.73828125,9260.9951171875,18341465837,-0.023515790162965566,-0.028178030028243907,38.6391680625349,-23.01410333430067,0.07906757030898229,-0.008926190759021438,-0.010998117562784016,0.0,0,0.08,11.0,257.042
2020-06-27,9045.390625,9207.810546875,8998.216796875,9167.82421875,17273093144,-0.03155249052772642,-0.03901781796056288,35.77645258515956,-48.919503618095405,0.09171874647911611,-0.002567460862305059,-0.012826410118569775,0.0,1,0.08,11.0,257.042
2020-06-28,9143.58203125,9197.546875,8975.525390625,9048.4609375,14560870760,-0.018219806202223462,-0.0276555978598128,42.00443949882592,-60.8253374886699,0.0757184210953036,-0.015869374398017135,0.010855408054862181,0.0,1,0.08,11.0,257.042
2020-06-29,9190.8544921875,9237.5732421875,9041.8759765625,9140.029296875,16460547078,-0.012113338605737503,-0.023530768713885396,41.362827216293525,-65.68908124423797,0.06377030786598045,-0.021096889837804996,0.005170015512075743,0.0,0,0.08,11.0,257.042
2020-06-30,9137.9931640625,9217.8359375,9084.837890625,9185.5810546875,15735797744,-0.015739098937411506,-0.03025182800225713,36.391451735286566,-72.9679712593479,0.05959442975482895,-0.013116207659898993,-0.005751513982724221,0.0,1,0.08,11.0,257.042
2020-07-01,9228.3251953125,9309.7548828125,9104.7353515625,9145.9853515625,15971550355,-0.005202466845609034,-0.021545766601515633,41.61543371741253,-70.63328748190543,0.04918140646377541,-0.02374797159395535,0.00988532488788163,0.0,0,0.09,10.2,258.352
2020-07-02,9123.41015625,9274.962890625,9036.623046875,9231.1396484375,16338916796,-0.010911188623234026,-0.032368860455287286,40.62832574447494,-76.36847239650888,0.060126549684563005,-0.015319320856595037,-0.011368806022981404,0.0,0,0.09,10.2,258.352
2020-07-03,9087.3037109375,9202.3447265625,9058.794921875,9124.8427734375,13078970999,-0.00899869410691445,-0.03487495400087672,43.0841735343086,-82.87184114488446,0.06315366620213213,-0.014491239153060855,-0.00395756024273064,0.0,1,0.09,10.2,258.352
2020-07-04,9132.48828125,9183.2958984375,9053.6298828125,9084.2333984375,12290528515,-0.0021001138907548703,-0.029672713484671022,43.117974599771195,-83.41819747671616,0.05719970133134038,-0.021457949164775014,0.004972274697731871,0.0,0,0.09,10.2,258.352
2020-07-05,9073.9423828125,9162.18359375,8977.015625,9126.0908203125,12903406143,-0.006425145557749385,-0.03527190709333171,42.24983985638479,-87.56594778326325,0.06252351028258123,-0.017799074529748812,-0.00641072801130238,0.0,1,0.09,10.2,258.352
2020-07-06,9375.474609375,9375.474609375,9058.6640625,9072.849609375,17889263252,0.024208120503080497,-0.0025872304736231006,40.500968571830136,-65.76385433430914,0.02559554763316032,-0.04836692608212642,0.0332305643833104,0.0,0,0.09,10.2,258.352
2020-07-07,9252.27734375,9360.6171875,9201.8154296875,9349.1611328125,13839652595,0.008470396784282271,-0.01469927726803863,37.76648955568612,-57.760698555675845,0.03644189953356736,-0.03534981198586471,-0.01314037643510968,0.0,1,0.09,10.2,258.352
2020-07-08,9428.3330078125,9450.3359375,9249.5,9253.0205078125,19702359883,0.024480255187409913,0.004692843543779272,54.090184893236554,-36.787851754830626,0.017355388693114395,-0.0534548574134037,0.019028359994139876,0.0,0,0.09,10.2,258.352
2020-07-09,9277.9677734375,9431.37890625,9234.9990234375,9427.994140625,18000702524,0.007188232388621842,-0.010813698691603629,50.43731551259093,-31.93184686949826,0.03377205086520392,-0.03815150365780045,-0.015948231171979632,0.0,1,0.09,10.2,258.352
2020-07-10,9278.8076171875,9287.4716796875,9118.001953125,9273.357421875,16860035605,0.005741986585941966,-0.011139644471033229,54.1302814916083,-27.696392863957954,0.03321023502349696,-0.038347256034602525,9.052022711308894e-05,0.0,0,0.09,10.2,258.352
2020-07-11,9240.3466796875,9293.5322265625,9199.4853515625,9277.51171875,13249910444,0.0014426652995337664,-0.01535974139710889,57.36316539948496,-27.130497784244653,0.03708746869554447,-0.03460616298323823,-0.004145030168397623,0.0,1,0.09,10.2,258.352
2020-07-12,9276.5,9319.4189453125,9197.4501953125,9241.0546875,14452361907,0.0036955840266612162,-0.01164886083783412,55.266905346774955,-23.49392767937934,0.024898101618665406,-0.03423355065318805,0.003912550206798482,0.0,0,0.09,10.2,258.352
2020-07-13,9243.6142578125,9306.4052734375,9224.29296875,9277.205078125,17519821266,-0.001551196368215684,-0.01610288074392855,52.114729123968395,-23.000390048879126,0.0185797347040763,-0.025009384564764703,-0.003545059255915528,0.0,0,0.09,10.2,258.352
2020-07-14,9243.2138671875,9283.841796875,9171.6611328125,9238.703125,18085038362,-0.002787113348063527,-0.01684931292076837,54.40263342415421,-22.38354255291597,0.017709053592878717,-0.02481394927701177,-4.331537576462985e-05,0.0,0,0.09,10.2,258.352
2020-07-15,9192.8369140625,9275.3251953125,9171.93359375,9241.8974609375,15844731575,-0.009492607373962663,-0.022951279967125048,48.4637367468759,-25.66384869507783,0.022724141177940006,-0.01969089040365036,-0.005450155524782674,0.0,0,0.09,10.2,258.352
2020-07-16,9132.2275390625,9214.3125,9088.947265625,9191.98046875,15713967523,-0.013437416866861314,-0.02929239483941694,50.39692413469308,-32.776359505087385,0.029554826217802078,-0.013563778459289822,-0.006593108913667822,0.0,1,0.09,10.2,258.352
2020-07-17,9151.392578125,9182.25390625,9089.2021484375,9131.8125,13944570749,-0.010288346742123474,-0.02648048024707668,52.929716621890805,-36.44648469307322,0.026575915937009545,-0.013648484084830208,0.002098616025556055,0.0,1,0.09,10.2,258.352
2020-07-18,9159.0400390625,9230.9833984375,9100.82421875,9151.18359375,12252601475,-0.006568042229181331,-0.025085993632765428,51.25690537498208,-38.2965404813167,0.025687723344660535,-0.014272238494001306,0.0008356608977502233,0.0,1,0.09,10.2,258.352
2020-07-19,9185.8173828125,9201.3984375,9097.6328125,9158.005859375,12939002784,-0.002666806963543079,-0.02116341997161138,55.46015743708141,-37.17350217602325,0.022684762374182134,-0.017187539615379843,0.002923597193133398,0.0,0,0.09,10.2,258.352
2020-07-20,9164.2314453125,9214.2705078125,9137.509765625,9187.220703125,13755604146,-0.0037711619616776237,-0.022845464368012748,35.81347579778827,-37.59195433368768,0.025036308605278623,-0.014528914932975345,-0.0023499201650132306,0.0,1,0.09,10.2,258.352
2020-07-21,9374.8876953125,9407.2626953125,9149.3896484375,9162.5146484375,18069581956,0.01764056530101774,0.0013081747357266708,57.368592177682416,-20.686915946289446,0.004280696077690776,-0.037386592658743646,0.02298678850016933,0.0,1,0.09,10.2,258.352
2020-07-22,9525.36328125,9530.5185546875,9319.6533203125,9375.080078125,16532254884,0.03118897847170623,0.01738974396056714,56.016266365365915,4.797271023997382,-0.005546280166157869,-0.05441152984190866,0.016050921443329758,0.0,1,0.09,10.2,258.352
2020-07-23,9581.072265625,9610.2470703125,9483.00390625,9527.1416015625,18146399002,0.033444470631918376,0.02350532682688231,71.29310877096697,29.152866167109096,-0.005188427713482251,-0.060896141696134415,0.00584848921034431,0.0,0,0.09,10.2,258.352
2020-07-24,9536.892578125,9623.3369140625,9481.4541015625,9585.5146484375,16552768325,0.025430842998076058,0.01936020084144665,67.08984033988398,44.378353203255756,0.0034828739275412778,-0.056368153523288646,-0.004611142289210002,0.0,1,0.09,10.2,258.352
2020-07-25,9677.11328125,9704.556640625,9530.2119140625,9539.4853515625,16610070933,0.03511780537681802,0.03432222484861137,75.48697468791565,66.98711448424547,-0.0046431923455464204,-0.07022268199310934,0.014702976045533722,0.0,1,0.09,10.2,258.352
2020-07-26,9905.1669921875,10023.8076171875,9652.84765625,9680.234375,20507998997,0.05082370783633347,0.05812852227026019,79.9723999988826,102.12946434346122,-0.015256396730252988,-0.09858557396626728,0.023566295475673238,0.0,1,0.09,10.2,258.352
2020-07-27,10990.873046875,11298.2216796875,9903.9697265625,9905.2177734375,35359749590,0.1436858132332205,0.17102764525526987,91.5704500137314,215.107805896625,-0.06552528051623172,-0.21881757889108547,0.1096100707382146,0.0,0,0.09,10.2,258.352
2020-07-28,10912.8232421875,11204.3271484375,10632.6318359375,11017.4638671875,28766551142,0.11521208556137023,0.1598908464438027,88.30762433038736,294.946034307688,-0.030948522001215603,-0.2275205811924093,-0.007101328925793737,0.0,1,0.09,10.2,258.352
2020-07-29,11100.4677734375,11304.3974609375,10856.1416015625,10912.953125,24617249715,0.11261813128769423,0.17657167977242977,91.175198433777,369.10493901085647,-0.020293241295791534,-0.2511968220716464,0.017194865809297744,0.0,1,0.09,10.2,258.352
2020-07-30,11111.2138671875,11169.3564453125,10895.455078125,11099.8330078125,22857247901,0.09237756386257273,0.17462026628430058,93.65506312752692,423.8575591314493,0.0011842684135907019,-0.2578545382695912,0.0009680757576464583,0.0,1,0.09,10.2,258.352
2020-07-31,11323.466796875,11415.8642578125,10987.0537109375,11110.2109375,23160469766,0.09231915623198345,0.19201376202398307,94.15314335988896,478.85648314252467,0.005511666725832855,-0.2764633252957793,0.0191025870102548,0.0,1,0.09,10.2,258.352
2020-08-01,11759.5927734375,11794.775390625,11239.6826171875,11322.5703125,26075670303,0.11045694647091885,0.23201368377463097,95.02055790363482,551.2804304765014,-0.003781739797716572,-0.31017936891480996,0.03851523428168302,0.0,0,0.1,8.4,259.316
2020-08-02,11053.6142578125,12034.14453125,11018.1298828125,11758.7646484375,27410067336,0.029476407485005577,0.1542334322123392,76.17879760262929,545.4230668224736,0.07162491287425649,-0.2615263971261288,-0.060034265575901635,0.0,1,0.1,8.4,259.316
2020-08-03,11246.3486328125,11453.0791015625,11012.4150390625,11043.7685546875,20271713443,0.031011959619876114,0.16981597094897963,77.84671252564482,549.9931386967,0.06600304889512999,-0.2691136852379501,0.017436321777176023,0.0,0,0.1,8.4,259.316
2020-08-04,11205.892578125,11385.3818359375,11094.1455078125,11246.203125,21250197042,0.013104356723415847,0.16136721287894498,75.65630616318184,544.0786876407892,0.07973076447458674,-0.2583899241626484,-0.00359726129861071,0.0,1,0.1,8.4,259.316
2020-08-05,11747.0224609375,11786.6171875,11158.28515625,11203.8232421875,24411254471,0.04463184054814978,0.21190035097135787,78.05842768246595,576.4115877200238,0.045258992099123166,-0.28555951373230626,0.04828976175167332,0.0,1,0.1,8.4,259.316
2020-08-06,11779.7734375,11902.3359375,11598.7138671875,11749.87109375,23400740340,0.040246466519626656,0.20954028811893005,77.93044723550017,597.7874524341532,0.05505544128345419,-0.27793574591049297,0.002788023660583505,0.0,0,0.1,8.4,259.316
2020-08-07,11601.47265625,11898.0380859375,11408.59375,11778.89453125,23132312867,0.01830845347080346,0.18589994691898687,75.36245445475996,593.4991080228974,0.07842219904193116,-0.25293751515380664,-0.01513618086086388,0.0,1,0.1,8.4,259.316
2020-08-08,11754.0458984375,11800.064453125,11558.431640625,11604.5537109375,17572057837,0.02581560960192237,0.1954689507853827,75.43700093984356,595.5468562737897,0.0708983286666904,-0.24725958492627462,0.013151196120374076,0.0,0,0.1,8.4,259.316
2020-08-09,11675.7392578125,11806.056640625,11548.7841796875,11737.3251953125,17489608833,0.013985811746564138,0.1818708722979204,72.51057946305345,584.1176750954437,0.07985632305426325,-0.22247634920524376,-0.006662100973708895,0.0,1,0.1,8.4,259.316
2020-08-10,11878.111328125,12045.140625,11662.2568359375,11662.2568359375,26114112569,0.026615877796917937,0.19612168347759523,64.54764735118849,584.6502176718604,0.06480248523728996,-0.21799317063830256,0.017332698670629254,0.0,0,0.1,8.4,259.316
2020-08-11,11410.525390625,11932.7109375,11195.708984375,11881.6474609375,27039782640,-0.01081286921300961,0.14497326968812754,57.236234744751734,541.1044686343321,0.10488522141168442,-0.16587522019467477,-0.03936534391564839,0.0,1,0.1,8.4,259.316
2020-08-12,11584.9345703125,11748.396484375,11249.60546875,11404.5966796875,25064548486,-0.00029788881697878216,0.15793040884678256,57.07101603790259,514.7339790941405,0.0837675669345904,-0.15665188522478624,0.015284938573538076,0.0,1,0.1,8.4,259.316
2020-08-13,11784.1376953125,11796.396484375,11216.8720703125,11588.4052734375,27522199497,0.012194652930788731,0.17205267795983084,59.30949601720654,504.0982724276764,0.057606242865781726,-0.14399710346137354,0.017195015111304723,0.0,0,0.1,8.4,259.316
2020-08-14,11768.87109375,12150.994140625,11685.455078125,11772.6591796875,24237958589,0.006018543851725318,0.16473263072691757,56.517107023707666,488.80289559936136,0.046581497223462213,-0.11271637169866516,-0.0012955213149429268,0.0,1,0.1,8.4,259.316
2020-08-15,11865.6982421875,11963.203125,11768.697265625,11768.697265625,23354924400,0.013267540065805078,0.1680665010270201,51.72366966562217,478.97303789584475,0.022580330510949913,-0.08797336247060569,0.008227394765919493,0.0,1,0.1,8.4,259.316
2020-08-16,11892.8037109375,11934.9013671875,11737.1884765625,11866.685546875,20583375490,0.014602889562212135,0.16420820378002582,67.49024463913102,467.9754598472682,0.02260021686573682,-0.08481867043259717,0.0022843551383793237,0.0,1,0.1,8.4,259.316
2020-08-17,12254.40234375,12359.056640625,11806.6962890625,11895.658203125,28227687027,0.03966049781118409,0.19234380930804443,69.62808730887635,482.8715450780419,-0.0011264630967341446,-0.10732364109095095,0.03040482644811049,0.0,0,0.1,8.4,259.316
2020-08-18,11991.2333984375,12335.70703125,11954.525390625,12251.8955078125,26043227672,0.015290247447243187,0.1604140068934038,64.07118908248364,468.0459233954243,0.022891622115096783,-0.08239982565865245,-0.021475461465219614,0.0,0,0.1,8.4,259.316
2020-08-19,11758.283203125,12028.923828125,11687.3330078125,11990.884765625,24502851117,-0.005128810128725085,0.13212949282741937,50.226809866416055,432.51362959185826,0.041788472277801296,-0.0573493692585035,-0.019426708460436926,0.0,1,0.1,8.4,259.316
2020-08-20,11878.3720703125,11900.4111328125,11710.0634765625,11761.5,20175242945,0.005029720769299713,0.1378853130208814,51.918442854857304,409.3257463066784,0.03222720198039292,-0.06317897200819658,0.01021312934149976,0.0,0,0.1,8.4,259.316
2020-08-21,11592.4892578125,11899.259765625,11564.9794921875,11878.0263671875,23762425999,-0.0206666188991721,0.10527077176708909,49.83223269666016,363.68845388886984,0.0570389155954417,-0.04087339422683606,-0.024067507803910648,0.0,1,0.1,8.4,259.316
2020-08-22,11681.8251953125,11689.4072265625,11448.8056640625,11585.4775390625,20224191306,-0.013926652255319425,0.10830513331828258,48.618632417327895,330.914656223762,0.044444226587023815,-0.038319511453363916,0.007706363621583279,0.0,0,0.1,8.4,259.316
2020-08-23,11664.84765625,11713.4296875,11559.9208984375,11679.6962890625,18482062658,-0.014367270587928202,0.10140203522998574,49.786671124646574,300.1117386267524,0.043256665748746946,-0.030624453449574793,-0.0014533293195752028,0.0,1,0.1,8.4,259.316
2020-08-24,11774.595703125,11807.6318359375,11623.25,11663.689453125,20681511755,-0.005142123779632603,0.1061233427120725,47.89615082931352,281.31315178577097,0.029115730653359338,-0.03041284094095049,0.00940844236539995,0.0,0,0.1,8.4,259.316
2020-08-25,11366.134765625,11778.2998046875,11189.8505859375,11773.5888671875,26301509932,-0.035583047814478845,0.0637732722047465,49.07558951098327,230.79528785866933,0.0682313410987991,-0.0010528171770818127,-0.034690018052305094,0.0,1,0.1,8.4,259.316
2020-08-26,11488.36328125,11530.052734375,11296.9931640625,11366.89453125,22466660958,-0.021855275524871837,0.07073119685842638,47.94427940953303,198.33604200713853,0.057013763715664405,-0.01436520731297302,0.010753745063331488,0.0,0,0.1,8.4,259.316
2020-08-27,11323.3974609375,11570.7861328125,11185.94140625,11485.6083984375,23240415076,-0.028197565203550063,0.05164128397670342,40.04711082308506,157.48510255998917,0.07437307047081504,-0.004421783041293745,-0.01435938403704018,0.0,1,0.1,8.4,259.316
2020-08-28,11542.5,11545.615234375,11316.4228515625,11325.2958984375,19807127588,-0.005563919141895094,0.06749984409082553,45.50573038570172,141.16294397179263,0.05362833055416566,-0.02480211764535041,0.01934954061432026,0.0,0,0.1,8.4,259.316
2020-08-29,11506.865234375,11585.640625,11466.29296875,11541.0546875,17485597759,-0.006481974021783077,0.059836383985549885,42.69848101698459,123.9235740995955,0.05692361419802975,-0.02328207208195258,-0.0030872658111327222,0.0,1,0.1,8.4,259.316
2020-08-30,11711.505859375,11715.2646484375,11492.3818359375,11508.7138671875,19760127945,0.012645933905007494,0.07379670948604079,46.55953127090655,125.32931908178398,0.037099300428494984,-0.04041510848384132,0.017784220187846422,0.0,0,0.1,8.4,259.316
2020-08-31,11680.8203125,11768.876953125,11598.318359375,11713.306640625,22285928250,0.009221874608816827,0.066282087340441,37.551776815855106,122.55458199139684,0.039300481610670894,-0.03505698850465095,-0.0026201196706430174,0.0,1,0.1,8.4,259.316
2020-09-01,11970.478515625,12067.0810546875,11601.12890625,11679.31640625,27311555343,0.03167535918702395,0.08731039964088748,49.554685119866036,142.09064654888425,0.016724694833058492,-0.057758520724717356,0.024797762089964426,0.0,0,0.09,7.8,259.997
2020-09-02,11414.0341796875,11964.8232421875,11290.7939453125,11964.8232421875,28037405299,-0.014150733960189302,0.03269451806396953,43.51416921216082,111.38869145162971,0.0664152358096018,-0.015190245603859566,-0.04648471948812871,0.0,0,0.09,7.8,259.997
2020-09-03,10245.296875,11443.0224609375,10182.46484375,11407.19140625,31927261555,-0.10325155403327053,-0.07480996347022954,27.94633486690671,-7.16753917173628,0.2133237284815019,0.057024804153136766,-0.10239476124641311,0.0,1,0.09,7.8,259.997
2020-09-04,10511.8134765625,10663.919921875,10207.9404296875,10230.365234375,29965130374,-0.07299206262204272,-0.05310180951088593,35.32940990557684,-78.71120988680377,0.18885957698325734,0.011046871277102872,0.02601355576262887,0.0,0,0.09,7.8,259.997
2020-09-05,10169.5673828125,10581.5712890625,9946.67578125,10512.5302734375,44916565292,-0.09262089653470001,-0.08560844119566804,30.789636651621436,-161.16863220046798,0.23745112737989055,0.01954582767049196,-0.03255823502891142,0.0,1,0.09,7.8,259.997
2020-09-06,10280.3515625,10353.927734375,10056.8857421875,10167.216796875,37071460174,-0.07411941021212581,-0.07750749097746176,32.822004715780906,-215.09786176230773,0.22018904367746242,-0.006716342795546531,0.010893696409813414,0.0,1,0.09,7.8,259.997
2020-09-07,10369.5634765625,10399.1533203125,9916.4931640625,10280.998046875,33703098409,-0.056113648740538265,-0.07147478005793345,32.47791216797006,-247.78222953640397,0.20621170885494255,-0.02742080816366359,0.00867790498409815,0.0,0,0.09,7.8,259.997
2020-09-08,10131.5166015625,10414.775390625,9945.1103515625,10369.306640625,33430927462,-0.0660901105889482,-0.0943591117418368,33.919650209346784,-289.5554053760916,0.2349085439233357,-0.02098196522538536,-0.022956306264775628,0.0,1,0.09,7.8,259.997
2020-09-09,10242.34765625,10350.54296875,10017.2509765625,10134.1513671875,24128292755,-0.042912484922890674,-0.08586974220552714,33.72287762867771,-310.14267661016675,0.2164816761156108,-0.04248483548649797,0.010939236349907233,0.0,1,0.09,7.8,259.997
2020-09-10,10363.138671875,10503.912109375,10238.1357421875,10242.330078125,54406443211,-0.0195530621219524,-0.07647020985746998,37.30934756723508,-313.10216505868266,0.19870140444707005,-0.061907032794388195,0.011793293850096198,0.0,1,0.09,7.8,259.997
2020-09-11,10400.9150390625,10434.9228515625,10140.8369140625,10369.0283203125,45201121775,-0.0011466071223753167,-0.0744561381773119,34.1534784366237,-308.83923737166515,0.18816227179211673,-0.07144414762617099,0.0036452631180188266,0.0,1,0.09,7.8,259.997
2020-09-12,10442.1708984375,10578.837890625,10292.38671875,10409.861328125,36750077324,0.012263164378988868,-0.07227961459132827,35.243837043329165,-298.68873558842824,0.1762150671304617,-0.07956888998462405,0.003966560559340859,0.0,0,0.09,7.8,259.997
2020-09-13,10323.755859375,10577.21484375,10224.330078125,10452.3994140625,36506852789,2.3421954339943166e-05,-0.08385269134186275,30.295481256624527,-296.7784169588158,0.17957006532818026,-0.07292845086305938,-0.011340078630605377,0.0,1,0.09,7.8,259.997
2020-09-14,10680.837890625,10800.0107421875,10266.0087890625,10328.734375,35453581940,0.03292143856972789,-0.053467714786917406,37.00577948420159,-263.4144620699881,0.1351897943158715,-0.1053936074018431,0.0345883839286778,0.0,1,0.09,7.8,259.997
2020-09-15,10796.951171875,10938.6318359375,10656.4599609375,10677.7548828125,32509451925,0.03785354476583908,-0.04284881615076781,34.030390964997665,-225.01013922751736,0.1163734550990509,-0.11481000737373624,0.010871177190313608,0.0,1,0.09,7.8,259.997
2020-09-16,10974.9052734375,11100.1240234375,10704.884765625,10797.76171875,30769986455,0.0479627339653832,-0.02718024077985077,43.337975501205975,-178.16129540318798,0.0947802769603473,-0.12884680817951802,0.01648188444401355,0.0,0,0.09,7.8,259.997
2020-09-17,10948.990234375,11037.4208984375,10774.6279296875,10973.251953125,38151810523,0.03973554926141168,-0.029216664985626053,66.34261842230599,-141.49332919363405,0.09017627915107798,-0.12501034543465886,-0.0023612995663134795,0.0,0,0.09,7.8,259.997
2020-09-18,10944.5859375,11034.908203125,10829.6572265625,10951.8203125,26341903912,0.03135417151238832,-0.02932035332777386,61.443998498094466,-111.50374596884467,0.08353084826731251,-0.12271160758966587,-0.00040225598714782596,0.0,1,0.09,7.8,259.997
2020-09-19,11094.3466796875,11134.0927734375,10909.6181640625,10933.7529296875,22764204008,0.03713982372419589,-0.015637954419771526,77.22594764424399,-74.79020992342157,0.058712158652400995,-0.12992451686095144,0.013683545731443925,0.0,0,0.09,7.8,259.997
2020-09-20,10938.271484375,11095.8701171875,10814.4775390625,11095.8701171875,24699523788,0.017080960508551037,-0.0280694046046328,68.86635526581088,-57.624176352381255,0.06141185692583627,-0.11189141238576351,-0.014067993350005525,0.0,0,0.09,7.8,259.997
2020-09-21,10462.259765625,10988.3046875,10380.2607421875,10934.92578125,28884999244,-0.027734956401756262,-0.06938789490808984,52.175527362721134,-81.49076378131213,0.08099181985437,-0.057187929868096794,-0.04351800185522625,0.0,1,0.09,7.8,259.997
2020-09-22,10538.4599609375,10568.0771484375,10382.7265625,10459.6240234375,23621787804,-0.02152917566146782,-0.06142796238046645,60.33593077200878,-93.18233933424926,0.058216218066517486,-0.05735416915211984,0.0072833400259153525,0.0,0,0.09,7.8,259.997
2020-09-23,10246.1865234375,10537.828125,10197.865234375,10535.4921875,23788661867,-0.047980409262003344,-0.08589567660187945,50.08927480515564,-124.59575862120255,0.08839735267230399,-0.03045184226661277,-0.027733979972724532,0.0,1,0.09,7.8,259.997
2020-09-24,10760.06640625,10771.056640625,10231.490234375,10248.7861328125,47144380902,-0.0009689369322737504,-0.038356883458651084,57.803960751906956,-106.79425021857242,0.038258547117847826,-0.07628935003241524,0.050153282066164984,0.0,0,0.09,7.8,259.997
2020-09-25,10692.716796875,10777.6962890625,10578.9140625,10761.109375,39348590957,-0.006260373177735099,-0.042515590129623325,55.671140111636845,-97.00278939493182,0.0449003948281892,-0.06568087643155875,-0.006259218747560857,0.0,1,0.09,7.8,259.997
2020-09-26,10750.7236328125,10772.9990234375,10667.28125,10695.5751953125,46852525493,0.0012165490173923267,-0.035852351069844364,55.95790145377034,-83.59864611763624,0.04022372812541837,-0.06730806955919358,0.005424892199001441,0.0,1,0.09,7.8,259.997
2020-09-27,10775.26953125,10803.9765625,10622.921875,10746.892578125,53745972818,0.005128673402167267,-0.03195154154298823,59.046295274521356,-70.18605596955422,0.03914565923335345,-0.0669591130006424,0.0022831856976197606,0.0,0,0.09,7.8,259.997
2020-09-28,10709.65234375,10945.34765625,10703.8935546875,10776.61328125,47762394731,0.0012019516943523486,-0.03617350936897365,50.65365355696883,-64.11219481684566,0.043657708268877694,-0.05398946397552535,-0.006089609852421796,0.0,1,0.09,7.8,259.997
2020-09-29,10844.640625,10860.0009765625,10649.4951171875,10709.650390625,46582396602,0.01619366160080275,-0.022206237718542205,51.07264575409408,-47.85455244857803,0.030541312214474457,-0.0600855625426176,0.012604356977915954,0.0,0,0.09,7.8,259.997
2020-09-30,10784.4912109375,10847.2568359375,10669.3212890625,10843.87109375,44171073700,0.012015687320433769,-0.026530574653387335,45.47748250917799,-39.36997618841269,0.036167279787280765,-0.05081448865628117,-0.00554646448346463,0.0,0,0.09,7.8,259.997
2020-10-01,10619.4521484375,10933.6240234375,10472.3564453125,10795.2548828125,40023134100,-0.0049393693779156925,-0.03975423077755711,42.65833828293443,-45.439364717476565,0.0514041472776283,-0.03313869083847119,-0.015303370300178809,0.0,0,0.09,6.9,260.319
2020-10-02,10575.974609375,10657.837890625,10416.689453125,10619.8212890625,48661453918,-0.009361516191423645,-0.04159156552845732,41.9283663847375,-53.14504984674204,0.055089822411685495,-0.027262165792420898,-0.00409414143543152,0.0,0,0.09,6.9,260.319
2020-10-03,10549.3291015625,10598.9404296875,10511.1298828125,10575.1005859375,44660271563,-0.014655253531702939,-0.04188847376360392,37.38536941719791,-60.70219352170352,0.05568367683187311,-0.0205958597656033,-0.0025194375739971964,0.0,1,0.09,6.9,260.319
2020-10-04,10669.5830078125,10686.0,10534.3916015625,10550.4404296875,71251776995,-0.0025801458377116464,-0.028856793390925006,43.67624717009319,-56.33836549186708,0.04376511974973587,-0.031719697842230526,0.011399199427022166,0.0,1,0.09,6.9,260.319
2020-10-05,10793.33984375,10793.5078125,10634.6005859375,10676.529296875,47537578009,0.008040745627173917,-0.015622280100984995,59.341020853951804,-42.40503906331469,0.03176980022403679,-0.04282802478743392,0.01159903211277169,0.0,0,0.09,6.9,260.319
2020-10-06,10604.40625,10797.578125,10528.890625,10796.306640625,42623695307,-0.00824939704015526,-0.02993388508563532,51.749315469483015,-46.07699262711685,0.047193828173114565,-0.026309857476971222,-0.017504646058134066,0.0,1,0.09,6.9,260.319
2020-10-07,10668.96875,10680.5078125,10562.5068359375,10603.35546875,37799458436,-0.0012184102990145638,-0.021661108006542387,62.75587382047745,-43.278500489044745,0.03808563005856733,-0.03205552888899552,0.0060882710901424275,0.0,1,0.09,6.9,260.319
2020-10-08,10915.685546875,10945.7373046875,10562.6064453125,10669.37109375,63314794397,0.0199109276404147,0.002511891112027337,55.59763777536104,-20.911635382417444,0.01414645527603142,-0.0537214934190705,0.023124708925124526,0.0,1,0.09,6.9,260.319
2020-10-09,11064.4580078125,11102.671875,10846.8505859375,10927.9130859375,22799117613,0.03169257104732275,0.017696840213129776,62.63166312821837,8.718459637815613,-0.00021411170234344332,-0.0659908899724131,0.013629236597062944,0.0,1,0.09,6.9,260.319
2020-10-10,11296.361328125,11442.2109375,11056.9404296875,11059.142578125,22877978588,0.04831266368169141,0.03959337497337389,66.581080463495,50.332976050245634,-0.012350017405221592,-0.09038395891493278,0.02095930231275278,0.0,1,0.09,6.9,260.319
2020-10-11,11384.181640625,11428.8134765625,11288.6279296875,11296.08203125,19968627060,0.04901784153408212,0.04824966470925441,67.81865339463343,89.36895570613524,-0.009356045492643461,-0.0999156258454472,0.0077742124166433335,0.0,1,0.09,6.9,260.319
2020-10-12,11555.36328125,11698.4677734375,11240.6865234375,11392.6357421875,26163972642,0.05526815875224235,0.06422655826691244,73.30808045465947,132.58976630455436,-0.011123356822614196,-0.11735737266818963,0.01503679807902314,0.0,0,0.09,6.9,260.319
2020-10-13,11425.8994140625,11548.984375,11321.224609375,11548.7197265625,24241420251,0.03515862204117456,0.05297950004931584,66.06861996074694,154.61362832192754,0.00501338027268907,-0.10196351437813984,-0.011203790312466544,0.0,1,0.09,6.9,260.319
2020-10-14,11429.5068359375,11539.9775390625,11307.8310546875,11429.0478515625,24103426719,0.02840515941028404,0.05318893354494158,68.40656431384483,170.39458374639798,0.011631386588910901,-0.10332504374258271,0.0003157232305546209,0.0,1,0.09,6.9,260.319
2020-10-15,11495.349609375,11569.9140625,11303.603515625,11426.6025390625,24487233058,0.02783718169267853,0.05924247590945639,76.49516220225699,186.06917651846015,0.01298088926010956,-0.10862265608191708,0.005760771167350187,0.0,0,0.09,6.9,260.319
2020-10-16,11322.123046875,11540.0615234375,11223.0126953125,11502.828125,25635480772,0.005893260471063018,0.043282912054845676,70.92762858044385,182.4107507527715,0.03215494365870078,-0.0936136009783461,-0.01506927308750361,0.0,1,0.09,6.9,260.319
2020-10-17,11358.1015625,11386.26171875,11285.345703125,11322.123046875,19130430174,0.0029491753625334035,0.04695395722528155,72.56593765003169,180.3357887838938,0.03262238470960336,-0.09509024561835716,0.0031777181254826203,0.0,1,0.09,6.9,260.319
2020-10-18,11483.359375,11483.359375,11347.578125,11355.982421875,18283314340,0.008952179390883462,0.05854569801613055,72.64232919762651,186.64707383638233,0.026155165493004246,-0.10301953955329542,0.011028058853915557,0.0,1,0.09,6.9,260.319
2020-10-19,11742.037109375,11799.0927734375,11408.2900390625,11495.0380859375,23860769928,0.025574543617321033,0.08232990641368418,74.55290166566245,210.10004151897192,0.01215416246358569,-0.12374272572362738,0.02252631185070797,0.0,1,0.09,6.9,260.319
2020-10-20,11916.3349609375,11999.91796875,11681.48046875,11745.974609375,30915821592,0.035192540610260815,0.09791923589258737,84.21275132746743,239.98467340041316,0.007754992649457986,-0.13746671894559795,0.014843919324981414,0.0,1,0.09,6.9,260.319
2020-10-21,12823.689453125,13184.56640625,11900.9287109375,11913.0771484375,43414712626,0.10025699669206303,0.17966423436907866,89.03335899664017,333.04524563700943,-0.03580200350108339,-0.20905526977352176,0.07614375520341321,0.0,1,0.09,6.9,260.319
2020-10-22,12965.8916015625,13161.59375,12717.09375,12801.6357421875,34729759598,0.09915560941133625,0.18934979581474642,88.60175021632239,413.50432409503264,-0.022443801115728034,-0.2232304901983289,0.011089019970212055,0.0,0,0.09,6.9,260.319
2020-10-23,12931.5390625,13015.9619140625,12752.6474609375,12971.548828125,28974975003,0.08242762548981925,0.1803815908245124,86.73668555485742,469.08939015151736,-0.0018522925261083287,-0.22073994048946582,-0.0026494544392426933,0.0,1,0.09,6.9,260.319
2020-10-24,13108.0625,13145.06640625,12885.7470703125,12931.57421875,24542317940,0.08200102916468538,0.19085028014319672,86.44119733830534,521.3748370316498,0.0029245739470216865,-0.23084987427506395,0.0136506131750318,0.0,0,0.09,6.9,260.319
2020-10-25,13031.173828125,13329.18359375,12910.0615234375,13108.0634765625,24406920575,0.06218847383766093,0.1777414212712804,83.27451255834069,550.2640556396545,0.023008422609810557,-0.22330490965462385,-0.0058657541398662305,0.0,1,0.09,6.9,260.319
2020-10-26,13075.248046875,13225.2978515625,12822.3828125,13031.201171875,29461458313,0.05076562670300406,0.17578474678523354,82.36899222742538,570.1431354676988,0.030289249227525707,-0.2177551075323768,0.003382214014740148,0.0,1,0.09,6.9,260.319
2020-10-27,13654.21875,13759.6689453125,13060.837890625,13075.2421875,33749878156,0.07741270780344706,0.22063756431577605,89.83046646248118,625.4062525569898,0.004088678465636436,-0.2465470032164574,0.04427990207523247,0.0,0,0.09,6.9,260.319
2020-10-28,13271.28515625,13837.6953125,12932.2509765625,13654.21484375,35867318895,0.03262829166796723,0.17978177671677126,78.98994687377318,631.0290205465244,0.04271229124778269,-0.2167083909684849,-0.02804507535445777,0.0,1,0.09,6.9,260.319
2020-10-29,13437.8828125,13612.0478515625,12980.0595703125,13271.298828125,56499499598,0.03197397783752021,0.18784314330362992,79.63585729644171,641.532950717281,0.04022884375764603,-0.21920083816013114,0.012553242153156674,0.0,1,0.09,6.9,260.319
2020-10-30,13546.5224609375,13651.5166015625,13136.1982421875,13437.8740234375,30581485201,0.02745418358722776,0.1907449501653489,84.61831904445637,651.1180195216657,0.04277013191542273,-0.2197356873195102,0.00808458072996765,0.0,1,0.09,6.9,260.319
2020-10-31,13780.9951171875,14028.2138671875,13457.5302734375,13546.5322265625,30306464719,0.03770350555037153,0.20419958857084294,85.51335155776523,669.9119118809813,0.037274725534990394,-0.22786559459797415,0.01730869726353168,0.0,0,0.09,6.9,260.319
2020-11-01,13737.109375,13862.033203125,13628.3779296875,13780.9951171875,24453857900,0.028426606867589365,0.19349229954811176,83.8414001105054,673.5012907129985,0.050779260053837046,-0.21970750244016518,-0.003184511845067406,0.0,0,0.09,6.7,260.911
2020-11-02,13550.4892578125,13808.3232421875,13243.16015625,13737.0322265625,30771455468,0.00977625805779845,0.17071458054830185,77.7556121835695,653.7511788460524,0.07054853235080176,-0.19857981523877988,-0.013585108198026608,0.0,1,0.09,6.7,260.911
2020-11-03,13950.30078125,13984.9814453125,13325.44140625,13550.451171875,29869951617,0.033086050007886066,0.1984861592372634,79.1957334702953,662.7210853345314,0.047724829551316815,-0.21133636822501814,0.02950532012761009,0.0,1,0.09,6.7,260.911
2020-11-04,14133.70703125,14218.7666015625,13580.4716796875,13950.48828125,35116364962,0.03819154634015629,0.20732087792612744,73.73754425602456,676.8271108131466,0.042139598276266246,-0.21091392820397392,0.013147117963686394,0.0,1,0.09,6.7,260.911
2020-11-05,15579.8486328125,15706.404296875,14102.0888671875,14133.7333984375,40856321439,0.12374376078468986,0.32046393022505565,82.1652993940163,795.5274339103416,-0.028607475387057563,-0.28281516372038834,0.10231863433740651,0.0,0,0.09,6.7,260.911
2020-11-06,15565.880859375,15903.4375,15226.83984375,15579.7294921875,39837841971,0.10746606144637526,0.3090355132938202,82.57958281762836,878.3461845081729,-0.008516391473303605,-0.274358965298462,-0.0008965281862933772,0.0,0,0.09,6.7,260.911
2020-11-07,14833.75390625,15737.095703125,14423.203125,15565.880859375,35024953706,0.04377429260929118,0.2393591995963063,68.76348244240377,874.8197371830192,0.044892384526341964,-0.22043195182969186,-0.0470340843373509,0.0,1,0.09,6.7,260.911
2020-11-08,15479.5673828125,15637.3203125,14744.1103515625,14833.75390625,26632075029,0.07379046688021476,0.2839087785713249,73.69048476220551,913.6052795778924,0.012998136819359175,-0.2405099645645654,0.04353675277640923,0.0,0,0.09,6.7,260.911
2020-11-09,15332.3154296875,15785.13671875,14865.529296875,15479.595703125,34149115566,0.05056177816744639,0.2624930336201904,71.4117026904089,921.8347620644399,0.02949517975795796,-0.2177043728232331,-0.009512665921690977,0.0,0,0.09,6.7,260.911
2020-11-10,15290.90234375,15450.3291015625,15124.9599609375,15332.3505859375,25574938143,0.03699562617462574,0.24914976132813796,67.28982915301125,914.4735148544496,0.04223917776711423,-0.2094062419757902,-0.0027010327388199418,0.0,1,0.09,6.7,260.911
2020-11-11,15701.33984375,15916.2607421875,15290.0068359375,15290.9091796875,29772374934,0.050832480742024365,0.2719500145668283,75.52264279443017,931.0262583240619,0.028426257875001054,-0.22608234713688988,0.02684194109497806,0.0,1,0.09,6.7,260.911
2020-11-12,16276.34375,16305.00390625,15534.771484375,15701.298828125,34175758344,0.0697988769438433,0.30577318482012195,77.45661856835608,979.2542036113773,0.010149878300349803,-0.25092832545237076,0.03662132734990031,0.0,1,0.09,6.7,260.911
2020-11-13,16317.80859375,16463.177734375,15992.15234375,16276.4404296875,31599492172,0.05609045263080722,0.29752909724513205,77.15979350955092,1009.1877755901969,0.02343498321887491,-0.24901354852772206,0.002547552717421464,0.0,0,0.09,6.7,260.911
2020-11-14,16068.138671875,16317.80859375,15749.193359375,16317.80859375,27481710135,0.0270731755869006,0.26684647541145945,72.34841711256277,1001.2226000326882,0.04872308616637856,-0.2278298005286883,-0.015300456580341737,0.0,0,0.09,6.7,260.911
2020-11-15,15955.587890625,16123.1103515625,15793.5341796875,16068.1396484375,23653867583,0.017435350488180824,0.24773227627459574,71.39043143151136,974.5937238120478,0.06193213330842891,-0.2101420264676757,-0.007004593596581565,0.0,1,0.09,6.7,260.911
2020-11-16,16716.111328125,16816.181640625,15880.7060546875,15955.5771484375,31526766675,0.058170129850428125,0.29517135640451214,77.48134774703776,1003.2926992937446,0.028604766593913984,-0.24274748935307847,0.04766502135260464,0.0,1,0.09,6.7,260.911
2020-11-17,17645.40625,17782.919921875,16564.544921875,16685.69140625,39006849170,0.09746360118843318,0.3526357914874377,79.37721777812561,1088.4759051991332,-0.003788221833289419,-0.27961762653730293,0.05559276937282975,0.0,1,0.09,6.7,260.911
2020-11-18,17804.005859375,18393.94921875,17352.90625,17645.19140625,49064800278,0.09154733243177446,0.35038539357758036,79.29555099443425,1155.4624210557868,0.007170803990900243,-0.28134495787195607,0.008988152900985202,0.0,1,0.09,6.7,260.911
2020-11-19,17817.08984375,18119.546875,17382.5546875,17803.861328125,36985055355,0.07595842963747183,0.33711336011405224,73.15408403745914,1195.8208077761756,0.02251728267060512,-0.27398985826790173,0.0007348899162549216,0.0,1,0.09,6.7,260.911
2020-11-20,18621.314453125,18773.2265625,17765.794921875,17817.083984375,36992873940,0.10235422679907454,0.3808829753249811,77.17651771757707,1277.967708572478,0.0014228475184499916,-0.3024180738179495,0.045137820846602006,0.0,1,0.09,6.7,260.911
2020-11-21,18642.232421875,18936.62109375,18444.359375,18621.31640625,39650210707,0.08470815206987964,0.3660912977962722,88.78090235349524,1329.4327513351382,0.01823950676542706,-0.2948292559938831,0.0011233347035009,0.0,0,0.09,6.7,260.911
2020-11-22,18370.001953125,18688.96875,17671.384765625,18642.232421875,41280434226,0.056003973487582744,0.33088793681493367,81.85636696819556,1332.887744581265,0.04214229292078775,-0.26695654139674974,-0.014602889964538845,0.0,0,0.09,6.7,260.911
2020-11-23,18364.12109375,18711.42578125,18000.796875,18370.017578125,42741112308,0.043392199882519904,0.31579181034192794,84.4892099885731,1319.9359158116367,0.04982077749839238,-0.250031526209098,-0.000320133845930215,0.0,1,0.09,6.7,260.911
2020-11-24,19107.46484375,19348.271484375,18128.65625,18365.015625,51469565009,0.0671977677192065,0.35293342183689513,87.43763842162942,1354.0445438033894,0.0214054827935685,-0.2656035588072991,0.040478046632625775,0.0,0,0.09,6.7,260.911
2020-11-25,18732.12109375,19390.96484375,18581.146484375,19104.41015625,43710357371,0.03025709908865945,0.31126410288656986,79.9358132457138,1335.3951692236697,0.05414621790409949,-0.24633435229808326,-0.01964382784787766,0.0,0,0.09,6.7,260.911
2020-11-26,17150.623046875,18866.28515625,16351.03515625,18729.83984375,61396835737,-0.05897334450861919,0.18976151964747315,57.203271049844275,1179.4062689421407,0.15167507982981654,-0.1679206175568421,-0.08442706722639481,0.0,0,0.09,6.7,260.911
2020-11-27,17108.40234375,17445.0234375,16526.423828125,17153.9140625,38886494645,-0.05851588710950807,0.17672228615222013,56.512966593339264,1040.3841825014279,0.14953816610818682,-0.14759262171536633,-0.0024617591448197196,0.0,1,0.09,6.7,260.911
2020-11-28,17717.4140625,17853.939453125,16910.65234375,17112.93359375,32601040734,-0.024536834586802593,0.20755893365879963,62.82739182994294,968.1896458170922,0.11011047450798203,-0.16434827749048214,0.03559722915754793,0.0,1,0.09,6.7,260.911
2020-11-29,18177.484375,18283.62890625,17559.1171875,17719.634765625,31133957704,-0.0011887166063293904,0.2274028752255692,66.39474934982246,937.294240057945,0.08211996427360153,-0.16995265392486153,0.02596712538731971,0.0,1,0.09,6.7,260.911
2020-11-30,19625.8359375,19749.263671875,18178.322265625,18178.322265625,47728480399,0.0724752445996986,0.31061307390783005,69.49153562443004,1017.9450383656476,0.012711212503289526,-0.21957053418027223,0.07967832801396635,0.0,0,0.09,6.7,260.911
2020-12-01,18802.998046875,19845.974609375,18321.921875,19633.76953125,49633658712,0.026608471746071918,0.24362574848698193,57.86662362735888,1003.892982649566,0.058677655269197236,-0.17057180654057771,-0.04192625951044282,0.0,1,0.09,6.7,262.045
2020-12-02,19201.091796875,19308.330078125,18347.71875,18801.744140625,37387697139,0.04360817369729345,0.2570270660128017,59.19485207161441,1013.1999277990762,0.04306602126386836,-0.1788738300442733,0.021171823185194727,0.0,1,0.09,6.7,262.045
2020-12-03,19445.3984375,19566.19140625,18925.78515625,19205.92578125,31930317405,0.050711674075913586,0.2597988119299384,60.40009919897328,1028.434104843007,0.03650150436250165,-0.17964655273713706,0.012723580680175761,0.0,0,0.09,6.7,262.045
2020-12-04,18699.765625,19511.404296875,18697.193359375,19446.966796875,33872388058,0.012653022452940949,0.20028724011927337,50.50485067395121,969.168986659839,0.07397030806805938,-0.12900223736195934,-0.038344949058079725,0.0,1,0.09,6.7,262.045
2020-12-05,19154.23046875,19160.44921875,18590.193359375,18698.384765625,27242455064,0.034898137737241396,0.2172196504242765,53.12068832925445,947.9451467110957,0.04266670717186806,-0.12714671862495167,0.024303237423597412,0.0,1,0.09,6.7,262.045
2020-12-06,19345.12109375,19390.5,18897.89453125,19154.1796875,25293775714,0.03296424165461797,0.2169964141378136,56.002988622888836,935.7417305494164,0.03219365880729743,-0.12198528504703697,0.009965977245154134,0.0,0,0.09,6.7,262.045
2020-12-07,19191.630859375,19411.828125,18931.142578125,19343.12890625,26896357742,0.01349453311913575,0.19574345914200209,55.00335024951506,903.2726908652039,0.04336906010152427,-0.10982651556586613,-0.007934312410408761,0.0,0,0.09,6.7,262.045
2020-12-08,18321.14453125,19283.478515625,18269.9453125,19191.529296875,31692288756,-0.03555005649846926,0.13222509880973368,45.31768203186241,798.0997738734077,0.09228861144520892,-0.06405568257822584,-0.0453576006387062,0.0,1,0.09,6.7,262.045
2020-12-09,18553.916015625,18626.29296875,17935.546875,18320.884765625,34420373071,-0.025228244601130413,0.1372799779495469,48.9205092244339,725.1728516348412,0.07812281515091307,-0.0713641762390848,0.012705073309037251,0.0,0,0.09,6.7,262.045
2020-12-10,18264.9921875,18553.298828125,17957.064453125,18553.298828125,25547132265,-0.03349749975991634,0.1121514027392678,58.003739849031305,636.7242413509484,0.0946874042939061,-0.05813580648405904,-0.015572121156616547,0.0,0,0.09,6.7,262.045
2020-12-11,18058.904296875,18268.453125,17619.533203125,18263.9296875,27919640985,-0.04062530232856959,0.09282478477749759,56.66979605094546,543.7307207498816,0.10669506526517286,-0.05013251859038598,-0.011283218109780502,0.0,1,0.09,6.7,262.045
2020-12-12,18803.65625,18919.55078125,18046.041015625,18051.3203125,21752580802,0.0010530453598703883,0.12986315287714087,57.47981151858373,524.0866000638634,0.06403735266311703,-0.08662236771171976,0.041240151721379625,0.0,1,0.09,6.7,262.045
2020-12-13,19142.3828125,19381.53515625,18734.33203125,18806.765625,25450468637,0.02073249556873542,0.14193534543811598,56.7571656090159,529.744332716542,0.048097920049979884,-0.10160786301440167,0.018013866983980886,0.0,1,0.09,6.7,262.045
2020-12-14,19246.64453125,19305.099609375,19012.708984375,19144.4921875,22473997681,0.023307960058236876,0.1397034114889896,46.728698273108016,536.4572309319847,0.043356874219599294,-0.10668808394142393,0.005446642655266398,0.0,1,0.09,6.7,262.045
2020-12-15,19417.076171875,19525.0078125,19079.841796875,19246.919921875,26741982541,0.030928766205053713,0.14122422934499432,55.96966636034298,549.1988378351707,0.03809380554531992,-0.11489636023929434,0.008855135259981495,0.0,1,0.09,6.7,262.045
2020-12-16,21310.59765625,21458.908203125,19298.31640625,19418.818359375,44409011479,0.11977782577123676,0.24134251554627328,65.8878288833991,703.9730489734502,-0.03275955861527876,-0.19540516209934508,0.09751836309514528,0.0,1,0.09,6.7,262.045
2020-12-17,22805.162109375,23642.66015625,21234.67578125,21308.3515625,71378606374,0.1759816250954333,0.31380847976727105,71.29396106280225,936.4369251974786,-0.05921821046353622,-0.2600857899756463,0.07013245133867341,0.0,1,0.09,6.7,262.045
2020-12-18,23137.9609375,23238.6015625,22399.8125,22806.796875,40387896275,0.16422513871529482,0.3182477272319193,79.68227180103455,1134.4431515459546,-0.039164868188494295,-0.2808859124719397,0.014593135822884129,0.0,1,0.09,6.7,262.045
2020-12-19,23869.83203125,24085.85546875,22826.47265625,23132.865234375,38487546580,0.16976176191245237,0.3441337464722173,80.40919615741926,1335.030987057773,-0.03311453559582103,-0.314597583699635,0.03163075154837203,0.0,0,0.09,6.7,262.045
2020-12-20,23477.294921875,24209.66015625,23147.7109375,23861.765625,37844228422,0.12186886322110609,0.3077487645902239,75.97144663429964,1445.6591686960055,0.008102578259788898,-0.3117836364630478,-0.01644490454985592,0.0,0,0.09,6.7,262.045
2020-12-21,22803.08203125,24059.982421875,22159.3671875,23474.455078125,45852713981,0.06549642172513986,0.2574926300207631,71.30411539086363,1462.075557124008,0.054279389704650655,-0.29026396313042613,-0.028717656479103182,0.0,1,0.09,6.7,262.045
2020-12-22,23783.029296875,23789.90234375,22430.60546875,22794.0390625,44171632681,0.08601747586752884,0.2968962625823168,81.80911516610783,1536.4480016445377,0.03305386863080111,-0.32245671472206344,0.042974334095805755,0.0,0,0.09,6.7,262.045
2020-12-23,23241.345703125,24024.490234375,22802.646484375,23781.974609375,51146161904,0.04178289934077012,0.2546449230428862,76.35069079372106,1533.996405096299,0.07252982903156946,-0.30573123321688067,-0.022776055438033516,0.0,1,0.09,6.7,262.045
2020-12-24,23735.94921875,23768.337890625,22777.59765625,23240.203125,41080759713,0.042965572378095875,0.26819758093225765,80.0602034684066,1554.0497491599672,0.06640092936838644,-0.3152008855266598,0.021281190940612982,0.0,1,0.09,6.7,262.045
2020-12-25,24664.791015625,24710.1015625,23463.673828125,23733.5703125,42068395846,0.05935198178995186,0.3051545234988921,83.62543122732018,1626.1467318761206,0.04740744983252203,-0.3398133599208603,0.03913227940938091,0.0,1,0.09,6.7,262.045
2020-12-26,26437.037109375,26718.0703125,24522.689453125,24677.015625,48332647295,0.11100768191214329,0.3830223505719953,85.17606614336114,1805.477141974232,0.009219955511686745,-0.38927129063036464,0.07185327832809496,0.0,0,0.09,6.7,262.045
2020-12-27,26272.294921875,28288.83984375,25922.76953125,26439.373046875,66479895605,0.08822840328463168,0.358149889521131,83.39142010962915,1912.2611105186297,0.040965393409015144,-0.3839076637946958,-0.0062314920850786715,0.0,1,0.09,6.7,262.045
2020-12-28,27084.80859375,27389.111328125,26207.640625,26280.822265625,49056742893,0.1038377823824764,0.38355208170536836,84.42467084540542,2038.9475199777044,0.03448298492188445,-0.3947787341966955,0.03092663485588698,0.0,1,0.09,6.7,262.045
2020-12-29,27362.4375,27370.720703125,25987.298828125,27081.810546875,45265946774,0.09950212443545771,0.38076369704384944,84.56996099600987,2137.1144199672635,0.04620184730314485,-0.39094259162873707,0.010250355112868093,0.0,1,0.09,6.7,262.045
2020-12-30,28840.953125,28937.740234375,27360.08984375,27360.08984375,51287442704,0.13446240447010463,0.4357384801620611,83.99185086102347,2307.6154949452102,0.019039229791877332,-0.4119659883995646,0.054034499850387885,0.0,1,0.09,6.7,262.045
2020-12-31,29001.720703125,29244.876953125,28201.9921875,28841.57421875,46754964848,0.1136331448679063,0.42487324811730404,81.80034760853746,2427.7261098359595,0.03330131469701578,-0.39740508116938494,0.005574281038085438,0.0,1,0.09,6.7,262.045
2021-01-01,29374.15234375,29600.626953125,28803.5859375,28994.009765625,40730301359,0.10422713797116391,0.4248333418895275,81.87408134148401,2523.873120072749,0.03943564957047808,-0.38829505814649695,0.012841708408869223,0.0,1,0.09,6.4,262.687
2021-01-02,32127.267578125,33155.1171875,29091.181640625,29376.455078125,67865420765,0.16868325017343036,0.5348368720256435,84.9779078119625,2790.0616155067255,-0.015566487640683828,-0.4343688008521457,0.09372577639540935,0.0,1,0.09,6.4,262.687
2021-01-03,32782.0234375,34608.55859375,32052.31640625,32129.408203125,78665235202,0.1545100772477921,0.5414997144490584,88.55761643110527,3019.0495181985098,-0.004787796029014727,-0.4348179306232879,0.020380066800975483,0.0,0,0.09,6.4,262.687
2021-01-04,31971.9140625,33440.21875,28722.755859375,32810.94921875,81163475344,0.09773074943288183,0.48109696840279964,87.5713219666375,3099.4267622653097,0.037754480234724885,-0.3985543583015338,-0.024712000360334718,0.0,1,0.09,6.4,262.687
2021-01-05,33992.4296875,34437.58984375,30221.1875,31977.041015625,67547324782,0.13759343614048333,0.5498889527260166,88.5479440336453,3288.2600174485233,0.0070801013116582896,-0.42800649209122293,0.06319658000613337,0.0,1,0.09,6.4,262.687
2021-01-06,36824.36328125,36879.69921875,33514.03515625,34013.61328125,75289433811,0.19033219696429232,0.6501512561529772,93.72388404367645,3624.6424839174433,-0.024644606140618447,-0.4796481000405496,0.08331071417326141,0.0,1,0.09,6.4,262.687
2021-01-07,39371.04296875,40180.3671875,36491.19140625,36833.875,84762141031,0.22404012068402648,0.7308166133997536,94.45628192677091,4050.037468513692,-0.03522023726224795,-0.5245899004033725,0.0691574669750421,0.0,1,0.09,6.4,262.687
2021-01-08,40797.609375,41946.73828125,36838.63671875,39381.765625,88107519480,0.21753569568776995,0.7580098407559421,94.60887374948032,4450.970033370999,-0.017880339291928025,-0.5507967086509087,0.0362338992996023,0.0,0,0.09,6.4,262.687
2021-01-09,40254.546875,41436.3515625,38980.875,40788.640625,61984162837,0.16175720731765747,0.7028606794443134,90.99339209626616,4671.046458448709,0.033790042429985664,-0.5414796192285694,-0.013311135341493308,0.0,0,0.09,6.4,262.687
2021-01-10,38356.44140625,41420.19140625,35984.62890625,40254.21875,79980747690,0.0778768682540035,0.5959473943633832,82.50750731028181,4638.823888470284,0.10636198676296987,-0.49965360713027085,-0.047152573214749416,0.0,0,0.09,6.4,262.687
2021-01-11,35566.65625,38346.53125,30549.599609375,38346.53125,123320567399,-0.017615889854724027,0.45899024688620654,70.62307657677252,4338.167231282401,0.20098897142915817,-0.43512214171769215,-0.07273315912449108,0.0,0,0.09,6.4,262.687
2021-01-12,33922.9609375,36568.52734375,32697.9765625,35516.359375,74773277909,-0.0676406653993899,0.3740244884779283,64.95784713105775,3922.0512244396705,0.256310586361325,-0.37339299090894557,-0.046214502171538774,0.0,1,0.09,6.4,262.687
2021-01-13,37316.359375,37599.9609375,32584.66796875,33915.12109375,69364315979,0.013001094854825007,0.48950033012283367,67.7719312615697,3822.037120366993,0.14741854512768227,-0.39933319738098777,0.10003249550509552,0.0,1,0.09,6.4,262.687
2021-01-14,39187.328125,39966.40625,36868.5625,37325.109375,63615990033,0.043354600270139675,0.5390489088293281,69.92869962549554,3849.3735816164153,0.10298297712532495,-0.40129934733269024,0.050138030111625875,0.0,0,0.09,6.4,262.687
2021-01-15,36825.3671875,39577.7109375,34659.58984375,39156.70703125,67760757881,-0.02687207864924106,0.4242739262629564,63.5257013789116,3638.5049954828683,0.1757137628774226,-0.33667526996524644,-0.06027358971670127,0.0,0,0.09,6.4,262.687
2021-01-16,36178.140625,37864.3671875,35633.5546875,36821.6484375,57706187875,-0.04233997842556766,0.3789013501636803,57.96200849051802,3380.1995113841294,0.19217694066862634,-0.29285731957491523,-0.017575563040677422,0.0,0,0.09,6.4,262.687
2021-01-17,35791.27734375,36722.3515625,34069.3203125,36163.6484375,52359854336,-0.04351699148191945,0.345617225158546,55.97765149851569,3108.441739168491,0.19817812714638122,-0.2540033342089871,-0.010693288117263444,0.0,1,0.09,6.4,262.687
2021-01-18,36630.07421875,37299.28515625,34883.84375,35792.23828125,49511702429,-0.010075990317612617,0.3583063849733826,59.24254315590536,2927.0148394078715,0.1624715697985577,-0.23751606821969146,0.023435790428599335,0.0,0,0.09,6.4,262.687
2021-01-19,36069.8046875,37755.890625,36069.8046875,36642.234375,57244195486,-0.014067081902527997,0.32141541427938886,54.37538997812174,2706.8210967674167,0.1725858025649231,-0.1976888308726641,-0.015295342507474663,0.0,0,0.09,6.4,262.687
2021-01-20,35547.75,36378.328125,33570.4765625,36050.11328125,66834573161,-0.02081949064412829,0.28650600302430046,47.02135552098229,2461.812279493359,0.17741878114139628,-0.1551036985676047,-0.014473454791977813,0.0,0,0.09,6.4,262.687
2021-01-21,30825.69921875,35552.6796875,30250.75,35549.3984375,75643067688,-0.13965531980210213,0.10630206774720911,31.899143282203866,1865.1111520194536,0.3500050309561354,-0.013191674253840293,-0.1328368400602007,0.0,1,0.09,6.4,262.687
2021-01-22,33005.76171875,33811.8515625,28953.373046875,30817.625,77207272511,-0.07644560873208146,0.17312380964009128,34.00576516764289,1550.263560385829,0.2586545000436611,-0.07352828806007623,0.07072224005462169,0.0,0,0.09,6.4,262.687
2021-01-23,32067.642578125,33360.9765625,31493.16015625,32985.7578125,48354737975,-0.08932077080783117,0.12905121764215005,33.46304269488695,1211.0855607325866,0.2974297128456102,-0.05060670998051192,-0.02842289017956734,0.0,1,0.09,6.4,262.687
2021-01-24,32289.37890625,32944.0078125,31106.685546875,32064.376953125,48643830599,-0.06470193615155166,0.1264393637690797,36.85473505888661,949.2346349204163,0.2875580382858102,-0.05518114166454559,0.006914643868341619,0.0,1,0.09,6.4,262.687
2021-01-25,32366.392578125,34802.7421875,32087.787109375,32285.798828125,59897054838,-0.050203655276579474,0.11896013687905985,42.14243370173191,739.4068277251718,0.2872919800549282,-0.06525071944709163,0.0023851084933719235,0.0,1,0.09,6.4,262.687
2021-01-26,32569.849609375,32794.55078125,31030.265625,32358.61328125,60255421470,-0.03400466039709626,0.11567383921020778,46.42487617757605,582.8157239799039,0.278206617877412,-0.08310872040789322,0.006286058316783416,0.0,0,0.09,6.4,262.687
2021-01-27,30432.546875,32564.029296875,29367.138671875,32564.029296875,62576762015,-0.0828180403854017,0.03388233905162477,30.518852844298607,282.9915274318482,0.35971746582298636,-0.03982754405440306,-0.06562212475675022,0.0,1,0.09,6.4,262.687
2021-01-28,33466.09765625,33858.3125,30023.20703125,30441.041015625,76517157706,0.018318025230246116,0.1255367332745655,34.808578767908315,286.85421037929336,0.20952128850955928,-0.1218262027295355,0.09968113394222766,0.0,1,0.09,6.4,262.687
2021-01-29,34316.38671875,38406.26171875,32064.814453125,34318.671875,117894572511,0.049791934645330174,0.14180586537987588,42.756479988884905,354.44086200046877,0.15353797380601228,-0.13487580609846084,0.02540747568580648,0.0,0,0.09,6.4,262.687
2021-01-30,34269.5234375,34834.70703125,32940.1875,34295.93359375,65141828798,0.05247379655463335,0.12807746607578846,44.291876620066084,399.6157733190412,0.13982796523802457,-0.13033110338988552,-0.0013656239986477026,0.0,0,0.09,6.4,262.687
2021-01-31,33114.359375,34288.33203125,32270.17578125,34270.87890625,52754542671,0.009898367468512213,0.07987789041062726,42.34585912577015,338.30535670745303,0.17598951386663764,-0.1037987358384127,-0.03370820328466961,0.0,1,0.09,6.4,262.687
2021-02-01,33537.17578125,34638.21484375,32384.228515625,33114.578125,61400400660,0.021138196761528946,0.0834938478765661,40.94094155939253,320.14374240541656,0.16088580644039485,-0.11597027601863914,0.012768370405776608,0.0,1,0.08,6.2,263.579
2021-02-02,35510.2890625,35896.8828125,33489.21875,33533.19921875,63088585433,0.06999954990176945,0.13530911657416586,48.4864533581301,459.6655457453453,0.0887386112202326,-0.16253394276696537,0.05883361479570781,0.0,1,0.08,6.2,263.579
2021-02-03,37472.08984375,37480.1875,35443.984375,35510.8203125,61166818159,0.11175095994129111,0.18435717498841625,54.8293605862314,720.2360745501865,0.020068090758060535,-0.19928464828968165,0.055245981743407446,0.0,0,0.08,6.2,263.579
2021-02-04,36926.06640625,38592.17578125,36317.5,37475.10546875,68838074392,0.08092832307352214,0.1556915539324526,69.36955016133706,872.6215300291951,0.035672866448578144,-0.1876929079736993,-0.014571470120209207,0.0,1,0.08,6.2,263.579
2021-02-05,38144.30859375,38225.90625,36658.76171875,36931.546875,58598066402,0.09866170184939874,0.18246594961650164,67.37698958491299,1079.2491522132696,0.012780444873447566,-0.21866619863565565,0.032991388091470286,0.0,1,0.08,6.2,263.579
2021-02-06,39266.01171875,40846.546875,38138.38671875,38138.38671875,71326033653,0.10290874394491019,0.20518745891835827,74.04413291098693,1318.3183459220163,0.0011438389982861156,-0.24943242529255147,0.029406828078771152,0.0,0,0.08,6.2,263.579
2021-02-07,38903.44140625,39621.8359375,37446.15234375,39250.19140625,65500641143,0.07628724683364183,0.18314051639170578,71.88650505398334,1461.6767109824577,0.02143900256441418,-0.2475584633969783,-0.009233693380855112,0.0,1,0.08,6.2,263.579
2021-02-08,46196.46484375,46203.9296875,38076.32421875,38886.828125,101467222687,0.23738410551021777,0.38578770086700237,80.97312969414142,2139.1168813462573,-0.08222695719864127,-0.4020136904429066,0.18746473766529936,0.0,1,0.08,6.2,263.579
2021-02-09,46481.10546875,48003.72265625,45166.9609375,46184.9921875,91809846886,0.20557508071639627,0.374796287073516,81.04206630204202,2668.20382386665,-0.04144808205522826,-0.42855261043045345,0.006161523959955284,0.0,0,0.08,6.2,263.579
2021-02-10,44918.18359375,47145.56640625,43881.15234375,46469.76171875,87301089896,0.1304291663289437,0.31216357618780743,83.17414173857797,2927.646221010924,0.021509347486443897,-0.40690025569585764,-0.03362488605290981,0.0,1,0.08,6.2,263.579
2021-02-11,47909.33203125,48463.46875,44187.76171875,44898.7109375,81388911810,0.16361807559078456,0.37965803852119223,83.14139986899286,3336.159698448624,-0.0021933824527170646,-0.4528953964899946,0.0665910372634968,0.0,0,0.08,6.2,263.579
2021-02-12,47504.8515625,48745.734375,46424.9765625,47877.03515625,76555041196,0.12113290710357376,0.34953551589754156,80.89427628406379,3585.9349530827385,0.03723626265386323,-0.4466748134203064,-0.008442623839676311,0.0,0,0.08,6.2,263.579
2021-02-13,47105.515625,48047.74609375,46392.28125,47491.203125,70250456155,0.08699530530989699,0.3213437807214657,79.58012958310019,3708.906602547271,0.07051306213641215,-0.43501458182973357,-0.008406213773231364,0.0,1,0.08,6.2,263.579
2021-02-14,48717.2890625,49487.640625,47114.5078125,47114.5078125,71248675228,0.094410236517551,0.3496847479307522,85.21534669177547,3891.559689278205,0.06126668564423226,-0.4463145735459381,0.03421623595697554,0.0,0,0.08,6.2,263.579
2021-02-15,47945.05859375,48875.5703125,46347.4765625,48696.53515625,77069903166,0.05385972070577522,0.3125288671127902,82.01323781369504,3928.7132703861644,0.09729936185345586,-0.424267518357462,-0.01585126109458379,0.0,1,0.08,6.2,263.579
2021-02-16,49199.87109375,50341.1015625,47201.3046875,47944.45703125,77049582886,0.058332328162026305,0.3307668950923728,81.42016555837174,4013.1495431016665,0.08345830623051818,-0.4149510446753517,0.026171883752032166,0.0,1,0.08,6.2,263.579
2021-02-17,52149.0078125,52533.9140625,49072.37890625,49207.27734375,80820545404,0.09069437092663808,0.3918725650530949,82.22573835138789,4268.828189681037,0.04793698010664149,-0.4379613214134706,0.05994196027730325,0.0,0,0.08,6.2,263.579
2021-02-18,51679.796875,52474.10546875,51015.765625,52140.97265625,52054723579,0.06862545486455081,0.36273538189768134,82.50403314710776,4383.068670594432,0.07749324806376524,-0.41930224499105834,-0.008997504596578998,0.0,1,0.08,6.2,263.579
2021-02-19,55888.1328125,56113.65234375,50937.27734375,51675.98046875,63495496918,0.13359434632876935,0.45310035608924426,84.54078303165277,4758.331530477073,0.026186842693016965,-0.4541744898917109,0.08143096900475189,0.0,1,0.08,6.2,263.579
2021-02-20,56099.51953125,57505.2265625,54626.55859375,55887.3359375,68145460026,0.11264776550003752,0.43860377067352,83.97275984713679,5014.977651476547,0.0434728417106426,-0.43641182006224255,0.0037823185014820293,0.0,1,0.08,6.2,263.579
2021-02-21,57539.9453125,58330.5703125,55672.609375,56068.56640625,51897585191,0.11982676386107033,0.45655762742628675,86.04340398103268,5273.808690063306,0.037298710201822655,-0.42875307077986125,0.025676258785917394,0.0,0,0.08,6.2,263.579
2021-02-22,54207.3203125,57533.390625,48967.56640625,57532.73828125,92052420332,0.04138413885033795,0.35747137711737637,68.29591945430711,5150.645729525138,0.10788053698442375,-0.3659510207189631,-0.05791845963531039,0.0,0,0.08,6.2,263.579
2021-02-23,48824.42578125,54204.9296875,45290.58984375,54204.9296875,106102492824,-0.06511457245714301,0.21243820833999935,54.340974270090534,4566.049023140251,0.2245187185081088,-0.2672900708657633,-0.09930198541853996,0.0,1,0.08,6.2,263.579
2021-02-24,49705.33203125,51290.13671875,47213.5,48835.0859375,63695521388,-0.05004428064814777,0.22475560658263433,59.09803196066891,4126.268637532259,0.19304462301706898,-0.24479304820881417,0.018042326886684945,0.0,0,0.08,6.2,263.579
2021-02-25,47093.8515625,51948.96875,47093.8515625,49709.08203125,54506565949,-0.09848764899336375,0.15456477214255124,48.4274762561818,3526.3651226680886,0.24537859303485848,-0.17008760577255483,-0.052539242009451814,0.0,0,0.08,6.2,263.579
2021-02-26,46339.76171875,48370.78515625,44454.84375,47180.46484375,350967941479,-0.10803955604577165,0.13220862884093698,47.78320026673275,2956.0134340546356,0.2516710849253319,-0.12734378905807958,-0.016012490351298148,0.0,0,0.08,6.2,263.579
2021-02-27,46188.453125,48253.26953125,45269.02734375,46344.7734375,45910946382,-0.1006335185053994,0.12554675310931035,48.238492592406956,2463.3997339694033,0.23567225720019977,-0.08861351923775596,-0.003265200081699504,0.0,0,0.08,6.2,263.579
2021-02-28,45137.76953125,46716.4296875,43241.6171875,46194.015625,53443887451,-0.10975172821056366,0.0973315048927135,42.97293686895139,1965.5606824471251,0.26580857161488136,-0.07111766480864422,-0.022747754528746222,0.0,1,0.08,6.2,263.579
2021-03-01,49631.2421875,49784.015625,45115.09375,45159.50390625,53891300112,-0.008896739787247379,0.1999927197256825,52.888213673066865,1911.5699487621823,0.1516232693259778,-0.1492864017499691,0.09955017057586457,0.0,0,0.07,6.1,264.961
2021-03-02,48378.98828125,50127.51171875,47228.84375,49612.10546875,47530897720,-0.018775502831146762,0.16251307176150226,48.59381101798645,1747.5903449633042,0.17856762727617517,-0.11724823992915344,-0.025231161886280384,0.0,1,0.07,6.1,264.961
2021-03-03,50538.2421875,52535.13671875,48274.3203125,48415.81640625,53220811975,0.039784422781569066,0.20477818612466633,47.16397807309299,1771.4489117737103,0.1297321856364783,-0.1512811518818726,0.04463205996986197,0.0,0,0.07,6.1,264.961
2021-03-04,48561.16796875,51735.08984375,47656.9296875,50522.3046875,52343816680,0.010850236510641785,0.15147345077365118,44.7859811637562,1612.2387468186425,0.17552750295899375,-0.11435242568250158,-0.039120359814156846,0.0,1,0.07,6.1,264.961
2021-03-05,48927.3046875,49396.4296875,46542.515625,48527.03125,48625928883,0.018253683701524463,0.15482104032804075,36.6466578202507,1498.3358344969383,0.16626183941856174,-0.11678765138928679,0.007539701660092213,0.0,0,0.07,6.1,264.961
2021-03-06,48912.3828125,49147.21875,47257.52734375,48899.23046875,34363564661,0.019625774881535104,0.14791910693608357,36.107801060300176,1390.8302597776856,0.16665597156202105,-0.11615767941495017,-0.0003049805235605385,0.0,1,0.07,6.1,264.961
2021-03-07,51206.69140625,51384.3671875,48918.6796875,48918.6796875,43137459378,0.05837872177827401,0.193346029882597,38.14947663836393,1473.7740960685478,0.11629679598142416,-0.1513012467699831,0.046906498146797926,0.0,1,0.07,6.1,264.961
2021-03-08,52246.5234375,52314.0703125,49506.0546875,51174.1171875,48597428048,0.06684612186956418,0.20831149473189425,45.98668058050512,1604.9130005435145,0.09759713443273016,-0.16587844202571445,0.020306565464276005,0.0,1,0.07,6.1,264.961
2021-03-09,54824.1171875,54824.1171875,51981.83203125,52272.96875,50912227385,0.10008086295158596,0.2573426223989544,63.87319894305355,1894.9875638724188,0.052770716221461386,-0.2069936738129752,0.049335220420617,0.0,1,0.07,6.1,264.961
2021-03-10,56008.55078125,57258.25390625,53290.890625,54824.01171875,57295577614,0.09985620747116994,0.27286550381800506,64.37329243977487,2195.143390895093,0.04135370444739958,-0.22688125607892023,0.021604243798385436,0.0,1,0.07,6.1,264.961
2021-03-11,57805.12109375,58091.0625,54484.59375,55963.1796875,56772343595,0.11720343203105123,0.3005379026778402,75.3678079359367,2548.608483822878,0.016095907212852468,-0.2547005642532003,0.032076714848716215,0.0,0,0.07,6.1,264.961
2021-03-12,57332.08984375,57996.62109375,55376.6484375,57821.21875,55689944702,0.08921367795394514,0.2746918699142191,76.38470089470557,2758.7611665005097,0.028854735609872006,-0.25077672724100397,-0.008183206626845796,0.0,1,0.07,6.1,264.961
2021-03-13,61243.0859375,61683.86328125,56217.97265625,57343.37109375,60669829814,0.14032479985822305,0.3447617189540615,80.61059057209448,3203.960122897508,-0.021206947429426932,-0.3082168459452078,0.06821652767950437,0.0,0,0.07,6.1,264.961
2021-03-14,59302.31640625,61597.91796875,59302.31640625,61221.1328125,43901225564,0.08253797921040379,0.28675680430461653,77.7947143098485,3361.4311361242435,0.025984626776796964,-0.2921443988082569,-0.031689610370558396,0.0,0,0.07,6.1,264.961
2021-03-15,55907.19921875,60540.9921875,55393.1640625,59267.4296875,66419369890,0.007721712544685858,0.20078150285425495,62.86990735304037,3175.6633949358,0.09681139405444439,-0.24501018441875008,-0.05725100456855314,0.0,1,0.07,6.1,264.961
2021-03-16,56804.90234375,56833.1796875,53555.02734375,55840.78515625,59749798599,0.009540804860894852,0.20738748739428753,67.53371997407945,3065.5406174242235,0.08930514428958194,-0.2542702816102702,0.01605702194966918,0.0,1,0.07,6.1,264.961
2021-03-17,58870.89453125,58969.81640625,54528.62890625,56825.828125,60258313191,0.0321983202197952,0.2374645691740659,67.40721373632803,3109.1356458134396,0.06351540586967025,-0.2728736752128948,0.036369962842253134,0.0,0,0.07,6.1,264.961
2021-03-18,57858.921875,60116.25,54253.578125,58893.078125,55746041000,0.004569817921922221,0.20233002734198788,70.2394543278662,3027.1323861233614,0.0882312321672961,-0.24636150782973043,-0.017189693893861602,0.0,1,0.07,6.1,264.961
2021-03-19,58346.65234375,59498.375,56643.703125,57850.44140625,49063873786,0.006879945623637719,0.20005601611109788,70.39616909273087,2967.2948566810155,0.08345578644873035,-0.23614472271816997,0.008429650137686817,0.0,0,0.07,6.1,264.961
2021-03-20,58313.64453125,60031.28515625,58213.296875,58332.26171875,50361731222,0.002323225223758519,0.1876533623370074,70.3410746496022,2883.965173566008,0.08208099394483237,-0.2111294390684644,-0.0005657190459794625,0.0,0,0.07,6.1,264.961
2021-03-21,57523.421875,58767.8984375,56005.6171875,58309.9140625,51943414539,-0.010780526956133817,0.1605662030637673,64.61869581890599,2722.7749800449383,0.0997955681753366,-0.1894220491277964,-0.013551247955811196,0.0,0,0.07,6.1,264.961
2021-03-22,54529.14453125,58471.48046875,54288.15625,57517.890625,56521454974,-0.05773065091111678,0.09072993124532502,54.84439194715622,2326.597861060691,0.15503959414540638,-0.12848593279702045,-0.05205318540083803,0.0,1,0.07,6.1,264.961
2021-03-23,54738.9453125,55985.44140625,53470.6953125,54511.66015625,56435023914,-0.04335330547734103,0.0857176172843404,49.799043549043546,2006.4249912888554,0.1486466425829935,-0.12218619145023764,0.0038474981233158623,0.0,0,0.07,6.1,264.961
2021-03-24,52774.265625,57262.3828125,52514.33203125,54710.48828125,70567223787,-0.06704522168708639,0.039629415835334095,42.63994144501874,1575.98547447288,0.18381016095919767,-0.0739254233991948,-0.035891807492523076,0.0,0,0.07,6.1,264.961
2021-03-25,51704.16015625,53392.38671875,50856.5703125,52726.74609375,67999812841,-0.07912043541675873,0.012869346267282289,35.64169386617401,1135.4220495518384,0.20164036704704213,-0.04271731738008537,-0.020277031922222966,0.0,1,0.07,6.1,264.961
2021-03-26,55137.3125,55137.3125,51579.85546875,51683.01171875,56652197978,-0.015048728046647739,0.0724716456518535,45.466371559311014,1051.181695060397,0.116517714175538,-0.08073122034252785,0.06639992475218648,0.0,1,0.07,6.1,264.961
2021-03-27,55973.51171875,56568.21484375,54242.91015625,55137.56640625,47266542233,0.005090926231248255,0.08123715145967626,37.53101738119485,1039.9074895322265,0.09491525818192234,-0.08102556886947632,0.015165759461888806,0.0,0,0.07,6.1,264.961
2021-03-28,55950.74609375,56610.3125,55071.11328125,55974.94140625,47686580918,0.008136437712882385,0.07387523093535142,41.27773379380285,1017.4075636679117,0.0917276268627794,-0.07039800596504646,-0.0004067213991215679,0.0,1,0.07,6.1,264.961
2021-03-29,57750.19921875,58342.09765625,55139.33984375,55947.8984375,57625587027,0.04167899416883019,0.100451213214992,55.23072447520691,1131.731146666898,0.05945543481504721,-0.09604214572398555,0.03216137854506651,0.0,1,0.07,6.1,264.961
2021-03-30,58917.69140625,59447.22265625,57251.55078125,57750.1328125,54414116432,0.06158117598184899,0.11728145367435656,55.905983663803326,1301.5369642966762,0.04252656168506565,-0.11308194253980552,0.020216245195582738,0.0,1,0.07,6.1,264.961
2021-03-31,58918.83203125,59930.02734375,57726.41796875,58930.27734375,65520826225,0.05893928414183695,0.11205724417286712,50.15149001390468,1419.834370253935,0.04473861558437833,-0.1134411029377096,1.9359634988669328e-05,0.0,1,0.07,6.1,264.961
2021-04-01,59095.80859375,59586.0703125,58505.27734375,58926.5625,61669163792,0.05347357125830916,0.10945987167698416,54.12653098139977,1510.4548628671328,0.0448029048430134,-0.11630461812944251,0.0030037350775407035,0.0,1,0.07,6.1,266.614
2021-04-02,59384.3125,60267.1875,58869.28125,59098.87890625,58727860620,0.04992210696046452,0.11009326491707765,53.50850615386281,1587.255220109757,0.03334228957795811,-0.11734320680251968,0.004881969011259368,0.0,0,0.07,6.1,266.614
2021-04-03,57603.890625,60110.26953125,57603.890625,59397.41015625,59641344484,0.009821324111502203,0.07276074431909398,47.85380801222015,1487.3101057544409,0.06154644559716624,-0.08927609249330407,-0.029981350293480258,0.0,1,0.07,6.1,266.614
2021-04-04,58758.5546875,58913.74609375,57168.67578125,57604.83984375,50749662970,0.01748025503109289,0.08953520793477682,53.65431848787395,1484.1660797694567,0.04417794119676314,-0.10581199847166788,0.0200448971410081,0.0,1,0.07,6.1,266.614
2021-04-05,59057.87890625,59891.296875,57694.82421875,58760.875,60706272115,0.015767428837387736,0.09090203360078965,65.94099435760333,1488.6669534448083,0.042464442671645036,-0.11010789652124187,0.005094138552963257,0.0,0,0.07,6.1,266.614
2021-04-06,58192.359375,59479.578125,57646.80859375,59171.93359375,66058027988,-0.002924248047394624,0.07086041082489605,61.61952042209501,1406.184120316444,0.05657131312863851,-0.09664003322210009,-0.014655445594718208,0.0,0,0.07,6.1,266.614
2021-04-07,56048.9375,58731.14453125,55604.0234375,58186.5078125,75645303584,-0.039811472702415696,0.028823593464765204,60.887164222523516,1154.5507069501618,0.09540371094897306,-0.06375008766441044,-0.036833390122360865,0.0,1,0.07,6.1,266.614
2021-04-08,58323.953125,58338.73828125,55879.0859375,56099.9140625,53053855641,-0.001818729188250287,0.06816190574676131,70.37605354075542,1125.727476170876,0.052630622311680385,-0.10026369705878922,0.04058980823677527,0.0,0,0.07,6.1,266.614
2021-04-09,58245.00390625,58937.046875,57807.86328125,58326.5625,46655208546,-0.0020209604283967595,0.06415698332183797,62.05480269870819,1084.018426330469,0.05392356212309876,-0.09902811474667736,-0.0013536328475677317,0.0,1,0.07,6.1,266.614
2021-04-10,59793.234375,61276.6640625,58038.70703125,58253.77734375,58238470525,0.02297402871814243,0.09088706244436008,64.04115814652215,1162.492473947459,0.03147083266551638,-0.12339752953522384,0.026581343719059625,0.0,1,0.07,6.1,266.614
2021-04-11,60204.96484375,60790.5546875,59289.796875,59846.23046875,46280252580,0.028067266389375834,0.09675584227476908,65.20358180685136,1243.571808203531,0.029899251705695774,-0.12544740877927596,0.006885903949730876,0.0,0,0.07,6.1,266.614
2021-04-12,59893.453125,61253.03515625,59589.875,60175.9453125,51828688519,0.021859434969738998,0.09014624588289971,58.57102554000743,1268.0738069574,0.03900917306885161,-0.1160459605307534,-0.005174186540237491,0.0,1,0.07,6.1,266.614
2021-04-13,63503.45703125,63742.28515625,59869.95703125,59890.01953125,69983454362,0.07265403683537307,0.15195518015878823,65.34171487595745,1560.7970656596299,-0.009462644407542993,-0.15999408115827113,0.06027376479221824,0.0,0,0.07,6.1,266.614
2021-04-14,63109.6953125,64863.09765625,61554.796875,63523.75390625,77451779687,0.05822533760596746,0.1389096921511004,63.6616693030016,1740.9405977265124,-0.0026855906880514867,-0.1372772295056069,-0.00620063437737306,0.0,1,0.07,6.1,266.614
2021-04-15,63314.01171875,63821.671875,62208.96484375,63075.1953125,60954381579,0.05412832725210075,0.13701213289949798,63.726326643508536,1878.53765841735,0.0026215492415485363,-0.13567225317649287,0.003237480473297971,0.0,0,0.07,6.1,266.614
2021-04-16,61572.7890625,63594.72265625,60222.53125,63258.50390625,84293007468,0.019401003833549025,0.10002223836996554,56.50631574253176,1826.0328341475833,0.033440911674250964,-0.10460222900230672,-0.027501379378466195,0.0,0,0.07,6.1,266.614
2021-04-17,60683.8203125,62572.17578125,60361.3515625,61529.921875,66138759198,-0.0029675451519880136,0.07861230689783928,59.6691127778241,1693.1721987892379,0.047749110252250905,-0.08285493991828764,-0.014437688523377457,0.0,0,0.07,6.1,266.614
2021-04-18,56216.18359375,61057.45703125,52829.53515625,60701.88671875,97468872758,-0.07316092115806622,-0.004346024607831416,43.39287371168818,1213.3910260151679,0.13332137172178954,-0.01500106624369749,-0.0736215468265391,0.0,0,0.07,6.1,266.614
2021-04-19,55724.265625,57520.0546875,54368.59375,56191.5859375,65344865159,-0.07743706860353632,-0.01674565099138676,41.42245326048392,784.424958374344,0.14641949351601152,-0.015130022170914841,-0.008750468945115109,0.0,1,0.07,6.1,266.614
2021-04-20,56473.03125,57062.1484375,53448.046875,55681.79296875,67849323955,-0.0598728458667571,-0.005933825366854112,45.54934560977326,499.13170784806425,0.13228063845448856,-0.03358046381360644,0.013436976092944253,0.0,0,0.07,6.1,266.614
2021-04-21,53906.08984375,56757.97265625,53695.46875,56471.12890625,54926612466,-0.09309588935947276,-0.052961157967651724,44.572038541297886,65.15298961125518,0.1921024568208446,-0.0030921054132786972,-0.045454287638402646,0.0,0,0.07,6.1,266.614
2021-04-22,51762.2734375,55410.23046875,50583.8125,53857.10546875,74798630778,-0.1170849539869001,-0.09101532600196996,33.26765731862562,-446.6180042593114,0.25166810344655927,0.013278487571784533,-0.0397694659817468,0.0,0,0.07,6.1,266.614
2021-04-23,51093.65234375,52120.79296875,47714.6640625,51739.80859375,86668667320,-0.10964302825197929,-0.10355415905170565,32.29639577715777,-895.8258160039477,0.2783813772252284,0.003462953516994065,-0.012917150838772984,0.0,0,0.07,6.1,266.614
2021-04-24,50050.8671875,51167.5625,48805.28515625,51143.2265625,49014494781,-0.10750470166523891,-0.12219606625691358,25.26313429946171,-1320.7455577155124,0.3143102374579735,-0.002322480003096891,-0.02040928977310741,0.0,0,0.07,6.1,266.614
2021-04-25,49004.25390625,50506.01953125,47159.484375,50052.83203125,46117114240,-0.1032863802783588,-0.14057951220077622,22.44852779243621,-1722.0991720027523,0.3505637300777885,-0.00971328254409631,-0.02091099195802515,0.0,1,0.07,6.1,266.614
2021-04-26,54021.75390625,54288.00390625,48852.796875,49077.79296875,58284039825,0.0023775498411167575,-0.05351879615785537,38.27202202104577,-1616.6685373616638,0.22335807121740744,-0.10764429156165696,0.10238907033660749,0.0,1,0.07,6.1,266.614
2021-04-27,55033.1171875,55416.96484375,53319.1875,54030.3046875,49448222757,0.0319635241691787,-0.0367399043630864,31.12184000349633,-1434.964062858111,0.20063872338102984,-0.12565200728579223,0.018721407731506323,0.0,0,0.07,6.1,266.614
2021-04-28,54824.703125,56227.20703125,53887.91796875,55036.63671875,48000572955,0.030744891270263534,-0.0403880310244875,31.381105160827943,-1292.875763741562,0.20266086095520625,-0.12616877581224645,-0.003787066282106566,0.0,0,0.07,6.1,266.614
2021-04-29,53555.109375,55115.84375,52418.02734375,54858.08984375,46088929780,0.010998619699103575,-0.06180429846761706,29.0708687802896,-1268.0975292343937,0.2286322782578247,-0.11167137612634599,-0.02315733013830157,0.0,1,0.07,6.1,266.614
2021-04-30,57750.17578125,57900.71875,53129.6015625,53568.6640625,52395931985,0.08756984354262266,0.011705705965312611,42.58263601799045,-899.5839566377836,0.13585819268758537,-0.17621451600775906,0.07833176806484676,0.0,1,0.07,6.1,266.614
2021-05-01,57828.05078125,58448.33984375,57052.2734375,57714.6640625,42836427360,0.0810518022447013,0.012893959603908793,44.27859956747325,-594.3985768924322,0.1298626406399155,-0.17696826040530156,0.0013484807439372304,0.0,0,0.06,5.8,268.383
2021-05-02,56631.078125,57902.59375,56141.90625,57825.86328125,38177405335,0.049126297001119854,-0.006466558837277506,50.956584485522306,-444.0044476544208,0.1482750319893536,-0.15986439919028045,-0.020698824187899145,0.0,1,0.06,5.8,268.383
2021-05-03,57200.29296875,58973.30859375,56590.87109375,56620.2734375,51713139031,0.047817468258213584,0.0042604229918409104,53.391054815545,-275.706957751092,0.11971076641916863,-0.16210678097192407,0.010051280367532334,0.0,0,0.06,5.8,268.383
2021-05-04,53333.5390625,57214.1796875,53191.42578125,57214.1796875,68564706967,-0.028855063443745874,-0.06278085447529688,43.69111941713796,-449.1669914279555,0.17935432561618533,-0.09815161882975165,-0.06760024652955021,0.0,1,0.06,5.8,268.383
2021-05-05,57424.0078125,57911.36328125,52969.0546875,53252.1640625,69241316747,0.02983894449547985,0.00888057821780901,56.661447003156205,-253.64481563144363,0.07463454934849573,-0.1519386304350077,0.07669599321369813,0.0,0,0.06,5.8,268.383
2021-05-06,56396.515625,58363.31640625,55382.5078125,57441.30859375,69523285106,0.007122737769025232,-0.008309178231087223,59.162661362921604,-179.5325752993449,0.07735951272020683,-0.12881221494554937,-0.01789307689659958,0.0,1,0.06,5.8,268.383
2021-05-07,57356.40234375,58606.6328125,55321.84765625,56413.953125,68434023376,0.020032279817775115,0.008747991145047441,62.241497263487105,-42.84931456566119,0.04728168867002351,-0.13714555998615474,0.017020319573156195,0.0,1,0.06,5.8,268.383
2021-05-08,58803.77734375,59464.61328125,56975.2109375,57352.765625,65382980634,0.03842421521896396,0.03403723834681889,66.84250205387659,180.18713546290383,0.028258809628874157,-0.16073769680708017,0.02523475916996243,0.0,0,0.06,5.8,268.383
2021-05-09,58232.31640625,59210.8828125,56482.00390625,58877.390625,65906690347,0.01990872274179111,0.024017651270311455,68.08754603075823,307.29075075066066,0.043723535921848994,-0.15356859148559204,-0.009718099130935132,0.0,0,0.06,5.8,268.383
2021-05-10,55859.796875,59519.35546875,54071.45703125,58250.87109375,71776546298,-0.018394725197869045,-0.01712812450547487,54.01943279527227,214.11064911571157,0.08704164512597255,-0.11770442053997641,-0.04074231762821234,0.0,1,0.06,5.8,268.383
2021-05-11,56704.57421875,56872.54296875,54608.65234375,55847.2421875,61308396325,-0.0015786085884371115,-0.003027214422500666,53.68196872813822,206.05593424085237,0.0737352458188704,-0.12880174969921354,0.01512317249631967,0.0,0,0.06,5.8,268.383
2021-05-12,49150.53515625,57939.36328125,49150.53515625,56714.53125,75215403907,-0.12303498907604159,-0.13413989450805758,40.55674487575631,-405.2043622763813,0.24478372316171734,-0.0062434589844691905,-0.1332174549686006,0.0,1,0.06,5.8,268.383
2021-05-13,49716.19140625,51330.84375,46980.01953125,49735.43359375,96721152926,-0.10093670432547427,-0.1232303383205825,43.45777824761178,-834.3707129690738,0.23348697714302308,-0.023186816347507643,0.011508648851976444,0.0,1,0.06,5.8,268.383
2021-05-14,49880.53515625,51438.1171875,48868.578125,49682.98046875,55737497453,-0.09229667962106822,-0.11976587896357574,34.452780356168844,-1147.993614930936,0.22981141369924105,-0.0271351129722776,0.00330563837155351,0.0,0,0.06,5.8,268.383
2021-05-15,46760.1875,50639.6640625,46664.140625,49855.49609375,59161047474,-0.13224000111983927,-0.17238324447946335,30.48085991401136,-1629.54363759415,0.32009826230098115,0.024765432174688063,-0.06255641898138342,0.0,0,0.06,5.8,268.383
2021-05-16,46456.05859375,49720.04296875,43963.3515625,46716.63671875,64047871555,-0.12168143279127787,-0.17498658744152207,31.471980336209498,-2012.517116389041,0.3410181566394487,0.0029107038908020993,-0.0065040138312105755,0.0,0,0.06,5.8,268.383
2021-05-17,43537.51171875,46623.55859375,42207.2890625,46415.8984375,74903638450,-0.1547779798853351,-0.2233930695169122,27.081866688612834,-2522.4514488763307,0.4494111517034644,0.025239596219281513,-0.06282381595309616,0.0,0,0.06,5.8,268.383
2021-05-18,42909.40234375,45812.45703125,42367.83203125,43488.05859375,56187365084,-0.1404488930962553,-0.23052307034078,30.383008490667706,-2943.3323552538204,0.4847145276490246,-0.0016082609663235674,-0.014426855146374762,0.0,0,0.06,5.8,268.383
2021-05-19,37002.44140625,43546.1171875,30681.49609375,42944.9765625,126358098747,-0.22585347700431466,-0.3311934243525615,14.028355276964518,-3710.750663182007,0.7610486071199268,0.0737194534757371,-0.13766122609163733,0.0,1,0.06,5.8,268.383
2021-05-20,40782.73828125,42462.984375,35050.6171875,36753.66796875,88281943359,-0.11897336801784976,-0.2580012413783211,24.928460254937534,-3968.154422519685,0.5954463801552944,-0.06504749911829025,0.10216344466291027,0.0,0,0.06,5.8,268.383
2021-05-21,37304.69140625,42172.171875,33616.453125,40596.94921875,82051616861,-0.15885757015996899,-0.31585582069405627,20.2113324695233,-4402.053934279749,0.7457763442466759,-0.03447501558712931,-0.08528232829817228,0.0,1,0.06,5.8,268.383
2021-05-22,37536.6328125,38831.0546875,35383.68359375,37371.03125,57377273240,-0.13086789425850523,-0.3060411595907618,17.221988693236952,-4673.3353890429935,0.7311112435165994,-0.08743205845384076,0.006217486259949112,0.0,0,0.06,5.8,268.383
2021-05-23,34770.58203125,38289.21875,31227.33984375,37531.44921875,78469274361,-0.1660546630385535,-0.3517052422679166,16.130769810289138,-5053.27407958066,0.862932881957381,-0.07345286511933241,-0.0736893688644572,0.0,1,0.06,5.8,268.383
2021-05-24,38705.98046875,39835.140625,34551.08203125,34700.36328125,67359584098,-0.04610147580165515,-0.2728930535290163,26.305996221155127,-4979.424755733184,0.6648159121691851,-0.19674542968257805,0.11318183957815453,0.0,0,0.06,5.8,268.383
2021-05-25,38402.22265625,39776.3515625,36581.4296875,38795.78125,56211915803,-0.033683333855106,-0.27295705212791466,24.335991863591588,-4889.051410060849,0.6492969189789566,-0.21123727297661432,-0.007847826326095597,0.0,1,0.06,5.8,268.383
2021-05-26,39294.19921875,40782.078125,37905.8359375,38392.625,51346735160,0.006907404725734191,-0.2507081502444499,33.003716624742154,-4691.375571171571,0.581923249398592,-0.2427312169391254,0.023227211885217036,0.0,0,0.06,5.8,268.383
2021-05-27,38436.96875,40379.6171875,37247.90234375,39316.890625,43210968721,-0.0020152673489974475,-0.26209815974411305,30.743725881149558,-4551.421426287714,0.5768773397176226,-0.23473805811779558,-0.021815700174415475,0.0,0,0.06,5.8,268.383
2021-05-28,35697.60546875,38856.96875,34779.0390625,38507.08203125,55200191952,-0.055454138412041123,-0.3086818520247838,27.74329901558373,-4608.4273987287015,0.6401843554469688,-0.18304147329242998,-0.07126897282320166,0.0,0,0.06,5.8,268.383
2021-05-29,34616.06640625,37234.5,33693.9296875,35684.15625,45231013335,-0.07825111008705127,-0.3234350058540266,29.639909587405114,-4686.849126866466,0.6252417830693063,-0.1595516845522363,-0.03029724398312339,0.0,1,0.06,5.8,268.383
2021-05-30,35678.12890625,36400.66796875,33520.73828125,34607.40625,31646080921,-0.03687959060174443,-0.29604130486594443,32.378224117898924,-4610.156331226637,0.5156139529598952,-0.17988817514236186,0.03068120125307594,0.0,1,0.06,5.8,268.383
2021-05-31,37332.85546875,37468.25,34241.9453125,35658.59375,39009847639,0.007712643181501926,-0.2566832342200084,39.418155509395405,-4365.531009642989,0.36637069128890126,-0.1860618857179034,0.04637929771620186,0.0,0,0.06,5.8,268.383
2021-06-01,36684.92578125,37896.734375,35787.0859375,37293.79296875,34639423297,-0.007494942989360399,-0.2627704682404226,39.39152454268407,-4175.810051739638,0.3553710507988567,-0.17053379486277695,-0.017355481635803582,0.0,1,0.08,5.9,270.654
2021-06-02,37575.1796875,38231.33984375,35966.30859375,36699.921875,33070867190,0.008935146166200005,-0.23692755190234255,51.17747688870037,-3908.5632910405548,0.2781530466778979,-0.17739153169013272,0.02426756732611457,0.0,1,0.08,5.9,270.654
2021-06-03,39208.765625,39478.953125,37243.97265625,37599.41015625,35460750427,0.05137933830471208,-0.19594749831095967,46.45083800624644,-3524.325346292957,0.1719778610787285,-0.1859598568935993,0.043475133082156336,0.0,0,0.08,5.9,270.654
2021-06-04,36894.40625,39242.484375,35717.72265625,39242.484375,41831090187,-0.006663736603981625,-0.23511994629686467,49.023603703934384,-3367.7422303648564,0.20500624805564252,-0.12114736150356525,-0.05902658087058821,0.0,0,0.08,5.9,270.654
2021-06-05,35551.95703125,37917.71484375,34900.4140625,36880.15625,35959473399,-0.033065146071922236,-0.2549122625536267,45.51398180612566,-3313.774288266024,0.20136822595112586,-0.06949328851086321,-0.03638625350557034,0.0,1,0.08,5.9,270.654
2021-06-06,35862.37890625,36436.421875,35304.578125,35538.609375,28913440585,-0.017744289776855184,-0.24050473091670446,52.77598230045603,-3208.96490441919,0.16007489325855834,-0.06805492194678679,0.008731498936251025,0.0,0,0.08,5.9,270.654
2021-06-07,33560.70703125,36790.5703125,33480.640625,35835.265625,33683936663,-0.07537441023315596,-0.2823632283640599,35.73240583879618,-3273.8890420956595,0.21112444147230153,-0.003484915571185521,-0.06418068028941804,0.0,0,0.08,5.9,270.654
2021-06-08,33472.6328125,34017.38671875,31114.443359375,33589.51953125,49902050442,-0.0748865852695844,-0.2773698173772851,36.16499718799642,-3294.472118499216,0.21916076979065297,-0.016257791914837134,-0.0026243254847995168,0.0,1,0.08,5.9,270.654
2021-06-09,37345.12109375,37537.37109375,32475.865234375,33416.9765625,53972919008,0.027407385579981274,-0.18705381617885783,45.31385006544178,-2964.1381745162507,0.07624682196884497,-0.11097803633534693,0.11569117681725527,0.0,0,0.08,5.9,270.654
2021-06-10,36702.59765625,38334.32421875,35847.59375,37389.515625,43576032854,0.011484649563330765,-0.19501130474478345,45.786567128203096,-2722.8056074410924,0.09394886582196908,-0.0959161354666478,-0.01720501684509279,0.0,1,0.08,5.9,270.654
2021-06-11,37334.3984375,37608.6953125,36044.44921875,36697.03125,38699736985,0.02705810032518937,-0.17593881350566046,54.43001787785335,-2452.2981993202047,0.074911701523995,-0.11123286814249743,0.01721406171757467,0.0,0,0.08,5.9,270.654
2021-06-12,35552.515625,37408.92578125,34728.19140625,37340.14453125,37924228550,-0.016488419427029496,-0.20984838462064545,52.44194733206169,-2354.5602754440624,0.12784645144940932,-0.06354917071022097,-0.047727642256857994,0.0,1,0.08,5.9,270.654
2021-06-13,39097.859375,39322.78125,34864.109375,35555.7890625,40669112838,0.0819205933213494,-0.1268021783779448,57.89502162842965,-1968.332938783904,0.027427793597312105,-0.1493160403563459,0.09972131894675185,0.0,1,0.08,5.9,270.654
2021-06-14,40218.4765625,40978.36328125,38757.28515625,39016.96875,43148914673,0.10278656544482409,-0.09823585338812132,56.83038898466988,-1553.9080653175843,0.007809344986422997,-0.17751190706677894,0.028661855288592664,0.0,1,0.08,5.9,270.654
2021-06-15,40406.26953125,41295.26953125,39609.46875,40427.16796875,46420149185,0.09338238978921723,-0.0884597000552713,59.00473288572943,-1196.5272231822382,0.009078061767621055,-0.18453492784608866,0.004669320789865594,0.0,0,0.08,5.9,270.654
2021-06-16,38347.0625,40516.77734375,38176.03515625,40168.69140625,39211635100,0.03073071949331072,-0.12835189159225333,51.76776080649156,-1067.1595775840833,0.0629539332659863,-0.14066872522364937,-0.05096256237308472,0.0,0,0.08,5.9,270.654
2021-06-17,38053.50390625,39513.671875,37439.67578125,38341.421875,37096670047,0.0106355321208263,-0.1283790779863513,47.181214795803506,-977.0595769435458,0.07411470073948331,-0.1308092684313342,-0.007655308506355651,0.0,0,0.08,5.9,270.654
2021-06-18,35787.24609375,38187.26171875,35255.85546875,38099.4765625,36200887275,-0.05535928158623318,-0.17356123008367072,47.292224391714676,-1076.1179252799484,0.14053735101088333,-0.0708978309959515,-0.0595545108824469,0.0,0,0.08,5.9,270.654
2021-06-19,35615.87109375,36457.796875,34933.0625,35854.52734375,31207279719,-0.05557202800925963,-0.16902374287169328,50.165812303958006,-1155.135230383632,0.14607255467438007,-0.06664923095644913,-0.004788717174578294,0.0,1,0.08,5.9,270.654
2021-06-20,35698.296875,36059.484375,33432.07421875,35563.140625,36664034054,-0.05085867156415056,-0.15840996623338288,49.56922587823876,-1197.3041651613457,0.14233580661701353,-0.07229259289577085,0.002314299179515533,0.0,0,0.08,5.9,270.654
2021-06-21,31676.693359375,35721.640625,31295.935546875,35641.14453125,52809038594,-0.14492188246970727,-0.24432831591629836,45.463476758792496,-1537.5096889240958,0.30057497655155035,0.016465918867233493,-0.11265533282181261,0.0,1,0.08,5.9,270.654
2021-06-22,32505.66015625,33292.453125,28893.62109375,31622.376953125,58964353058,-0.11526820357193664,-0.21530728503742225,47.751837436626964,-1720.4025948117269,0.27036249949914376,-0.0280071176419696,0.02616961270137308,0.0,1,0.08,5.9,270.654
2021-06-23,33723.02734375,34753.41015625,31772.6328125,32515.71484375,46317108925,-0.06850727732685175,-0.17813840454494342,40.39269258783804,-1746.9771175748392,0.21524702780894903,-0.07010544764563544,0.0374509295196066,0.0,1,0.08,5.9,270.654
2021-06-24,34662.4375,35228.8515625,32385.21484375,33682.80078125,33123368116,-0.02763633868808039,-0.14576688844149152,44.672546017902036,-1672.9503395536376,0.18003599320718502,-0.09947050242014809,0.027856637741157764,0.0,0,0.08,5.9,270.654
2021-06-25,31637.779296875,35487.24609375,31350.884765625,34659.10546875,40230904226,-0.09010383186122858,-0.2106752797366984,36.77693665057564,-1837.170465973737,0.29889753989872875,-0.031796146890728086,-0.0872604012088013,0.0,1,0.08,5.9,270.654
2021-06-26,32186.27734375,32637.587890625,30184.501953125,31594.6640625,38585385521,-0.05763198465473811,-0.18677741194618358,41.71166424582865,-1901.1417126664164,0.27889183737205575,-0.06184627484037206,0.017336806155961115,0.0,1,0.08,5.9,270.654
2021-06-27,34649.64453125,34656.12890625,32071.7578125,32287.5234375,35511640894,0.024704084837644573,-0.11372005917434065,38.431234223966996,-1733.088278876734,0.18759822820016517,-0.1250276570960467,0.07653470332064805,0.0,0,0.08,5.9,270.654
2021-06-28,34434.3359375,35219.890625,33902.07421875,34679.12109375,33892523752,0.02242743374760841,-0.10837239493447083,34.2134149617857,-1598.8478037124369,0.19444940714553968,-0.11618927888965416,-0.006213875976586625,0.0,1,0.08,5.9,270.654
2021-06-29,35867.77734375,36542.109375,34252.484375,34475.55859375,37901460044,0.06419332980338796,-0.06153933414802611,38.401766187758476,-1361.1045522593558,0.14325070875567134,-0.15216627766757462,0.04162825758718758,0.0,0,0.08,5.9,270.654
2021-06-30,35040.8359375,36074.7578125,34086.15234375,35908.38671875,34059036099,0.041690065766450415,-0.0726631434349772,40.98294289682258,-1225.294144898573,0.1674719987313057,-0.13414160096102554,-0.02305527321430456,0.0,0,0.08,5.9,270.654
2021-07-01,33572.1171875,35035.984375,32883.78125,35035.984375,37838957079,-0.00756391603303489,-0.1041452338629174,38.51417712977322,-1222.0892628364381,0.2132890363475262,-0.10221071637822521,-0.04191448950075438,0.0,1,0.1,5.4,271.903
2021-07-02,33897.046875,33939.58984375,32770.6796875,33549.6015625,38728974942,-0.002063202247554427,-0.08777316220091165,44.620031998007626,-1179.7310552340641,0.20051317607819327,-0.11455500586517249,0.00967855812266083,0.0,1,0.1,5.4,271.903
2021-07-03,34668.546875,34909.26171875,33402.6953125,33854.421875,24383958643,0.017816707639652315,-0.05930878343814793,47.39275309748651,-1071.5560372523396,0.15891430763479397,-0.1321523877208952,0.022760094790705843,0.0,1,0.1,5.4,271.903
2021-07-04,35287.78125,35937.56640625,34396.4765625,34665.56640625,24924307911,0.034097986356451004,-0.036508050409374194,48.90259616850556,-925.1944515144787,0.11458121643012008,-0.13735797874781333,0.017861561294527206,0.0,0,0.1,5.4,271.903
2021-07-05,33746.00390625,35284.34375,33213.66015625,35284.34375,26721554282,-0.01715544437377394,-0.07216469799876121,56.3772662445922,-922.9709522011763,0.13137189393853396,-0.08355032895462468,-0.043691535402215154,0.0,1,0.1,5.4,271.903
2021-07-06,34235.1953125,35038.53515625,33599.91796875,33723.5078125,26501259870,-0.00882263560525736,-0.05387484315927738,55.444150490164255,-871.6868909619661,0.0954740175361095,-0.08892469934314043,0.014496276584600176,0.0,0,0.1,5.4,271.903
2021-07-07,33855.328125,34997.6640625,33839.2890625,34225.6796875,24796027477,-0.017561231116171975,-0.059667088868892236,50.43962967732021,-851.8761127436519,0.08612736596328152,-0.06946428763504563,-0.011095808977648836,0.0,0,0.1,5.4,271.903
2021-07-08,32877.37109375,33907.90625,32133.18359375,33889.60546875,29910396946,-0.041610191011783204,-0.08473256278766804,44.083459783627575,-904.6605241795114,0.11209301885607684,-0.04429378574468171,-0.028886355129662422,0.0,1,0.1,5.4,271.903
2021-07-09,33798.01171875,34042.29296875,32318.880859375,32861.671875,27436021028,-0.008792705097141907,-0.05542963818263586,58.32050821617453,-862.2648932625452,0.07568402493178905,-0.06958918831568336,0.02800225791699673,0.0,0,0.1,5.4,271.903
2021-07-10,33520.51953125,34209.0703125,33116.01171875,33811.2421875,22971873468,-0.012527993275308002,-0.06119913698770417,55.24863746191439,-841.3586914812986,0.07695927983704913,-0.060754280403982855,-0.008210311003178261,0.0,1,0.1,5.4,271.903
2021-07-11,34240.1875,34584.703125,33346.73828125,33509.078125,20108729370,0.006691293417074012,-0.03926963006041939,48.1331748512093,-757.9816448124475,0.05162878408073489,-0.070314035831693,0.021469475378479208,0.0,0,0.1,5.4,271.903
2021-07-12,33155.84765625,34592.15625,32697.30859375,34254.015625,24321499537,-0.02306030372719324,-0.06885089136185744,44.599016679873756,-770.5198249030946,0.08477601211129843,-0.036702684878416325,-0.031668630428790756,0.0,0,0.1,5.4,271.903
2021-07-13,32702.025390625,33327.1015625,32261.419921875,33125.46875,19120856669,-0.03081640342824916,-0.07848842393996783,35.41945190923937,-807.7646786433033,0.10055916511034908,-0.027185842775155924,-0.013687548281983153,0.0,1,0.1,5.4,271.903
2021-07-14,32822.34765625,33061.3984375,31639.125,32723.845703125,21376531210,-0.020090474141086126,-0.07218013392888675,39.07090585937831,-818.1414667529534,0.09435890184856477,-0.03419249464767827,0.003679352094793975,0.0,0,0.1,5.4,271.903
2021-07-15,31780.73046875,33159.640625,31175.708984375,32827.875,21300524237,-0.04558806810265119,-0.09779209427110715,40.7872839829581,-900.0398488416686,0.12950029223786216,-0.0013618836330998724,-0.031734999531688124,0.0,0,0.1,5.4,271.903
2021-07-16,31421.5390625,32218.40625,31100.673828125,31841.55078125,23699476918,-0.04833367259385999,-0.1044217813600384,37.313703234382096,-982.6018290525899,0.14593810132774784,0.004094053416820526,-0.011302175908234458,0.0,1,0.1,5.4,271.903
2021-07-17,31533.068359375,31935.9453125,31223.990234375,31397.30859375,18895018942,-0.03819094673893917,-0.09910428050514357,32.765752331998925,-1027.1924755747896,0.14242088372673883,-0.009876693850672028,0.003549453661488622,0.0,1,0.1,5.4,271.903
2021-07-18,31796.810546875,32398.99609375,31215.4921875,31533.884765625,18787986667,-0.02693929404434174,-0.0901034334843275,30.03141790823004,-1029.383007316399,0.1319415712249508,-0.025380943675767185,0.008363987433579023,0.0,0,0.1,5.4,271.903
2021-07-19,30817.83203125,31885.859375,30563.734375,31800.01171875,20434789545,-0.0482181169856403,-0.11565792981794816,32.098048393721996,-1097.4635276502377,0.16000783076280634,-0.0029153207825991026,-0.030788575922789052,0.0,0,0.1,5.4,271.903
2021-07-20,29807.34765625,31006.1875,29360.955078125,30838.28515625,23148267245,-0.06874661142650519,-0.14094430995481047,24.55158274553895,-1218.9046999613565,0.20007930276453553,0.012582037684632851,-0.03278895069501786,0.0,1,0.1,5.4,271.903
2021-07-21,32110.693359375,32752.326171875,29526.18359375,29796.28515625,28203024559,0.00993460880462192,-0.07211480079281846,41.78850948595185,-1116.4175885602563,0.11205855869200898,-0.06266576916238219,0.07727442675168827,0.0,1,0.1,5.4,271.903
2021-07-22,32313.10546875,32576.400390625,31745.298828125,32138.873046875,19555230518,0.019001735029824482,-0.06341756214324283,47.13500532728913,-1007.2518761612737,0.10175059817798252,-0.07009723820104785,0.006303573302191001,0.0,1,0.1,5.4,271.903
2021-07-23,33581.55078125,33581.55078125,32057.892578125,32305.958984375,22552046192,0.0560733399315623,-0.02346668018255671,48.93843725335438,-809.0580095961268,0.0551911566002574,-0.10351447214845025,0.03925482537500802,0.0,1,0.1,5.4,271.903
2021-07-24,34292.4453125,34490.390625,33424.859375,33593.73046875,21664706865,0.07346675130541334,-0.001282921099579979,53.63129559263954,-587.8483451551001,0.027025806192939077,-0.11871056365477985,0.021169199000986128,0.0,1,0.1,5.4,271.903
2021-07-25,35350.1875,35364.92578125,33881.8359375,34290.29296875,20856685287,0.09434977026981639,0.02964327446123669,55.06069774085154,-323.4585093946953,0.005096865605123668,-0.1493439236122418,0.030844758309330533,0.0,1,0.1,5.4,271.903
2021-07-26,37337.53515625,40499.67578125,35287.3125,35384.03125,51022126212,0.1350845064714891,0.0865949073323578,67.6147074000358,45.90551694914757,-0.027523241847339744,-0.20719021308014854,0.05621887171744144,0.0,1,0.1,5.4,271.903
2021-07-27,39406.94140625,39406.94140625,36441.7265625,37276.03515625,35097370560,0.16998963368868047,0.14292956748062252,74.85979907466883,499.8509875382151,-0.04455548330999894,-0.26877187999855506,0.055424286615063156,0.0,1,0.1,5.4,271.903
2021-07-28,39995.90625,40816.0703125,38862.4375,39503.1875,38702404695,0.15925611729408154,0.15563861715546767,75.70412205192805,896.7929137115498,-0.026506763109504543,-0.29385975487006977,0.014945713184850051,0.0,1,0.1,5.4,271.903
2021-07-29,40008.421875,40593.0703125,39352.05859375,39995.453125,27167146027,0.1295300632634727,0.15422381817874112,81.82859344777563,1198.5658354859625,-0.0009663814785071913,-0.304402810320563,0.00031292265067750513,0.0,1,0.1,5.4,271.903
2021-07-30,42235.546875,42235.546875,38397.35546875,40027.484375,33072782960,0.15198641690997114,0.21459775505516,86.55126193856812,1599.0011350472778,-0.01855315454672344,-0.35554136743287373,0.055666404612466414,0.0,0,0.1,5.4,271.903
2021-07-31,41626.1953125,42231.44921875,41110.83203125,42196.3046875,25802845343,0.1066445513039328,0.1941265613288726,83.00401577903929,1845.9010184922154,0.021749597452195804,-0.3542993947271613,-0.014427457617713135,0.0,0,0.1,5.4,271.903
2021-08-01,39974.89453125,42541.6796875,39540.94140625,41460.84375,26688438115,0.041529235522689105,0.14385357385538167,74.51711774400164,1886.5774914220965,0.08009268952613657,-0.3267043861447077,-0.039669750474507826,0.0,0,0.09,5.1,272.676
2021-08-02,39201.9453125,40419.1796875,38746.34765625,39907.26171875,25595265436,0.006649291179110576,0.12166935961475228,75.44915050256053,1835.287297590272,0.11284801423467795,-0.3083073485032063,-0.019335866368471732,0.0,0,0.09,5.1,272.676
2021-08-03,38152.98046875,39750.03125,37782.05078125,39178.40234375,26189830450,-0.02990346414330953,0.09294760065380332,75.27330652632894,1690.5096106412311,0.15037185934027733,-0.2822460432768001,-0.02675797936526192,0.0,1,0.09,5.1,272.676
2021-08-04,39747.50390625,39952.296875,37589.1640625,38213.33203125,25372562724,-0.00053517355373362,0.13905495192275039,74.16414985548035,1685.01318299579,0.11387472163032958,-0.30064777567725726,0.041792893187100555,0.0,1,0.09,5.1,272.676
2021-08-05,40869.5546875,41341.93359375,37458.00390625,39744.515625,35185031017,0.018632317152459294,0.16951902639341787,75.5850469254624,1751.012760034304,0.09410527128423934,-0.30754196669263,0.02822946527400849,0.0,1,0.09,5.1,272.676
2021-08-06,42816.5,43271.66015625,39932.1796875,40865.8671875,38226483046,0.058165689192153286,0.22190177472745357,76.53708529121967,1938.0791457763407,0.06011363691373445,-0.3284356659504375,0.04763803587748594,0.0,1,0.09,5.1,272.676
2021-08-07,44555.80078125,44689.859375,42618.56640625,42832.796875,40030862141,0.08887979273653808,0.26520607203965474,77.84643892682291,2201.3023975454344,0.03865468020579104,-0.34593930881186225,0.04062220829002827,0.0,0,0.09,5.1,272.676
2021-08-08,43798.1171875,45282.3515625,43331.91015625,44574.4375,36302664750,0.060540924472237384,0.23793837055999467,73.30022465576556,2322.0033776631535,0.06607582197795507,-0.3144407675672614,-0.017005273846830926,0.0,1,0.09,5.1,272.676
2021-08-09,46365.40234375,46456.83203125,42848.6875,43791.92578125,38734079049,0.11158987381114897,0.30264677044520316,74.12788646122996,2594.905771955804,0.01859583499731214,-0.3282379627523571,0.058616336068955555,0.0,0,0.09,5.1,272.676
2021-08-10,45585.03125,46637.98828125,44705.5546875,46280.84765625,33546019517,0.0826056700961828,0.27079063107435636,67.7334292516688,2716.894788245423,0.04550028166675374,-0.2966464484114568,-0.016830892309838696,0.0,1,0.09,5.1,272.676
2021-08-11,45593.63671875,46735.6328125,45351.7109375,45599.703125,34319709073,0.06855125813846583,0.2618227979161542,66.62135387657491,2782.1949405293635,0.04982613241636026,-0.2721743459271716,0.00018877838873909702,0.0,0,0.09,5.1,272.676
2021-08-12,44428.2890625,46228.91015625,43861.4453125,45576.87890625,33723620826,0.02864021105387836,0.22232847080226134,62.28300124492445,2708.687897056341,0.07651328591070843,-0.22781991223145936,-0.02555943636254754,0.0,1,0.09,5.1,272.676
2021-08-13,47793.3203125,47831.9765625,44282.41796875,44439.69140625,31744259539,0.08239109235220186,0.30547614898055925,64.52654840331405,2888.664211747775,0.01162326046253619,-0.2648442012157305,0.07574073458615982,0.0,0,0.09,5.1,272.676
2021-08-14,47096.9453125,48098.68359375,46177.6328125,47810.6875,31211354442,0.04915733520804403,0.27568106584547164,64.23433839809216,2941.20076358012,0.03244016714717235,-0.23489159338583665,-0.01457055076832292,0.0,0,0.09,5.1,272.676
2021-08-15,47047.00390625,47357.10546875,45579.58984375,47096.66796875,30988958446,0.03381820911108262,0.26415136906179043,70.07368385572263,2944.859992425052,0.04120622526671053,-0.22111171041441824,-0.0010603958689597848,0.0,0,0.09,5.1,272.676
2021-08-16,46004.484375,47998.09765625,45700.3203125,47019.9609375,32776876610,0.003877234235941512,0.22864163196711368,69.01750031560238,2831.003300367098,0.07062331452597681,-0.1949420799860016,-0.02215910567498447,0.0,0,0.09,5.1,272.676
2021-08-17,44695.359375,47139.5703125,44512.41796875,45936.45703125,33451362600,-0.02498648876571648,0.18717215453591107,68.02794400263329,2605.105569548279,0.10387571761028504,-0.1627414573071146,-0.028456465011732934,0.0,1,0.09,5.1,272.676
2021-08-18,44801.1875,45952.0625,44364.02734375,44686.75,32194123075,-0.02481175589694235,0.1843624931502201,65.17038649487657,2406.874484780841,0.10241213777983081,-0.1551653171040395,0.002367765389513554,0.0,1,0.09,5.1,272.676
2021-08-19,46717.578125,46970.76171875,43998.31640625,44741.8828125,37204312299,0.01612341131789027,0.22744621588329003,66.75579398449923,2377.0109270880566,0.06456831370319094,-0.18760515409216386,0.04277544261522093,0.0,1,0.09,5.1,272.676
2021-08-20,49339.17578125,49342.15234375,46650.70703125,46723.12109375,34706867452,0.06445239031704507,0.28567337429118744,67.99318894429715,2535.6554065784585,0.023643723838212116,-0.23077893246149397,0.056115872471717454,0.0,0,0.09,5.1,272.676
2021-08-21,48905.4921875,49717.01953125,48312.19921875,49327.07421875,40585205312,0.047610781996499686,0.2644820331266378,62.93028230100108,2596.4573142951194,0.04177624125022289,-0.21475177297970827,-0.008789842693618932,0.0,1,0.09,5.1,272.676
2021-08-22,49321.65234375,49471.609375,48199.94140625,48869.10546875,25370975378,0.0455656406553436,0.26565188494320807,66.76006623309355,2647.702840619626,0.03856613738469866,-0.20643973308853797,0.00850947690403503,0.0,1,0.09,5.1,272.676
2021-08-23,49546.1484375,50482.078125,49074.60546875,49291.67578125,34305053719,0.046436360444597494,0.262176452208591,61.25093645999744,2675.587738060538,0.03162908133876289,-0.18480907120616397,0.004551674225862445,0.0,0,0.09,5.1,272.676
2021-08-24,47706.1171875,49878.76953125,47687.1171875,49562.34765625,35361168834,0.006279417582690574,0.20671916476146365,56.979491274189876,2520.160731918113,0.06410531231642491,-0.1293706256778698,-0.037137725293038826,0.0,1,0.09,5.1,272.676
2021-08-25,48960.7890625,49202.87890625,47163.61328125,47727.2578125,32646349931,0.028592361095541634,0.2292980828289947,60.23998401500423,2469.755440986948,0.03356459065261281,-0.1318835739078675,0.02630002081428562,0.0,0,0.09,5.1,272.676
2021-08-26,46942.21875,49347.58203125,46405.78125,49002.640625,32666549568,-0.01575376084159143,0.17092130746023657,57.26803620748381,2241.0932030381737,0.07385935086911254,-0.08161489608394114,-0.04122830434622349,0.0,1,0.09,5.1,272.676
2021-08-27,49058.66796875,49112.78515625,46394.28125,46894.5546875,34511076995,0.019297051969973448,0.21391446328750088,53.942915012774684,2205.2359092402694,0.03177326614347319,-0.11629806859818732,0.04508626296557394,0.0,0,0.09,5.1,272.676
2021-08-28,48902.40234375,49283.50390625,48499.23828125,49072.5859375,28568103401,0.007465553032419457,0.20106992435557672,55.821902537544716,2139.5460604329055,0.035521920321164004,-0.10348820201345357,-0.003185280633781984,0.0,0,0.09,5.1,272.676
2021-08-29,48829.83203125,49644.11328125,47925.85546875,48911.25,25889650240,0.0016119057973826157,0.19033610755112534,55.74055533474541,2057.9082786273284,0.04050195710985517,-0.10054989783384746,-0.0014839825657210204,0.0,0,0.09,5.1,272.676
2021-08-30,47054.984375,48925.60546875,46950.2734375,48834.8515625,31847007016,-0.030250627994492834,0.13994808486220417,53.23018322564775,1828.9118185531406,0.07921676699750571,-0.0629685464151351,-0.0363476092875793,0.0,1,0.09,5.1,272.676
2021-08-31,47166.6875,48189.55078125,46750.09375,47024.33984375,34730363427,-0.024452702695715152,0.13494958918906697,58.20316187247744,1637.567128255083,0.07598859612288834,-0.06118029325553108,0.0023738850726162664,0.0,1,0.09,5.1,272.676
2021-09-01,48847.02734375,49111.08984375,46562.4375,47099.7734375,39139399125,0.011294472944544349,0.1663207409323571,62.15859474543883,1603.0356675143776,0.037395678230265135,-0.08285079364598529,0.03562556399047523,0.0,1,0.08,4.7,273.91
2021-09-02,49327.72265625,50343.421875,48652.3203125,48807.84765625,39508070319,0.021708480583711345,0.16858752370748012,58.584825834660286,1596.0589563356043,0.030567733024304187,-0.09195912701492663,0.009840830417728652,0.0,1,0.08,4.7,273.91
2021-09-03,50025.375,50982.2734375,48386.0859375,49288.25,43206179619,0.031205015111528553,0.17495827621532578,52.583943942153496,1628.05734444243,0.021812681610266275,-0.10438596316987465,0.014143210068944922,0.0,0,0.08,4.7,273.91
2021-09-04,49944.625,50545.58203125,49548.78125,50009.32421875,37471327794,0.02745673643249649,0.1629427702118509,54.01979296747029,1628.1323511421651,0.0281338355446545,-0.10180537208387175,-0.0016141808032423821,0.0,1,0.08,4.7,273.91
2021-09-05,51753.41015625,51868.6796875,49538.59765625,49937.859375,30322676319,0.05423260345161396,0.19381813580259208,58.49206245273321,1753.9274560221093,0.0021439258494675402,-0.13203246806736038,0.03621581213694158,0.0,1,0.08,4.7,273.91
2021-09-06,52633.53515625,52700.94140625,51053.6796875,51769.00390625,38884105426,0.06440986329907195,0.202560154191192,60.30953210172689,1902.706498808133,-0.006402389149888248,-0.13967572243905016,0.017006125728580734,0.0,0,0.08,4.7,273.91
2021-09-07,46811.12890625,52853.765625,43285.20703125,52660.48046875,65210059683,-0.04931624447212458,0.061771346986856344,47.63927988026442,1533.12255513556,0.11105424466075606,-0.02224631979580049,-0.1106216071695616,0.0,0,0.08,4.7,273.91
2021-09-08,46091.390625,47334.0546875,44561.39453125,46827.76171875,49007762488,-0.058698325187824966,0.03778003554179269,42.211567619148596,1168.6759836099081,0.12995187435579045,-0.009884830246074887,-0.015375366885328479,0.0,1,0.08,4.7,273.91
2021-09-09,46391.421875,47261.94921875,45669.73828125,45774.7421875,38672657013,-0.0512852742807704,0.03786115918923939,48.351140510650154,893.7567924304385,0.12318405071173624,-0.02318239193255045,0.006509485739778498,0.0,0,0.08,4.7,273.91
2021-09-10,44883.91015625,47031.7421875,44344.484375,46396.6640625,39154666597,-0.07780912775525678,-0.0014809508975987314,37.02961419601759,547.9216560513087,0.16542614618986998,-0.003851890521100737,-0.032495484247323514,0.0,1,0.08,4.7,273.91
2021-09-11,45201.45703125,45969.29296875,44818.265625,44869.83984375,34499835245,-0.06427597120975295,0.00041120215901759255,38.61577082017609,296.0554548306027,0.15828056350479686,-0.021006867007354234,0.0070748487352050304,0.0,1,0.08,4.7,273.91
2021-09-12,46063.26953125,46364.87890625,44790.4609375,45206.62890625,27881980161,-0.03994757641208194,0.01420078238503581,41.884031398613416,164.099109659619,0.13443389254716215,-0.04470821208236001,0.019066033632592516,0.0,0,0.08,4.7,273.91
2021-09-13,44963.07421875,46598.6796875,43591.3203125,46057.21484375,40969943253,-0.05288500515774647,-0.014195788181656526,43.61026111438171,-28.92043481519795,0.16436782090244362,-0.029609585694334042,-0.023884438158555232,0.0,1,0.08,4.7,273.91
2021-09-14,47092.4921875,47218.125,44752.33203125,44960.05078125,38652152880,-0.0020347495384267357,0.028093500758590583,49.798239840716334,-9.948895972782339,0.10957935414132988,-0.07531744037754144,0.0473592610325122,0.0,1,0.08,4.7,273.91
2021-09-15,48176.34765625,48450.46875,46773.328125,47098.0,30484496466,0.028732049064094642,0.04774377601724164,48.11506477070175,91.48962793192914,0.08543674949847439,-0.09437929416165636,0.023015462091804384,0.0,0,0.08,4.7,273.91
2021-09-16,47783.359375,48486.828125,47079.55859375,48158.90625,31764293754,0.031018445666706647,0.03568889719224699,45.6380859242692,138.57214555890823,0.09238888018107419,-0.08762515980901749,-0.008157286726135138,0.0,0,0.08,4.7,273.91
2021-09-17,47267.51953125,48160.921875,46832.5234375,47771.00390625,28727713711,0.018884854846640178,0.02129445423096962,42.12985887250949,132.73137102952023,0.10219297676153612,-0.07900965807637611,-0.010795386730801604,0.0,1,0.08,4.7,273.91
2021-09-18,48278.36328125,48791.78125,47087.28515625,47273.52734375,28575630451,0.03579140632435902,0.04041858778201452,45.484654220055084,207.27976567424776,0.07812078050093053,-0.09844078183434354,0.021385589090024082,0.0,0,0.08,4.7,273.91
2021-09-19,47260.21875,48328.3671875,46919.8046875,48268.85546875,26967722648,0.012061108079552992,0.016009966703140213,37.27894924151922,182.1049582372143,0.1014278734012987,-0.07866462510909729,-0.021089044077959085,0.0,0,0.08,4.7,273.91
2021-09-20,42843.80078125,47328.19921875,42598.9140625,47261.40625,43909845642,-0.07848902457615943,-0.0800698595865187,26.907463703162037,-192.00101043267205,0.22252193340529833,-0.001338397244281872,-0.09344895316951951,0.0,0,0.08,4.7,273.91
2021-09-21,40693.67578125,43607.609375,39787.609375,43012.234375,48701090088,-0.11616592867908593,-0.1267961186405609,32.545966978314254,-654.4358746562866,0.2981547900609206,0.020353134187520706,-0.050185206746199196,0.0,1,0.08,4.7,273.91
2021-09-22,43574.5078125,43978.62109375,40625.6328125,40677.953125,38139709246,-0.04845307902504237,-0.06714975929763455,43.607287542583556,-779.4744709180304,0.20854701473336423,-0.056525271085585596,0.07079311406361999,0.0,1,0.08,4.7,273.91
2021-09-23,44895.09765625,44942.17578125,43109.33984375,43560.296875,34244064430,-0.019469491655477605,-0.04099201825048352,46.38675874642293,-763.2100847736001,0.1643263115489476,-0.08703356878793667,0.0303064775724482,0.0,0,0.08,4.7,273.91
2021-09-24,42839.75,45080.4921875,40936.55859375,44894.30078125,42839345714,-0.055587385285952064,-0.08566607770438368,45.19110687660552,-905.7291384664422,0.2122682264090331,-0.05189677123305765,-0.04578111561282838,0.0,0,0.08,4.7,273.91
2021-09-25,42716.59375,42996.2578125,41759.921875,42840.890625,31604717236,-0.046829887390463065,-0.08825573387110588,44.1003930629062,-1016.8920963344353,0.19549591572138422,-0.050051174911497104,-0.002874812528084303,0.0,1,0.08,4.7,273.91
2021-09-26,43208.5390625,43919.30078125,40848.4609375,42721.62890625,30661222077,-0.025909026283379075,-0.07722493197401276,43.10108272100228,-1053.153567212954,0.14845487113249978,-0.04924962687106635,0.011516492054097771,0.0,0,0.08,4.7,273.91
2021-09-27,42235.73046875,44313.24609375,42190.6328125,43234.18359375,30980029059,-0.036915083977694815,-0.09739819739742743,43.3681006209783,-1147.1647662093746,0.17323356155579847,-0.036510674286272186,-0.02251426719942695,0.0,0,0.08,4.7,273.91
2021-09-28,41034.54296875,42775.14453125,40931.6640625,42200.8984375,30214940550,-0.04859009496027882,-0.12106563772083023,34.57287381934117,-1303.5683863209924,0.2095092389667028,-0.022562323148922356,-0.02844007873591181,0.0,1,0.08,4.7,273.91
2021-09-29,41564.36328125,42545.2578125,40829.66796875,41064.984375,30602359905,-0.023408867986125317,-0.10818114404605654,32.673039489060486,-1368.9864867067736,0.1921807813995212,-0.04472429989028052,0.012911568502261384,0.0,1,0.08,4.7,273.91
2021-09-30,43790.89453125,44092.6015625,41444.58203125,41551.26953125,31141681925,0.02662091578337161,-0.05968051052008326,40.45485525541388,-1227.023970066497,0.13059833488242645,-0.09482444353140435,0.05356827518164842,0.0,1,0.08,4.7,273.91
2021-10-01,48116.94140625,48436.01171875,43320.0234375,43816.7421875,42850641582,0.10874414398186576,0.031578309452879615,51.717822467347055,-756.7188405612469,0.03705400159217717,-0.17825114361360495,0.09878873042688929,0.0,0,0.08,4.5,276.55
2021-10-02,47711.48828125,48282.0625,47465.49609375,48137.46875,30614346492,0.0890200875166526,0.022921698810623187,48.82480833492055,-411.9664232501673,0.05053950292641239,-0.17248595008139458,-0.008426411013467638,0.0,1,0.08,4.5,276.55
2021-10-03,48199.953125,49130.69140625,47157.2890625,47680.02734375,26638115879,0.09193250188322087,0.032905728819407946,51.99191417245459,-98.20062245657755,0.04767497921776356,-0.18193835213987156,0.010237887379882071,0.0,1,0.08,4.5,276.55
2021-10-04,49112.90234375,49456.77734375,47045.00390625,48208.90625,33383173002,0.09702447027370126,0.05153880421811406,65.60622627058947,221.57423746668064,0.0349903806369561,-0.19982172467898043,0.018940873580984396,0.0,1,0.08,4.5,276.55
2021-10-05,51514.8125,51839.984375,49072.83984375,49174.9609375,35873904236,0.12849774463327657,0.10036882144446858,76.60449883342876,661.1904024354226,0.0005840614077617561,-0.2445006927892698,0.048905889117254686,0.0,1,0.08,4.5,276.55
2021-10-06,55361.44921875,55568.46484375,50488.19140625,51486.6640625,49034730168,0.18131370765671642,0.17717001084271505,77.66517790590277,1304.9382995341657,-0.03681776529605644,-0.31542705956973494,0.0746704982911468,0.0,0,0.08,4.5,276.55
2021-10-07,53805.984375,55338.625,53525.46875,55338.625,36807860413,0.12046002861700139,0.13973107787351977,70.68669668787885,1670.345430243622,0.012114053358966015,-0.3045723736608144,-0.02809653406297008,0.0,1,0.08,4.5,276.55
2021-10-08,53967.84765625,55922.98046875,53688.0546875,53802.14453125,34800873924,0.09435700535921508,0.13965919710244565,78.32407522482438,1950.5099632895653,0.026981216494867725,-0.31401852871397035,0.0030082765538104184,0.0,1,0.08,4.5,276.55
2021-10-09,54968.22265625,55397.9453125,53735.14453125,53929.78125,32491211414,0.08514793846094154,0.15803136998494222,79.85077737802258,2227.58605085218,0.029754589373591968,-0.3339437142692615,0.01853649985027972,0.0,0,0.08,4.5,276.55
2021-10-10,54771.578125,56401.3046875,54264.2578125,54952.8203125,39527792364,0.05832421841854311,0.1510436255762985,78.58437094912682,2403.596116382978,0.052863321940367455,-0.3291867230200218,-0.003577422040362044,0.0,1,0.08,4.5,276.55
2021-10-11,57484.7890625,57793.0390625,54519.765625,54734.125,42637331698,0.09100199619455376,0.2039319722664635,84.70971233083527,2730.5428109853674,0.026191356125810777,-0.3546604973510778,0.04953684064585273,0.0,0,0.08,4.5,276.55
2021-10-12,56041.05859375,57627.87890625,54477.97265625,57526.83203125,41083758949,0.047049033612032665,0.17051082120249555,83.78460759155259,2840.4109495799858,0.06986841115477291,-0.3330301652565193,-0.025114999851183484,0.0,1,0.08,4.5,276.55
2021-10-13,57401.09765625,57688.66015625,54370.97265625,56038.2578125,41684252783,0.054334346716885085,0.19408157128924777,84.3689270347263,3002.6137645805647,0.0640335570536628,-0.34656023456370866,0.02426861834211813,0.0,0,0.08,4.5,276.55
2021-10-14,57321.5234375,58478.734375,56957.07421875,57372.83203125,36615791366,0.037233881071115554,0.1882927947693651,82.38175768844962,3089.1301205402124,0.08005727075572598,-0.3349356261945848,-0.001386283921372633,0.0,1,0.08,4.5,276.55
2021-10-15,61593.94921875,62757.12890625,56868.14453125,57345.90234375,51780081801,0.09458030394913966,0.26915178091046876,82.3364234060732,3462.530118493887,0.029303596985407812,-0.3745831562663868,0.07453440740995654,0.0,0,0.08,4.5,276.55
2021-10-16,60892.1796875,62274.4765625,60206.12109375,61609.52734375,34250964237,0.07157711053969892,0.2486027588347828,81.18205551166004,3659.6393267226304,0.05884665386151273,-0.3560150030401775,-0.01139348166745524,0.0,1,0.08,4.5,276.55
2021-10-17,61553.6171875,61645.5234375,59164.46875,60887.65234375,29032367511,0.06864686209463815,0.2556509358471459,81.3348143379037,3825.12857161156,0.06088373681780017,-0.34496638935281704,0.01086243756414218,0.0,1,0.08,4.5,276.55
2021-10-18,62026.078125,62614.66015625,60012.7578125,61548.8046875,38055562075,0.06199201047890946,0.25851312055588743,80.94081512276748,3948.883370209878,0.05915127988830037,-0.3224612246217278,0.007675599893030238,0.0,1,0.08,4.5,276.55
2021-10-19,64261.9921875,64434.53515625,61622.93359375,62043.1640625,40471196346,0.08304076182439163,0.2948385874040615,80.78798836741518,4179.204253069409,0.030186033253392485,-0.31860143723623374,0.036047967727284025,0.0,1,0.08,4.5,276.55
2021-10-20,65992.8359375,66930.390625,63610.67578125,64284.5859375,40788955582,0.09156808766729171,0.31970181462544023,78.60090253098338,4450.101833622386,0.015776643082434438,-0.3154401067893734,0.026934175102288238,0.0,0,0.08,4.5,276.55
2021-10-21,62210.171875,66600.546875,62117.41015625,66002.234375,45908121370,0.021019744576131236,0.23744373289405873,70.18980067250787,4309.879137233722,0.08312788480155484,-0.256748858662592,-0.057319313661295834,0.0,0,0.08,4.5,276.55
2021-10-22,60692.265625,63715.0234375,60122.796875,62237.890625,38434082775,-0.01143921125660396,0.20181698355525837,65.16626630342947,4029.8160800946353,0.10793855437590387,-0.21449414797630326,-0.024399647264276236,0.0,1,0.08,4.5,276.55
2021-10-23,61393.6171875,61743.87890625,59826.5234375,60694.62890625,26882546034,-0.006476470294958326,0.2102561576828085,64.68999214640937,3820.4178997994095,0.0915342626857368,-0.1982299976734563,0.011555863919028075,0.0,0,0.08,4.5,276.55
2021-10-24,60930.8359375,61505.8046875,59643.34375,61368.34375,27316183882,-0.019691468065807065,0.19595312669756704,63.91224109927854,3575.90494771854,0.09301820741056008,-0.16593828443949687,-0.007537937512081094,0.0,1,0.08,4.5,276.55
2021-10-25,63039.82421875,63729.32421875,60691.80078125,60893.92578125,31064911614,0.01188587873511279,0.23189042200083487,62.89955503855746,3511.8222988920024,0.056898765910935824,-0.17600691276379019,0.0346128236844363,0.0,0,0.08,4.5,276.55
2021-10-26,60363.79296875,63229.02734375,59991.16015625,63032.76171875,34878965587,-0.030246038921563963,0.17604377867399582,59.49459403064572,3208.1217501089195,0.10416023452666066,-0.13159820162860264,-0.04244985266320056,0.0,0,0.08,4.5,276.55
2021-10-27,58482.38671875,61435.18359375,58208.1875,60352.0,43657076893,-0.05581252758769379,0.13423091332511483,52.321802243947516,2783.5362432263355,0.13507530919190824,-0.09105875800138241,-0.03116779376295975,0.0,1,0.08,4.5,276.55
2021-10-28,60622.13671875,62128.6328125,58206.91796875,58470.73046875,45257083247,-0.019043180092634532,0.1691404554479111,56.51118200226955,2589.854877512327,0.09084289760238932,-0.1079963366146828,0.03658793903693369,0.0,1,0.08,4.5,276.55
2021-10-29,62227.96484375,62927.609375,60329.96484375,60624.87109375,36856881767,0.010266671857616467,0.1928237607822061,51.39779512347701,2536.6964513544954,0.06139471899143293,-0.11805027835453319,0.02648913766352501,0.0,0,0.08,4.5,276.55
2021-10-30,61888.83203125,62330.14453125,60918.38671875,62239.36328125,32157938616,0.011500320607136325,0.1786392522410261,52.23299468600074,2439.086560332209,0.062301686203324116,-0.0968082210745374,-0.005449845794435637,0.0,0,0.08,4.5,276.55
2021-10-31,61318.95703125,62406.171875,60074.328125,61850.48828125,32241199927,0.0036482826925275944,0.160661015925192,49.472079060978636,2289.3556022910125,0.07114240547638388,-0.08112956725145931,-0.009208042570786446,0.0,0,0.08,4.5,276.55
2021-11-01,61004.40625,62419.00390625,59695.18359375,61320.44921875,36150572843,-0.0020100542652984705,0.14821260480011983,47.6850709433158,2120.8631300816414,0.0704519124201296,-0.062042126702806975,-0.005129747739996526,0.0,1,0.08,4.1,278.919
2021-11-02,63226.40234375,64242.79296875,60673.0546875,60963.25390625,37746665647,0.031248265028391717,0.18190897341636966,47.65205438930706,2141.9372276517097,0.03195934865238352,-0.08491867593104523,0.03642353446805324,0.0,0,0.08,4.1,278.919
2021-11-03,62970.046875,63516.9375,61184.23828125,63254.3359375,36124731509,0.023662266076399114,0.1701706310139878,42.655509758118924,2113.5887227974745,0.032115752969866435,-0.06817836632050964,-0.004054563588107407,0.0,0,0.08,4.1,278.919
2021-11-04,61452.23046875,63123.2890625,60799.6640625,62941.8046875,32615846901,0.0015730375363868622,0.1363581778223575,47.93067886718604,1946.2125031362011,0.0575401328900278,-0.04532582465988644,-0.024103783966732184,0.0,0,0.08,4.1,278.919
2021-11-05,61125.67578125,62541.46875,60844.609375,61460.078125,30605102446,-0.004984838585945994,0.12476949632168353,51.26562193797924,1766.8482818558841,0.06317068182197358,-0.0398244291955488,-0.005313959884109654,0.0,1,0.08,4.1,278.919
2021-11-06,61527.48046875,61590.68359375,60163.78125,61068.875,29094934221,-0.003384271961964755,0.12625258085807714,50.39786098491753,1638.238530489747,0.05621488050787127,-0.046124553110338244,0.006573419146120196,0.0,1,0.08,4.1,278.919
2021-11-07,63326.98828125,63326.98828125,61432.48828125,61554.921875,24726754302,0.021289402905397495,0.15284103473222804,56.59748191867378,1662.3570005819274,0.028323750672574904,-0.07329813307729248,0.029247220896912562,0.0,1,0.08,4.1,278.919
2021-11-08,67566.828125,67673.7421875,63344.06640625,63344.06640625,41125608330,0.08036425155537094,0.22099811919039145,61.155504388899104,2000.5298407472292,-0.022512915953429552,-0.14024873183185343,0.06695154718111462,0.0,0,0.08,4.1,278.919
2021-11-09,66971.828125,68530.3359375,66382.0625,67549.734375,42357991721,0.06221729925003374,0.19978337655525047,68.14455346016646,2195.2176233183636,-0.009793265631465055,-0.13518394843499068,-0.008806096371717143,0.0,0,0.08,4.1,278.919
2021-11-10,64995.23046875,68789.625,63208.11328125,66953.3359375,48730828378,0.02489121096345481,0.15432230137641734,67.79017409378615,2165.056755337704,0.025436527458149297,-0.10971483297563958,-0.029513867421399387,0.0,0,0.08,4.1,278.919
2021-11-11,64949.9609375,65579.015625,64180.48828125,64978.890625,35880633236,0.017844713013676954,0.14482609494396795,63.34913572797486,2113.142189551283,0.030853915648418245,-0.1072416335971517,-0.0006965054346836919,0.0,0,0.08,4.1,278.919
2021-11-12,64155.94140625,65460.81640625,62333.9140625,64863.98046875,36084893887,0.003939024812315886,0.12320399798206921,56.26034698386847,1985.0464025869805,0.04624129210307308,-0.09451597632738233,-0.01222509636324598,0.0,1,0.08,4.1,278.919
2021-11-13,64469.52734375,64915.67578125,63303.734375,64158.12109375,30474228777,0.006484483503534587,0.12021002300040923,58.393720635356246,1887.080246531339,0.043907815524644865,-0.09618694158220158,0.0048878705639170406,0.0,1,0.08,4.1,278.919
2021-11-14,65466.83984375,65495.1796875,63647.80859375,64455.37109375,25122092191,0.01568846296901195,0.12861620479167768,63.12603619314813,1868.3786399745659,0.032251184950660136,-0.11049436877625038,0.015469517787564335,0.0,0,0.08,4.1,278.919
2021-11-15,63557.87109375,66281.5703125,63548.14453125,65521.2890625,30558763548,-0.017635221066738562,0.08807233242048443,57.33980833253799,1680.1519124446204,0.06340971388413302,-0.07890722276736988,-0.02915932332393234,0.0,0,0.08,4.1,278.919
2021-11-16,60161.24609375,63721.1953125,59016.3359375,63721.1953125,46844335592,-0.06816648587068368,0.023641586090298948,41.746691545375946,1242.5779588249206,0.11975404294996617,-0.02041854620323499,-0.05344145330150951,0.0,1,0.08,4.1,278.919
2021-11-17,60368.01171875,60823.609375,58515.41015625,60139.62109375,39178392930,-0.06065877555036002,0.02044601209623125,42.974941125724655,902.0830540365569,0.11626265073544595,-0.024538518070245416,0.003436857419438999,0.0,0,0.08,4.1,278.919
2021-11-18,56942.13671875,60948.5,56550.79296875,60360.13671875,41388338699,-0.09907184020358725,-0.04244232671340435,38.960852456583794,351.74421918485314,0.19312535956588914,0.015162762140994268,-0.05674983989800575,0.0,1,0.08,4.1,278.919
2021-11-19,58119.578125,58351.11328125,55705.1796875,56896.12890625,38702407772,-0.06738042789468622,-0.02732949824393386,42.936340313823756,10.485538028289739,0.17289035419638946,-0.015825165588742314,0.020677857806173483,0.0,1,0.08,4.1,278.919
2021-11-20,59697.1953125,59859.87890625,57469.7265625,58115.08203125,30624264863,-0.03385135335600286,-0.004784528840378712,45.92444453026643,-131.15206373857654,0.14273653908542078,-0.045392737208212824,0.027144333086984274,0.0,0,0.08,4.1,278.919
2021-11-21,58730.4765625,60004.42578125,58618.9296875,59730.5078125,26123447605,-0.03983210788103979,-0.024484762214594703,39.37057407230424,-317.744249581694,0.16342240018921264,-0.03542758515692993,-0.01619370466132397,0.0,0,0.08,4.1,278.919
2021-11-22,56289.2890625,59266.359375,55679.83984375,58706.84765625,35036121783,-0.06775278916762341,-0.0675387578543673,21.55438644061384,-655.0522954749467,0.2185188673879072,-0.010559940366239473,-0.041565940596482776,0.0,1,0.08,4.1,278.919
2021-11-23,57569.07421875,57875.515625,55632.76171875,56304.5546875,37485803899,-0.03553512395125768,-0.04900278389290347,27.0751424431556,-809.768874004134,0.1919421070782252,-0.042448777631527074,0.022735855747423095,0.0,0,0.08,4.1,278.919
2021-11-24,56280.42578125,57803.06640625,55964.22265625,57565.8515625,36635566789,-0.042386248369430723,-0.07175178741101698,28.014925084856273,-1024.5555972221046,0.22262173334745738,-0.033100974818858736,-0.02238438701660228,0.0,1,0.08,4.1,278.919
2021-11-25,57274.6796875,59367.96875,57146.68359375,57165.41796875,34284016248,-0.014937799629324447,-0.055949088648456394,31.522091989676525,-1101.8462442906311,0.20251404105160498,-0.05772577496707444,0.017666069374003168,0.0,0,0.08,4.1,278.919
2021-11-26,53569.765625,59183.48046875,53569.765625,58960.28515625,41810748221,-0.0680936146962797,-0.11694792896309433,27.647148970398064,-1445.3936423438572,0.2928974067915865,-0.014629282426892534,-0.06468677053655503,0.0,1,0.08,4.1,278.919
2021-11-27,54815.078125,55329.2578125,53668.35546875,53736.4296875,30560857714,-0.03712871013681973,-0.09667232569172085,30.38624559064523,-1598.7418186836367,0.2625119541309247,-0.05153091418554006,0.02324655494514305,0.0,1,0.08,4.1,278.919
2021-11-28,57248.45703125,57393.84375,53576.734375,54813.0234375,28116886357,0.005074756198509207,-0.05727983908856347,34.22423403884552,-1506.5514250759588,0.1904245535898817,-0.09144638789832557,0.044392510044424904,0.0,1,0.08,4.1,278.919
2021-11-29,57806.56640625,58872.87890625,56792.52734375,57291.90625,32370840356,0.015431142317140694,-0.049039891744646937,38.35609548239908,-1372.6322614223463,0.16008200421074398,-0.09722405277640425,0.009748898117819094,0.0,0,0.08,4.1,278.919
2021-11-30,57005.42578125,59113.40234375,56057.28125,57830.11328125,36708594618,0.00611557597133533,-0.06207131059449121,42.860506046949624,-1315.9759607088708,0.1629641903429635,-0.08513119349761117,-0.013858989986877734,0.0,1,0.08,4.1,278.919
2021-12-01,57229.828125,59041.68359375,56553.08203125,56907.96484375,36858195307,0.012758515276770148,-0.05874734947617029,42.90606701140805,-1238.6892024067638,0.1430931192280454,-0.08689715880640116,0.003936508510805847,0.0,0,0.08,3.9,280.845
2021-12-02,56477.81640625,57349.234375,55895.1328125,57217.37109375,32379968686,-0.0008826699504173814,-0.0708334131667519,48.80606279756525,-1224.010321444628,0.14400731659056634,-0.07402769724195729,-0.013140205787574133,0.0,0,0.08,3.9,280.845
2021-12-03,53598.24609375,57482.16796875,52496.5859375,56509.1640625,39789134215,-0.04511588168252335,-0.11712616759438928,39.30978111789746,-1428.2702507883223,0.18926075651038501,-0.028354211571115708,-0.05098586481791345,0.0,0,0.08,3.9,280.845
2021-12-04,49200.703125,53904.6796875,42874.6171875,53727.87890625,61385677469,-0.11226371835564962,-0.18624032793756676,28.10217705156151,-1922.8275234132743,0.28103764066537174,0.03994925294164916,-0.08204639683653359,0.0,1,0.08,3.9,280.845
2021-12-05,49368.84765625,49768.1484375,47857.49609375,49201.51953125,37198201161,-0.09633948430076007,-0.1803348657507723,29.796559194390397,-2274.97536672726,0.26511767310373485,0.019223366226719583,0.003417522933012007,0.0,1,0.08,3.9,280.845
2021-12-06,50582.625,50929.51953125,47281.03515625,49413.48046875,37707308001,-0.06903188792566721,-0.15711202184442136,36.99542843429127,-2428.1234858709577,0.23028615530549235,-0.01969659700854755,0.02458589579002135,0.0,1,0.08,3.9,280.845
2021-12-07,50700.0859375,51934.78125,50175.80859375,50581.828125,33676814852,-0.05974894429484118,-0.1519536373672137,33.471057212183695,-2511.0703023126625,0.21874286361308096,-0.032343609482132225,0.002322159783127109,0.0,0,0.08,3.9,280.845
2021-12-08,50504.796875,51171.375,48765.98828125,50667.6484375,28479699446,-0.05150847584266821,-0.15131431466168133,35.33010321188529,-2563.019553202168,0.22341928002841957,-0.04131177910106348,-0.00385184874717448,0.0,0,0.08,3.9,280.845
2021-12-09,47672.12109375,50797.1640625,47358.3515625,50450.08203125,29603577251,-0.08733629786969876,-0.1939517319310026,27.693089477003497,-2800.4807715976203,0.2980021147571021,-0.008149096135352949,-0.05608726213196957,0.0,0,0.08,3.9,280.845
2021-12-10,47243.3046875,50015.25390625,47023.69921875,47642.14453125,30966005122,-0.07832037027508235,-0.19713875356037214,32.664981802006,-2988.8191515046274,0.30256806736296427,-0.018291765314211783,-0.00899511908452133,0.0,1,0.08,3.9,280.845
2021-12-11,49362.5078125,49458.2109375,46942.34765625,47264.6328125,25775869261,-0.021964996525316968,-0.15788180528878154,35.74232244014945,-2933.2638534089274,0.23544945758451638,-0.06821831002044136,0.044857216044006165,0.0,1,0.08,3.9,280.845
2021-12-12,50098.3359375,50724.8671875,48725.8515625,49354.85546875,21939223599,0.0053213267901141064,-0.14202209009266642,29.48194354177535,-2797.611574520168,0.211614780490503,-0.08857282410067156,0.014906619570362878,0.0,0,0.08,3.9,280.845
2021-12-13,46737.48046875,50205.0,45894.84765625,50114.7421875,32166727776,-0.04902835221321912,-0.19566945424377616,22.63746514125036,-2927.5521162082296,0.29198842261420527,-0.03945557938538278,-0.0670851717099511,0.0,0,0.08,3.9,280.845
2021-12-14,46612.6328125,48431.3984375,46424.49609375,46709.82421875,34638619079,-0.04654778820020113,-0.19325662681158343,23.42054570822367,-3005.954323827551,0.2903539533868131,-0.05252862203635607,-0.00267125345649466,0.0,1,0.08,3.9,280.845
2021-12-15,48896.72265625,49473.95703125,46671.96484375,48379.75390625,36541828520,0.0011396420677891878,-0.1503524671034267,30.719431313716868,-2850.918067915889,0.21628329024311513,-0.1001264366835439,0.04900151967252708,0.0,0,0.08,3.9,280.845
2021-12-16,47665.42578125,49425.57421875,47529.87890625,48900.46484375,27268150947,-0.018206542033260425,-0.16862263118102522,30.052895849712982,-2795.184933592893,0.24475108692188055,-0.08631655927478585,-0.025181582897818466,0.0,0,0.08,3.9,280.845
2021-12-17,46202.14453125,48004.89453125,45618.21484375,47653.73046875,32902725329,-0.03944741358784064,-0.19007094377219375,32.111782440806635,-2836.39440176043,0.27838492647586754,-0.0702318535623317,-0.030699007215741814,0.0,1,0.08,3.9,280.845
2021-12-18,46848.77734375,47313.828125,45598.44140625,46219.25390625,26098292690,-0.018543783945682,-0.1742831457619832,43.05076795620028,-2784.7741948915573,0.24193644211692192,-0.08645992429491034,0.013995731563123393,0.0,0,0.08,3.9,280.845
2021-12-19,46707.015625,48089.6640625,46502.953125,46853.8671875,25154053861,-0.019531260346041763,-0.17235244873519456,42.1228073055252,-2723.904321548245,0.21994851716760178,-0.08169405927533518,-0.0030259427628138713,0.0,1,0.08,3.9,280.845
2021-12-20,46880.27734375,47401.71875,45579.80859375,46707.0625,30961902129,-0.015143645891168385,-0.16500955491675834,38.32457451507863,-2631.351157500947,0.18926513907610992,-0.08051119962379331,0.003709543768351198,0.0,1,0.08,3.9,280.845
2021-12-21,48936.61328125,49300.91796875,46698.7734375,46886.078125,27055803928,0.028976302225015092,-0.1246208031142867,45.04480376633067,-2364.81289256359,0.10680259287414705,-0.10360618278593756,0.04386356169401262,0.0,0,0.08,3.9,280.845
2021-12-22,48628.51171875,49544.796875,48450.94140625,48937.09765625,24447979559,0.025667823595962695,-0.12556535390935883,44.76102534166894,-2153.615084364086,0.07726329754914645,-0.0775163560726352,-0.006295931447672265,0.0,1,0.08,3.9,280.845
2021-12-23,50784.5390625,51332.33984375,48065.8359375,48626.34375,28223878108,0.06207663822819318,-0.08277619135066812,59.03179506897241,-1791.613308816166,0.016457638041962073,-0.10714924093968202,0.04433669194360079,0.0,1,0.08,3.9,280.845
2021-12-24,50822.1953125,51814.02734375,50514.49609375,50806.05078125,24367912228,0.05358876248388606,-0.07855792623705794,60.62667746118497,-1484.5725210356977,0.020408559399832958,-0.10932432747053164,0.0007414904357732066,0.0,0,0.08,3.9,280.845
2021-12-25,50429.859375,51176.59765625,50236.70703125,50854.91796875,19030650914,0.04214302234912095,-0.0821112636817267,53.53139720509353,-1258.3927476061508,0.03113626059732018,-0.10308017496353004,-0.007719775485643066,0.0,1,0.08,3.9,280.845
2021-12-26,50809.515625,51196.37890625,49623.10546875,50428.69140625,20964372926,0.04321061663247598,-0.07157868420108726,52.409775379529485,-1036.5597456587202,0.02422856123597526,-0.1101326457009607,0.0075284019171428795,0.0,0,0.08,3.9,280.845
2021-12-27,50640.41796875,51956.328125,50499.46875,50802.609375,24324345758,0.03034960253052487,-0.07035841137009836,66.87481970841235,-864.4355857066475,0.027440987746975978,-0.10707138117576732,-0.003328070621613999,0.0,0,0.08,3.9,280.845
2021-12-28,47588.85546875,50679.859375,47414.2109375,50679.859375,33430376883,-0.03319448041702802,-0.11992271930250785,53.36835303786996,-963.1588440267296,0.08835816506904233,-0.05097515941358555,-0.06025942562091624,0.0,0,0.08,3.9,280.845
2021-12-29,46444.7109375,48119.7421875,46201.49609375,47623.87109375,30049226299,-0.055935603080395725,-0.1345107262217438,40.81722814773421,-1120.8007458413122,0.11614251690368337,-0.0312122326931057,-0.02404227880624954,0.0,1,0.08,3.9,280.845
2021-12-30,47178.125,47879.96484375,46060.3125,46490.60546875,26686491018,-0.041608001103575945,-0.11496672778762212,48.10437033135721,-1173.0307352021264,0.09882461107693737,-0.04644405533738658,0.01579112126431248,0.0,0,0.08,3.9,280.845
2021-12-31,46306.4453125,48472.52734375,45819.953125,47169.37109375,36974172400,-0.05426250501481532,-0.12519984262755143,50.42531236988238,-1270.1194969782373,0.11822075256849186,-0.03380551609611236,-0.018476352917798256,0.0,1,0.08,3.9,280.845
2022-01-01,47686.8125,47827.3125,46288.484375,46311.74609375,24582667004,-0.024193897642059467,-0.09348172732590791,53.22435248283422,-1221.5971330195898,0.08120028672606987,-0.06217861668888722,0.029809396471367267,0.0,0,0.08,4.0,282.543
2022-01-02,47345.21875,47881.40625,46856.9375,47680.92578125,27951569547,-0.024317189729128528,-0.0940772623780449,52.41830916701698,-1196.9093449264183,0.08875672286365262,-0.05388426511151681,-0.007163274962024402,0.0,0,0.08,4.0,282.543
2022-01-03,46458.1171875,47510.7265625,45835.96484375,47343.54296875,33071628362,-0.03390998236758384,-0.10453746125253705,48.482428989842795,-1234.693004882749,0.10971738365360831,-0.036322336468131,-0.0187368774698079,0.0,0,0.08,4.0,282.543
2022-01-04,45897.57421875,47406.546875,45752.46484375,46458.8515625,42494677905,-0.036485440164239165,-0.10927775681555156,37.75892126628485,-1294.9406903342024,0.12275355280337447,-0.03057075515245694,-0.012065555013512697,0.0,0,0.08,4.0,282.543
2022-01-05,43569.00390625,46929.046875,42798.22265625,45899.359375,36851084859,-0.07125165929030365,-0.14898716810050155,32.47334264311077,-1513.141030755316,0.19006757514299571,0.0045309805783749334,-0.050734060615097554,0.0,0,0.08,4.0,282.543
2022-01-06,43160.9296875,43748.71875,42645.5390625,43565.51171875,30208048289,-0.06504369147949202,-0.1512526467591689,19.95218569980453,-1699.4048701222273,0.2083930978288287,-9.146362877181321e-05,-0.009366159015892994,0.0,0,0.08,4.0,282.543
2022-01-07,41557.90234375,43153.5703125,41077.4453125,43153.5703125,84196607520,-0.08785204393345974,-0.17780098050661128,17.496372967237605,-1953.8484654795247,0.2668833876317154,0.013868496293790448,-0.03714070469186992,0.0,1,0.08,4.0,282.543
2022-01-08,41733.94140625,42228.94140625,40672.27734375,41561.46484375,28066355845,-0.07441804729599645,-0.1689298175517365,19.02031407818751,-2116.8897791870404,0.2693657975381051,-0.010150552976878481,0.004235994902819673,0.0,1,0.08,4.0,282.543
2022-01-09,41911.6015625,42663.94921875,41338.16015625,41734.7265625,21294384372,-0.059492577233867784,-0.15943787142757257,17.837799219251238,-2206.3322799785456,0.2688612769386807,-0.03107780968943864,0.004256970472081845,0.0,0,0.08,4.0,282.543
2022-01-10,41821.26171875,42199.484375,39796.5703125,41910.23046875,32104232331,-0.051978109568069655,-0.15552202954020067,17.939940710934863,-2258.471522778411,0.2705343851318511,-0.0449307069788332,-0.0021554853640055605,0.0,1,0.08,4.0,282.543
2022-01-11,42735.85546875,43001.15625,41407.75390625,41819.5078125,26327648900,-0.02024994402901536,-0.1323046588786078,29.112774420895832,-2200.6247440856678,0.239539564222081,-0.07535477683948662,0.021869109453241498,0.0,1,0.08,4.0,282.543
2022-01-12,43949.1015625,44135.3671875,42528.98828125,42742.1796875,33499938689,0.015470885963208936,-0.10270863182912332,39.32245427318429,-2033.4416849920817,0.19111482826576112,-0.10222697237422453,0.028389418684672707,0.0,0,0.08,4.0,282.543
2022-01-13,42591.5703125,44278.421875,42447.04296875,43946.7421875,47691135082,-0.00702456787375401,-0.1255369110423275,31.371170259822918,-1987.5777733376526,0.21290075785046725,-0.07675782243612732,-0.030888714484173407,0.0,1,0.08,4.0,282.543
2022-01-14,43099.69921875,43346.6875,41982.6171875,42598.87109375,23577403399,0.011419320623537245,-0.10992352139377351,36.57907686573143,-1888.4595506216428,0.1813732137919676,-0.0874220342820323,0.011930269358978673,0.0,1,0.08,4.0,282.543
2022-01-15,43177.3984375,43724.671875,42669.03515625,43101.8984375,18371348298,0.014174691410623639,-0.10447498212160548,28.81740334147797,-1783.0836885863537,0.15644918196023383,-0.08394232570749592,0.001802778677309158,0.0,0,0.08,4.0,282.543
2022-01-16,43113.87890625,43436.80859375,42691.0234375,43172.0390625,17902097845,0.01279463890825026,-0.10143094320441834,29.590442078369378,-1685.2712955976021,0.13166656049169906,-0.07356363304292686,-0.0014711291913973579,0.0,0,0.08,4.0,282.543
2022-01-17,42250.55078125,43179.390625,41680.3203125,43118.12109375,21690904261,-0.009098239482955408,-0.11388453153313768,29.65846045650656,-1658.3017635340802,0.14425919245487323,-0.05673682195323123,-0.020024366790964976,0.0,1,0.08,4.0,282.543
2022-01-18,42375.6328125,42534.40234375,41392.21484375,42250.07421875,22417209227,-0.007658124887707945,-0.10547125684421772,32.224697977368066,-1608.2957087004543,0.1340973128829601,-0.06233917542151745,0.0029604828561313745,0.0,0,0.08,4.0,282.543
2022-01-19,41744.328125,42478.3046875,41242.9140625,42374.0390625,23091543258,-0.022058782820285977,-0.11308330818830194,38.88690367715667,-1601.1495073783663,0.14001208513217325,-0.04993934134250429,-0.014897823244158781,0.0,0,0.08,4.0,282.543
2022-01-20,40680.41796875,43413.0234375,40672.82421875,41744.02734375,20382033940,-0.044429022597361395,-0.12956641203433744,36.010169439248834,-1662.1742395205729,0.16284021605064417,-0.03193586413147865,-0.02548634039729203,0.0,0,0.08,4.0,282.543
2022-01-21,36457.31640625,41060.52734375,35791.42578125,40699.60546875,43011992031,-0.1308095180837936,-0.21318652382654227,27.795512270243293,-2027.929077500703,0.297290847535293,0.04964904032372199,-0.10381165615712484,0.0,0,0.08,4.0,282.543
2022-01-22,35030.25,36688.8125,34349.25,36471.58984375,39714385405,-0.14668807848014256,-0.2378770305014653,23.683173406180003,-2405.2188880691683,0.35215634991961997,0.05523820773055398,-0.039143484680769114,0.0,1,0.08,4.0,282.543
2022-01-23,36276.8046875,36433.3125,34784.96875,35047.359375,26017975951,-0.10251753322848466,-0.20629341906378348,29.59206425019184,-2573.966156171875,0.29771120597242384,-0.0011059048491811622,0.03558509252717301,0.0,1,0.08,4.0,282.543
2022-01-24,36654.328125,37247.51953125,33184.05859375,36275.734375,41856658597,-0.0784833916794707,-0.19354668208482745,31.667906144158763,-2646.7267768372767,0.2731959651431038,-0.025462025980905762,0.010406744495611076,0.0,1,0.08,4.0,282.543
2022-01-25,36954.00390625,37444.5703125,35779.4296875,36654.8046875,26428189594,-0.05618228649328317,-0.1820480614049895,28.550258471476553,-2649.6650722806953,0.25911536949740865,-0.0475098949975951,0.008175727030871549,0.0,0,0.08,4.0,282.543
2022-01-26,36852.12109375,38825.41015625,36374.90625,36950.515625,31324598034,-0.043487146021721754,-0.1792718530911577,21.305178036973572,-2629.8989460921293,0.2584245084099499,-0.05782399811452628,-0.002757016878562668,0.0,1,0.08,4.0,282.543
2022-01-27,37138.234375,37148.32421875,35629.28125,36841.87890625,25041426629,-0.023098206938956353,-0.16794607131318712,25.859279569163604,-2561.6184550345206,0.2473970652687407,-0.07565058768730629,0.007763821260712289,0.0,1,0.08,4.0,282.543
2022-01-28,37784.33203125,37952.87890625,36211.109375,37128.4453125,22238830523,0.006047263286335914,-0.14970344740017244,26.753990348543056,-2427.3895569263113,0.2225537992149092,-0.09839639228708326,0.017397102127314046,0.0,1,0.08,4.0,282.543
2022-01-29,38138.1796875,38576.26171875,37406.47265625,37780.71484375,17194183075,0.025313627832635365,-0.13820883747626836,28.481444240645388,-2266.334743301064,0.20630063459018244,-0.11174533024559821,0.00936493083845824,0.0,0,0.08,4.0,282.543
2022-01-30,37917.6015625,38266.33984375,37437.7109375,38151.91796875,14643548444,0.027011804095162285,-0.13873843199700808,28.104465431724464,-2131.920996235116,0.20807840798183241,-0.11163355727451109,-0.005783656346668664,0.0,1,0.08,4.0,282.543
2022-01-31,38483.125,38647.26171875,36733.57421875,37920.28125,20734730465,0.03664118440880997,-0.121256367200352,33.7165432765767,-1957.2027037049847,0.18103269399961155,-0.12644675535767444,0.01491453610450133,0.0,1,0.08,4.0,282.543
2022-02-01,38743.2734375,39115.1328125,38113.6640625,38481.765625,20288500328,0.03331376676557459,-0.11207429499972336,34.481511001811725,-1777.25826635283,0.15679343165590096,-0.1294400947157587,0.00676006528835682,0.0,0,0.08,3.9,284.5
2022-02-02,36952.984375,38834.6171875,36832.73046875,38743.71484375,19155189416,-0.016208852791681796,-0.1493380610078613,31.374485536718225,-1758.837583768065,0.20145272294980252,-0.09113748284952314,-0.046209029430310355,0.0,1,0.08,3.9,284.5
2022-02-03,37154.6015625,37154.6015625,36375.5390625,36944.8046875,18591534769,-0.012156918440910483,-0.1400478232015533,35.30912221822555,-1708.2782695347778,0.17869509241779727,-0.09583232243367905,0.005456046132945147,0.0,1,0.08,3.9,284.5
2022-02-04,41500.875,41527.78515625,37093.62890625,37149.265625,29412210792,0.09021946402148438,-0.036703417330836964,70.80128253666703,-1302.4874412091594,0.04692311739110741,-0.18623261425412543,0.116978066100073,0.0,0,0.08,3.9,284.5
2022-02-05,41441.1640625,41847.1640625,41038.09765625,41501.48046875,19652846215,0.0756831634342565,-0.03595868407186052,79.80202608031831,-974.4802580057949,0.03970589266519178,-0.18037075469002412,-0.001438787435204647,0.0,1,0.08,3.9,284.5
2022-02-06,42412.43359375,42500.78515625,41244.90625,41441.12109375,16142097334,0.08602639647623408,-0.011323474503952404,79.27150029761228,-628.9091945073596,0.016754565016971333,-0.19961760184570213,0.023437312952531153,0.0,1,0.08,3.9,284.5
2022-02-07,43840.28515625,44401.86328125,41748.15625,42406.78125,28641855926,0.10544619281289315,0.023328890065733167,81.1596240393915,-237.09288969226327,-0.007952725003259286,-0.2307524809409382,0.033665872045371525,0.0,1,0.08,3.9,284.5
2022-02-08,44118.4453125,45293.8671875,42807.8359375,43854.65234375,33079398868,0.09593403375500915,0.031151270925177773,81.1244038057329,94.77702414796659,-0.0020315631642338094,-0.24239710639202655,0.0063448528050995545,0.0,1,0.08,3.9,284.5
2022-02-09,44338.796875,44727.80078125,43232.96875,44096.703125,23245887300,0.0841153137009624,0.038533454323919324,82.19291335276185,371.2868872803592,0.008671594515651157,-0.25357400257180135,0.004994545046617338,0.0,0,0.08,3.9,284.5
2022-02-10,43565.11328125,45661.171875,43402.80859375,44347.80078125,32142048537,0.05212467899362956,0.022837848888188527,76.52358842034432,521.9761299791862,0.04009455003292662,-0.23751240579462815,-0.01744935921313273,0.0,0,0.08,3.9,284.5
2022-02-11,42407.9375,43810.83203125,42114.5390625,43571.12890625,26954925781,0.015193302422101906,-0.00039894243838347823,68.30916176599341,541.7787378061403,0.0726804274593802,-0.2035146831338043,-0.026561982607033352,0.0,0,0.08,3.9,284.5
2022-02-12,42244.46875,42992.55078125,41852.57421875,42412.30078125,18152390304,-0.0013697412626302384,-0.00020919774766963874,66.50955101107473,538.0792426528278,0.08121637588916064,-0.19069122947576184,-0.0038546734323026133,0.0,0,0.08,3.9,284.5
2022-02-13,42197.515625,42693.0546875,41950.94140625,42236.56640625,14741589015,-0.014231132990715744,0.002586313037624987,67.45126296750058,525.3032721748532,0.08584660884462987,-0.1800815886142474,-0.001111462077505676,0.0,1,0.08,3.9,284.5
2022-02-14,42586.91796875,42775.77734375,41681.95703125,42157.3984375,20827783012,-0.0076520444682527085,0.015807304713659594,66.97696621351491,540.3706814479447,0.07962254407114168,-0.17805641795645222,0.009228086961576842,0.0,1,0.08,3.9,284.5
2022-02-15,44575.203125,44667.21875,42491.03515625,42586.46484375,22721659051,0.03114808081745301,0.06631831467947306,71.10801326731722,704.6272033832938,0.040325809416152665,-0.2062534306797965,0.04668769779745485,0.0,0,0.08,3.9,284.5
2022-02-16,43961.859375,44578.27734375,43456.69140625,44578.27734375,19792547657,0.013327717258862842,0.05347411591056062,77.73036202882531,776.3605644052004,0.059606282082196094,-0.18442373748298932,-0.013759752216496501,0.0,0,0.08,3.9,284.5
2022-02-17,40538.01171875,44132.97265625,40249.37109375,43937.0703125,26246662813,-0.058425435845413536,-0.025814989262931926,60.666638260162365,550.5870534319911,0.14670252825625385,-0.10634889989568048,-0.07788223029977337,0.0,0,0.08,3.9,284.5
2022-02-18,40030.9765625,40929.15234375,39637.6171875,40552.1328125,23310007704,-0.06129025967217241,-0.034683775683566086,43.88588802108891,326.9772297671516,0.159008965638442,-0.08808374464259217,-0.012507647384577658,0.0,1,0.08,3.9,284.5
2022-02-19,40122.15625,40418.87890625,39713.05859375,40026.0234375,13736557863,-0.049756269539048485,-0.029590716994880487,44.52785032576911,155.33170504663576,0.1531642238675137,-0.08145068147471163,0.0022777282826873524,0.0,0,0.08,3.9,284.5
2022-02-20,38431.37890625,40119.890625,38112.8125,40118.1015625,18340576452,-0.07859726119049304,-0.06630422643703182,34.41432166552276,-115.79539393720916,0.20401672225247336,-0.04129339019339429,-0.04214073972532317,0.0,0,0.08,3.9,284.5
2022-02-21,37075.28125,39394.4375,36950.4765625,38423.2109375,29280402798,-0.09959826499047424,-0.09473335633947583,23.365626631159103,-435.0760350192868,0.2528588480883521,-0.015528804233323973,-0.03528620868790788,0.0,1,0.08,3.9,284.5
2022-02-22,38286.02734375,38359.85546875,36488.93359375,37068.76953125,25493150450,-0.061169025922716454,-0.0614249611371646,28.608167441812483,-583.6828200121454,0.20911835954132002,-0.03905918427309088,0.03265642371222732,0.0,0,0.08,3.9,284.5
2022-02-23,37296.5703125,39122.39453125,37201.81640625,38285.28125,21849073843,-0.07430715813640718,-0.08180927333357582,25.55029169148513,-772.3920264736516,0.24065522579530216,-0.012644952984108181,-0.025843815613622922,0.0,1,0.08,3.9,284.5
2022-02-24,38332.609375,38968.83984375,34459.21875,37278.56640625,46383802093,-0.038439677952602946,-0.05386402112794959,32.15844174179894,-828.7919407785521,0.20858317583524472,-0.049055906909921336,0.027778400368163814,0.0,1,0.08,3.9,284.5
2022-02-25,39214.21875,39630.32421875,38111.34375,38333.74609375,26545599159,-0.0029161814384569486,-0.03021448683954959,38.90163680739754,-793.2071720341992,0.18098694353211958,-0.07568883139964226,0.022998939789759643,0.0,0,0.08,3.9,284.5
2022-02-26,39105.1484375,40005.34765625,38702.53515625,39213.08203125,17467554129,0.006742757841467482,-0.0317371930724423,39.04927259131034,-764.9887351600264,0.18159025562214648,-0.07887755734612438,-0.002781397053842838,0.0,0,0.08,3.9,284.5
2022-02-27,37709.78515625,39778.94140625,37268.9765625,39098.69921875,23450127612,-0.022059671114918432,-0.06442265734964163,35.69169171862005,-845.4734838607837,0.2184223181782859,-0.05416065905362841,-0.03568234201898368,0.0,1,0.08,3.9,284.5
2022-02-28,43193.234375,43760.45703125,37518.21484375,37706.0,35690014104,0.11103308430479139,0.07094030618891325,51.45915389999837,-461.47016144556983,0.060123404738840536,-0.17276020368775005,0.1454118392886461,0.0,1,0.08,3.9,284.5
2022-03-01,44354.63671875,44793.6015625,42952.5859375,43194.50390625,32479047645,0.12861989631093507,0.0983564912432213,49.44718586127298,-62.70645792715368,0.03243608566939592,-0.19445676470106782,0.026888524570001016,0.0,0,0.2,3.7,287.674
2022-03-02,43924.1171875,45077.578125,43432.8515625,44357.6171875,29183112630,0.10225947049526819,0.08705577841822026,49.90453037084348,216.08641222747247,0.04397668020745998,-0.1871651905058493,-0.009706302725009275,0.0,0,0.2,3.7,287.674
2022-03-03,42451.7890625,44021.578125,41914.75,43925.1953125,24967782593,0.05112994076239856,0.05139708997600971,55.37123034193085,314.6006747448773,0.0803065382997498,-0.15899315136762507,-0.03351981142193561,0.0,0,0.2,3.7,287.674
2022-03-04,39137.60546875,42479.61328125,38805.84765625,42458.140625,28516271427,-0.03297012640316164,-0.02902357698687268,47.833960216991336,123.81970285972056,0.16786044358715876,-0.09178799807813882,-0.07806935036049167,0.0,1,0.2,3.7,287.674
2022-03-05,39400.5859375,39566.3359375,38777.03515625,39148.44921875,16975917450,-0.031507186365409424,-0.020701765917473816,48.26495744157256,-6.085120373492828,0.1558002730627479,-0.10068334011739005,0.00671938064683042,0.0,0,0.2,3.7,287.674
2022-03-06,38419.984375,39640.17578125,38211.6484375,39404.19921875,19745229902,-0.0558138163680426,-0.04281087594828298,49.97163259887989,-186.0176835006714,0.17932821823518214,-0.08260383692158363,-0.024887994408395286,0.0,0,0.2,3.7,287.674
2022-03-07,38062.0390625,39430.2265625,37260.203125,38429.3046875,28546143503,-0.06195436146684427,-0.049335640499311904,52.58507168940744,-353.4246717513015,0.1729464049766194,-0.07361585068624527,-0.009316643885282638,0.0,1,0.2,3.7,287.674
2022-03-08,38737.26953125,39304.44140625,37957.38671875,38059.90234375,25776583476,-0.044446841392764856,-0.03076960451470134,51.21627443804242,-426.6918226257112,0.13612964871656377,-0.08687982964798074,0.017740259990833174,0.0,1,0.2,3.7,287.674
2022-03-09,41982.92578125,42465.671875,38706.09375,38742.81640625,32284121034,0.024813177775028308,0.05064518635306802,61.2618238134226,-220.31952689910395,0.05255796537359923,-0.1582918439806855,0.08378639716414904,0.0,0,0.2,3.7,287.674
2022-03-10,39437.4609375,42004.7265625,38832.94140625,41974.0703125,31078064711,-0.02841479577145225,-0.011915579807797692,52.475491200007845,-259.17809155034774,0.11975242560890567,-0.10472710367415732,-0.060630954045771346,0.0,0,0.2,3.7,287.674
2022-03-11,38794.97265625,40081.6796875,38347.43359375,39439.96875,26364890465,-0.030970556140115336,-0.027093599895538535,49.050477640879244,-337.9218658748214,0.1369793418300224,-0.09200395892512143,-0.016291319622939393,0.0,1,0.2,3.7,287.674
2022-03-12,38904.01171875,39308.59765625,38772.53515625,38794.46484375,14616450657,-0.01590708750995384,-0.02555491309577797,49.54445829100773,-387.06647193104436,0.13381614636430142,-0.09335749347192117,0.002810649293818468,0.0,0,0.2,3.7,287.674
2022-03-13,37849.6640625,39209.3515625,37728.14453125,38884.7265625,17300745310,-0.03130035535064796,-0.05330070075969255,50.32177319684713,-505.2665720812802,0.16421090504449623,-0.06486689253778029,-0.027101257933814904,0.0,1,0.2,3.7,287.674
2022-03-14,39666.75390625,39742.5,37680.734375,37846.31640625,24322159070,0.013832058004031948,-0.00953111313822121,40.24177779315071,-447.16242857128236,0.11128014627534798,-0.10462393060985582,0.0480080837903738,0.0,0,0.2,3.7,287.674
2022-03-15,39338.78515625,39794.62890625,38310.2109375,39664.25,23934000868,0.005608432439837864,-0.019035495784765554,35.44935880351085,-422.7061203674748,0.11915724045353969,-0.09058011361396333,-0.008268101563720931,0.0,1,0.2,3.7,287.674
2022-03-16,41143.9296875,41465.453125,39022.34765625,39335.5703125,39616916192,0.04448005096240729,0.02383872391152652,42.53058174582519,-254.727897824705,0.07265649684956267,-0.12624806175044503,0.04588714481344902,0.0,0,0.2,3.7,287.674
2022-03-17,40951.37890625,41287.53515625,40662.87109375,41140.84375,22009601093,0.03202219678677159,0.01697245744221437,45.671233994424185,-135.57832256668917,0.07981653161875572,-0.12001420124469252,-0.00467993171076464,0.0,1,0.2,3.7,287.674
2022-03-18,41801.15625,42195.74609375,40302.3984375,40944.83984375,34421564942,0.045365934677416446,0.03567696174852007,58.95836032087077,27.106042422543396,0.06194033872439795,-0.13552930568628685,0.020750884742987363,0.0,1,0.2,3.7,287.674
2022-03-19,42190.65234375,42316.5546875,41602.66796875,41794.6484375,19664853187,0.05455865116560442,0.04304978334480953,59.30468711936484,185.32731543492991,0.055117321041661414,-0.1358700277607055,0.009317830622209256,0.0,0,0.2,3.7,287.674
2022-03-20,41247.82421875,42241.1640625,41004.7578125,42191.40625,20127946682,0.026348344654329246,0.018175410982101355,59.45447901481708,231.96649867329688,0.07238143519603799,-0.11398106313095827,-0.022346848712323064,0.0,0,0.2,3.7,287.674
2022-03-21,41077.99609375,41454.41015625,40668.04296875,41246.1328125,24615543271,0.016348995237381043,0.01240371737019126,60.21187573885766,252.31613370423293,0.06163485393709564,-0.10311452955798704,-0.004117262624553253,0.0,1,0.2,3.7,287.674
2022-03-22,42358.80859375,43124.70703125,40948.28125,41074.10546875,32004652376,0.039156235252209876,0.0419798881932174,61.77928412103804,367.55725934152724,0.020577122725636603,-0.12497235855274798,0.031180014163224357,0.0,1,0.2,3.7,287.674
2022-03-23,42892.95703125,42893.5078125,41877.5078125,42364.37890625,25242943069,0.03940029220137583,0.052969656594861934,53.59384082250713,496.2673355890802,0.010126503621602754,-0.13709928114909042,0.012610091153007819,0.0,1,0.2,3.7,287.674
2022-03-24,43960.93359375,44131.85546875,42726.1640625,42886.65234375,31042992291,0.05430898387126337,0.07548671430807563,70.22387551410682,676.6478067449789,-0.00024318315937200258,-0.16126062539792388,0.024898646221148013,0.0,1,0.2,3.7,287.674
2022-03-25,44348.73046875,44999.4921875,43706.28515625,43964.546875,30574413034,0.050981621569541724,0.08116826561609031,75.40880714453705,841.1958148386839,0.005039382791877595,-0.1714621286515524,0.008821397620525806,0.0,1,0.2,3.7,287.674
2022-03-26,44500.828125,44735.99609375,44166.2734375,44349.859375,16950455995,0.04626280082205039,0.08329168652585231,75.50531419678958,972.6620636746229,0.013090896369333756,-0.17211599175906153,0.003429583093865096,0.0,1,0.2,3.7,287.674
2022-03-27,46820.4921875,46827.546875,44437.29296875,44505.35546875,28160889722,0.08581751032458027,0.13678245501737987,86.65398545288788,1249.622644658055,-0.01643539582914714,-0.21509209872577106,0.052126312256127294,0.0,1,0.2,3.7,287.674
2022-03-28,47128.00390625,48086.8359375,46690.203125,46821.8515625,36362175703,0.07961201589570095,0.14163455084203164,84.77594668542669,1476.9046882956973,-0.0038130265974758016,-0.2214496701023117,0.0065678873583499,0.0,1,0.2,3.7,287.674
2022-03-29,47465.73046875,48022.2890625,47100.4375,47100.4375,31397059069,0.07436584112715149,0.1477996111069501,87.8442456318549,1665.084993130935,0.007284143472911374,-0.23362331070269002,0.0071661546110000085,0.0,0,0.2,3.7,287.674
2022-03-30,47062.6640625,47655.1484375,46746.2109375,47456.8984375,29333883962,0.05140441195085546,0.13643460754135453,81.70088943490589,1761.390931826565,0.02964111710021893,-0.22458759886049154,-0.008491735032190584,0.0,0,0.2,3.7,287.674
2022-03-31,45538.67578125,47512.02734375,45390.5390625,47062.1484375,33327427106,0.007319389309723925,0.0989976164822504,71.5028491071821,1695.1997567239741,0.06899300874711566,-0.188723190020743,-0.03238210822970233,0.0,1,0.2,3.7,287.674
2022-04-01,46281.64453125,46616.2421875,44403.140625,45554.1640625,38162644287,0.014946875633720652,0.11546531784183642,71.21461364232428,1683.2902205983191,0.057470026863071025,-0.19144383414239785,0.016315115388267687,0.0,0,0.33,3.7,288.561
2022-04-02,45868.94921875,47028.28125,45782.51171875,46285.5,29336594194,-0.0006256530801374202,0.10367737681855442,67.37814825805862,1621.8550295243913,0.0655876292117513,-0.16528925879487666,-0.008917040798352427,0.0,1,0.33,3.7,288.561
2022-04-03,46453.56640625,47313.4765625,45634.10546875,45859.12890625,25414397610,0.006644816903061656,0.11548469757419517,75.45620486756057,1601.8754955830009,0.05538988938565121,-0.16439685055394834,0.012745379989237415,0.0,1,0.33,3.7,288.561
2022-04-04,46622.67578125,46791.08984375,45235.81640625,46445.2734375,32499785455,0.005355393201620838,0.11717127073626965,77.11552347949674,1581.4572297248378,0.05188127978910417,-0.152124170583342,0.003640395949819908,0.0,0,0.33,3.7,288.561
2022-04-05,45555.9921875,47106.140625,45544.80859375,46624.5078125,29640604055,-0.019876300703592212,0.09006038370877284,65.96986700476435,1462.3461395399572,0.07676700260060598,-0.12284257375128639,-0.02287907280900814,0.0,0,0.33,3.7,288.561
2022-04-06,43206.73828125,45544.35546875,43193.953125,45544.35546875,39393395788,-0.06313579258199092,0.03452511209872502,51.3267530820153,1164.9557015513492,0.13173827458331608,-0.06635436681791672,-0.05156849392240015,0.0,1,0.33,3.7,288.561
2022-04-07,43503.84765625,43860.69921875,42899.90625,43207.5,26101973106,-0.04922192492925546,0.04186749367114458,47.932540324774955,942.3826794628185,0.12201801853656827,-0.06682575599872714,0.006876459247305178,0.0,0,0.33,3.7,288.561
2022-04-08,42287.6640625,43903.01953125,42183.2890625,43505.13671875,27215995394,-0.06522308598162238,0.011893274208845008,41.327431446449914,660.2452081887532,0.15411113599567447,-0.03958260272254401,-0.02795577079433975,0.0,1,0.33,3.7,288.561
2022-04-09,42782.13671875,42786.81640625,42183.25390625,42282.078125,16050772496,-0.04525873213615168,0.022379309069809127,42.9706164947551,471.1182820972317,0.13738739709545933,-0.043712083389854,0.011693070951357853,0.0,0,0.33,3.7,288.561
2022-04-10,42207.671875,43376.37890625,42021.20703125,42781.08984375,17654475582,-0.05102440075647439,0.007646739250461359,27.991957782083333,271.746790847792,0.14947103638334436,-0.02462341722643012,-0.013427680050824398,0.0,0,0.33,3.7,288.561
2022-04-11,39521.90234375,42424.58984375,39373.05859375,42201.0390625,33949912166,-0.09769642080578846,-0.05696313246819168,20.42293956027264,-101.80219528323505,0.23860584802393986,0.023460883763527188,-0.06363225953812457,0.0,1,0.33,3.7,288.561
2022-04-12,40127.18359375,40617.5859375,39388.328125,39533.71484375,30991500854,-0.07170885674849685,-0.04391292353846494,22.045045339967928,-345.02409672169597,0.2266421491138731,-0.005589108678671062,0.015315083892861292,0.0,1,0.33,3.7,288.561
2022-04-13,41166.73046875,41430.0546875,39712.74609375,40123.5703125,27691105228,-0.035868534986852794,-0.020488855434041643,28.57916118973327,-448.7238517322112,0.19804083829771243,-0.03986160470657008,0.025906300465151855,0.0,0,0.33,3.7,288.561
2022-04-14,39935.515625,41451.48046875,39695.74609375,41160.21875,24342001973,-0.0498226424053813,-0.05097587363515404,29.20036460035631,-623.0730051395076,0.23936101255366252,-0.025695808922652674,-0.029908006531745968,0.0,1,0.33,3.7,288.561
2022-04-15,40553.46484375,40617.72265625,39866.83203125,39939.40234375,21756855753,-0.023497170497276402,-0.03730712779726278,28.537062439222595,-703.2757032632944,0.22157494348251716,-0.05137505207758462,0.015473675726454417,0.0,0,0.33,3.7,288.561
2022-04-16,40424.484375,40633.6796875,40078.42578125,40552.31640625,16833150693,-0.020037685773871338,-0.0409200701017337,29.156970058229007,-768.3870773259405,0.2188921998334696,-0.05759006896986481,-0.0031805042860567623,0.0,0,0.33,3.7,288.561
2022-04-17,39716.953125,40570.7265625,39620.89453125,40417.77734375,19087633042,-0.028268915119148228,-0.05797987946329484,24.450687098535724,-867.084953559337,0.2318164158736392,-0.050671783051933976,-0.017502542356175654,0.0,1,0.33,3.7,288.561
2022-04-18,40826.21484375,40986.3203125,38696.19140625,39721.203125,33705182072,0.002455151700947235,-0.03309943378107107,29.479670146705956,-846.0429251403766,0.18398538221024455,-0.07836604161920473,0.027929174608607443,0.0,1,0.33,3.7,288.561
2022-04-19,41502.75,41672.9609375,40618.6328125,40828.17578125,25303206547,0.022278351009940526,-0.01628914822967877,35.24328813723231,-765.9468741695164,0.15016954165647398,-0.09227033806454346,0.016571096753378534,0.0,0,0.33,3.7,288.561
2022-04-20,41374.37890625,42126.30078125,40961.09765625,41501.74609375,27819532341,0.021212439556949198,-0.017944410973305982,42.04198905825239,-704.7052477060861,0.14504358133333684,-0.09082431010371787,-0.003093074404708074,0.0,0,0.33,3.7,288.561
2022-04-21,40527.36328125,42893.58203125,40063.828125,41371.515625,35372786395,-0.0021701226507850058,-0.03649538993494769,37.66232083989093,-716.2612854033214,0.15524641274904505,-0.07229278525681726,-0.020471984048854197,0.0,0,0.33,3.7,288.561
2022-04-22,39740.3203125,40777.7578125,39315.41796875,40525.86328125,28011716745,-0.020615152088121355,-0.05398703149626181,39.05162919386466,-779.9366938082458,0.1650110978974508,-0.056227001298456016,-0.019420038833716236,0.0,0,0.33,3.7,288.561
2022-04-23,39486.73046875,39935.859375,39352.203125,39738.72265625,16138021249,-0.02281895795620032,-0.060179918063287874,35.537018077184456,-841.1660560906384,0.1526252783378591,-0.04794173304480539,-0.0063811726165236005,0.0,0,0.33,3.7,288.561
2022-04-24,39469.29296875,39845.92578125,39233.5390625,39478.375,17964398167,-0.02212224426438648,-0.06062566940075572,37.3638872415863,-880.9428663564322,0.12641489859548805,-0.038925425222249545,-0.0004416040475622163,0.0,1,0.33,3.7,288.561
2022-04-25,40458.30859375,40491.75390625,38338.37890625,39472.60546875,35445730570,0.0026176429190827824,-0.0380203268014378,55.123260010788506,-823.171965666028,0.07487538182606451,-0.05101506535638064,0.025057850055308917,0.0,0,0.33,3.7,288.561
2022-04-26,38117.4609375,40713.890625,37884.984375,40448.421875,34569088416,-0.04996055875003505,-0.09370269023593894,40.75933488778593,-955.2632728525787,0.13586261044396472,-0.0010657090075124926,-0.057858267871623625,0.0,1,0.33,3.7,288.561
2022-04-27,39241.12109375,39397.91796875,37997.3125,38120.30078125,30981015184,-0.020793153951397598,-0.0672095509759766,41.21404566394949,-958.2307144761871,0.09055450233513182,-0.0277499088995347,0.029478882606909007,0.0,1,0.33,3.7,288.561
2022-04-28,39773.828125,40269.46484375,38941.421875,39241.4296875,33903704907,-0.004886951987332335,-0.05355271655597541,49.2120450203423,-907.1404771929592,0.0691173946995128,-0.040261107686028204,0.013575224570606004,0.0,0,0.33,3.7,288.561
2022-04-29,38609.82421875,39887.26953125,38235.53515625,39768.6171875,30882994649,-0.026966793580524572,-0.08088901599162719,41.00666007310753,-949.6297427580284,0.09099458799107707,-0.011778957658973632,-0.02926557389929385,0.0,0,0.33,3.7,288.561
2022-04-30,37714.875,38771.2109375,37697.94140625,38605.859375,23895713731,-0.0406735783420182,-0.10173145486677675,38.29235787989836,-1043.4890224855626,0.11174821063449623,0.004893308461086156,-0.023179313474195662,0.0,1,0.33,3.7,288.561
2022-05-01,38469.09375,38627.859375,37585.7890625,37713.265625,27002760110,-0.01633912240754166,-0.08357810270760603,44.62993246314521,-1044.968284124101,0.09107605021093552,-0.018669822727996853,0.019997911964443782,0.0,1,0.77,3.6,291.298
2022-05-02,38529.328125,39074.97265625,38156.5625,38472.1875,32922642426,-0.011738742750548222,-0.08244030898343337,39.134496872488064,-1029.4137579534508,0.08930159731489276,-0.024282356695835037,0.001565786170879102,0.0,0,0.77,3.6,291.298
2022-05-03,37750.453125,38629.99609375,37585.62109375,38528.109375,27326943244,-0.027385042347795156,-0.10016759531192267,32.41984697059763,-1067.6284310909396,0.1092871049801964,-0.010711601540461043,-0.020215120218891713,0.0,1,0.77,3.6,291.298
2022-05-04,39698.37109375,39902.94921875,37732.05859375,37748.01171875,36754404490,0.022198444064676172,-0.05389855693594435,43.29141529813361,-930.0125287076007,0.0544402583910432,-0.05943493357007642,0.051599856624237495,0.0,0,0.77,3.6,291.298
2022-05-05,36575.140625,39789.28125,35856.515625,39695.74609375,43106256317,-0.048710243417462766,-0.12642979606339796,36.618720240685256,-1060.741958493214,0.147886935863411,0.006599087985608879,-0.07867402068901796,0.0,0,0.77,3.6,291.298
2022-05-06,36040.921875,36624.359375,35482.1328125,36573.18359375,37795577489,-0.05751456121572994,-0.1371653055373822,37.256554145845755,-1193.692814211361,0.16863361655781636,0.0056246701379923675,-0.014606061408683924,0.0,0,0.77,3.6,291.298
2022-05-07,35501.953125,36129.92578125,34940.82421875,36042.50390625,24375896406,-0.06244129619850558,-0.14749719904264844,36.53817375245884,-1327.247911264487,0.19209453310755362,0.0032994152887712504,-0.014954355270636377,0.0,0,0.77,3.6,291.298
2022-05-08,34059.265625,35502.94140625,33878.96484375,35502.94140625,36763041910,-0.08675864704354752,-0.17893383651288094,33.32866284023278,-1531.8459455794437,0.24835763240553058,0.020160983811697404,-0.040636848764922684,0.0,0,0.77,3.6,291.298
2022-05-09,30296.953125,34222.07421875,30296.953125,34060.015625,63355494961,-0.1691186939916498,-0.2657551405660257,23.257946983171863,-1974.8141098366978,0.42707939931033767,0.08616007144914999,-0.11046369999353145,0.0,1,0.77,3.6,291.298
2022-05-10,31022.90625,32596.30859375,29944.802734375,30273.654296875,59811038817,-0.13330373652776878,-0.24447953709893605,29.59451163610086,-2241.453144683983,0.39767568099316186,0.023385407436456004,0.02396125848050934,0.0,0,0.77,3.6,291.298
2022-05-11,28936.35546875,32013.40234375,28170.4140625,31016.18359375,70388855818,-0.16947795521421077,-0.290657150616831,21.9167652446736,-2591.263241206114,0.5123499111834318,0.04323282177293405,-0.06725839173272163,0.0,1,0.77,3.6,291.298
2022-05-12,29047.751953125,30032.439453125,26350.490234375,28936.734375,66989173272,-0.14295737291910154,-0.2830597994503639,20.081544019224523,-2826.9145859817872,0.5132127135048088,-0.004240808474238345,0.003849706798608521,0.0,1,0.77,3.6,291.298
2022-05-13,29283.103515625,30924.802734375,28782.330078125,29030.91015625,42841124537,-0.11387574125613181,-0.27197616258979956,22.563409268368076,-2960.5516735013953,0.5006345606906284,-0.046672301497990655,0.008102229834508146,0.0,1,0.77,3.6,291.298
2022-05-14,30101.265625,30192.802734375,28702.91015625,29285.642578125,28579868620,-0.06187313278224753,-0.24629591526013384,27.50125821301431,-2966.2481216819833,0.45162782680665525,-0.0954867592331884,0.027939733537411415,0.0,1,0.77,3.6,291.298
2022-05-15,31305.11328125,31308.19140625,29527.740234375,30098.5859375,25835372065,-0.00806239729937207,-0.21093860831021538,29.37794674411832,-2840.874322217409,0.3762876627220632,-0.13999137576115475,0.03999325713567892,0.0,0,0.77,3.6,291.298
2022-05-16,29862.91796875,31305.341796875,29251.884765625,31304.375,32613897286,-0.03486681669147009,-0.24079986660477878,26.891628598872558,-2825.3192698196144,0.43468476429941144,-0.1180305656283225,-0.046069001557128786,0.0,1,0.77,3.6,291.298
2022-05-17,30425.857421875,30694.490234375,29570.302734375,29862.408203125,29101473475,-0.0002724440087388692,-0.2198631768836469,30.241957705213593,-2736.0280413974688,0.39021108698570167,-0.14539257677398643,0.018850785235190015,0.0,0,0.77,3.6,291.298
2022-05-18,28720.271484375,30618.716796875,28720.271484375,30424.478515625,31285268319,-0.03946382188829715,-0.2564477130946998,19.994371262433376,-2770.948856976731,0.44979191762066034,-0.1101492613114427,-0.05605711989808215,0.0,1,0.77,3.6,291.298
2022-05-19,30314.333984375,30430.751953125,28708.955078125,28720.359375,33773447707,0.013789929059704007,-0.20831270297421273,31.326891434481922,-2639.5690246587546,0.3520787142159611,-0.16282978410934837,0.05550304428240649,0.0,0,0.77,3.6,291.298
2022-05-20,29200.740234375,30664.9765625,28793.60546875,30311.119140625,30749382605,-0.017464160734540532,-0.23083146467872376,30.28039532306967,-2595.389238373631,0.38519776174653375,-0.1416173168747315,-0.036734890846488066,0.0,1,0.77,3.6,291.298
2022-05-21,29432.2265625,29588.869140625,29027.39453125,29199.859375,17274840442,-0.011324786994890966,-0.21779065411728513,32.185718399870865,-2512.732214529173,0.34673655896462613,-0.1515060041279714,0.007927413013061102,0.0,1,0.77,3.6,291.298
2022-05-22,30323.72265625,30425.861328125,29275.18359375,29432.47265625,21631532270,0.014274610203925016,-0.1873832085015373,38.66982706510182,-2348.220815553839,0.2748067545777243,-0.1711744524648337,0.030289794482822652,0.0,0,0.77,3.6,291.298
2022-05-23,29098.91015625,30590.5859375,28975.560546875,30309.396484375,31483454557,-0.026093172131352888,-0.2128845090810142,45.70514904875813,-2290.2756076323785,0.29683242342794963,-0.1343868931574727,-0.04039123144227663,0.0,1,0.77,3.6,291.298
2022-05-24,29655.5859375,29774.35546875,28786.58984375,29101.125,26616506245,-0.005979158770863064,-0.1903951948699698,45.0380867813863,-2174.3697487038007,0.21161095443867006,-0.12362220864220218,0.019130468401079792,0.0,0,0.77,3.6,291.298
2022-05-25,29562.361328125,30157.78515625,29384.94921875,29653.134765625,27525063551,-0.003281606659110988,-0.1858304314609128,52.655981695217626,-2066.217893610712,0.17880106983305366,-0.1079498587841646,-0.003143576713387941,0.0,0,0.77,3.6,291.298
2022-05-26,29267.224609375,29834.16015625,28261.90625,29564.77734375,36774325352,-0.011246535131108727,-0.1877219715427203,50.91687081464017,-1981.4805614168617,0.15092273462313316,-0.0823329438488836,-0.009983529917456657,0.0,0,0.77,3.6,291.298
2022-05-27,28627.57421875,29346.943359375,28326.61328125,29251.140625,36582005748,-0.0269446956694322,-0.19885932986695515,47.350940637032046,-1943.536180614934,0.13068748747433842,-0.0398905626890538,-0.02185551924250806,0.0,1,0.77,3.6,291.298
2022-05-28,28814.900390625,28814.900390625,28554.56640625,28622.625,35519577634,-0.020892377607191932,-0.18749013739420478,44.52239142862988,-1876.7157183485833,0.08256665975688522,-0.023562227574615263,0.006543557286537771,0.0,1,0.77,3.6,291.298
2022-05-29,29445.95703125,29498.009765625,28841.107421875,29019.8671875,18093886409,0.0035114677630129444,-0.16340387910919735,41.67733934500648,-1752.6357299322262,0.057006949635132795,-0.04501909184746176,0.02190035821988534,0.0,1,0.77,3.6,291.298
2022-05-30,31726.390625,31949.630859375,29303.572265625,29443.365234375,39277993274,0.07200102475511518,-0.09321336472969752,57.75963226048866,-1453.534076487129,-0.012745714424869194,-0.11766700265953753,0.07744470968730455,0.0,1,0.77,3.6,291.298
2022-05-31,31792.310546875,32249.86328125,31286.154296875,31723.865234375,33538210634,0.0657297557174789,-0.08729653255305098,55.93570115228064,-1197.372114048816,-0.0035213772213928346,-0.12178468176262722,0.0020777630413166825,0.0,0,0.77,3.6,291.298
2022-06-01,29799.080078125,31957.28515625,29501.587890625,31792.5546875,41135817341,0.0006733122697219189,-0.1394155011623095,54.57195689853542,-1142.0342935310618,0.06326512350756751,-0.060653478813470794,-0.06269536357891181,0.0,1,1.21,3.6,294.957
2022-06-02,30467.48828125,30604.734375,29652.705078125,29794.890625,29083562061,0.01843839599155291,-0.11464082913923684,50.704322762429044,-1032.3435029213542,0.04191655912240815,-0.07935165419108861,0.02243049790035867,0.0,0,1.21,3.6,294.957
2022-06-03,29704.390625,30633.03515625,29375.689453125,30467.806640625,26175547452,-0.007231670994405115,-0.1316524658517041,52.39333083483735,-995.5127135927105,0.06799140583321805,-0.056344828175559115,-0.02504629358369581,0.0,1,1.21,3.6,294.957
2022-06-04,29832.9140625,29930.564453125,29500.005859375,29706.138671875,16588370958,-0.0038369728642760653,-0.12239462725596259,51.92287071911195,-945.05922592961,0.05667935023273025,-0.058633980094410294,0.004326748833952898,0.0,1,1.21,3.6,294.957
2022-06-05,29906.662109375,30117.744140625,29574.44921875,29835.1171875,17264085441,-0.0035021159604286737,-0.11474709496283231,47.82809112669928,-888.8771993667324,0.05416108555181199,-0.06089650736646692,0.00247203631266113,0.0,1,1.21,3.6,294.957
2022-06-06,31370.671875,31693.291015625,29894.1875,29910.283203125,31947336829,0.035811680996769964,-0.0668006184656108,61.54298686899923,-717.9431835839423,0.010277688552303868,-0.1070232119636509,0.048952630028413324,0.0,0,1.21,3.6,294.957
2022-06-07,31155.478515625,31489.68359375,29311.68359375,31371.7421875,40770974039,0.020817213083616986,-0.06783879631016826,57.89503660660183,-593.0052547745363,0.021376464473959838,-0.09715975399247546,-0.006859698773187373,0.0,0,1.21,3.6,294.957
2022-06-08,30214.35546875,31253.69140625,29944.404296875,31151.48046875,30242059107,-0.012505117246709005,-0.08984889669588503,53.150686793299066,-563.4368612440921,0.05291484123492203,-0.06909312465902391,-0.03020730515832104,0.0,0,1.21,3.6,294.957
2022-06-09,30111.998046875,30609.310546875,30020.265625,30215.279296875,21692004719,-0.010630235823938837,-0.08673557389741837,54.15977416709112,-542.0150724881096,0.05683316569998808,-0.06324176671509175,-0.003387708269364409,0.0,0,1.21,3.6,294.957
2022-06-10,29083.8046875,30245.80859375,28978.146484375,30110.330078125,29867476527,-0.035832620492983386,-0.11175388398288531,52.163743080079335,-601.0759325013678,0.09463213957611959,-0.031759734481682136,-0.03414563715680452,0.0,0,1.21,3.6,294.957
2022-06-11,28360.810546875,29401.916015625,28236.212890625,29084.666015625,27246574439,-0.05529645111969354,-0.12777209565545825,47.95054163513798,-698.1735641570413,0.12372044663248073,-0.015181030411469775,-0.024858994495164377,0.0,0,1.21,3.6,294.957
2022-06-12,26762.6484375,28502.685546875,26762.6484375,28373.513671875,34163220274,-0.0973925338946247,-0.17043044491078874,38.86168241817006,-893.7795285763568,0.20253305912890524,0.023190634895444828,-0.056351073137826724,0.0,0,1.21,3.6,294.957
2022-06-13,22487.388671875,26795.58984375,22141.2578125,26737.578125,68204556440,-0.2226609051990325,-0.29553540390577476,17.098088596753215,-1377.8929061789422,0.4887001135973974,0.12829743442061953,-0.15974726027617203,0.0,0,1.21,3.6,294.957
2022-06-14,22206.79296875,23018.951171875,20950.818359375,22487.986328125,50913575242,-0.21157619931173682,-0.29627835643985956,16.378157889003873,-1763.8652335393272,0.5416588688856004,0.07528290480801339,-0.012477914053041661,0.0,1,1.21,3.6,294.957
2022-06-15,22572.83984375,22642.671875,20178.376953125,22196.73046875,54912007015,-0.17715510319310376,-0.27756104090733014,21.387375144790198,-2016.9638563027147,0.5352064653085594,0.009641506889776897,0.01648355417709846,0.0,0,1.21,3.6,294.957
2022-06-16,20381.650390625,22868.921875,20265.2265625,22576.3046875,31183975654,-0.2260263091742687,-0.3397187679113315,14.362241380428827,-2367.0708948275606,0.7328338678349542,0.04514790671045157,-0.09707194434960298,0.0,1,1.21,3.6,294.957
2022-06-17,20471.482421875,21243.3125,20326.51953125,20385.71875,27132421514,-0.1897416649827834,-0.32840945211751416,15.746265293265935,-2607.230026280613,0.7448540772801213,-0.019818812426641533,0.004407495444594733,0.0,0,1.21,3.6,294.957
2022-06-18,19017.642578125,20736.041015625,17708.623046875,20473.42578125,42009436760,-0.21237992838626993,-0.3679797970756628,13.468202456212993,-2881.652694854598,0.8982445239863645,-0.019723705581004287,-0.07101780974085614,0.0,1,1.21,3.6,294.957
2022-06-19,20553.271484375,20683.822265625,18067.15234375,19010.90234375,35329942625,-0.11369472542798209,-0.30906435137255195,21.245862747325518,-2941.316551559521,0.7415431488594784,-0.1324515400209752,0.0807475952890373,0.0,1,1.21,3.6,294.957
2022-06-20,20599.537109375,20913.322265625,19689.169921875,20553.37109375,30818458597,-0.07796596602820252,-0.29908804395635463,13.725447118930859,-2950.8517563675377,0.7147344928165772,-0.16583785783264865,0.002251010260589048,0.0,1,1.21,3.6,294.957
2022-06-21,20710.59765625,21620.62890625,20415.0625,20594.294921875,28970212744,-0.040126624257502526,-0.2866592662697107,14.575729132235097,-2915.8348873767536,0.6913819356254154,-0.20003700031621663,0.0053914098304885805,0.0,0,1.21,3.6,294.957
2022-06-22,19987.029296875,20835.75,19848.078125,20719.4140625,28574793478,-0.04362896105422353,-0.303053060715762,14.794043726082606,-2912.8916837885154,0.7300798394850456,-0.2009797952082839,-0.034937106663198714,0.0,1,1.21,3.6,294.957
2022-06-23,21085.876953125,21135.76171875,19950.1171875,19986.607421875,26188097173,0.01576232245030956,-0.25506679990990283,20.9237825594564,-2789.73304533575,0.6163651890618781,-0.25993745200557483,0.05497803800296652,0.0,1,1.21,3.6,294.957
2022-06-24,21231.65625,21472.91796875,20777.51171875,21084.6484375,24957784918,0.027612094179852213,-0.24169565800119586,23.180850047577096,-2649.8202873062546,0.5765878272037654,-0.2768511059458563,0.006913598955313738,0.0,1,1.21,3.6,294.957
2022-06-25,21502.337890625,21520.9140625,20964.5859375,21233.609375,18372538715,0.04613334123422745,-0.22396888153559052,25.827906746222965,-2488.4118099705374,0.523337640748472,-0.29163672741210434,0.012748964915301864,0.0,0,1.21,3.6,294.957
2022-06-26,21027.294921875,21783.724609375,21016.26953125,21496.494140625,18027170497,0.01981806842940185,-0.2331009057612217,28.048407263541463,-2371.4893729842006,0.5029370969556717,-0.27000843977413436,-0.02209261947079333,0.0,0,1.21,3.6,294.957
2022-06-27,20735.478515625,21478.08984375,20620.19921875,21028.23828125,20965695707,0.004379071617517686,-0.23632188469273266,40.35312514787936,-2276.13675677856,0.46164904012542873,-0.24754776537224796,-0.013877981325425726,0.0,0,1.21,3.6,294.957
2022-06-28,20280.634765625,21164.423828125,20228.8125,20731.544921875,21381535161,-0.023625629107791417,-0.24752184083748158,39.59333301676242,-2211.7752425800863,0.43236131200949784,-0.2175846118303224,-0.02193553187871977,0.0,0,1.21,3.6,294.957
2022-06-29,20104.0234375,20364.15625,19937.791015625,20281.169921875,23552740328,-0.030030388315305915,-0.2479814495963659,36.38271219774528,-2150.2327919037307,0.3701455082286996,-0.1856932258614029,-0.008708372798288844,0.0,0,1.21,3.6,294.957
2022-06-30,19784.7265625,20141.16015625,18729.65625,20108.3125,26267239923,-0.04166822450206917,-0.25482327142451583,45.85072803176866,-2102.9826705259184,0.31582809707706044,-0.1431232110874338,-0.01588223750298734,0.0,0,1.21,3.6,294.957
2022-07-01,19269.3671875,20632.671875,19073.708984375,19820.470703125,30767551159,-0.060069501335472966,-0.26884829470152033,42.11069936640309,-2083.1090193549717,0.26279260274495564,-0.07915951687639551,-0.02604834458398897,0.0,0,1.68,3.5,294.913
2022-07-02,19242.255859375,19371.748046875,19027.08203125,19274.8359375,18100418740,-0.057969656442218756,-0.26427093203446245,51.81376290903585,-2045.9620878394999,0.178277654790255,-0.030650641690930867,-0.0014069651515379311,0.0,1,1.68,3.5,294.913
2022-07-03,19297.076171875,19558.26953125,18966.951171875,19242.095703125,16390821947,-0.046939606427202546,-0.2560281934905739,36.66772246097362,-1989.1694289559891,0.16116146642534973,-0.03616818447272232,0.002848954556089245,0.0,1,1.68,3.5,294.913
2022-07-04,20231.26171875,20258.748046875,19063.06640625,19297.314453125,21594638208,0.004160131108431331,-0.21329450345279924,46.711254504742556,-1847.4832345933391,0.09399986526022365,-0.07689363289203874,0.04841073013105235,0.0,0,1.68,3.5,294.913
2022-07-05,20190.115234375,20635.466796875,19341.232421875,20225.353515625,26715546990,0.00868754275340554,-0.20894366132902792,45.293254277342406,-1718.7039330958978,0.07384088525255199,-0.06442532869587905,-0.0020338071321012174,0.0,1,1.68,3.5,294.913
2022-07-06,20548.24609375,20595.529296875,19823.51171875,20194.619140625,24598943708,0.02904238218527241,-0.18863183079080342,55.43427814725843,-1569.6532558688887,0.0557449399079685,-0.08054029101666828,0.017737930428710857,0.0,1,1.68,3.5,294.913
2022-07-07,21637.587890625,21771.81640625,20296.103515625,20547.814453125,25814972520,0.07872254040619082,-0.14081234730284337,55.35208534961466,-1348.0888126398204,0.01096927045435285,-0.1298168072702145,0.053013857820514154,0.0,1,1.68,3.5,294.913
2022-07-08,21731.1171875,22314.94140625,21257.453125,21637.154296875,49899834488,0.07560737376360796,-0.1311761680491225,54.894835045950096,-1151.6745748875328,0.012075918625589209,-0.12653322584956922,0.004322538045727464,0.0,0,1.68,3.5,294.913
2022-07-09,21592.20703125,21877.138671875,21445.95703125,21716.828125,29641127858,0.06091719774856047,-0.13144570437900732,50.90408945599016,-995.7454315643736,0.02465822202015001,-0.12217355641904429,-0.006392223420980114,0.0,0,1.68,3.5,294.913
2022-07-10,20860.44921875,21591.080078125,20727.123046875,21591.080078125,28688807249,0.01957387481449811,-0.15505413114572822,48.40395896647164,-920.605040139515,0.06153240087325669,-0.09106026226616255,-0.03388990349346599,0.0,0,1.68,3.5,294.913
2022-07-11,19970.556640625,20856.353515625,19924.5390625,20856.353515625,24150249025,-0.02725417850194649,-0.18425728543845862,43.43407654588569,-922.2317192993614,0.10792405571507438,-0.05335288771139695,-0.04265931997884009,0.0,0,1.68,3.5,294.913
2022-07-12,19323.9140625,20043.4453125,19308.53125,19970.474609375,25810220018,-0.05912572286987038,-0.20431683148671553,42.04950449089113,-964.5804431718971,0.1469845344259681,-0.027092144774382567,-0.03237979740682695,0.0,1,1.68,3.5,294.913
2022-07-13,20212.07421875,20223.052734375,18999.953125,19325.97265625,33042430345,-0.0202464233265942,-0.16122275354797985,50.80295928859101,-915.9168902296151,0.09339566013736335,-0.07097887878509705,0.04596171114078618,0.0,1,1.68,3.5,294.913
2022-07-14,20569.919921875,20789.89453125,19689.2578125,20211.466796875,31158743333,-0.004534483008935763,-0.13995361030944375,55.80177791555147,-838.8062796668019,0.07078994511057624,-0.08677325432488996,0.017704551212910147,0.0,1,1.68,3.5,294.913
2022-07-15,20836.328125,21138.244140625,20397.0,20573.15625,25905575359,0.0052145327212443785,-0.12262933079145583,62.02047491936248,-747.5810012880575,0.05218958828893925,-0.09673643780432134,0.012951348577769028,0.0,1,1.68,3.5,294.913
2022-07-16,21190.31640625,21514.404296875,20518.8984375,20834.103515625,24302954056,0.019135281893085974,-0.10209984659054493,64.23030620196735,-639.3503818170939,0.03575791208172599,-0.11220165914263475,0.01698899533192111,0.0,0,1.68,3.5,294.913
2022-07-17,20779.34375,21600.640625,20778.1796875,21195.041015625,22927802083,0.0035119727131381665,-0.11347697150510924,60.29222101041345,-580.0524117122986,0.05645512149072576,-0.09464378428535819,-0.01939436147960416,0.0,1,1.68,3.5,294.913
2022-07-18,22485.689453125,22633.033203125,20781.912109375,20781.912109375,39974475562,0.08197493128305428,-0.03494654143542152,64.137760572513,-390.86485868332966,-0.007323189499036247,-0.1699327179691947,0.08211740099467768,0.0,1,1.68,3.5,294.913
2022-07-19,23389.43359375,23666.962890625,21683.40625,22467.849609375,48765202697,0.11581213257607917,0.011076326171188635,68.10456019556737,-166.09314228675066,-0.021569720746703547,-0.21206862422577757,0.0401919693193753,0.0,0,1.68,3.5,294.913
2022-07-20,23231.732421875,24196.818359375,23009.94921875,23393.19140625,42932549127,0.09589170208558023,0.011747295236824655,65.5379946318264,-0.6772968004079303,0.002675518163777224,-0.2094859934977658,-0.006742410894342465,0.0,0,1.68,3.5,294.913
2022-07-21,23164.62890625,23388.322265625,22431.1484375,23233.201171875,33631012204,0.07650641112421094,0.014688438361735836,60.02916474360142,123.57674382194455,0.018077443341191688,-0.20287783186457511,-0.0028884421706671937,0.0,0,1.68,3.5,294.913
2022-07-22,22714.978515625,23671.927734375,22603.416015625,23163.751953125,31421555646,0.03923303948679674,0.001796160760533873,56.172958569831664,183.64894683720922,0.04419693233943577,-0.17777660413673987,-0.01941107679491816,0.0,0,1.68,3.5,294.913
2022-07-23,22465.478515625,22977.2109375,22002.91015625,22706.984375,24021799169,0.017329949794124718,-0.002840508268503779,55.404099726045146,208.7180637655547,0.058083115260313185,-0.15683102926900286,-0.010983941711781742,0.0,1,1.68,3.5,294.913
2022-07-24,22609.1640625,22974.001953125,22306.83984375,22465.509765625,23565495303,0.014468474554691925,0.010014089967610572,61.67110738010074,237.44265126622122,0.0566587419438931,-0.15697204825324707,0.006395837363315726,0.0,0,1.68,3.5,294.913
2022-07-25,21361.701171875,22649.12109375,21361.642578125,22607.15625,35574561406,-0.043759107987350276,-0.038371948547753866,58.86168394713242,157.7290615799502,0.11756826267894296,-0.10146072647517737,-0.05517510011323534,0.0,0,1.68,3.5,294.913
2022-07-26,21239.75390625,21361.12109375,20776.81640625,21361.12109375,28624673855,-0.04942835261420328,-0.03506021172374116,63.07826989412696,83.7499252621601,0.12367047164390299,-0.09273180397381146,-0.005708686992848544,0.0,1,1.68,3.5,294.913
2022-07-27,22930.548828125,22986.529296875,21070.806640625,21244.169921875,31758955233,0.016456082885399587,0.049597985814517034,66.72464811596738,159.712875758054,0.04710542339194945,-0.1602803884550165,0.0796052030234431,0.0,1,1.68,3.5,294.913
2022-07-28,23843.88671875,24110.470703125,22722.265625,22933.640625,40212386158,0.0506168513277847,0.09780641550937484,68.85351589344131,290.2667812305299,0.01972476386161744,-0.1963135448892491,0.0398306162434614,0.0,0,1.68,3.5,294.913
2022-07-29,23804.6328125,24294.787109375,23481.173828125,23845.212890625,35887249746,0.046971836178150275,0.1024018611306902,67.5525326791724,386.11335531887016,0.03271940905499637,-0.19700728237797413,-0.0016462880701044735,0.0,0,1.68,3.5,294.913
2022-07-30,23656.20703125,24572.580078125,23580.5078125,23796.818359375,28148218301,0.03850499183813512,0.10106334240009857,64.94492611439213,444.96643958672576,0.04815460084940211,-0.18910640905116727,-0.006235163651508224,0.0,0,1.68,3.5,294.913
2022-07-31,23336.896484375,24121.642578125,23275.703125,23652.0703125,23553591896,0.02371310657831754,0.09130493731239603,65.67461433731279,460.5334968597017,0.06508060153156046,-0.16617073918994774,-0.013497960448739299,0.0,0,1.68,3.5,294.913
2022-08-01,23314.19921875,23464.787109375,22890.796875,23336.71875,25849159141,0.02003620044246653,0.09377117589760003,56.39813900620904,465.6710561905529,0.06138629557482476,-0.14351251459203782,-0.0009725914343493569,0.0,0,2.33,3.6,295.097
2022-08-02,22978.1171875,23415.041015625,22710.083984375,23308.43359375,28389250717,0.0030822399739168518,0.07750796355845722,46.51837082886958,437.57945424246645,0.0737038372149261,-0.11574116620898613,-0.014415336683737068,0.0,0,2.33,3.6,295.097
2022-08-03,22846.5078125,23578.650390625,22747.8359375,22981.302734375,26288169966,-0.003695277088289786,0.07069405925204263,46.72476030396536,400.0849503886384,0.07635761772720744,-0.09715121720032173,-0.0057275961266136655,0.0,0,2.33,3.6,295.097
2022-08-04,22630.95703125,23198.009765625,22485.701171875,22848.21484375,25120229769,-0.01852764806781059,0.06053457257860552,45.57435262516496,348.95460783491944,0.08244646879410211,-0.07645894824314227,-0.009434736504108754,0.0,1,2.33,3.6,295.097
2022-08-05,23289.314453125,23422.828125,22612.177734375,22626.833984375,28881249043,0.0011257169160936032,0.08842044751640442,54.603514739513024,357.4370727320311,0.050754346072524735,-0.09246067112150748,0.029091011085651708,0.0,0,2.33,3.6,295.097
2022-08-06,22961.279296875,23326.5625,22961.279296875,23291.423828125,15978259885,-0.0131057289274662,0.07059830677799729,53.924616443532216,333.841474956469,0.057499896882410244,-0.061726484186529144,-0.014085221654344782,0.0,1,2.33,3.6,295.097
2022-08-07,23175.890625,23359.009765625,22894.556640625,22963.505859375,15886817043,-0.0010133697472597114,0.07643078434764973,54.43623203118407,328.670426236793,0.04874014493696915,-0.0684697164137934,0.009346662498644243,0.0,1,2.33,3.6,295.097
2022-08-08,23809.486328125,24203.689453125,23176.546875,23179.52734375,28575544847,0.02627602537169033,0.102523978188107,71.1980495844508,371.41674983976554,0.023442736662136587,-0.09410518188465777,0.02733856978257987,0.0,0,2.33,3.6,295.097
2022-08-09,23164.318359375,23898.615234375,22982.0,23811.484375,23555719219,0.0005883917825873968,0.07010695431242535,65.28201038655052,349.20839903195156,0.0517005296968622,-0.06891847610908998,-0.02709709734425869,0.0,1,2.33,3.6,295.097
2022-08-10,23947.642578125,24127.4140625,22771.51953125,23162.8984375,32837431722,0.03170250472910895,0.10299484447400382,59.43612848233933,390.3165131536698,0.021686231891650067,-0.10049102682473698,0.033815983988709775,0.0,1,2.33,3.6,295.097
2022-08-11,23957.529296875,24822.62890625,23900.99609375,23948.345703125,37127036580,0.02927573236950506,0.09942903658460946,51.26666187736336,418.86435775725477,0.02606557249964784,-0.10047672733052322,0.00041284726535173455,0.0,1,2.33,3.6,295.097
2022-08-12,24402.818359375,24412.56640625,23657.265625,23957.203125,27265804688,0.04202834587238911,0.11646478956038113,56.113986844600596,471.9791542955936,0.014740665483600384,-0.11634989463017602,0.018586602023192844,0.0,1,2.33,3.6,295.097
2022-08-13,24424.068359375,24860.05078125,24346.115234375,24402.1875,22987346289,0.035957160158942576,0.11418231363447319,58.0576997254834,509.9097880017471,0.020521202636693894,-0.11635131162482626,0.0008708010561344626,0.0,0,2.33,3.6,295.097
2022-08-14,24319.333984375,24974.9140625,24206.259765625,24429.056640625,22994133555,0.02418032234370448,0.10656051830038665,60.79556234327368,525.4617042900245,0.023077837937617137,-0.09854573943285076,-0.004288162539464846,0.0,0,2.33,3.6,295.097
2022-08-15,24136.97265625,25135.58984375,23839.775390625,24318.31640625,35123501685,0.012884579205142702,0.09516365892232996,58.7345932689349,517.1107441037493,0.021460885452673332,-0.07038518872509388,-0.007498615226969818,0.0,0,2.33,3.6,295.097
2022-08-16,23883.291015625,24228.416015625,23733.5,24126.13671875,27753685646,-0.0016237739805115164,0.08056675053574734,59.78047126166558,484.4382570235757,0.033049926625742,-0.05726129138004648,-0.010510085263709001,0.0,0,2.33,3.6,295.097
2022-08-17,23335.998046875,24407.05859375,23243.353515625,23881.31640625,30931623076,-0.025154322900246096,0.05289427866276758,54.85303167553998,409.6607923508054,0.05615355537795504,-0.036203690835420674,-0.02291530796119967,0.0,0,2.33,3.6,295.097
2022-08-18,23212.73828125,23563.83203125,23177.6015625,23341.0390625,23747613147,-0.02788004348713301,0.04440313874931487,55.875572128194584,336.5732727157156,0.06071186732840854,-0.032585927587280954,-0.005281958173694035,0.0,0,2.33,3.6,295.097
2022-08-19,20877.552734375,23213.3125,20868.84765625,23213.3125,40509610260,-0.11722054469487501,-0.061585921370469955,31.805373419344193,89.19277042793328,0.19776631292568986,0.04389925996879245,-0.10059931398792521,0.0,1,2.33,3.6,295.097
2022-08-20,21166.060546875,21350.806640625,20856.73046875,20872.841796875,27595671000,-0.09436976300182506,-0.050237347435506355,36.375392365315086,-82.62543601323705,0.1898224870869192,0.011031446691757768,0.013819043648011897,0.0,1,2.33,3.6,295.097
2022-08-21,21534.12109375,21668.845703125,21103.197265625,21160.392578125,23102307723,-0.06896770433512302,-0.03570511989961732,37.82358711567466,-186.93828420346472,0.17262203878554389,-0.017651348193668943,0.01738918520335342,0.0,0,2.33,3.6,295.097
2022-08-22,21398.908203125,21531.462890625,20939.18359375,21531.462890625,31666498758,-0.06263972454533998,-0.043560330961421555,30.694416375777948,-277.32073734591177,0.18346813949400304,-0.022260732683583376,-0.006279006699941081,0.0,1,2.33,3.6,295.097
2022-08-23,21528.087890625,21646.203125,20955.138671875,21401.044921875,31878280659,-0.044864670398844675,-0.038900707410896816,35.71533314690656,-334.66791801482395,0.17846630209627504,-0.036351445061302154,0.006036741981122917,0.0,0,2.33,3.6,295.097
2022-08-24,21395.01953125,21783.076171875,21195.005859375,21526.455078125,31962253368,-0.038291016996769206,-0.04586789510319755,24.860766428061154,-386.39930569115677,0.18811483546790397,-0.03845364460590963,-0.006181150878381003,0.0,1,2.33,3.6,295.097
2022-08-25,21600.904296875,21789.63671875,21362.44140625,21395.458984375,31028679593,-0.017840180197894958,-0.037589853993024204,27.65371736746971,-406.1023283427967,0.1762845518887295,-0.054928819801775296,0.009623023027591993,0.0,0,2.33,3.6,295.097
2022-08-26,20260.01953125,21804.908203125,20199.482421875,21596.0859375,42326789564,-0.06337780142734999,-0.096222436085975,16.420073425460814,-523.8763891784947,0.2606303760553496,-0.012208250814462829,-0.06207539958496022,0.0,0,2.33,3.6,295.097
2022-08-27,20041.73828125,20340.775390625,19890.5234375,20262.48046875,30116729776,-0.05914024216128914,-0.10461017060097795,15.578004930680521,-627.5921617514396,0.2789585162825456,-0.02168620274156629,-0.010773990107132536,0.0,0,2.33,3.6,295.097
2022-08-28,19616.814453125,20139.0546875,19616.814453125,20041.03515625,24366810591,-0.06327538425558694,-0.12204452969232105,14.831957493773231,-735.5959680137021,0.3075180996656769,-0.022723396779550552,-0.021201944769558057,0.0,1,2.33,3.6,295.097
2022-08-29,20297.994140625,20357.462890625,19600.78515625,19615.154296875,32637854078,-0.028058493960911812,-0.09110057004879765,23.28329595867031,-757.4923543386831,0.26205898912182213,-0.06806085218306783,0.03472427641744291,0.0,0,2.33,3.6,295.097
2022-08-30,19796.80859375,20542.64453125,19617.640625,20298.611328125,34483360283,-0.04580089181201321,-0.11340459874518623,22.507916059937372,-805.9958646934247,0.2873162623463949,-0.05874099877506864,-0.024691382971281484,0.0,1,2.33,3.6,295.097
2022-08-31,20049.763671875,20420.990234375,19799.58203125,19799.58203125,33225232872,-0.02664462785719089,-0.10265946230272947,26.979962993954373,-814.6332997398058,0.26082597641150174,-0.07985755788957989,0.012777568511970205,0.0,1,2.33,3.6,295.097
2022-09-01,20127.140625,20198.390625,19653.96875,20050.498046875,30182031010,-0.01681799911742461,-0.09912791621531625,28.24557992380157,-805.9444300853793,0.23857032921120308,-0.08722978856995135,0.0038592451457939436,0.0,0,2.56,3.5,296.349
2022-09-02,19969.771484375,20401.568359375,19814.765625,20126.072265625,29123998928,-0.0170226830506683,-0.10569115248431944,40.763448706758815,-802.506022855152,0.2274652424124313,-0.0814765444555681,-0.007818752974256604,0.0,0,2.56,3.5,296.349
2022-09-03,19832.087890625,20037.009765625,19698.35546875,19969.71875,23613051457,-0.01623153266755961,-0.11105748600603269,35.99723140485702,-801.6500528986508,0.21245097067072874,-0.07419001041544479,-0.006894600364241943,0.0,1,2.56,3.5,296.349
2022-09-04,19986.712890625,19999.689453125,19636.81640625,19832.470703125,25245861652,-0.000558672356486998,-0.10315897541069452,32.994806188272776,-779.5090501931445,0.17702183966620086,-0.0760683937391851,0.007796708085036963,0.0,0,2.56,3.5,296.349
2022-09-05,19812.37109375,20031.16015625,19673.046875,19988.7890625,28813460025,-0.007053995392481262,-0.11020985901925569,32.71346652553248,-767.1864244601347,0.15958658428118386,-0.06069286119505194,-0.008722884940063236,0.0,0,2.56,3.5,296.349
2022-09-06,18837.66796875,20155.26953125,18800.171875,19817.724609375,43403978910,-0.050171920422039384,-0.15120332699701988,25.246680527377904,-826.5431758150662,0.19784960722899683,-0.01423386516631216,-0.04919669232863699,0.0,1,2.56,3.5,296.349
2022-09-07,19290.32421875,19427.171875,18644.466796875,18837.68359375,35239757134,-0.02574436286798276,-0.1275846286932639,31.711185801850192,-827.5191271522344,0.14117110722098178,-0.029128486679554977,0.024029314602578067,0.0,1,2.56,3.5,296.349
2022-09-08,19329.833984375,19417.3515625,19076.71484375,19289.94140625,32194477850,-0.018951913573974338,-0.12270152031071886,29.677862483353096,-815.7015678121024,0.13714965970641324,-0.03743089999690882,0.0020481649337233954,0.0,1,2.56,3.5,296.349
2022-09-09,21381.15234375,21439.41015625,19310.962890625,19328.140625,48469528171,0.07650256807787333,-0.02802744047902563,58.90055051243056,-633.5091200847892,0.029767936835197257,-0.13049124838203816,0.10612188190716765,0.0,1,2.56,3.5,296.349
2022-09-10,21680.5390625,21760.275390625,21168.72265625,21376.912109375,36913738894,0.08268657868210275,-0.013489713896859205,62.84484706496134,-459.66357099547895,0.016956525810771412,-0.14323161987014002,0.014002365912589188,0.0,1,2.56,3.5,296.349
2022-09-11,21769.255859375,21770.552734375,21406.9453125,21678.54296875,34493951963,0.0782746246198093,-0.00882491178167787,67.809354819943,-311.14433852812,0.01622678313489388,-0.14843667382165035,0.004092001431295067,0.0,1,2.56,3.5,296.349
2022-09-12,22370.44921875,22439.181640625,21603.896484375,21770.1484375,50212088965,0.09503186726324654,0.018769456586751145,67.37755836999318,-143.27886745935393,-0.002419923928443324,-0.1762202761122422,0.027616624254801714,0.0,0,2.56,3.5,296.349
2022-09-13,20296.70703125,22673.8203125,20062.669921875,22371.48046875,51091116622,-0.008732110278091697,-0.0747730584363286,53.31692160314509,-175.55425559682408,0.09381614628970976,-0.09177682032916004,-0.09270006906083372,0.0,0,2.56,3.5,296.349
2022-09-14,20241.08984375,20467.201171875,19793.396484375,20184.5546875,37872380889,-0.01267499103127981,-0.07646751103857617,51.30362434156052,-203.27732102536174,0.08854486635723172,-0.08772255237223947,-0.0027402074343571003,0.0,0,2.56,3.5,296.349
2022-09-15,19701.2109375,20318.166015625,19636.734375,20242.2890625,36389011503,-0.03848799023646403,-0.09844358565852124,47.2699412615987,-265.74838394202015,0.11780543121980594,-0.064990328245885,-0.026672422800232853,0.0,1,2.56,3.5,296.349
2022-09-16,19772.583984375,19870.62890625,19400.076171875,19704.005859375,30123362273,-0.039387760324795046,-0.09179331188538103,48.722009139356196,-305.9709009044527,0.11357808403566073,-0.06953427258311179,0.003622774615297697,0.0,1,2.56,3.5,296.349
2022-09-17,20127.576171875,20162.53125,19777.033203125,19777.033203125,24957448100,-0.02610260956351434,-0.07235405899904447,51.86262130615196,-305.67895592169225,0.09417193626590514,-0.08364151988578136,0.017953757980268437,0.0,0,2.56,3.5,296.349
2022-09-18,19419.505859375,20127.234375,19387.4921875,20127.234375,31254779144,-0.06077097816691135,-0.10147887437325116,46.65778662866065,-358.4509446853772,0.13366462784504685,-0.05435037722296278,-0.035179114785287124,0.0,1,2.56,3.5,296.349
2022-09-19,19544.12890625,19639.48046875,18390.318359375,19418.572265625,40177002624,-0.04626984595970667,-0.09252768843730624,48.41009279668081,-385.77016924028067,0.12655089846309656,-0.06178825295154687,0.006417415961943007,0.0,0,2.56,3.5,296.349
2022-09-20,18890.7890625,19602.45703125,18813.455078125,19545.591796875,36791346508,-0.06542913243125231,-0.11924562024602452,50.32732534825404,-454.8961569913845,0.16709074355500989,-0.037053204592362346,-0.033428956945789956,0.0,0,2.56,3.5,296.349
2022-09-21,18547.400390625,19674.630859375,18290.314453125,18891.283203125,46363793975,-0.06755487469700572,-0.13166807495947194,45.35971348523912,-531.2635211397828,0.19112736403076078,-0.030171382265711713,-0.018177571658806957,0.0,1,2.56,3.5,296.349
2022-09-22,19413.55078125,19456.91015625,18415.591796875,18534.650390625,41135767926,-0.009282944547706071,-0.08818665171052771,50.473951414423695,-515.9465984011767,0.13753032825700787,-0.07585216329933989,0.04669928789927913,0.0,0,2.56,3.5,296.349
2022-09-23,19297.638671875,19464.671875,18617.552734375,19412.400390625,38896078052,-0.01015148661298401,-0.09078388037380246,34.89416018186613,-507.3129770786145,0.144193088446713,-0.07290086934323825,-0.005970680514919002,0.0,0,2.56,3.5,296.349
2022-09-24,18937.01171875,19310.197265625,18861.974609375,19296.990234375,26149643168,-0.022108176726835224,-0.10410069487763948,30.284024047358116,-523.5353614532032,0.16594825903355148,-0.06075450919470447,-0.01868762076318642,0.0,0,2.56,3.5,296.349
2022-09-25,18802.09765625,19134.732421875,18696.46875,18936.310546875,23359966112,-0.02454604719591877,-0.10696899485974275,28.81757924035341,-541.0413671717142,0.17475002451008703,-0.0598236958528581,-0.007124358610731463,0.0,1,2.56,3.5,296.349
2022-09-26,19222.671875,19274.873046875,18721.28515625,18803.900390625,44148798321,0.00012667718983610631,-0.08355174478765266,26.93328715206613,-515.0411050033508,0.14838884223677837,-0.0777322749996861,0.022368473265013344,0.0,0,2.56,3.5,296.349
2022-09-27,19110.546875,20338.455078125,18915.66796875,19221.83984375,58571439619,-0.00041777808970240604,-0.08479680229203708,37.80068714716615,-497.7455593728264,0.15528952986872355,-0.07342477300589845,-0.005832956039052206,0.0,1,2.56,3.5,296.349
2022-09-28,19426.720703125,19688.34375,18553.296875,19104.62109375,53071298734,0.016081433527792913,-0.0663127758315772,42.050503005296015,-453.30076030335476,0.1364876955945327,-0.08800698166163522,0.016544467837213528,0.0,1,2.56,3.5,296.349
2022-09-29,19573.05078125,19589.265625,18924.353515625,19427.779296875,41037843771,0.023580140326687073,-0.055307394347384124,48.644838581766514,-401.64046123549633,0.11765442556434574,-0.09372606703726548,0.007532412719634118,0.0,0,2.56,3.5,296.349
2022-09-30,19431.7890625,20109.849609375,19265.662109375,19573.431640625,43975248085,0.013325923450487604,-0.058010120823287166,46.44893018341167,-367.8575097722387,0.11004588901829712,-0.08297687275990294,-0.0072171538473359,0.0,0,2.56,3.5,296.349
2022-10-01,19312.095703125,19471.154296875,19231.08203125,19431.10546875,18719537670,0.0030841527007251152,-0.05916886783069522,41.06456652470734,-346.74546524521793,0.09660103477438968,-0.06969198641546859,-0.0061596674907298254,0.0,0,3.08,3.6,298.007
2022-10-02,19044.107421875,19370.30859375,18970.62109375,19311.849609375,20765955327,-0.008933578918799673,-0.06733554140127003,45.44762078001808,-347.6311568950405,0.06801050121461165,-0.030045345695193116,-0.013876706359042923,0.0,1,3.08,3.6,298.007
2022-10-03,19623.580078125,19653.54296875,19025.2265625,19044.068359375,30484729489,0.01949323217756701,-0.03451586100026083,50.867759057404484,-298.1377272686077,0.030111815431125545,-0.055756754112497024,0.030427924155919772,0.0,1,3.08,3.6,298.007
2022-10-04,20336.84375,20380.34375,19523.83984375,19623.583984375,35887278685,0.048920786981115814,0.004332399672484109,65.58962550198098,-199.06471624626283,-0.004718912801063449,-0.0897007269691198,0.036347275524413414,0.0,0,3.08,3.6,298.007
2022-10-05,20160.716796875,20343.748046875,19801.80078125,20335.900390625,33223790572,0.03260077703799018,-0.0006913722297247995,68.0435692460399,-133.22488089404214,0.00803019706502157,-0.08352319585492138,-0.008660486125090072,0.0,0,3.08,3.6,298.007
2022-10-06,19955.443359375,20408.392578125,19900.087890625,20161.0390625,34711412966,0.01826529398605808,-0.007540167126516393,57.1119433400749,-96.49782107797728,0.019808740383934122,-0.07458878894328808,-0.01018185214187517,0.0,0,3.08,3.6,298.007
2022-10-07,19546.849609375,20041.0859375,19395.79296875,19957.55859375,29227315390,-0.004799630494589943,-0.024303331151499376,53.03736649213164,-99.21774206450573,0.03660403624176889,-0.053693506881568806,-0.02047530303595302,0.0,0,3.08,3.6,298.007
2022-10-08,19416.568359375,19601.6953125,19299.4140625,19546.328125,16437423167,-0.01138161626896735,-0.0293907672072358,56.19250633417083,-110.61085403897232,0.04355049374960127,-0.04735016427502556,-0.006665076603316944,0.0,1,3.08,3.6,298.007
2022-10-09,19446.42578125,19542.5390625,19349.259765625,19417.478515625,16837262532,-0.009222608377064779,-0.026224072284479403,58.552235896287264,-115.89477017664103,0.04155534765266697,-0.04892234251133818,0.0015377290838616275,0.0,0,3.08,3.6,298.007
2022-10-10,19141.484375,19515.466796875,19102.978515625,19446.416015625,27425022774,-0.023314499131272197,-0.03919164838248762,48.88826365011543,-143.03966257593493,0.057644783698973176,-0.031957610470015954,-0.01568110303046133,0.0,0,3.08,3.6,298.007
2022-10-11,19051.41796875,19241.9609375,18925.603515625,19139.0,28711532910,-0.02661540119588386,-0.04145358122484597,49.18540060509715,-169.8617313352006,0.0598820036132825,-0.021972741609941542,-0.00470529894576166,0.0,1,3.08,3.6,298.007
2022-10-12,19157.4453125,19203.19921875,19029.7578125,19052.646484375,24950173846,-0.02176466732115653,-0.0338141086151426,46.06227854261835,-180.4824047211223,0.05378074683748902,-0.028487188482851353,0.005565325579645286,0.0,1,3.08,3.6,298.007
2022-10-13,19382.904296875,19453.328125,18319.822265625,19156.966796875,44219840004,-0.00903421205307265,-0.020455255141958246,47.28230678570491,-168.7613334953203,0.041670838936431684,-0.03949528495124794,0.011768739552548313,0.0,0,3.08,3.6,298.007
2022-10-14,19185.65625,19889.146484375,19115.408203125,19382.533203125,38452356727,-0.0133114802608929,-0.028050798661630395,46.53752779154609,-173.38983888399162,0.05179979862159571,-0.02774385309914338,-0.010176392755898878,0.0,0,3.08,3.6,298.007
2022-10-15,19067.634765625,19212.541015625,19019.25,19185.4375,16192235532,-0.01383737832113583,-0.03286136250775213,46.55942850294292,-184.45502745620252,0.057084449903675595,-0.019107753257721054,-0.0061515479500473536,0.0,1,3.08,3.6,298.007
2022-10-16,19268.09375,19389.603515625,19068.9140625,19068.9140625,17988916650,8.54180864576231e-05,-0.021926186275667916,53.21349251583334,-175.03125305459253,0.04607783947662472,-0.029067853732705446,0.010513049302600663,0.0,1,3.08,3.6,298.007
2022-10-17,19550.7578125,19635.802734375,19173.333984375,19268.5625,27472552998,0.014736145730477343,-0.0075112274906449636,48.857970559929825,-143.10459572507534,0.03133659980661821,-0.04123683145524749,0.014670058500208416,0.0,0,3.08,3.6,298.007
2022-10-18,19334.416015625,19666.994140625,19144.76953125,19550.466796875,30580012344,0.003935503609061908,-0.017532595434707334,31.37693880231673,-133.71804633471038,0.042738596787262426,-0.030848085402578645,-0.011065647631146036,0.0,0,3.08,3.6,298.007
2022-10-19,19139.53515625,19348.416015625,19127.6875,19335.02734375,22425387184,-0.004597447205743394,-0.026785268440023213,31.159811441366585,-140.38611127719196,0.052770557028004775,-0.022659781332817153,-0.010079479991405349,0.0,0,3.08,3.6,298.007
2022-10-20,19053.740234375,19315.19921875,18971.458984375,19138.0859375,24493974420,-0.008607031760501047,-0.030165434246146615,32.59688210095551,-150.8545763101647,0.05752104015166426,-0.020253228047434065,-0.004482602172654282,0.0,1,3.08,3.6,298.007
2022-10-21,19172.46875,19237.384765625,18770.970703125,19053.203125,32459287866,-0.0030573383320565643,-0.023172823334629278,41.86401470294865,-147.86600406323123,0.05094389545653222,-0.027020451357816375,0.006231244583192241,0.0,1,3.08,3.6,298.007
2022-10-22,19208.189453125,19248.068359375,19132.244140625,19172.380859375,16104440957,-0.0014633862692680865,-0.020592809205730665,45.27744825510367,-140.98993263400553,0.04873752381497326,-0.027723659794367552,0.0018631248583989013,0.0,1,3.08,3.6,298.007
2022-10-23,19567.0078125,19646.65234375,19124.197265625,19207.734375,22128794335,0.016217183422272425,-0.002027229004318008,52.37818256898263,-105.37228751698422,0.029206220687841383,-0.04554268189466386,0.018680488353712166,0.0,0,3.08,3.6,298.007
2022-10-24,19345.572265625,19589.125,19206.32421875,19567.76953125,30202235805,0.00388312321392105,-0.012675358490333431,54.162228650319896,-93.93027542368145,0.030910036092340654,-0.029664878755082617,-0.011316781236911488,0.0,1,3.08,3.6,298.007
2022-10-25,20095.857421875,20348.412109375,19261.447265625,19344.96484375,47761524910,0.037282430823728376,0.025319662599815204,66.78146094389894,-24.043498209000973,-0.008650474722359667,-0.06514423518316263,0.03878330120960949,0.0,1,3.08,3.6,298.007
2022-10-26,20770.44140625,20938.134765625,20076.1171875,20092.236328125,58895950537,0.06385247035596546,0.05765194919258696,71.91307937970245,84.79806671798724,-0.027062399043121545,-0.10536791762722178,0.03356831063305088,0.0,0,3.08,3.6,298.007
2022-10-27,20285.8359375,20854.044921875,20255.373046875,20772.802734375,49625110402,0.03513388404211995,0.03192912640622012,61.45972200256907,130.44845122809784,0.002491191995016418,-0.08666453184459603,-0.0233314959115013,0.0,1,3.08,3.6,298.007
2022-10-28,20595.3515625,20724.98046875,20086.068359375,20287.95703125,43994715910,0.04420898843505676,0.04632684278850525,67.39567617073583,189.4185350895459,-0.0029755655268360087,-0.10426608487592084,0.015257721000682789,0.0,1,3.08,3.6,298.007
2022-10-29,20818.4765625,20988.39453125,20566.484375,20595.103515625,40369840645,0.04661247354345684,0.058267528688146816,71.05916612908607,251.26069725917478,-0.0028531298649989577,-0.11808388521888259,0.01083375534148523,0.0,0,3.08,3.6,298.007
2022-10-30,20635.603515625,20917.005859375,20547.462890625,20817.982421875,31486345556,0.029233827170163193,0.050087082228214064,66.51831992597762,282.2610006640534,0.01319815735816046,-0.1102423947478585,-0.008784170461560437,0.0,0,3.08,3.6,298.007
2022-10-31,20495.7734375,20795.3203125,20287.458984375,20633.6953125,45668466815,0.0155567060345722,0.04432505443965293,61.82292491354824,292.1778019352387,0.02482446847953514,-0.10183891772383437,-0.006776156462742766,0.0,0,3.08,3.6,298.007
2022-11-01,20485.2734375,20647.2890625,20359.845703125,20494.8984375,39819303159,0.008653779474313016,0.045799145761158164,65.18002284581343,295.78010718262885,0.02944307482045624,-0.09899000544706865,-0.0005123007449325812,0.0,0,3.78,3.6,298.786
2022-11-02,20159.50390625,20742.810546875,20087.134765625,20482.958984375,55552169483,-0.010273818689011007,0.029312392903595427,63.0045441596293,269.2443996022921,0.04787413998730898,-0.08237344465382317,-0.015902620594443806,0.0,1,3.78,3.6,298.786
2022-11-03,20209.98828125,20382.095703125,20086.240234375,20162.689453125,43228750179,-0.011988254291641342,0.03192281906296859,64.87604364920018,249.41324665926368,0.046646536096720745,-0.08098719995086001,0.0025042468919260763,0.0,1,3.78,3.6,298.786
2022-11-04,21147.23046875,21209.560546875,20188.01953125,20208.76953125,64072727950,0.02854439143853785,0.07818631087636957,70.98671898481102,305.7994609157613,0.00819121957684368,-0.11981572862252059,0.0463751969796804,0.0,1,3.78,3.6,298.786
2022-11-05,21282.69140625,21446.88671875,21097.634765625,21144.83203125,37846047609,0.03256027861244093,0.08342444313150219,71.58902386623299,357.2978008783648,0.010199714280025432,-0.12437753520221341,0.006405611254872046,0.0,0,3.78,3.6,298.786
2022-11-06,20926.486328125,21345.376953125,20920.19140625,21285.056640625,35082693210,0.012132560979593452,0.06442554217480882,64.15558405437933,365.15851341027883,0.03198923881122792,-0.1074929949381682,-0.01673684363155281,0.0,0,3.78,3.6,298.786
2022-11-07,20602.81640625,21053.24609375,20489.97265625,20924.62109375,53510852236,-0.0035580673784993636,0.046702073750803125,62.818164620607945,341.33601791209367,0.04948494986839603,-0.08859845850770699,-0.015466997985227438,0.0,0,3.78,3.6,298.786
2022-11-08,18541.271484375,20664.607421875,17603.544921875,20600.671875,118992465607,-0.09327711557101567,-0.057071487814577666,37.49410016057619,154.32807447576852,0.1707330481269345,0.004951507369034116,-0.10006131594948431,0.0,0,3.78,3.6,298.786
2022-11-09,15880.7802734375,18590.458984375,15682.6923828125,18543.76171875,102905151606,-0.20489481161161904,-0.1898923516002951,20.18978229607501,-206.1797621314763,0.41261912982534166,0.1075758053480532,-0.14349022466876316,0.0,1,3.78,3.6,298.786
2022-11-10,17586.771484375,18054.3125,15834.0185546875,15883.158203125,83202283721,-0.10646681785852954,-0.10198650463214408,35.67786537833325,-350.188827978247,0.2830384795504651,-0.016329531829527438,0.10742489862358795,0.0,0,3.78,3.6,298.786
2022-11-11,17034.29296875,17650.943359375,16543.482421875,17583.251953125,55871616488,-0.11909130177910705,-0.12807850884655314,31.578824532146143,-503.09804801656355,0.3352630951563341,-0.007799154653960552,-0.03141443647663533,0.0,0,3.78,3.6,298.786
2022-11-12,16799.185546875,17066.67578125,16651.775390625,17036.875,29717699419,-0.11588591996873798,-0.13790777691982772,29.234154652432835,-635.9204159110632,0.3634572985006939,-0.01989604070627192,-0.013802006476365758,0.0,0,3.78,3.6,298.786
2022-11-13,16353.365234375,16920.765625,16320.634765625,16799.72265625,27209183682,-0.12151837141207099,-0.15855487971572085,28.460856828208975,-768.300581886404,0.41152153770989264,-0.022368042568470584,-0.026538209918333333,0.0,1,3.78,3.6,298.786
2022-11-14,16618.19921875,17109.32421875,15872.94140625,16352.0283203125,49630243054,-0.08503121820961357,-0.14300210677405664,30.738483700769976,-842.1353162259293,0.3917115190100206,-0.061559293910420615,0.016194463988263186,0.0,1,3.78,3.6,298.786
2022-11-15,16884.61328125,17051.962890625,16542.55078125,16617.484375,36599436183,-0.04729308976708655,-0.1271583477562421,32.5574994583333,-869.1336550534652,0.36379538798779765,-0.09342351534394963,0.016031463998783302,0.0,0,3.78,3.6,298.786
2022-11-16,16669.439453125,16960.294921875,16430.111328125,16884.341796875,33925512989,-0.0362855647665246,-0.1361013122409709,32.91013372252051,-897.5464064633161,0.3775361173602499,-0.09955241355534775,-0.0127437818409466,0.0,1,3.78,3.6,298.786
2022-11-17,16687.517578125,16726.439453125,16460.68359375,16670.42578125,27868914022,-0.01289672066763275,-0.13270197507579545,32.69653363646377,-908.1365304287174,0.36738063375557,-0.11528245010431223,0.0010845070736082985,0.0,1,3.78,3.6,298.786
2022-11-18,16697.77734375,16947.05859375,16564.611328125,16687.912109375,26862218609,-0.001400431942692123,-0.1295672627461711,25.952877723129816,-905.266059007834,0.3532943153749969,-0.12725803879346254,0.0006148167681003791,0.0,1,3.78,3.6,298.786
2022-11-19,16711.546875,16797.876953125,16570.41015625,16696.220703125,16106223492,-0.0055178843520143584,-0.12637182101236175,24.96590527667587,-891.6022676922403,0.3381266081047753,-0.13740559068512073,0.0008246325823211276,0.0,0,3.78,3.6,298.786
2022-11-20,16291.83203125,16746.779296875,16248.6923828125,16712.919921875,21313378652,-0.022965519895798918,-0.14561524228459954,24.79343504580629,-904.2178344798267,0.3581868435031908,-0.12657420282267334,-0.025115259939095247,0.0,0,3.78,3.6,298.786
2022-11-21,15787.2841796875,16291.2236328125,15599.046875,16291.2236328125,37429485518,-0.04608993282632125,-0.16923718430989984,24.31503977359796,-944.0461802701902,0.38551837657739113,-0.11234339812391725,-0.030969374751391165,0.0,1,3.78,3.6,298.786
2022-11-22,16189.76953125,16253.0478515625,15656.6064453125,15782.30078125,30726828760,-0.0181552853427621,-0.14496748860438982,34.76052266171159,-932.3852700921816,0.33443630653960377,-0.14229355435307423,0.025494274188105903,0.0,1,3.78,3.6,298.786
2022-11-23,16610.70703125,16638.193359375,16170.5029296875,16195.5888671875,32958875628,0.005803157198749434,-0.11927010031574858,56.66525236992795,-879.0446963619179,0.28068025786121326,-0.16575777163539088,0.02600021570334854,0.0,0,3.78,3.6,298.786
2022-11-24,16604.46484375,16771.474609375,16501.767578125,16611.63671875,26129037414,0.005508805236124525,-0.11626836231098801,36.99229067028339,-827.733997469415,0.24413807105195864,-0.15577921237713385,-0.0003757930043709612,0.0,0,3.78,3.6,298.786
2022-11-25,16521.841796875,16603.31640625,16388.404296875,16602.26953125,18678255976,0.0027082077987259346,-0.11744010241254309,42.24969811115653,-784.6914536722143,0.20239539853745625,-0.1324084860897646,-0.004975953615638518,0.0,0,3.78,3.6,298.786
2022-11-26,16464.28125,16666.86328125,16416.228515625,16521.576171875,18000008764,0.000460542081451801,-0.11760889876880605,44.64745918894823,-746.6180347365516,0.15307934262959,-0.10295791499362804,-0.0034839061881034583,0.0,0,3.78,3.6,298.786
2022-11-27,16444.626953125,16594.40625,16437.025390625,16463.8828125,20443898509,0.0007432730296389375,-0.11584571177836779,51.68859657047866,-709.8478295121822,0.08500700221756377,-0.05772131608029159,-0.0011937537130568554,0.0,0,3.78,3.6,298.786
2022-11-28,16217.322265625,16482.93359375,16054.5302734375,16440.22265625,27743025156,-0.010195413912931786,-0.12502871752816,42.47819490457064,-691.0823978747176,0.0694467645046678,-0.028076347624280178,-0.013822428939733733,0.0,1,3.78,3.6,298.786
2022-11-29,16444.982421875,16522.2578125,16139.396484375,16217.6396484375,23581685468,0.005335171294850423,-0.11015663548653531,41.62930507438354,-650.3436295932297,0.052513324715295066,-0.035972274188271355,0.014038085481754337,0.0,1,3.78,3.6,298.786
2022-11-30,17168.56640625,17190.9375,16445.4765625,16445.4765625,29523576583,0.043974753578724,-0.06910644942156544,57.9620257423867,-553.2926684585218,0.0008036370413450991,-0.0716873184512984,0.044000289316970864,0.0,0,3.78,3.6,298.786
2022-12-01,16967.1328125,17197.498046875,16888.388671875,17168.001953125,22895392882,0.024376880591127546,-0.07783801308413564,54.21389390252087,-487.0190378007501,0.011890080663657978,-0.06026714169111334,-0.011732697360023692,0.0,1,4.1,3.5,298.832
2022-12-02,17088.66015625,17088.66015625,16877.880859375,16968.68359375,19539705127,0.026145127096231263,-0.06891102815911299,55.69958722334651,-419.85068963239974,0.007690021723831245,-0.06825224466178557,0.007162515027905547,0.0,0,4.1,3.5,298.832
2022-12-03,16908.236328125,17116.041015625,16888.140625,17090.09765625,16217776704,0.013500248703364328,-0.07644954900550055,52.735065437333446,-376.83407619272475,0.02056755244401097,-0.057152827718392495,-0.010558102652595158,0.0,1,4.1,3.5,298.832
2022-12-04,17130.486328125,17157.767578125,16903.439453125,16908.169921875,16824520830,0.023594752125140405,-0.06232565756991768,62.3395593759627,-321.1078511195592,0.011260628971929408,-0.07032864082807642,0.013144481522908036,0.0,0,4.1,3.5,298.832
2022-12-05,16974.826171875,17378.15234375,16922.431640625,17128.89453125,22209086834,0.011555633045218438,-0.06850750526103269,69.47207249503688,-286.20568894121607,0.021281815858162047,-0.06201991596987417,-0.00908673304822849,0.0,1,4.1,3.5,298.832
2022-12-06,17089.50390625,17091.86328125,16939.921875,16975.23828125,19889922369,0.01460922551609961,-0.05967454321213584,66.2904517125584,-246.45100541611828,0.017377751369082147,-0.06880529404250225,0.006755753090715411,0.0,0,4.1,3.5,298.832
2022-12-07,16848.126953125,17109.376953125,16750.55859375,17089.505859375,19675404389,-0.0021119330289361905,-0.07041252924241967,54.59763550390212,-231.7507566880122,0.03273886268506688,-0.0552966430670434,-0.01412428087141393,0.0,1,4.1,3.5,298.832
2022-12-08,17233.474609375,17267.916015625,16788.783203125,16847.349609375,20496603770,0.014605190675824728,-0.047146999129005406,60.621275332684725,-186.85244955985763,0.013722240975822714,-0.07738798212571726,0.022871839541696026,0.0,0,4.1,3.5,298.832
2022-12-09,17133.15234375,17280.546875,17100.8359375,17232.1484375,20328426366,0.004628517628905171,-0.05067771230515472,60.2610781851073,-157.54925633768653,0.022362157110291367,-0.07222903731581398,-0.005821360340788395,0.0,0,4.1,3.5,298.832
2022-12-10,17128.724609375,17216.826171875,17120.68359375,17134.220703125,12706781969,0.004603584605644237,-0.048768682538463975,61.3554811864082,-133.14869052871654,0.024858095905497722,-0.06933497006163196,-0.00025843080632004245,0.0,0,4.1,3.5,298.832
2022-12-11,17104.193359375,17245.634765625,17091.8203125,17129.7109375,14122486832,0.0023590616473325022,-0.04790608041859183,61.25337403277727,-114.47098295155956,0.022882418826826217,-0.056855298969636675,-0.0014321702613265819,0.0,1,4.1,3.5,298.832
2022-12-12,17206.4375,17212.564453125,16899.39453125,17102.5,19617581341,0.0076553912847749615,-0.03969104131325862,67.62835396014617,-90.37671100562511,0.017097812537073622,-0.05684457564899014,0.005977723618808328,0.0,1,4.1,3.5,298.832
2022-12-13,17781.318359375,17930.0859375,17111.763671875,17206.44140625,26634741631,0.03602476640456805,-0.0058705477121619625,71.19359970659953,-24.610056613444613,-0.0064235075609965775,-0.09011605978469162,0.033410801008343594,0.0,1,4.1,3.5,298.832
2022-12-14,17815.650390625,18318.53125,17739.513671875,17782.06640625,25534481470,0.03389769820374695,-0.001405006789814552,63.13377135431573,29.935718484284735,-0.00026203976098023975,-0.09314719608360103,0.0019307922256450727,0.0,0,4.1,3.5,298.832
2022-12-15,17364.865234375,17846.744140625,17322.58984375,17813.64453125,20964448341,0.005461351063665764,-0.02294204796970563,57.33069728362565,36.369795130831335,0.027354834975992563,-0.06641494996437783,-0.02530276169357326,0.0,0,4.1,3.5,298.832
2022-12-16,16647.484375,17505.525390625,16584.701171875,17364.546875,24031608960,-0.033603093009973196,-0.05945555994964888,43.33297521168531,-16.23069536838011,0.07080708065202748,-0.024265009731027024,-0.04131220425223303,0.0,1,4.1,3.5,298.832
2022-12-17,16795.091796875,16800.58984375,16614.029296875,16646.982421875,14463581825,-0.024734132160128715,-0.047023889374377154,48.2730372007999,-45.48198965131087,0.06002494490702255,-0.02938265695249909,0.008866650272798315,0.0,0,4.1,3.5,298.832
2022-12-18,16757.9765625,16815.38671875,16697.8203125,16795.609375,10924354698,-0.024195018243621413,-0.04472799806777764,43.973678506451776,-70.84211652225349,0.05840711059613327,-0.020041145880636404,-0.0022098857704312413,0.0,0,4.1,3.5,298.832
2022-12-19,16439.6796875,16807.52734375,16398.13671875,16759.041015625,17221074814,-0.0388480458543897,-0.05836772167966394,41.775394533119055,-115.29504792800799,0.0789490848715441,-0.0011495511595221708,-0.01899375344110854,0.0,1,4.1,3.5,298.832
2022-12-20,16906.3046875,17012.984375,16427.8671875,16441.787109375,22722096615,-0.010279623800909835,-0.027642076035236413,47.45928815212092,-111.585292785192,0.04856790450200295,-0.02966825445466039,0.028384068842582266,0.0,0,4.1,3.5,298.832
2022-12-21,16817.53515625,16916.80078125,16755.912109375,16904.52734375,14882945045,-0.013821379192180369,-0.028649520101030855,49.556982970021465,-114.48849232816792,0.05413634102511675,-0.0254696824105615,-0.005250676176186131,0.0,1,4.1,3.5,298.832
2022-12-22,16830.341796875,16866.673828125,16592.408203125,16818.380859375,16441573050,-0.01088899231966249,-0.02415700501356419,43.455901749117324,-114.43675434385295,0.053011443883438876,-0.027423287262937694,0.0007615052090579333,0.0,0,4.1,3.5,298.832
2022-12-23,16796.953125,16905.21875,16794.458984375,16829.64453125,15329265213,-0.007107277772823642,-0.022223038801147416,44.4212103809162,-115.75558012572583,0.05516357485956041,-0.026211511845900183,-0.001983838015767403,0.0,1,4.1,3.5,298.832
2022-12-24,16847.755859375,16864.703125,16793.52734375,16796.9765625,9744636213,0.0016264198922714245,-0.014331888406053995,45.408356729469176,-111.41705649898358,0.05136915459678705,-0.03021334413380677,0.003024520816182319,0.0,0,4.1,3.5,298.832
2022-12-25,16841.986328125,16860.5546875,16755.25390625,16847.505859375,11656379938,0.004405707410951374,-0.009522895474738183,45.688525601005075,-107.20846576294207,0.05161005453308071,-0.0305506022272561,-0.000342451024228807,0.0,1,4.1,3.5,298.832
2022-12-26,16919.8046875,16920.123046875,16812.369140625,16842.25,11886957804,0.007410489859098355,-0.0002348466111085462,45.24872667843402,-96.48165556931781,0.04630378088913568,-0.035542642060977965,0.004620497716771643,0.0,0,4.1,3.5,298.832
2022-12-27,16717.173828125,16959.845703125,16642.072265625,16919.291015625,15748580239,-0.004192234056620786,-0.00765119271700907,29.877219133782532,-103.1422385806436,0.05912675906978108,-0.024776289346759205,-0.011975957353969946,0.0,0,4.1,3.5,298.832
2022-12-28,16552.572265625,16768.169921875,16497.556640625,16716.400390625,17005713920,-0.012789308712193465,-0.015096731208496084,27.236901017393976,-120.31584292193293,0.06875038517144048,-0.018283566440354105,-0.009846255365429935,0.0,1,4.1,3.5,298.832
2022-12-29,16642.341796875,16651.755859375,16508.68359375,16552.322265625,14472237479,-0.008633631091850268,-0.01065193509691184,35.030898667262306,-125.23872311328887,0.06211210967927764,-0.025654767660924664,0.0054232979508825885,0.0,0,4.1,3.5,298.832
2022-12-30,16602.5859375,16643.427734375,16408.474609375,16641.330078125,15929162910,-0.009209286554141424,-0.011859053972815156,48.706661805677456,-130.8398661978208,0.06367785258943172,-0.02551311121584101,-0.002388838052975517,0.0,0,4.1,3.5,298.832
2022-12-31,16547.49609375,16628.986328125,16517.51953125,16603.673828125,11239186456,-0.010902938173457107,-0.01456683647935864,42.46623537004702,-138.13180496834684,0.06629238101128235,-0.02470643015344173,-0.0033181483870876605,0.0,1,4.1,3.5,298.832
2023-01-01,16625.080078125,16630.439453125,16521.234375,16547.9140625,9244361700,-0.005044768094258463,-0.009741224745525655,46.05346037800197,-136.08167499547199,0.059187650137939134,-0.03062600434699446,0.0046885633896178724,0.0,1,4.33,3.5,300.42
2023-01-02,16688.470703125,16759.34375,16572.228515625,16625.509765625,12097775227,-0.0006022120893266086,-0.006362081679902991,58.706275878378285,-127.8678574954065,0.043772439816893965,-0.029464739784931696,0.0038129515588565255,0.0,0,4.33,3.5,300.42
2023-01-03,16679.857421875,16760.447265625,16622.37109375,16688.84765625,13903079207,-0.00011266765548358853,-0.0069478326626422025,38.336971501574304,-120.66244619198915,0.02745027615092152,-0.018911779997428,-0.000516121662866742,0.0,1,4.33,3.5,300.42
2023-01-04,16863.23828125,16964.5859375,16667.763671875,16680.205078125,18421743322,0.010751477727342529,0.003995485450816591,52.14487631213266,-99.01343777116927,0.007571406057481108,-0.023849626826633028,0.010994150293785143,0.0,0,4.33,3.5,300.42
2023-01-05,16836.736328125,16884.021484375,16790.283203125,16863.47265625,13692758566,0.00966570840038196,0.0022179740504756212,50.296290665305584,-83.03772159080108,0.009820833189175824,-0.02185252449291808,-0.0015715814888571655,0.0,1,4.33,3.5,300.42
2023-01-06,16951.96875,16991.994140625,16716.421875,16836.47265625,14413662913,0.015146623018934225,0.008759670435960256,56.676289783681746,-60.38250606810834,0.004370689040963508,-0.028990340519497528,0.006844106816741524,0.0,1,4.33,3.5,300.42
2023-01-07,16955.078125,16975.017578125,16914.19140625,16952.1171875,7714767174,0.012891397028330002,0.00863583170298706,54.82023148058803,-41.69653229884352,0.0056801805472658645,-0.029499602272873342,0.00018342264818071996,0.0,1,4.33,3.5,300.42
2023-01-08,17091.14453125,17091.14453125,16924.05078125,16954.146484375,9768827914,0.018289792481120046,0.016271263310408526,60.01806202341781,-15.727049989032821,-0.0005289805563847276,-0.03521154479334277,0.008025112314249405,0.0,1,4.33,3.5,300.42
2023-01-09,17196.5546875,17389.95703125,17093.9921875,17093.9921875,18624736866,0.020957097852666265,0.021440149430400558,60.8859257984518,13.207423544172343,-0.002950429618450375,-0.04314262862950008,0.006167530562816603,0.0,1,4.33,3.5,300.42
2023-01-10,17446.29296875,17484.720703125,17162.990234375,17192.94921875,15808338949,0.03028626876752664,0.03423578456402767,77.65493576475573,55.64851300985538,-0.009399249177576664,-0.06105941962540802,0.014522576515372032,0.0,1,4.33,3.5,300.42
2023-01-11,17934.896484375,17934.896484375,17337.994140625,17446.359375,18372283782,0.05101096087494714,0.0610054624755797,92.08639082811032,127.24282636747375,-0.021177506119717915,-0.09568930392577332,0.02800615102017323,0.0,1,4.33,3.5,300.42
2023-01-12,18869.587890625,19030.087890625,17995.203125,18117.59375,34971338710,0.09182983245979609,0.11332507858251245,94.77474223161069,256.44745384005,-0.04087509696951379,-0.15828735948400796,0.052115795988246116,0.0,1,4.33,3.5,300.42
2023-01-13,19909.57421875,19964.322265625,18753.1640625,18868.90625,29225029694,0.13087194606419608,0.1701217524432883,97.41339913572752,437.7155448004414,-0.053126807726707574,-0.22472465389145635,0.05511441660269112,0.0,1,4.33,3.5,300.42
2023-01-14,20976.298828125,21075.142578125,19907.828125,19910.537109375,38967784639,0.16426243091251436,0.22639377836449512,99.2194937714483,659.8413336819394,-0.05793523414340423,-0.2877845863571326,0.05357847423830919,0.0,0,4.33,3.5,300.42
2023-01-15,20880.798828125,20993.748046875,20606.986328125,20977.484375,19298407543,0.1335188092570384,0.21453807219478813,97.10833068849188,818.7337171796171,-0.02219198451939381,-0.2969923008339732,-0.004552757413617381,0.0,1,4.33,3.5,300.42
2023-01-16,21169.6328125,21360.875,20715.74609375,20882.224609375,26792494050,0.12347548752184055,0.2246069801336525,97.24579455995519,956.932640699968,-0.006473637202564781,-0.31461104962589265,0.013832516023570829,0.0,0,4.33,3.5,300.42
2023-01-17,21161.51953125,21438.66015625,20978.533203125,21175.833984375,24999983362,0.09852190087890897,0.21717519525573387,97.25604846100396,1053.6557219828646,0.017889160633337325,-0.31655030467260825,-0.00038325091993141047,0.0,0,4.33,3.5,300.42
2023-01-18,20688.78125,21564.501953125,20541.544921875,21161.05078125,30005625418,0.05429170476691886,0.1842028916197768,88.01781832298137,1079.7171253727938,0.05735686839584829,-0.2975838331910802,-0.022339524368838015,0.0,1,4.33,3.5,300.42
2023-01-19,21086.79296875,21163.01171875,20685.380859375,20686.74609375,21152848261,0.0536854373756106,0.20159488845265652,89.33227484651398,1119.5813577253284,0.05436477790221486,-0.3065418570462806,0.019238045679950355,0.0,1,4.33,3.5,300.42
2023-01-20,22676.552734375,22692.357421875,20919.126953125,21085.373046875,28799154319,0.10426408243803251,0.28383096297399574,91.61949249269632,1264.8736993308703,0.008726472119580641,-0.35640805401235864,0.07539125404137925,0.0,1,4.33,3.5,300.42
2023-01-21,22777.625,23282.34765625,22511.833984375,22677.427734375,32442278429,0.08363141346794299,0.28129953520625745,91.73719131930756,1372.354960247394,0.02860102874608154,-0.3566031696903194,0.004457126566322689,0.0,0,4.33,3.5,300.42
2023-01-22,22720.416015625,23056.73046875,22387.900390625,22777.986328125,24746386230,0.06146363642236636,0.26977830501829103,90.81316007321536,1436.360872921341,0.050876438069451156,-0.3481199947446711,-0.002511630794474806,0.0,1,4.33,3.5,300.42
2023-01-23,22934.431640625,23126.486328125,22654.3046875,22721.087890625,26518700512,0.05653155988396353,0.2734775699144226,90.95559281194036,1487.211642134018,0.05855835490494132,-0.34441985766557104,0.009419529327844067,0.0,0,4.33,3.5,300.42
2023-01-24,22636.46875,23134.01171875,22549.744140625,22929.626953125,26405069715,0.03489033336212727,0.24907907421961328,86.79293873312565,1486.3345880811721,0.08465220357297541,-0.322446460489704,-0.012991945703908492,0.0,1,4.33,3.5,300.42
2023-01-25,23117.859375,23722.099609375,22406.076171875,22639.267578125,30685366709,0.04619862412262212,0.2672115673637017,86.77941886988896,1507.1106829049386,0.07409593797630769,-0.32141516932004016,0.021266153759075257,0.0,0,4.33,3.5,300.42
2023-01-26,23032.77734375,23237.078125,22911.373046875,23108.955078125,26357839322,0.033632995444296494,0.2540450159546228,83.59361234486883,1499.4260289730737,0.08610581814014377,-0.3005500519095802,-0.003680359408276712,0.0,1,4.33,3.5,300.42
2023-01-27,23078.728515625,23417.720703125,22654.59375,23030.716796875,25383335641,0.026860244342896303,0.24859950973251324,80.4587832082087,1479.9834331478487,0.08822799712456782,-0.2796936400761866,0.0019950339114214177,0.0,0,4.33,3.5,300.42
2023-01-28,23031.08984375,23165.896484375,22908.845703125,23079.96484375,14712928379,0.014171110089211524,0.2381207670638199,74.55957240483528,1444.0844861477708,0.09070347402202382,-0.2526372663024654,-0.0020641809553220147,0.0,1,4.33,3.5,300.42
2023-01-29,23774.56640625,23919.890625,22985.0703125,23031.44921875,27423687259,0.03466415947337786,0.26902137212206484,79.94839915701914,1458.8103989124065,0.0574721252037405,-0.24921752211144574,0.03228143207915801,0.0,0,4.33,3.5,300.42
2023-01-30,22840.138671875,23789.34765625,22657.58203125,23774.6484375,27205595568,-0.006709086396507032,0.21172432322428222,65.25060918703619,1379.1819312546431,0.09078304234707975,-0.18493411838500662,-0.03930367092328346,0.0,1,4.33,3.5,300.42
2023-01-31,23139.283203125,23225.021484375,22765.568359375,22840.796875,22837828665,0.004720126264889216,0.2199152515024805,67.14463006513373,1324.9411635740034,0.06568911118502868,-0.16198742794259224,0.013097316769725253,0.0,1,4.33,3.5,300.42
2023-02-01,23723.76953125,23764.5390625,22877.75,23137.8359375,26683255504,0.025630559674669682,0.24294167661312746,75.80935233874905,1313.9714810128316,0.03476767305254486,-0.15750653678115295,0.025259482888651652,0.0,0,4.57,3.6,301.45
2023-02-02,23471.87109375,24167.2109375,23468.595703125,23720.82421875,32066936882,0.012388185932682863,0.22249859377441222,70.79943860796577,1270.3085041513732,0.04363113420821741,-0.1310464895895508,-0.01061797692681965,0.0,0,4.57,3.6,301.45
2023-02-03,23449.322265625,23678.103515625,23279.955078125,23469.412109375,27083066007,0.007881978364027598,0.21363216552014547,59.27404005722997,1219.8244020402344,0.046652355307455824,-0.12168232560660415,-0.0009606745041729203,0.0,0,4.57,3.6,301.45
2023-02-04,23331.84765625,23556.94921875,23291.794921875,23446.3203125,15639298538,0.0019112618345512994,0.19925449593768377,56.62516705221368,1156.9990038886026,0.051076810170050606,-0.1059094951083049,-0.005009723012217249,0.0,0,4.57,3.6,301.45
2023-02-05,22955.666015625,23423.435546875,22841.759765625,23332.248046875,19564262605,-0.013916128738396875,0.17249333211250034,52.61291358260372,1064.5828601713583,0.06591467570302471,-0.08109093980108528,-0.01612309690031044,0.0,0,4.57,3.6,301.45
2023-02-06,22760.109375,23119.279296875,22692.025390625,22954.021484375,23825006542,-0.02097651115071844,0.15542070988071438,48.05583667224447,964.4450912242683,0.07061439476791297,-0.06171325056482177,-0.008518883333286542,0.0,1,4.57,3.6,301.45
2023-02-07,23264.291015625,23310.974609375,22756.2578125,22757.267578125,27187964471,-0.00029201506365666904,0.1728885700691502,56.69400119034083,915.2183650480692,0.036050517082869736,-0.05961544277496581,0.022151986720186922,0.0,0,4.57,3.6,301.45
2023-02-08,22939.3984375,23367.958984375,22731.09765625,23263.416015625,25371367758,-0.010702772735092033,0.14951602578220743,48.03151065162745,840.3032216117535,0.035169090808703604,-0.02266551906753628,-0.013965290320121615,0.0,0,4.57,3.6,301.45
2023-02-09,21819.0390625,22996.4375,21773.974609375,22946.56640625,32572572185,-0.05485793724631564,0.08792038859262873,39.101197925728044,682.6595183882928,0.09521515709299132,0.016695903237418097,-0.04883996317743455,0.0,0,4.57,3.6,301.45
2023-02-10,21651.18359375,21941.185546875,21539.392578125,21819.005859375,27078406594,-0.05604420095714203,0.07438588558973293,37.45593979150412,537.9797190008176,0.11024455624887304,0.012836871711456196,-0.007693073387383564,0.0,1,4.57,3.6,301.45
2023-02-11,21870.875,21891.41015625,21618.44921875,21651.841796875,16356226232,-0.038700338703133004,0.07984981594017841,40.104230177974934,436.02101719865095,0.10206953586622995,-0.004198660572603018,0.010146854341645195,0.0,0,4.57,3.6,301.45
2023-02-12,21788.203125,22060.994140625,21682.828125,21870.90234375,17821046406,-0.03519420167936619,0.07054524422887959,30.905387777111045,344.57503553372226,0.1086376916116891,-0.008067554388636258,-0.003779998514005456,0.0,1,4.57,3.6,301.45
2023-02-13,21808.1015625,21898.4140625,21460.087890625,21787.0,23918742607,-0.027243562295304617,0.06631917310622693,37.96273389273044,270.5898821149458,0.10962708224256972,-0.014772012971796214,0.0009132665684197239,0.0,1,4.57,3.6,301.45
2023-02-14,22220.8046875,22293.140625,21632.39453125,21801.822265625,26792596581,-0.003898305880147892,0.08089526045679259,39.56369382225073,242.46284730405387,0.087936376799673,-0.0360256885124083,0.018924303145655852,0.0,1,4.57,3.6,301.45
2023-02-15,24307.841796875,24307.841796875,22082.76953125,22220.5859375,32483312909,0.08309309348667057,0.1737480234852534,54.94729033511111,384.15017807410914,0.0035332069656730824,-0.12255119844299273,0.09392266116037784,0.0,0,4.57,3.6,301.45
2023-02-16,23623.474609375,25134.1171875,23602.5234375,24307.349609375,39316664596,0.04856574711124067,0.13296552090241107,51.196475667710224,436.1875968760178,0.03524969479458237,-0.09747007294565194,-0.028154173176657027,0.0,1,4.57,3.6,301.45
2023-02-17,24565.6015625,24924.041015625,23460.755859375,23621.283203125,41358451255,0.08412159260661746,0.16926301853170428,57.69317434451842,547.1422819772124,0.00560328806031895,-0.13589377777901554,0.03988096453648349,0.0,1,4.57,3.6,301.45
2023-02-18,24641.27734375,24798.8359375,24468.373046875,24565.296875,19625427158,0.07935460615131305,0.16395787951656213,59.076622229539055,633.8741655952144,0.009296907901922093,-0.1418121456881126,0.0030805588480080637,0.0,0,4.57,3.6,301.45
2023-02-19,24327.642578125,25093.0546875,24327.642578125,24640.02734375,25555105670,0.05403444295083261,0.1407583356432255,59.593366426904886,669.583561307667,0.029000325630042047,-0.13132527539421934,-0.012728023845912761,0.0,1,4.57,3.6,301.45
2023-02-20,24829.1484375,25020.458984375,23927.91015625,24336.623046875,28987376573,0.061151944643140256,0.1553851228757143,63.873874345824014,729.9365916159113,0.017695449409278197,-0.1515441799996786,0.020614650916729094,0.0,0,4.57,3.6,301.45
2023-02-21,24436.353515625,25126.8515625,24200.36328125,24833.048828125,31252098714,0.03303799269583436,0.12896638453340506,57.97840856212191,737.5692957634965,0.038088027762251495,-0.1390237813817666,-0.01581991113645098,0.0,0,4.57,3.6,301.45
2023-02-22,24188.84375,24472.33984375,23644.318359375,24437.41796875,30199996781,0.012301146064929758,0.10983097324303158,58.59572226716078,715.399617757892,0.05193234557834978,-0.13047206333304803,-0.01012875204423358,0.0,0,4.57,3.6,301.45
2023-02-23,23947.4921875,24572.08984375,23693.919921875,24190.71875,30476264066,-0.006692806684967828,0.09166064453078922,66.65762785234715,670.624393619506,0.06445738585291101,-0.1215516666671535,-0.00997780485063493,0.0,0,4.57,3.6,301.45
2023-02-24,23198.126953125,24103.705078125,23007.072265625,23946.0078125,26811744928,-0.041660296866431024,0.05140250824713511,61.0966229368829,568.1232233202682,0.09855172532791037,-0.09346107490918815,-0.03129201289670536,0.0,0,4.57,3.6,301.45
2023-02-25,23175.375,23210.2109375,22861.55859375,23200.125,16100721565,-0.03810010724245013,0.0444791744894681,59.629588192312646,479.52672926593004,0.09992738757761031,-0.09192025244495333,-0.0009807668166905703,0.0,1,4.57,3.6,301.45
2023-02-26,23561.212890625,23654.3671875,23084.220703125,23174.150390625,16644534842,-0.02183302968011852,0.055582763944797844,62.52734117005442,435.427920592123,0.08320352989831804,-0.10467937974787465,0.016648614774302573,0.0,0,4.57,3.6,301.45
2023-02-27,23522.87109375,23857.890625,23205.87890625,23561.451171875,22660763494,-0.019178854094471415,0.0478263126244617,62.0843452231186,392.85682549193734,0.08560122708543294,-0.10275285229062298,-0.0016273269569350157,0.0,0,4.57,3.6,301.45
2023-02-28,23147.353515625,23585.384765625,23077.650390625,23521.837890625,20535363434,-0.028786797844281085,0.025661270078744153,56.56398890525605,325.0705843465803,0.10342015043107373,-0.08750579568361454,-0.01596393470118429,0.0,1,4.57,3.6,301.45
2023-03-01,23646.55078125,23880.6328125,23088.626953125,23150.9296875,24662841200,-0.004998121936147438,0.04205498677452008,43.95526862001358,308.079201968063,0.0791182511047641,-0.09803298282188001,0.02156606219747892,0.0,0,4.65,3.5,301.821
2023-03-02,23475.466796875,23739.138671875,23245.021484375,23647.01953125,20386398516,-0.006538217634308508,0.029488436304420704,48.506991017515766,277.6082660009306,0.08349286738594965,-0.08019887005379463,-0.007235050302163204,0.0,0,4.65,3.5,301.821
2023-03-03,22362.6796875,23479.34765625,22213.23828125,23476.6328125,26062404610,-0.04525192343551653,-0.022306872819197934,28.517952495918422,161.80205654946258,0.13504127839527183,-0.02986234432438166,-0.047402129167592566,0.0,0,4.65,3.5,301.821
2023-03-04,22353.349609375,22405.177734375,22198.98046875,22362.923828125,11166012913,-0.03811250133158744,-0.024798622189132664,27.39652914804782,68.48251805131076,0.13238375410391331,-0.023797897415593777,-0.0004172164631153219,0.0,1,4.65,3.5,301.821
2023-03-05,22435.513671875,22613.685546875,22307.142578125,22354.14453125,13317001733,-0.028254529032586344,-0.022458698704012323,30.41087480851077,1.142890104878461,0.12454115252988196,-0.020880913805754093,0.0036756935285233716,0.0,0,4.65,3.5,301.821
2023-03-06,22429.7578125,22584.29296875,22331.314453125,22436.81640625,17353192895,-0.025259873229689117,-0.02402685546050458,22.31763486412187,-52.08825892129971,0.12374210945750683,-0.018610446686682984,-0.00025655126328649747,0.0,0,4.65,3.5,301.821
2023-03-07,22219.76953125,22527.41796875,22011.26171875,22428.322265625,22765452204,-0.030358685111132433,-0.0340467199872299,23.30048938904241,-109.9511786407129,0.13320444637745651,-0.017575566127411717,-0.00936203961743065,0.0,0,4.65,3.5,301.821
2023-03-08,21718.080078125,22268.896484375,21708.05078125,22216.44140625,22536575684,-0.044567021837206046,-0.05631316652760263,21.956041451723678,-194.05318119277945,0.1632223076271148,-0.007495534759930053,-0.022578517406286358,0.0,0,4.65,3.5,301.821
2023-03-09,20363.021484375,21802.716796875,20210.306640625,21720.080078125,30364664171,-0.09155113479571708,-0.11494216799948125,17.525315315602256,-365.8294735063064,0.2482280598435404,0.03031339862701166,-0.06239311158608585,0.0,0,4.65,3.5,301.821
2023-03-10,20187.244140625,20370.595703125,19628.25390625,20367.001953125,39578257695,-0.08734059847445143,-0.12189550785681036,19.558022483554396,-510.2651661478849,0.26135867835488713,0.014959229699094542,-0.008632183779056501,0.0,1,4.65,3.5,301.821
2023-03-11,20632.41015625,20792.525390625,20068.66015625,20187.876953125,30180288176,-0.054328254077053585,-0.10093285142144785,26.312321250536712,-582.1002270434437,0.2311636047392052,-0.021869500745886054,0.022051846825845045,0.0,1,4.65,3.5,301.821
2023-03-12,22163.94921875,22185.03125,20448.806640625,20628.029296875,29279035521,0.02201231055604074,-0.03367849143627596,39.27392432483652,-509.57358057081365,0.1323393804219193,-0.08773344218219253,0.07422977009964415,0.0,1,4.65,3.5,301.821
2023-03-13,24197.533203125,24550.837890625,21918.19921875,22156.40625,49466362688,0.10642266207189162,0.053626240785960066,53.96457139263107,-284.72037924671895,0.035254665732574436,-0.16346634020190995,0.09175187888693825,0.0,1,4.65,3.5,301.821
2023-03-14,24746.07421875,26514.716796875,24081.18359375,24201.765625,54622230164,0.11925907428968277,0.07581391823357408,59.207457529351444,-61.55040682901745,0.016932566928176167,-0.18438398559543642,0.022669294883089997,0.0,0,4.65,3.5,301.821
2023-03-15,24375.9609375,25240.615234375,23964.91015625,24770.92578125,43655701450,0.09292676052307308,0.05812320035642155,54.26427064207613,84.47458510028082,0.03542301364182424,-0.17329211367409855,-0.014956444322371198,0.0,1,4.65,3.5,301.821
2023-03-16,25052.7890625,25190.326171875,24225.111328125,24373.45703125,33866061747,0.11021628891034739,0.08567949935623,58.70648128523041,251.91094390414582,0.01930063627064996,-0.2000741950404601,0.027766213062754286,0.0,1,4.65,3.5,301.821
2023-03-17,27423.9296875,27787.8125,24955.169921875,25055.123046875,50730261335,0.18789793925978243,0.18392859703748082,74.5294613658333,569.3733154011388,-0.03574345133007821,-0.2868327701667156,0.0946457745317153,0.0,0,4.65,3.5,301.821
2023-03-18,26965.87890625,27725.953125,26636.26171875,27448.1171875,35723036817,0.1420955056461865,0.16025977008917505,71.42294203269554,775.0691473813968,0.002779481134042856,-0.28423663220676,-0.01670259464889101,0.0,1,4.65,3.5,301.821
2023-03-19,28038.67578125,28440.560546875,26907.716796875,26969.50390625,37769448859,0.1501421161349347,0.201242534351655,73.83101457081447,1012.9733915553152,-0.00716201850484547,-0.3239432307873918,0.039783493752593824,0.0,0,4.65,3.5,301.821
2023-03-20,27767.236328125,28527.724609375,27242.880859375,28041.6015625,44774027664,0.10466049232302407,0.1855575138616453,72.19932618665088,1166.168459629691,0.025530272099206486,-0.3236832985309167,-0.00968089417783835,0.0,1,4.65,3.5,301.821
2023-03-21,28175.81640625,28439.5625,27439.646484375,27768.392578125,36102192830,0.08825657802227171,0.19754601627085622,74.36946961352103,1305.4966991437468,0.033230660462349425,-0.33998731361500734,0.014714466837708162,0.0,0,4.65,3.5,301.821
2023-03-22,27307.4375,28803.3359375,26759.99609375,28158.720703125,33382021890,0.034171548764170424,0.1565398440147992,72.20290785643229,1330.5071541146572,0.08103913917979101,-0.31991780576329976,-0.030820008681536337,0.0,1,4.65,3.5,301.821
2023-03-23,28333.97265625,28729.84375,27183.36328125,27301.95703125,24220433689,0.056497561370011114,0.19534830595253713,82.5120129782706,1416.8286096005359,0.06154074310889019,-0.3431498690242934,0.03759177902540278,0.0,0,4.65,3.5,301.821
2023-03-24,27493.28515625,28388.4375,27039.265625,28324.111328125,25980310960,0.014755824828850982,0.15595926241601527,78.26675579372477,1401.2497942735135,0.10641744541187975,-0.3167865113812549,-0.02967065403073854,0.0,1,4.65,3.5,301.821
2023-03-25,27494.70703125,27791.826171875,27196.234375,27487.337890625,13383005987,0.003259732322248115,0.15209985961792416,77.49397690675465,1373.188937031271,0.11713422470376018,-0.30919523218460343,5.17171735541222e-05,0.0,1,4.65,3.5,301.821
2023-03-26,27994.330078125,28178.14453125,27445.046875,27495.5234375,13878363192,0.010642893847930478,0.16846968479275756,75.46524767058399,1375.4110276944048,0.1086898667477187,-0.31314019594035575,0.018171608313816145,0.0,0,4.65,3.5,301.821
2023-03-27,27139.888671875,28037.92578125,26606.689453125,27994.068359375,18188895178,-0.019198143224516948,0.12886265834247485,64.32698584425485,1293.3172141519099,0.1489047832428859,-0.2786973301477638,-0.03052194511765327,0.0,1,4.65,3.5,301.821
2023-03-28,27268.130859375,27460.71875,26677.818359375,27132.888671875,17783600385,-0.01563884857758285,0.12995927238611588,62.80455480900753,1224.4901875684482,0.1459750760521049,-0.26420960363814405,0.004725228944394866,0.0,1,4.65,3.5,301.821
2023-03-29,28348.44140625,28619.54296875,27259.662109375,27267.03125,20684945906,0.02221655795370004,0.1697969859294712,68.8118070122865,1242.7901939837611,0.0997832991616124,-0.26155987114852575,0.0396180637553154,0.0,0,4.65,3.5,301.821
2023-03-30,28033.5625,29159.90234375,27720.16015625,28350.140625,22435349951,0.009892492401506041,0.15196044219355695,64.6166108176382,1217.8464094062,0.09956645824319493,-0.2127066994607533,-0.0111074503792854,0.0,1,4.65,3.5,301.821
2023-03-31,28478.484375,28639.896484375,27583.71484375,28032.26171875,19001327598,0.02480315214923517,0.1638733494699683,56.375546181535135,1219.9173099861036,0.0654130650206079,-0.18048099870738782,0.015871042968584437,0.0,0,4.65,3.5,301.821
2023-04-01,28411.03515625,28802.45703125,28297.171875,28473.33203125,10876469901,0.018331863695687248,0.1547365322352965,59.17011409351057,1202.2570544149567,0.05377811093718555,-0.14238288392303422,-0.0023684272611504964,0.0,0,4.83,3.4,302.845
2023-04-02,28199.30859375,28518.958984375,27884.087890625,28462.845703125,12284641999,0.011231079846581114,0.14026531967164513,51.1443305796899,1157.8298685183108,0.05675287719053533,-0.11681543690256284,-0.00745226498561502,0.0,0,4.83,3.4,302.845
2023-04-03,27790.220703125,28475.623046875,27276.720703125,28183.080078125,19556501327,-0.004498892568665812,0.11829532731472499,50.160588730732215,1077.1938100193038,0.06607202996605924,-0.08662358414994792,-0.014507018470504951,0.0,1,4.83,3.4,302.845
2023-04-04,28168.08984375,28433.7421875,27681.3046875,27795.2734375,15284538859,0.006608999707441095,0.1277286237373988,49.94578287824391,1031.8851052050486,0.0379725164810005,-0.0716154657347202,0.0135971982612757,0.0,1,4.83,3.4,302.845
2023-04-05,28177.984375,28739.23828125,27843.763671875,28169.7265625,17052315986,0.0063021493222098655,0.12276915503334598,56.94538371640047,985.416765120317,0.021284716433647887,-0.04452722873408629,0.000351267384649967,0.0,0,4.83,3.4,302.845
2023-04-06,28044.140625,28178.384765625,27738.759765625,28175.2265625,13837809380,-0.0017015278765319262,0.11411877677185452,47.303586302536765,927.1031309784812,0.02659513678267484,-0.038191803588630745,-0.004749940528704033,0.0,0,4.83,3.4,302.845
2023-04-07,27925.859375,28111.59375,27794.03125,28038.966796875,10861680497,-0.008234096384934634,0.10564020846943233,54.64934377912688,861.4149916254391,0.02876709087326392,-0.02850418071215083,-0.004217681389550476,0.0,1,4.83,3.4,302.845
2023-04-08,27947.794921875,28159.86328125,27883.38671875,27920.513671875,9373255556,-0.006040801304463264,0.10355319383037814,54.84844646813996,801.8830743146464,0.027740508214146427,-0.029372736718309915,0.0007854922772632111,0.0,1,4.83,3.4,302.845
2023-04-09,28333.05078125,28532.830078125,27828.48046875,27952.3671875,12175322951,0.0065886230740613,0.11551323544584513,53.71555943673898,776.8356512513274,0.015343259635934267,-0.04215108441984875,0.013784839213681899,0.0,1,4.83,3.4,302.845
2023-04-10,29652.98046875,29771.46484375,28189.271484375,28336.02734375,19282400094,0.04910425267272256,0.16260559506914746,75.01272308159452,853.6523102330393,-0.01730326870454781,-0.09235486273064862,0.04658621825410658,0.0,1,4.83,3.4,302.845
2023-04-11,30235.05859375,30509.083984375,29609.30078125,29653.6796875,20121259843,0.06283901858565437,0.18042334712651237,77.08304733066353,950.5416534781616,-0.02065298833312622,-0.1157146842324166,0.019629666758571807,0.0,0,4.83,3.4,302.845
2023-04-12,30139.052734375,30462.48046875,29725.57421875,30231.58203125,18651929926,0.052288934091150964,0.17145880740939343,69.92597686499917,1007.9611369995218,-0.006317022081535001,-0.11812500590139174,-0.003175315803583212,0.0,1,4.83,3.4,302.845
2023-04-13,30399.06640625,30539.845703125,29878.623046875,29892.740234375,17487721001,0.05178681935920237,0.17588837847427127,76.64880307480266,1062.2030066088519,-0.0031785115755989016,-0.12774702440341767,0.00862713483952482,0.0,1,4.83,3.4,302.845
2023-04-14,30485.69921875,31005.607421875,30044.498046875,30409.5625,22659995079,0.04639346739888508,0.17330469567909762,74.59819757372321,1099.506199959651,0.004192366082420371,-0.13061821713783958,0.002849851088919886,0.0,0,4.83,3.4,302.845
2023-04-15,30318.49609375,30601.740234375,30245.8828125,30490.75,11940685378,0.03306433851497645,0.16050897584416582,72.81784044754387,1102.8642223859533,0.017677101772029143,-0.12610456489626948,-0.005484641300179338,0.0,0,4.83,3.4,302.845
2023-04-16,30315.35546875,30555.537109375,30157.83203125,30315.9765625,12854816417,0.025024785168569947,0.1540805824093684,76.64259998819618,1092.6763642027327,0.02275047639617487,-0.12050719544751161,-0.00010358775680330279,0.0,0,4.83,3.4,302.845
2023-04-17,29445.044921875,30319.197265625,29275.37109375,30317.146484375,17872186762,-0.00949014434723026,0.11594928921645177,68.6673840413222,1002.8157893602875,0.05276364569529239,-0.08690240113503069,-0.028708571396173888,0.0,1,4.83,3.4,302.845
2023-04-18,30397.552734375,30470.302734375,29154.849609375,29449.091796875,19480529496,0.014193749682933044,0.14607663639886195,72.26331242654376,996.9676341206468,0.025715074438885384,-0.11471308369731467,0.032348662229154,0.0,0,4.83,3.4,302.845
2023-04-19,28822.6796875,30411.0546875,28669.8984375,30394.1875,24571565421,-0.03991922347580746,0.08206857414321214,54.904855165281276,855.3933932662767,0.08138981087539274,-0.06323271589024233,-0.0518092051895368,0.0,0,4.83,3.4,302.845
2023-04-20,28245.98828125,29076.400390625,28037.2578125,28823.68359375,21340360360,-0.05469843659597479,0.056768759980773194,51.43871491543621,688.7214582719316,0.10364989244783541,-0.04511169157224089,-0.020008250880993006,0.0,0,4.83,3.4,302.845
2023-04-21,27276.91015625,28349.96875,27177.365234375,28249.23046875,20759504330,-0.07800259654070665,0.01761799895613152,45.874792909046846,472.9839783387906,0.14562945957675827,-0.01811453702822561,-0.034308522518338824,0.0,1,4.83,3.4,302.845
2023-04-22,27817.5,27872.142578125,27169.5703125,27265.89453125,13125734602,-0.05229309238259258,0.03357902949705935,49.22298368395023,341.6927325554025,0.1239608430599088,-0.03916341198010292,0.01981858797984626,0.0,0,4.83,3.4,302.845
2023-04-23,27591.384765625,27820.244140625,27400.314453125,27816.14453125,12785446832,-0.050918190069185514,0.0212025682074723,45.491485144565075,216.8976041133683,0.13367704141094464,-0.032515050529648024,-0.008128524647254443,0.0,0,4.83,3.4,302.845
2023-04-24,27525.33984375,27979.982421875,27070.849609375,27591.73046875,17703288330,-0.04344945915427647,0.014934213042742674,34.7399684755938,111.38333473868624,0.13760623959038162,-0.03373779422178867,-0.002393679129772508,0.0,1,4.83,3.4,302.845
2023-04-25,28307.59765625,28371.078125,27207.931640625,27514.873046875,17733373139,-0.009341803533400332,0.03927331338212111,36.56159529820606,89.84846674156142,0.1061054305343912,-0.05991783182628155,0.02841955147295372,0.0,1,4.83,3.4,302.845
2023-04-26,28422.701171875,29995.837890625,27324.548828125,28300.05859375,31854242019,0.0013186857163248326,0.03876796495082912,38.06524828551313,81.13455184505074,0.10140737266508923,-0.06217433222914252,0.004066170397882152,0.0,1,4.83,3.4,302.845
2023-04-27,29473.787109375,29871.546875,28402.88671875,28428.46484375,27153445027,0.038242829942390755,0.07111003564780047,44.20369808914361,157.2301115204864,0.06322252177156487,-0.09146015930687751,0.036980508331842854,0.0,0,4.83,3.4,302.845
2023-04-28,29340.26171875,29572.791015625,28929.609375,29481.013671875,17544464887,0.037402982674090805,0.059345497468356885,42.86645326747443,204.40574550100428,0.06844309099771315,-0.08296145693232172,-0.00453030993708059,0.0,0,4.83,3.4,302.845
2023-04-29,29248.48828125,29452.455078125,29088.04296875,29336.56640625,10662634333,0.0326034427727293,0.04916703958883481,43.27301223530729,231.7163441125158,0.07228673040387498,-0.07744535705832424,-0.0031279011203009244,0.0,1,4.83,3.4,302.845
2023-04-30,29268.806640625,29952.029296875,29114.021484375,29245.515625,14652199272,0.02960286644796814,0.04343089138910882,43.434675862292046,252.09373244360904,0.07050975209299573,-0.0783657653440912,0.000694680667924441,0.0,0,4.83,3.4,302.845
2023-05-01,28091.568359375,29329.935546875,27680.79296875,29227.103515625,18655599976,-0.014633236800220375,-0.0027523219776418146,41.8240706307422,171.27531360109424,0.11109023812946518,-0.04309149267627614,-0.04022160164248023,0.0,1,5.06,3.6,303.334
2023-05-02,28680.537109375,28881.298828125,27924.123046875,28087.17578125,16432924527,0.0029896731051314426,0.014925575612496104,39.151576239277595,152.98744626179177,0.08372876003534259,-0.06328275717585226,0.020966033026897257,0.0,1,5.06,3.6,303.334
2023-05-03,29006.30859375,29259.533203125,28178.388671875,28680.494140625,19122972518,0.0093876628366828,0.023368116381625895,51.377651618166986,162.90336722801294,0.06539712422604635,-0.07244443276547367,0.01135862564681589,0.0,0,5.06,3.6,303.334
2023-05-04,28847.7109375,29353.185546875,28694.0390625,29031.3046875,15548678514,-0.0007297094881859755,0.01457132822218313,54.81650257395429,156.16413766048936,0.06343132767830194,-0.0651999228360091,-0.005467695268338013,0.0,1,5.06,3.6,303.334
2023-05-05,29534.384765625,29668.908203125,28845.509765625,28851.48046875,17936566518,0.018727217661087318,0.03545746297831314,68.92563894235036,203.88186559721362,0.03389702679742199,-0.08477937030527048,0.023803407820215394,0.0,0,5.06,3.6,303.334
2023-05-06,28904.623046875,29820.126953125,28468.966796875,29538.859375,15913866714,-0.004649664175451484,0.012327359483635805,58.97968448566866,188.70670774880637,0.04869694035458486,-0.061993377917590894,-0.021323001096775096,0.0,0,5.06,3.6,303.334
2023-05-07,28454.978515625,29157.517578125,28441.3671875,28901.623046875,11301355486,-0.016683674474221546,-0.0044589570891184465,56.87928944296052,138.79775585619427,0.062314514212076205,-0.04769654829016938,-0.015556145829018653,0.0,0,5.06,3.6,303.334
2023-05-08,27694.2734375,28663.271484375,27310.134765625,28450.45703125,19122903752,-0.03749654999483432,-0.030839833534413108,51.211614374525475,37.430533686983836,0.08035132428792487,-0.02015707017345456,-0.026733637409259936,0.0,0,5.06,3.6,303.334
2023-05-09,27658.775390625,27821.400390625,27375.6015625,27695.068359375,14128593256,-0.03338976451995691,-0.032008604581226105,44.788296560840834,-45.24654193632523,0.08124995215748529,-0.022619670303984946,-0.0012817829272578907,0.0,0,5.06,3.6,303.334
2023-05-10,27621.755859375,28322.6875,26883.669921875,27654.63671875,20656025026,-0.029094922108978488,-0.03292915459277712,43.48462846157513,-112.45952342824603,0.08326419589855745,-0.024134804360142308,-0.0013384371045779275,0.0,0,5.06,3.6,303.334
2023-05-11,27000.7890625,27621.94140625,26781.826171875,27621.0859375,16724343943,-0.047269056298371664,-0.05446692058841058,28.369508433871616,-213.3734896079186,0.10951111790818306,-0.00404830735953301,-0.022481076150133283,0.0,0,5.06,3.6,303.334
2023-05-12,26804.990234375,27055.646484375,25878.4296875,26987.662109375,19313599897,-0.04787679825868046,-0.060317276193841404,28.06378989783734,-305.62481134147674,0.12111662728637448,-0.0040516422290066585,-0.007251596524522896,0.0,0,5.06,3.6,303.334
2023-05-13,26784.078125,27030.482421875,26710.873046875,26807.76953125,9999171605,-0.04105018643562703,-0.060583258216700825,28.412192311061474,-376.086786537664,0.12475029091657962,-0.009046501468440934,-0.0007801573211611013,0.0,1,5.06,3.6,303.334
2023-05-14,26930.638671875,27150.9765625,26661.35546875,26788.974609375,10014858959,-0.029139194504789582,-0.05506894779512833,29.9612529744887,-415.31470881772475,0.12029732605170419,-0.01831578159363572,0.005471927993601522,0.0,1,5.06,3.6,303.334
2023-05-15,27192.693359375,27646.34765625,26766.09765625,26931.384765625,14413231792,-0.011345898521299276,-0.045337036308625886,40.863111049698745,-420.41125736970935,0.1098412081133446,-0.03221637366182197,0.009730726801279843,0.0,0,5.06,3.6,303.334
2023-05-16,27036.650390625,27299.3046875,26878.947265625,27171.513671875,12732238816,-0.010297690249547938,-0.050746479021224006,31.677620866269947,-432.0611404104966,0.11633741550922565,-0.03184805951712431,-0.005738415341494774,0.0,1,5.06,3.6,303.334
2023-05-17,27398.802734375,27465.927734375,26600.14453125,27035.470703125,15140006925,0.006851964051098276,-0.03811961380476989,32.227247854964645,-407.37512231811706,0.09529007335293592,-0.04592638152305074,0.013394867282656264,0.0,0,5.06,3.6,303.334
2023-05-18,26832.208984375,27466.52734375,26415.1015625,27401.650390625,15222938600,-0.010835648400353759,-0.057006918931491776,29.560398945157132,-428.59013523926114,0.11298936643054527,-0.0296981143926893,-0.02067950762275983,0.0,1,5.06,3.6,303.334
2023-05-19,26890.12890625,27128.619140625,26700.2109375,26826.75390625,11258983301,-0.005883512020428029,-0.0542112482714512,19.264495887506328,-435.70697341549385,0.10446273178447141,-0.034429132965899306,0.0021585968530852817,0.0,1,5.06,3.6,303.334
2023-05-20,27129.5859375,27155.158203125,26843.27734375,26888.841796875,7044911360,0.004797371301810782,-0.0448826941249774,27.309011938985293,-417.2155367482628,0.08692206075236916,-0.04304463593911039,0.008905016115201336,0.0,0,5.06,3.6,303.334
2023-05-21,26753.826171875,27265.91796875,26706.921875,27118.423828125,8647416921,-0.00821246414506815,-0.05701125581802496,27.83481018134438,-427.9484889050109,0.10127282929129436,-0.03368916226469568,-0.013850552916312875,0.0,1,5.06,3.6,303.334
2023-05-22,26851.27734375,27045.734375,26549.734375,26749.892578125,11056770492,-0.004770636431758217,-0.052676185878201456,36.72107281390907,-423.7067084918672,0.09263697304608608,-0.0393697358467385,0.0036425134576618667,0.0,1,5.06,3.6,303.334
2023-05-23,27225.7265625,27434.68359375,26816.1796875,26855.9609375,13697203143,0.007458981211744058,-0.039082723052623045,43.83672452795783,-385.68421683208726,0.0695474218563726,-0.05105988149286657,0.013945303754316907,0.0,0,5.06,3.6,303.334
2023-05-24,26334.818359375,27224.603515625,26106.576171875,27224.603515625,16299104428,-0.02335484941293923,-0.06932246845888915,35.26529148206687,-422.5688539082512,0.09875843185804846,-0.021527450446571932,-0.03272302765106416,0.0,1,5.06,3.6,303.334
2023-05-25,26476.20703125,26591.51953125,25890.59375,26329.4609375,13851122697,-0.01549538542852742,-0.0631989600710949,43.25287609263384,-435.37260595329644,0.07459806228552582,-0.0200106076590325,0.005368887301425707,0.0,1,5.06,3.6,303.334
2023-05-26,26719.291015625,26916.669921875,26343.94921875,26474.181640625,12711619225,-0.005282576955849552,-0.053710799345568445,48.910991053239776,-421.0512094463884,0.05041698854669848,-0.02270040064427505,0.009181223884829448,0.0,1,5.06,3.6,303.334
2023-05-27,26868.353515625,26888.8828125,26621.140625,26720.181640625,7892015141,0.0022460016793667296,-0.04771830047211753,51.03713734804924,-393.1414120754889,0.0327696748989667,-0.02220780411071881,0.005578834405180588,0.0,1,5.06,3.6,303.334
2023-05-28,28085.646484375,28193.44921875,26802.751953125,26871.158203125,14545229578,0.042777988184709834,-0.00467165039333863,61.249454042973476,-269.68852589229937,-0.00804196167824831,-0.06714479095222059,0.0453058267244435,0.0,0,5.06,3.6,303.334
2023-05-29,27745.884765625,28432.0390625,27563.876953125,28075.591796875,15181308984,0.026900380717906965,-0.01630309243177697,55.307589616662625,-196.99630458476167,0.004791171780916781,-0.056093705173221,-0.0120973437068298,0.0,0,5.06,3.6,303.334
2023-05-30,27702.349609375,28044.759765625,27588.501953125,27745.123046875,13251081851,0.02312024327110279,-0.01648623646503058,56.52797792379818,-141.2716273684855,0.006966204197557699,-0.05491536774930111,-0.0015690671469931194,0.0,0,5.06,3.6,303.334
2023-05-31,27219.658203125,27831.677734375,26866.453125,27700.529296875,15656371534,0.0035666111711024017,-0.031549623448258714,48.28384431446951,-134.5080565167773,0.02535614091623978,-0.03788512871910089,-0.01742420455507676,0.0,0,5.06,3.6,303.334
2023-06-01,26819.97265625,27346.10546875,26671.720703125,27218.412109375,14678970415,-0.01105532730871727,-0.043511035135323214,49.878906918947465,-159.55985452878303,0.040632072244051874,-0.023486843342957385,-0.014683709247646393,0.0,1,5.08,3.6,304.014
2023-06-02,27249.58984375,27303.861328125,26574.64453125,26824.556640625,14837415000,0.004697731108206469,-0.02600145971571806,53.313526542563956,-143.09752913045304,0.024892123776040446,-0.03784089235698956,0.01601855426947596,0.0,0,5.08,3.6,304.014
2023-06-03,27075.12890625,27317.052734375,26958.00390625,27252.32421875,8385597470,-0.004452065375094701,-0.029872032497586933,49.491924585733216,-142.48606659181314,0.03166565617846897,-0.03127702402600789,-0.0064023326039167605,0.0,1,5.08,3.6,304.014
2023-06-04,27119.06640625,27407.01953125,26968.224609375,27075.123046875,9360912318,-0.005188010666477137,-0.026064696957591275,53.63254960875932,-136.8782419066447,0.029806519803482596,-0.03293035262347885,0.001622799291266075,0.0,0,5.08,3.6,304.014
2023-06-05,25760.09765625,27129.982421875,25445.16796875,27123.109375,21513292646,-0.05170252649031509,-0.07183289803685396,41.324480851507886,-239.33254459597083,0.08880896667645317,0.008456456394141807,-0.05011119223804861,0.0,1,5.08,3.6,304.014
2023-06-06,27238.783203125,27313.8203125,25434.8671875,25732.109375,21929670693,0.0013662948283829923,-0.01699121990848727,50.08830311918055,-198.91775185717051,0.02903593602631186,-0.046210207230406315,0.057402171630208665,0.0,0,5.08,3.6,304.014
2023-06-07,26345.998046875,27332.181640625,26146.98828125,27235.650390625,19530045082,-0.02522064659427987,-0.046422016316060515,50.07558994225901,-236.20620018879345,0.06448530164343169,-0.016313166866380173,-0.03277624957004588,0.0,1,5.08,3.6,304.014
2023-06-08,26508.216796875,26797.513671875,26246.6640625,26347.654296875,11904824295,-0.01470677261954854,-0.03894043226684073,50.215821767486645,-249.78846084532051,0.05801810869597602,-0.02382062703363468,0.0061572444403654725,0.0,0,5.08,3.6,304.014
2023-06-09,26480.375,26770.2890625,26339.314453125,26505.923828125,11015551640,-0.011250734618217939,-0.03871915951919429,48.340986562703186,-259.8042390494884,0.05856676230449628,-0.024682168230111056,-0.0010503081775867784,0.0,0,5.08,3.6,304.014
2023-06-10,25851.240234375,26531.044921875,25501.8359375,26481.76171875,19872933189,-0.029784620056106038,-0.06058540655347626,43.37870084903252,-314.87801536700863,0.0864363068910095,-0.006545064668663821,-0.02375852931180167,0.0,1,5.08,3.6,304.014
2023-06-11,25940.16796875,26203.439453125,25668.986328125,25854.03125,10732609603,-0.02322180742509828,-0.05606592032765743,33.627930282795774,-347.34468164435384,0.08373553481633404,-0.014486897289139928,0.0034399794195076883,0.0,0,5.08,3.6,304.014
2023-06-12,25902.5,26087.919921875,25675.197265625,25934.28515625,11677889997,-0.019667486404602714,-0.05627665457998374,35.253295150966494,-371.8280367004663,0.08475247122900546,-0.017603177905484515,-0.001452109670044499,0.0,1,5.08,3.6,304.014
2023-06-13,25918.728515625,26376.3515625,25728.365234375,25902.94140625,14143474486,-0.014741170849200456,-0.05457858976227828,35.66878001318226,-385.47821349855076,0.08486466685010742,-0.020615043120162505,0.0006265231396582749,0.0,0,5.08,3.6,304.014
2023-06-14,25124.67578125,26041.80078125,24902.15234375,25920.2578125,14265717766,-0.03762973883975922,-0.08140976611323998,33.96912943500212,-455.1231204158721,0.1235925254411399,0.0005173705665356889,-0.030636253390914137,0.0,1,5.08,3.6,304.014
2023-06-15,25576.39453125,25735.30859375,24797.16796875,25121.673828125,15837384409,-0.019637364809674863,-0.06294406458051709,40.55927984394563,-468.4670860016231,0.10452597515385717,-0.022399710350053184,0.017979087727655774,0.0,1,5.08,3.6,304.014
2023-06-16,26327.462890625,26463.173828125,25245.357421875,25575.283203125,16324646965,0.012689141263012406,-0.0331978403013015,43.325366488527145,-413.66881856451437,0.07202940387070397,-0.051356391396577265,0.029365685552642073,0.0,1,5.08,3.6,304.014
2023-06-17,26510.67578125,26769.39453125,26174.4921875,26328.6796875,11090276850,0.019090920120790496,-0.024442484966566033,45.91948767967668,-351.40625515436477,0.05567660568355704,-0.05490917457937192,0.006959002900740696,0.0,0,5.08,3.6,304.014
2023-06-18,26336.212890625,26675.92578125,26325.890625,26510.45703125,9565695129,0.013054259186726024,-0.028780817237074312,44.445463769774875,-312.5376824452251,0.05554595887546388,-0.046877145637750035,-0.006580854145875503,0.0,1,5.08,3.6,304.014
2023-06-19,26851.029296875,26984.611328125,26312.83203125,26335.44140625,12826986222,0.03138677769954358,-0.00802663953633473,58.79383282244567,-237.45543857116718,0.029336319881781443,-0.062350366494723454,0.019547852547670663,0.0,1,5.08,3.6,304.014
2023-06-20,28327.48828125,28388.96875,26668.791015625,26841.6640625,22211859147,0.07784761418894326,0.04633666097994247,58.77903616241509,-58.14406996105026,-0.014178450959605113,-0.11744621186720686,0.05498705349618893,0.0,1,5.08,3.6,304.014
2023-06-21,30027.296875,30737.330078125,28283.41015625,28311.310546875,33346760979,0.12502883375687734,0.10802036481475391,76.26640199938626,218.60192226865183,-0.041320392284696014,-0.18538935410751894,0.06000562340273241,0.0,0,5.08,3.6,304.014
2023-06-22,29912.28125,30495.998046875,29679.158203125,29995.935546875,20653160491,0.10413175045799757,0.10303872898909293,74.45302439885367,423.7594797447018,-0.018327303023956666,-0.19266230408767068,-0.0038303689299371557,0.0,1,5.08,3.6,304.014
2023-06-23,30695.46875,31389.5390625,29845.21484375,29896.3828125,24115570085,0.11340932254240499,0.13037895542925956,77.31482583085051,642.1427856903865,-0.01988914615277891,-0.22495225195667332,0.02618280743799839,0.0,0,5.08,3.6,304.014
2023-06-24,30548.6953125,30804.1484375,30290.146484375,30708.73828125,12147822496,0.08670515685004594,0.12413414953335557,82.47058661520545,794.2145285459483,0.0032340055185296687,-0.228415855295768,-0.0047815994828226405,0.0,0,5.08,3.6,304.014
2023-06-25,30480.26171875,31041.271484375,30327.943359375,30545.150390625,12703464114,0.06568054513883947,0.12031679184668251,81.47201414131786,898.8490885063366,0.02118484223223991,-0.22689594087227946,-0.002240147837737516,0.0,0,5.08,3.6,304.014
2023-06-26,30271.130859375,30636.029296875,29955.744140625,30480.5234375,16493186997,0.04397414742524542,0.11114662590396893,79.5802578133658,953.9016342971663,0.04047980910346111,-0.2237776074711947,-0.006861189753050945,0.0,1,5.08,3.6,304.014
2023-06-27,30688.1640625,31006.787109375,30236.650390625,30274.3203125,16428827944,0.04332527609091586,0.12398403774043844,80.63152893031601,1019.4309027951385,0.04003683294190622,-0.23387317431435614,0.013776598074988877,0.0,0,5.08,3.6,304.014
2023-06-28,30086.24609375,30703.279296875,29921.822265625,30696.560546875,14571500779,0.009984953450425646,0.09998224793676895,82.67183450302446,1011.1378033671135,0.06970213572403264,-0.21551104004713803,-0.01961401038928634,0.0,1,5.08,3.6,304.014
2023-06-29,30445.3515625,30796.25,30057.203125,30086.1875,13180860821,0.009855072831816658,0.11081802091872887,82.45787088128851,1021.7640129649044,0.06657433978133909,-0.22123032559608666,0.011935868224670187,0.0,1,5.08,3.6,304.014
2023-06-30,30477.251953125,31256.86328125,29600.275390625,30441.353515625,26387306197,0.0037557653220134405,0.10916816785528509,80.59748779091268,1020.9901170248231,0.07273709220057353,-0.2141460182867753,0.0010477918298796851,0.0,1,5.08,3.6,304.014
2023-07-01,30590.078125,30641.2890625,30328.865234375,30471.84765625,9086606733,0.005607758039400647,0.11021560013360193,80.39398527226405,1017.7489516712012,0.07510511419504434,-0.20816841597028285,0.0037019798257575953,0.0,1,5.12,3.5,304.609
2023-07-02,30620.76953125,30766.140625,30264.01953125,30587.26953125,10533418042,0.00427767373825792,0.10824311858668641,82.62137698131221,1006.0596157625696,0.0786189951652584,-0.19814481741851112,0.0010033124506771962,0.0,1,5.12,3.5,304.609
2023-07-03,31156.439453125,31375.61328125,30586.513671875,30624.515625,15271884873,0.020303630971315205,0.12419163646226929,82.67638729783766,1028.1677410462617,0.06523267227040626,-0.20027831548584063,0.01749367929268808,0.0,0,5.12,3.5,304.609
2023-07-04,30777.58203125,31325.197265625,30659.35546875,31156.865234375,12810828427,0.007141992634115309,0.1076561242434661,72.31272189138616,1003.5496660500503,0.07535868184622416,-0.1690806621684985,-0.012159843310882601,0.0,0,5.12,3.5,304.609
2023-07-05,30514.166015625,30877.330078125,30225.61328125,30778.724609375,12481622280,-0.0015886006334463788,0.09543410406079927,56.00486021814132,951.8122936122782,0.0791874163768402,-0.14027139805466374,-0.0085586975402272,0.0,0,5.12,3.5,304.609
2023-07-06,29909.337890625,31460.052734375,29892.2265625,30507.150390625,21129219509,-0.02021849866059812,0.07178933312296921,49.96761105410867,852.182054025845,0.09461756721844701,-0.10451691734432547,-0.019821224171432172,0.0,1,5.12,3.5,304.609
2023-07-07,30342.265625,30434.64453125,29777.28515625,29907.998046875,13384770155,-0.004908941831456094,0.08457473915961611,45.78869514754471,798.9482433709381,0.07158135713659199,-0.09724784828832196,0.014474667943441766,0.0,0,5.12,3.5,304.609
2023-07-08,30292.541015625,30374.4375,30080.16015625,30346.921875,7509378699,-0.007211363863702676,0.08016998313016702,46.873469823671236,744.1693830687109,0.05852542872207481,-0.06789068668413123,-0.0016387902600796256,0.0,0,5.12,3.5,304.609
2023-07-09,30171.234375,30427.58984375,30085.591796875,30291.611328125,7903327692,-0.01029786816209858,0.07351578871150657,46.27618312418214,683.094026792678,0.04199738687464659,-0.03235454878227911,-0.004004505286051452,0.0,1,5.12,3.5,304.609
2023-07-10,30414.470703125,31026.083984375,29985.39453125,30172.423828125,14828209155,-0.0021135210848334043,0.07935862681829384,51.71318096550668,646.8618846400277,0.02051651942016759,-0.020083767714870127,0.008061862007427312,0.0,1,5.12,3.5,304.609
2023-07-11,30620.951171875,30788.314453125,30358.09765625,30417.6328125,12151839152,0.004559264518230047,0.08378650643625424,49.1541055365984,627.5746096954717,0.013851503657517505,-0.02496917246666555,0.006788889103658935,0.0,0,5.12,3.5,304.609
2023-07-12,30391.646484375,30959.96484375,30228.8359375,30622.24609375,14805659717,-0.0022133639216903606,0.0732653217014743,54.24134763996461,587.0195376198753,0.02046873945067278,-0.01500301699391474,-0.007488490028050299,0.0,1,5.12,3.5,304.609
2023-07-13,31476.048828125,31814.515625,30268.3515625,30387.48828125,23686079548,0.032305389306900606,0.10753873870319536,61.913998915425296,635.0609696817846,-0.008448431850556071,-0.05269756476132713,0.03568093437476372,0.0,0,5.12,3.5,304.609
2023-07-14,30334.068359375,31582.25390625,29966.38671875,31474.720703125,20917902660,-0.003698423381977915,0.06446626880361843,48.6829217111849,574.3649492068507,0.02866936798629706,-0.017531268632634798,-0.036280934592069825,0.0,0,5.12,3.5,304.609
2023-07-15,30295.806640625,30407.78125,30263.462890625,30331.783203125,8011667756,-0.00424095840796598,0.06046174271984876,47.255487222196116,517.213400624416,0.029865079722317316,-0.01679588497956825,-0.001261344778969442,0.0,0,5.12,3.5,304.609
2023-07-16,30249.1328125,30437.560546875,30089.669921875,30297.47265625,8516564470,-0.006884173860245863,0.05632788772693614,46.54424531248865,462.81910817379685,0.031468215820919986,-0.01536561706356934,-0.001540603578530031,0.0,0,5.12,3.5,304.609
2023-07-17,30145.888671875,30336.400390625,29685.783203125,30249.626953125,13240156074,-0.009635287314362436,0.05120990814590811,39.781360673519096,406.69220562646296,0.0344310511508128,-0.013222507671333709,-0.0034131272874816654,0.0,0,5.12,3.5,304.609
2023-07-18,29856.5625,30233.65625,29556.427734375,30147.0703125,13138897269,-0.017733451244695796,0.03959058937661202,40.514953226664225,335.0033172061703,0.04514775714721712,-0.005121904371968698,-0.009597533349379406,0.0,1,5.12,3.5,304.609
2023-07-19,29913.923828125,30184.181640625,29794.26953125,29862.046875,12128602812,-0.01501246044596857,0.0399861805322118,43.544475990182825,279.59494000701307,0.0435248119234182,-0.009187325767664931,0.0019212301525000086,0.0,0,5.12,3.5,304.609
2023-07-20,29792.015625,30195.53125,29638.095703125,29915.25,14655207121,-0.01701186470611378,0.03389868438276864,48.59195438671995,223.27268024263321,0.04828743161376913,-0.007925552985424491,-0.0040752996439197275,0.0,1,5.12,3.5,304.609
2023-07-21,29908.744140625,30045.998046875,29733.8515625,29805.111328125,10972789818,-0.01083594026068746,0.03572917206500768,44.36976230855903,185.91281209826047,0.043774200423971225,-0.013653534546902489,0.0039181140710413676,0.0,0,5.12,3.5,304.609
2023-07-22,29771.802734375,29991.615234375,29664.12109375,29908.697265625,7873300598,-0.013342326193901759,0.029189083726679714,43.386873060346545,143.59949482448428,0.04812334665339148,-0.011516311748627946,-0.004578641136054662,0.0,1,5.12,3.5,304.609
2023-07-23,30084.5390625,30330.640625,29741.52734375,29790.111328125,9220145050,0.0016410926349608775,0.03784075083525611,48.950060458805694,133.7592012572859,0.03250710889057504,-0.02063407584125911,0.010504447141318263,0.0,0,5.12,3.5,304.609
2023-07-24,29176.916015625,30093.39453125,28934.294921875,30081.662109375,15395817395,-0.024820480401827792,0.00510298619527582,37.089904572204915,52.12227006494868,0.06523077472274352,0.003740675778478878,-0.03016908602087709,0.0,1,5.12,3.5,304.609
2023-07-25,29227.390625,29353.16015625,29062.43359375,29178.970703125,10266772793,-0.019632610982760892,0.004442286623817381,34.97336073428254,-8.405809979638434,0.06395956947790285,-0.0029637904221905017,0.0017299501204297574,0.0,1,5.12,3.5,304.609
2023-07-26,29354.97265625,29675.552734375,29113.912109375,29225.759765625,13497554655,-0.012391061295470025,0.007361603978198421,38.57091486168442,-45.55481823417722,0.060260545997803935,-0.010110716453113079,0.004365152978824893,0.0,0,5.12,3.5,304.609
2023-07-27,29210.689453125,29560.966796875,29099.3515625,29353.798828125,10770779217,-0.014143424457791936,0.0004433026266161658,18.494010987100594,-85.65079454347142,0.06575313122946584,-0.009350639713256795,-0.004915119656712763,0.0,1,5.12,3.5,304.609
2023-07-28,29319.24609375,29521.513671875,29125.845703125,29212.1640625,11218474952,-0.008681962439711909,0.0022314748996812143,30.192415166008303,-107.4291545701999,0.061426676908810325,-0.015957810268709988,0.0037163327075591113,0.0,1,5.12,3.5,304.609
2023-07-29,29356.91796875,29396.84375,29264.166015625,29319.4453125,6481775959,-0.005535354959641922,0.0015495799173355753,31.67028778553012,-120.26254456755123,0.05970073125211569,-0.019630533786148888,0.001284885528077373,0.0,0,5.12,3.5,304.609
2023-07-30,29275.30859375,29443.169921875,29059.501953125,29357.09375,8678454527,-0.006561010520832662,-0.0035626381825299715,31.244094085358142,-135.4568310946197,0.06121058404220715,-0.01934458508484139,-0.002779902682116475,0.0,0,5.12,3.5,304.609
2023-07-31,29230.111328125,29489.873046875,29131.578125,29278.314453125,11656781982,-0.005805222518671424,-0.007324186490134086,31.958681171197796,-149.42299892386654,0.059854484695495,-0.019589479450542503,-0.0015438698273756435,0.0,1,5.12,3.5,304.609
2023-08-01,29675.732421875,29675.732421875,28657.0234375,29230.873046875,18272392391,0.0096814750735655,0.005233183492960527,46.64420407994613,-123.1142055687269,0.04170027621104179,-0.03448505438791792,0.015245275282999904,0.0,0,5.33,3.7,306.082
2023-08-02,29151.958984375,29987.998046875,28946.509765625,29704.146484375,19212655598,-0.004982108207550721,-0.014667387734218615,37.946291190286985,-142.88138863158383,0.04637749451216562,-0.011070951875900086,-0.01764989082843693,0.0,1,5.33,3.7,306.082
2023-08-03,29178.6796875,29375.70703125,28959.48828125,29161.8125,12780357746,-0.004076069457253884,-0.01645962035968249,39.996215466128426,-154.60865387448575,0.04223262384836909,-0.012749637689007661,0.0009166006009861949,0.0,0,5.33,3.7,306.082
2023-08-04,29074.091796875,29302.078125,28885.3359375,29174.3828125,12036639988,-0.0071263440979088995,-0.022290429274817832,36.33231627359546,-170.37795377135626,0.04267813177037778,-0.010096584155128832,-0.0035843942133476636,0.0,0,5.33,3.7,306.082
2023-08-05,29042.126953125,29102.46484375,28957.796875,29075.388671875,6598366353,-0.007157221778460643,-0.025145225545364972,37.62591233864739,-183.34109132563754,0.04024428615731954,-0.009581655653368723,-0.0010994270766331304,0.0,0,5.33,3.7,306.082
2023-08-06,29041.85546875,29160.822265625,28963.833984375,29043.701171875,7269806994,-0.006593127377206997,-0.02680806224571617,30.22176941315945,-191.42969538439866,0.03682300726404634,-0.009942918383705835,-9.347950838400898e-06,0.0,1,5.33,3.7,306.082
2023-08-07,29180.578125,29244.28125,28724.140625,29038.513671875,13618163710,-0.0013742982938546359,-0.024019972326493253,50.09807275272173,-184.5191909958594,0.029981723163547642,-0.015053852153452684,0.004776645775930843,0.0,1,5.33,3.7,306.082
2023-08-08,29765.4921875,30176.796875,29113.814453125,29180.01953125,17570561357,0.01722047816263849,-0.006393898138080858,61.20355640572695,-130.3423840989053,0.008769598732154263,-0.03393522939244855,0.020044635853149417,0.0,0,5.33,3.7,306.082
2023-08-09,29561.494140625,30093.435546875,29376.80078125,29766.6953125,18379521213,0.009261866395401443,-0.014015889257667474,54.16728082157769,-102.68413304318165,0.014574233740528953,-0.02689172472281325,-0.006853508270246889,0.0,0,5.33,3.7,306.082
2023-08-10,29429.591796875,29688.564453125,29354.447265625,29563.97265625,11865344789,0.004074752235686191,-0.018023788814722004,54.439288243598014,-90.36649786512498,0.01654558121911519,-0.021582483715015314,-0.004461964714047806,0.0,0,5.33,3.7,306.082
2023-08-11,29397.71484375,29517.7734375,29253.517578125,29424.90234375,10195168197,0.003939451998465239,-0.018750474379507675,51.642408276795834,-82.2290022015186,0.015835917758210576,-0.01998211986389624,-0.001083159880198692,0.0,1,5.33,3.7,306.082
2023-08-12,29415.96484375,29465.11328125,29357.587890625,29399.787109375,6194358008,0.003657809579455548,-0.01730194002862064,51.2460247721199,-73.46054830893263,0.009601953962545002,-0.017259234295145105,0.0006207965516027425,0.0,0,5.33,3.7,306.082
2023-08-13,29282.9140625,29441.43359375,29265.806640625,29416.59375,7329897180,-0.0012370181014304464,-0.020918735801606147,50.15708250906028,-76.3672573154945,0.014222651467447186,-0.012465480783710696,-0.004523080645381872,0.0,1,5.33,3.7,306.082
2023-08-14,29408.443359375,29660.25390625,29124.10546875,29283.263671875,14013695304,0.0019019012904527312,-0.016016382952248515,53.56495284263857,-67.76057821305221,0.010217031723329347,-0.01638866889465361,0.004286776125049352,0.0,0,5.33,3.7,306.082
2023-08-15,29170.34765625,29439.12109375,29088.853515625,29408.048828125,12640195779,-0.006643591736515339,-0.023263389256965205,38.982997446253385,-79.2386426617013,0.01831685409450534,-0.00884728358003401,-0.008096168172366025,0.0,0,5.33,3.7,306.082
2023-08-16,28701.779296875,29221.9765625,28701.779296875,29169.07421875,14949271904,-0.0214668255441521,-0.037672755105562825,39.944402175051124,-124.70709626635289,0.03694987961123515,0.00355201245488026,-0.016063173634291772,0.0,0,5.33,3.7,306.082
2023-08-17,26664.55078125,28745.947265625,25409.111328125,28699.802734375,31120851211,-0.08305683265769899,-0.10392190761256433,20.414779716364478,-321.4233207498655,0.14064106227529424,0.04580362632914824,-0.07097917151940503,0.0,0,5.33,3.7,306.082
2023-08-18,26049.556640625,26808.1953125,25668.921875,26636.078125,24026236529,-0.09261032706567546,-0.12199511594361233,18.22544849876641,-520.9421366685783,0.18448809950329156,0.04087911486493534,-0.02306411031148714,0.0,1,5.33,3.7,306.082
2023-08-19,26096.205078125,26249.44921875,25802.408203125,26047.83203125,10631443812,-0.07987889342900382,-0.11781749099836922,19.146517182325994,-667.6023918850187,0.19140686185998207,0.01780013864902692,0.0017907574452629138,0.0,1,5.33,3.7,306.082
2023-08-20,26189.583984375,26260.681640625,26004.314453125,26096.861328125,9036580420,-0.06591559476041801,-0.11201891681502851,20.698800353934715,-767.4501162211454,0.19192993139102646,-0.0022095354827951037,0.00357825614760654,0.0,0,5.33,3.7,306.082
2023-08-21,26124.140625,26220.201171875,25846.087890625,26188.69140625,13371557893,-0.05724244140090798,-0.11152866622446055,18.121456968644083,-842.1530728879552,0.19554890551084647,-0.013938116878445286,-0.002498831574187843,0.0,0,5.33,3.7,306.082
2023-08-22,26031.65625,26135.5078125,25520.728515625,26130.748046875,14503820706,-0.048964838142913365,-0.11157712589700196,6.597930748267075,-898.461515314797,0.20116760552724836,-0.02379263508861174,-0.0035401882238949023,0.0,1,5.33,3.7,306.082
2023-08-23,26431.640625,26786.8984375,25804.998046875,26040.474609375,16985265785,-0.024187059237902372,-0.0952423502506719,15.204020346664564,-900.4313532239757,0.18122687476294772,-0.047194649831299035,0.015365306423789304,0.0,0,5.33,3.7,306.082
2023-08-24,26162.373046875,26554.91015625,25914.92578125,26431.51953125,12871532023,-0.022412608965138487,-0.10178339762820773,14.753406843100223,-913.193382282745,0.1917269969082432,-0.046860364358440515,-0.01018731988472621,0.0,0,5.33,3.7,306.082
2023-08-25,26047.66796875,26248.103515625,25786.8125,26163.6796875,12406045118,-0.015207892138891841,-0.10334391708501953,14.494379045352659,-921.935623449499,0.19457392405110438,-0.05175810095753625,-0.004384352975912553,0.0,0,5.33,3.7,306.082
2023-08-26,26008.462890625,26107.384765625,25983.87890625,26047.234375,6034817316,-0.006574372054660138,-0.10201417270775527,14.045145508015779,-921.4060394453954,0.19286836043067662,-0.05848556150247309,-0.0015051281432193475,0.0,1,5.33,3.7,306.082
2023-08-27,26089.693359375,26165.373046875,25965.09765625,26008.2421875,6913768611,-0.001278741420334508,-0.09658766452261115,15.933627907383794,-904.0108460439478,0.18356302814630943,-0.06767279581003972,0.0031232321991347956,0.0,1,5.33,3.7,306.082
2023-08-28,26106.150390625,26198.578125,25880.599609375,26089.615234375,11002805166,-0.0008652164695392229,-0.09346568571408614,13.930585575937656,-878.7672037517113,0.17191355770947986,-0.07137432294911261,0.0006307866874213364,0.0,1,5.33,3.7,306.082
2023-08-29,27727.392578125,28089.337890625,25912.62890625,26102.486328125,29368391712,0.054599238063718115,-0.03536799054990077,37.89637375984985,-719.6451191495144,0.09436357951650616,-0.12325926980473012,0.062101924766441385,0.0,0,5.33,3.7,306.082
2023-08-30,27297.265625,27760.16015625,27069.20703125,27726.083984375,16343655235,0.033883776097563115,-0.04813074234614935,38.14235355923473,-621.0878568854023,0.10159196020988748,-0.10724017646323256,-0.015512708305083889,0.0,0,5.33,3.7,306.082
2023-08-31,25931.47265625,27456.078125,25752.9296875,27301.9296875,20181001451,-0.01712839389662766,-0.09293513542262133,43.01958123736281,-645.7448499760758,0.14755385243500613,-0.061527852718505686,-0.0500340578984273,0.0,0,5.33,3.7,306.082
2023-09-01,25800.724609375,26125.869140625,25362.609375,25934.021484375,17202862221,-0.02122737970746946,-0.09391109581019375,47.38990017856572,-668.1341349120703,0.1390126124129499,-0.05642760900908172,-0.005042060225742162,0.0,1,5.33,3.7,307.276
2023-09-02,25868.798828125,25970.28515625,25753.09375,25800.91015625,10100387473,-0.016545064019010094,-0.08866219302812817,47.62531776100457,-672.6311112446856,0.12022020783731949,-0.056313376301228915,0.0026384615075991658,0.0,1,5.33,3.7,307.276
2023-09-03,25969.56640625,26087.1484375,25817.03125,25869.47265625,8962524523,-0.011989974807428095,-0.08231493957576864,47.70601361701227,-660.4506322104717,0.09490041610723261,-0.05224394276230612,0.0038953327054152,0.0,0,5.33,3.7,307.276
2023-09-04,25812.416015625,26081.525390625,25657.025390625,25968.169921875,10680635106,-0.017089029332468822,-0.08499907684026894,46.81082938857396,-655.917232422009,0.07802299373126502,-0.03593945789651622,-0.006051329012069284,0.0,0,5.33,3.7,307.276
2023-09-05,25779.982421875,25858.375,25589.98828125,25814.95703125,11094740040,-0.017469236137742844,-0.08331139538713783,47.3931618571413,-647.4778784433329,0.05514369312474567,-0.021824615542825224,-0.0012565113521479931,0.0,0,5.33,3.7,307.276
2023-09-06,25753.236328125,25953.015625,25404.359375,25783.931640625,12752705327,-0.017228369251231685,-0.08158237128998783,42.38423519165978,-635.6207752156697,0.05430304886722189,-0.02241090272691212,-0.0010374752516241204,0.0,1,5.33,3.7,307.276
2023-09-07,26240.1953125,26409.302734375,25608.201171875,25748.3125,11088307100,0.0008425564818347405,-0.06175788761938668,50.83292256840751,-580.2417494294277,0.03506396079295989,-0.040152647192195204,0.018908652030005024,0.0,0,5.33,3.7,307.276
2023-09-08,25905.654296875,26414.005859375,25677.48046875,26245.208984375,10817356400,-0.00500373702304201,-0.07113820670488054,48.54835521784355,-556.9282148099592,0.048325121547641424,-0.0283874345004047,-0.012749181613965876,0.0,0,5.33,3.7,307.276
2023-09-09,25895.677734375,25921.9765625,25810.494140625,25905.42578125,5481314132,-3.6579933131128012e-06,-0.06881614707674365,48.84019490092268,-533.1117158652487,0.04843450010261079,-0.028853574925591662,-0.0003851113886439439,0.0,0,5.33,3.7,307.276
2023-09-10,25832.2265625,25978.130859375,25640.26171875,25895.2109375,7899553047,-0.002071451913415408,-0.06845848390745961,47.34267146756911,-513.4383504499892,0.05083202649911856,-0.027420484169936223,-0.0024502611024840304,0.0,0,5.33,3.7,307.276
2023-09-11,25162.654296875,25883.947265625,24930.296875,25831.71484375,14600006467,-0.025535802070253282,-0.0893715409087254,41.418990308949745,-545.5867679613912,0.0806204494941105,-0.006819944203493101,-0.02592003689674205,0.0,1,5.33,3.7,307.276
2023-09-12,25833.34375,26451.939453125,25133.078125,25160.658203125,18657279324,0.0005751085537820584,-0.06283150226128982,29.17267841855883,-511.05446897646107,0.051157011485506,-0.03351283765251163,0.026654161568650414,0.0,1,5.33,3.7,307.276
2023-09-13,26228.32421875,26376.11328125,25781.123046875,25837.5546875,13072077070,0.01485635396610027,-0.0464276620269906,38.15415370177015,-446.6668529600465,0.03551709970738201,-0.048005805038614714,0.01528956036711282,0.0,1,5.33,3.7,307.276
2023-09-14,26539.673828125,26774.623046875,26171.451171875,26228.27734375,13811359124,0.024021863101709794,-0.033128777610238545,58.79554335109583,-366.2934886328294,0.025061362620395995,-0.059012663271183076,0.011870739692642074,0.0,1,5.33,3.7,307.276
2023-09-15,26608.693359375,26840.498046875,26240.701171875,26533.818359375,11479735788,0.023412543867617173,-0.02877299075448478,61.896901191990814,-293.64278772252874,0.024391706182101833,-0.06118691621794329,0.0026006171627044328,0.0,0,5.33,3.7,307.276
2023-09-16,26568.28125,26754.76953125,26473.890625,26606.19921875,7402031417,0.018664927365262755,-0.028296649105964626,60.38408968471522,-236.60012436434772,0.02750460383733937,-0.05951229922128511,-0.001518755875352329,0.0,0,5.33,3.7,307.276
2023-09-17,26534.1875,26617.998046875,26445.07421875,26567.927734375,6774210670,0.016212243907652066,-0.02753568179943247,58.55130201431221,-191.9320106294217,0.03011752907182617,-0.05798339992946962,-0.0012832501161511578,0.0,1,5.33,3.7,307.276
2023-09-18,26754.28125,27414.734375,26415.515625,26532.994140625,15615339655,0.02132205446139549,-0.017654094791270385,63.997861286676404,-137.1910296618371,0.011894148125553618,-0.05962097222029541,0.008294723552398242,0.0,1,5.33,3.7,307.276
2023-09-19,27211.1171875,27488.763671875,26681.60546875,26760.8515625,13807690550,0.033571220558168545,0.0006032393987024065,68.88678102406145,-56.296613323567726,-0.006056195157646309,-0.07476311037091322,0.017075246134672373,0.0,0,5.33,3.7,307.276
2023-09-20,27132.0078125,27379.505859375,26864.08203125,27210.228515625,13281116604,0.02550345190107744,-0.0004358249204198966,67.94768729326998,1.4130403696435678,0.0027449905436961147,-0.07354370700433413,-0.00290724465500225,0.0,0,5.33,3.7,307.276
2023-09-21,26567.6328125,27152.939453125,26389.30078125,27129.83984375,13371443708,-0.0011324822403723594,-0.01936053112430483,54.17809748628302,1.5896859655294975,0.02545111137888219,-0.05238126781629991,-0.02080107760178318,0.0,1,5.33,3.7,307.276
2023-09-22,26579.568359375,26726.078125,26495.533203125,26564.056640625,10578746709,-0.0034795698666155272,-0.017033941750262925,59.370603846183094,2.662090830221132,0.02630872189726071,-0.05145076481541793,0.0004492514240630463,0.0,0,5.33,3.7,307.276
2023-09-23,26579.390625,26634.185546875,26520.51953125,26578.556640625,7404700301,-0.0047961379036182035,-0.015223423066271145,59.53283106791041,3.4577786136069335,0.02752719378487299,-0.05036168109029819,-6.686879658768241e-06,0.0,0,5.33,3.7,307.276
2023-09-24,26256.826171875,26716.05859375,26221.05078125,26579.373046875,8192867686,-0.015831527279010046,-0.025162563874445723,55.521151270325745,-21.689861447710427,0.040117911410855876,-0.03697041888752019,-0.01213588594546644,0.0,1,5.33,3.7,307.276
2023-09-25,26298.48046875,26421.5078125,26011.46875,26253.775390625,11997833257,-0.013122731453227081,-0.02162304577537293,67.65190289530508,-37.822400645920425,0.0383245602583494,-0.03637827385367219,0.0015864178176880905,0.0,0,5.33,3.7,307.276
2023-09-26,26217.25,26389.884765625,26090.712890625,26294.7578125,9985498161,-0.014873299322598576,-0.022489751699851672,57.30461927236241,-56.510753357953945,0.04107287652595782,-0.03115396131984364,-0.0030887894396227633,0.0,1,5.33,3.7,307.276
2023-09-27,26352.716796875,26817.841796875,26111.46484375,26209.498046875,11718380997,-0.00910738917277797,-0.014931965392603419,52.6261794076922,-59.70215982483933,0.035883752616418775,-0.03586989315829098,0.005167086436411061,0.0,1,5.33,3.7,307.276
2023-09-28,27021.546875,27259.5,26327.322265625,26355.8125,14079002707,0.015021349477557266,0.01199063121941226,58.83911611346731,-8.168216666988883,0.013061975869620044,-0.05842228295094813,0.02537992888096885,0.0,0,5.33,3.7,307.276
2023-09-29,26911.720703125,27225.9375,26721.763671875,27024.841796875,10396435377,0.012034073466376449,0.009781900521847584,55.47651891772831,23.539402770551533,0.018832965462315384,-0.052440962268423444,-0.004064392478456136,0.0,1,5.33,3.7,307.276
2023-09-30,26967.916015625,27091.794921875,26888.96875,26911.689453125,5331172801,0.014773532591395437,0.013738932329237518,57.181505043932155,52.596116400869505,0.017994272239642842,-0.051488543825243115,0.0020881352448591795,0.0,1,5.33,3.7,307.276
2023-10-01,27983.75,28047.23828125,26965.09375,26967.396484375,9503917434,0.04741690133371938,0.05305858178278894,69.25495295329992,155.79715157247847,-0.014228836499525721,-0.08057007721155661,0.037668241913332734,0.0,0,5.33,3.9,307.696
2023-10-02,27530.78515625,28494.458984375,27347.787109375,27976.798828125,19793041322,0.026806871878242454,0.03738101182032456,59.713584016137105,198.74324969470763,0.004824366069272775,-0.06211133643667824,-0.016186709920936293,0.0,0,5.33,3.9,307.696
2023-10-03,27429.978515625,27667.19140625,27216.001953125,27508.251953125,11407814187,0.019811857165086637,0.03512591472219926,53.005535418578816,222.08404185235122,0.011272371750410935,-0.057038961096621994,-0.003661597010505724,0.0,1,5.33,3.9,307.696
2023-10-04,27799.39453125,27826.658203125,27248.10546875,27429.07421875,11143355314,0.027652613159120758,0.05015318606568837,58.48816631839803,267.3091988707092,0.0033607097364209693,-0.07056492604902342,0.013467601347721292,0.0,0,5.33,3.9,307.696
2023-10-05,27415.912109375,28091.861328125,27375.6015625,27798.646484375,11877253670,0.009307298000963663,0.03667383922810862,61.30923025085447,269.1045651728855,0.01962501358249479,-0.05684973915850501,-0.01379463216164356,0.0,1,5.33,3.9,307.696
2023-10-06,27946.59765625,28252.537109375,27215.552734375,27412.123046875,13492391599,0.022335568819092974,0.055716995717936355,66.0106130624207,309.778362280882,0.005750530888940673,-0.07531496523351718,0.01935684447622399,0.0,1,5.33,3.9,307.696
2023-10-07,27968.83984375,28028.091796875,27870.423828125,27946.78125,6553044316,0.017135857192538698,0.05502736281297829,66.1895212494322,339.8893651457729,0.009752108229545215,-0.07572225245952884,0.0007958817661306572,0.0,0,5.33,3.9,307.696
2023-10-08,27935.08984375,28102.169921875,27740.662109375,27971.677734375,7916875290,0.012544544052008102,0.05229440182005656,70.96579627087561,356.914915935693,0.015042547885402772,-0.07444910602947095,-0.001206700034343422,0.0,0,5.33,3.9,307.696
2023-10-09,27583.677734375,27989.470703125,27302.5625,27934.47265625,12007668568,-0.0026220674428763585,0.037966798713219625,64.90207295260431,338.1537414085833,0.0292880955653385,-0.06262111498642814,-0.012579594744121514,0.0,0,5.33,3.9,307.696
2023-10-10,27391.01953125,27715.84765625,27301.654296875,27589.201171875,9973350678,-0.011101139450479323,0.029735321699711187,63.26721910504277,304.2324660578997,0.03720593901259254,-0.05576054910734171,-0.006984500217130485,0.0,0,5.33,3.9,307.696
2023-10-11,26873.3203125,27474.115234375,26561.099609375,27392.076171875,13648094333,-0.025886441575307242,0.009634062220853246,55.41640537907664,232.89098824972825,0.056951428165941016,-0.036197107765101905,-0.018900326735168282,0.0,0,5.33,3.9,307.696
2023-10-12,26756.798828125,26921.439453125,26558.3203125,26873.29296875,9392909295,-0.0273814009620712,0.005010786272407052,46.88787573084445,165.0474785268052,0.06133807299945088,-0.031121322452477545,-0.0043359541366684295,0.0,1,5.33,3.9,307.696
2023-10-13,26862.375,27092.697265625,26686.322265625,26752.87890625,15165312851,-0.021524825227190326,0.008446031443651395,49.419359049610385,118.43487945156085,0.05688447475857175,-0.03359354797436139,0.003945769916393171,0.0,0,5.33,3.9,307.696
2023-10-14,26861.70703125,26969.0,26814.5859375,26866.203125,5388116782,-0.018195732487646308,0.007804984471148256,48.733712962518794,80.51206637890937,0.055503980275882096,-0.029910907132290873,-2.4866332556272575e-05,0.0,1,5.33,3.9,307.696
2023-10-15,27159.65234375,27289.169921875,26817.89453125,26858.01171875,7098201980,-0.006375066088073697,0.018103928132202494,38.14530485091233,73.65066150570783,0.042506283265716545,-0.03596348245724477,0.011091823470242623,0.0,1,5.33,3.9,307.696
2023-10-16,28519.466796875,29448.138671875,27130.47265625,27162.62890625,27833876539,0.04119104995512898,0.06713385378849876,61.279424367326804,175.91082019900568,-0.0021837083309579563,-0.0788734533514373,0.05006744695824206,0.0,0,5.33,3.9,307.696
2023-10-17,28415.748046875,28618.751953125,28110.185546875,28522.09765625,14872527508,0.035714629962494776,0.06141837938994277,61.23873374359029,245.75063603906165,0.004653318713042449,-0.07144608458072577,-0.0036367703063566736,0.0,0,5.33,3.9,307.696
2023-10-18,28328.341796875,28889.009765625,28174.251953125,28413.53125,12724128586,0.031050937614012102,0.05767863665322028,56.44494874664034,290.69528507569703,0.011604844408370287,-0.06781972720952911,-0.0030759792019486865,0.0,1,5.33,3.9,307.696
2023-10-19,28719.806640625,28892.474609375,28177.98828125,28332.416015625,14448058195,0.04099424545479271,0.07115669143800694,65.85643573763016,353.82352715482193,0.0036792396159787757,-0.08009324669039194,0.013818840741083749,0.0,1,5.33,3.9,307.696
2023-10-20,29682.94921875,30104.0859375,28601.669921875,28732.8125,21536125230,0.06704045956614856,0.10398946011931488,69.10589897951377,476.08268570365544,-0.01517865186266754,-0.11450446403601951,0.033535830870205396,0.0,1,5.33,3.9,307.696
2023-10-21,29918.412109375,30287.482421875,29481.751953125,29683.380859375,11541146996,0.06385935396038873,0.10934907291185991,70.4905803530556,585.2276965173696,-0.010067897874631934,-0.12786846382049114,0.007932597562652743,0.0,1,5.33,3.9,307.696
2023-10-22,29993.896484375,30199.43359375,29720.3125,29918.654296875,10446520040,0.0544065289394688,0.1087561709439928,71.45048482443556,670.0924534623882,-0.0006709866828587285,-0.13373951024441322,0.002523007395046406,0.0,1,5.33,3.9,307.696
2023-10-23,33086.234375,34370.4375,30097.828125,30140.685546875,38363572311,0.138211331857775,0.21666622474930483,86.48958444773884,975.6277790564927,-0.05478690016801319,-0.23689164557348893,0.10309890521346299,0.0,1,5.33,3.9,307.696
2023-10-24,33901.52734375,35150.43359375,32880.76171875,33077.3046875,44934999645,0.1386819874841679,0.23927402421891342,89.88042739096166,1268.926658108212,-0.04186299380014893,-0.272899148760952,0.02464145540134477,0.0,1,5.33,3.9,307.696
2023-10-25,34502.8203125,35133.7578125,33709.109375,33916.04296875,25254318008,0.13098339521222369,0.2532619445975489,96.26110073429341,1532.2249151788383,-0.026007991594959125,-0.2975833090256197,0.017736456610143003,0.0,0,5.33,3.9,307.696
2023-10-26,34156.6484375,34832.91015625,33762.32421875,34504.2890625,19427195376,0.09932238641524434,0.23315956497548845,93.65291585697204,1693.436620403074,0.008244671367362936,-0.2966647629902648,-0.010033147199696724,0.0,0,5.33,3.9,307.696
2023-10-27,33909.80078125,34238.2109375,33416.88671875,34156.5,16418032871,0.07241473317853962,0.21750515708810023,90.89233056734807,1780.752113508639,0.03502170373498646,-0.2934623923771551,-0.007226928505637331,0.0,1,5.33,3.9,307.696
2023-10-28,34089.57421875,34399.390625,33874.8046875,33907.72265625,10160330825,0.05880846707690208,0.2168089060876318,91.08537287238389,1843.2091174972302,0.04743113583498102,-0.29700218205959317,0.005301518539129857,0.0,1,5.33,3.9,307.696
2023-10-29,34538.48046875,34743.26171875,33947.56640625,34089.37109375,11160323986,0.05370810444608904,0.22527243675296793,91.23578561879656,1906.947620707695,0.05131608614702445,-0.30350155613515245,0.013168432293093613,0.0,0,5.33,3.9,307.696
2023-10-30,34502.36328125,34843.93359375,34110.97265625,34531.7421875,17184860315,0.03735383056714014,0.2165077364743997,89.24023958858278,1932.2724544685152,0.06682101784483052,-0.296565691132043,-0.0010457086417764438,0.0,1,5.33,3.9,307.696
2023-10-31,34667.78125,34719.25390625,34083.30859375,34500.078125,15758270810,0.027652911484105352,0.21420164798139768,90.6762282322701,1943.2893849282045,0.07324915175667564,-0.2889573324882447,0.004794395311462418,0.0,1,5.33,3.9,307.696
2023-11-01,35437.25390625,35527.9296875,34170.69140625,34657.2734375,22446272005,0.03378153027075104,0.23285775456299326,92.48090394045377,1991.1575692920233,0.06179212740972717,-0.2917485413486686,0.022195613001625203,0.0,0,5.33,3.7,308.148
2023-11-02,34938.2421875,35919.84375,34401.57421875,35441.578125,20998158544,0.013747295531774761,0.2081752450899394,86.68809371977314,1966.1626755537982,0.08327751700383265,-0.26483827320422637,-0.014081557224217889,0.0,0,5.33,3.7,308.148
2023-11-03,34732.32421875,34942.47265625,34133.44140625,34942.47265625,17158456701,0.005349016799478448,0.194287599500293,82.71376668917367,1907.7468647126916,0.09162855395509362,-0.23974752184287373,-0.005893770145759425,0.0,1,5.33,3.7,308.148
2023-11-04,35082.1953125,35256.03125,34616.69140625,34736.32421875,9561294264,0.013776115618655492,0.1993292232834002,82.96628304506226,1868.1487313361868,0.08147209072367634,-0.22547687324223042,0.010073356782761111,0.0,0,5.33,3.7,308.148
2023-11-05,35049.35546875,35340.33984375,34594.2421875,35090.01171875,12412743996,0.010221099478490647,0.1912985390605871,82.45142369550265,1813.2154058977721,0.08483119507761394,-0.20846643154939748,-0.0009360829177728069,0.0,0,5.33,3.7,308.148
2023-11-06,35037.37109375,35286.02734375,34765.36328125,35044.7890625,12693436420,0.006604237357514997,0.18404702555319144,70.71746345655642,1748.5570337634235,0.08403695282150313,-0.18813164323409504,-0.0003419285416157436,0.0,1,5.33,3.7,308.148
2023-11-07,35443.5625,35892.41796875,34545.81640625,35047.79296875,18834737789,0.014328222099348168,0.19078047617573088,67.93140695505713,1710.3749223759623,0.0675677103037021,-0.17331512322424286,0.011593090279608864,0.0,1,5.33,3.7,308.148
2023-11-08,35655.27734375,35994.41796875,35147.80078125,35419.4765625,17295394918,0.017136271875015992,0.1911349917630598,64.73640413138186,1677.857644039621,0.054966524579537546,-0.15251022400779773,0.005973294692089626,0.0,1,5.33,3.7,308.148
2023-11-09,36693.125,37926.2578125,35592.1015625,35633.6328125,37762672382,0.040241829780399696,0.21802540199092008,77.55893013267237,1716.0515251118413,0.024322846755989634,-0.15657174598779422,0.029107827327892632,0.0,1,5.33,3.7,308.148
2023-11-10,37313.96875,37493.80078125,36362.75390625,36702.25,22711265155,0.04996589009217781,0.22985985643231133,84.2064854655202,1775.9453604235605,0.005978553053902932,-0.14948398562900272,0.01691989303173269,0.0,0,5.33,3.7,308.148
2023-11-11,37138.05078125,37407.09375,36773.66796875,37310.0703125,13924272142,0.04003835587768345,0.2156009325609584,80.65610450910793,1788.5986941672309,0.00035756205338261725,-0.11583227785457245,-0.0047145338500075296,0.0,0,5.33,3.7,308.148
2023-11-12,37054.51953125,37227.69140625,36779.1171875,37133.9921875,11545715999,0.03158533744107565,0.2046062900594361,77.30859570426776,1771.4659220955436,0.007730363178312665,-0.10824751711438875,-0.002249209321512735,0.0,0,5.33,3.7,308.148
2023-11-13,36502.35546875,37405.1171875,36399.60546875,37070.3046875,19057712790,0.011230229365633318,0.17880344263224632,69.52077827206887,1693.807888596697,0.02614939655402255,-0.09080834461206196,-0.014901395821212304,0.0,0,5.33,3.7,308.148
2023-11-14,35537.640625,36753.3515625,34948.5,36491.7890625,23857403554,-0.01673602136195667,0.14084121515756703,57.34427501157623,1536.70473648396,0.05451232512579573,-0.06372205829164242,-0.026428838121854925,0.0,1,5.33,3.7,308.148
2023-11-15,37880.58203125,37964.89453125,35383.78125,35548.11328125,27365821679,0.03994264772162375,0.20701647654712108,66.2986503346282,1583.0072253673352,-0.0006043732773365116,-0.12190645923301252,0.06592844558740318,0.0,0,5.33,3.7,308.148
2023-11-16,36154.76953125,37934.625,35545.47265625,37879.98046875,26007385366,-0.010471894016601492,0.14487409170726437,56.97366706271242,1463.572483320204,0.04679070453325588,-0.07347210170801038,-0.04555929205565723,0.0,1,5.33,3.7,308.148
2023-11-17,36596.68359375,36704.484375,35901.234375,36164.82421875,22445028430,-0.0015282278264288295,0.15188256449114224,60.40577816808978,1388.5717703679475,0.03491579200652357,-0.07857485605892485,0.012222842746045792,0.0,0,5.33,3.7,308.148
2023-11-18,36585.703125,36839.28125,36233.3125,36625.37109375,11886022717,-0.004355245517725553,0.14456679114087462,58.72165165238656,1313.1104134780835,0.036372823185122416,-0.0738490402012468,-0.000300039994658885,0.0,1,5.33,3.7,308.148
2023-11-19,37386.546875,37509.35546875,36414.59765625,36585.765625,12915986553,0.015522574233704534,0.16204562668862388,62.448552435840085,1302.9090180404091,0.01780586021290745,-0.08960609626038259,0.021889527372586093,0.0,1,5.33,3.7,308.148
2023-11-20,37476.95703125,37756.8203125,36882.53125,37374.07421875,20888209068,0.01752788401661775,0.15802186494143552,62.886278439056284,1287.280711936357,0.018765457931469953,-0.0877215800319148,0.0024182537251242753,0.0,0,5.33,3.7,308.148
2023-11-21,35813.8125,37631.140625,35813.8125,37469.16015625,25172163756,-0.024119065032182772,0.10099559377968831,51.72646439094335,1127.6939486846168,0.06596676190351146,-0.04419641011884753,-0.04437779006078835,0.0,1,5.33,3.7,308.148
2023-11-22,37432.33984375,37856.98046875,35670.97265625,35756.5546875,24397247860,0.018934744863080565,0.14371894530609244,57.325317469927626,1118.923663602087,0.022630078431917368,-0.08161558759903016,0.045192824521265385,0.0,0,5.33,3.7,308.148
2023-11-23,37289.62109375,37643.91796875,36923.86328125,37420.43359375,14214948217,0.01287924682468288,0.13278884092924975,52.65475971506486,1087.9161192941028,0.02707077521677754,-0.0717694980412731,-0.003812712499291715,0.0,1,5.33,3.7,308.148
2023-11-24,37720.28125,38415.33984375,37261.60546875,37296.31640625,22922957823,0.01853854765083866,0.13874233797613789,51.83947008774337,1085.5792110693874,0.017865420457430344,-0.07789440436777682,0.011549062275727495,0.0,1,5.33,3.7,308.148
2023-11-25,37796.79296875,37892.4296875,37617.41796875,37721.4140625,9099571165,0.020835513269212912,0.13430601574803736,53.00936368620016,1077.4805259381246,0.017416085778940587,-0.07410316622837108,0.0020283973558654633,0.0,0,5.33,3.7,308.148
2023-11-26,37479.12109375,37820.30078125,37162.75,37796.828125,13744796068,0.008647855305224425,0.11838850160443652,51.89910085441892,1033.5150757533775,0.024898015327252446,-0.058598674704791215,-0.008404730932136117,0.0,0,5.33,3.7,308.148
2023-11-27,37254.16796875,37559.35546875,36750.12890625,37454.19140625,19002925720,0.0008229630599122034,0.10552723894029942,53.463997563769276,969.3462820103014,0.029794582343946732,-0.046761926706736595,-0.006002091789647501,0.0,1,5.33,3.7,308.148
2023-11-28,37831.0859375,38368.48046875,36891.08984375,37247.9921875,21696137014,0.012932749855545003,0.11586088753345379,60.958732799111246,954.0468510063511,0.014786008696442627,-0.05624290416042841,0.01548599794884531,0.0,1,5.33,3.7,308.148
2023-11-29,37858.4921875,38366.11328125,37612.6328125,37826.10546875,20728546658,0.012387262743100263,0.10981620500925116,49.86445408433041,933.3740420886461,0.016541322760116578,-0.05633781409390144,0.0007244373065387055,0.0,0,5.33,3.7,308.148
2023-11-30,37712.74609375,38141.75390625,37531.140625,37861.1171875,18115982627,0.00785433092361154,0.0985621806732088,61.85962395748589,894.9141866877326,0.021635624514001684,-0.05279923247438213,-0.0038497596002547985,0.0,1,5.33,3.7,308.148
2023-12-01,38688.75,38954.109375,37629.359375,37718.0078125,23512784002,0.02605424340630715,0.11921271588513467,64.72768431432831,932.4412305424194,0.002123195697562603,-0.07894664243595555,0.025879947957747618,0.0,1,5.33,3.8,308.741
2023-12-02,39476.33203125,39678.9375,38652.59375,38689.27734375,15534035612,0.04129682004270483,0.13372237955532246,68.34365451706924,1014.043706362565,-0.007263777893554273,-0.10179361715753513,0.020356874575942596,0.0,1,5.33,3.8,308.741
2023-12-03,39978.390625,40135.60546875,39298.1640625,39472.20703125,15769696322,0.047113480885686614,0.13955564110009702,67.09588984622995,1106.4714745964375,-0.007851160230474719,-0.1162583782428491,0.012717964611113297,0.0,1,5.33,3.8,308.741
2023-12-04,41980.09765625,42371.75,39978.62890625,39978.62890625,39856129827,0.08740960391410207,0.18658748964771382,73.72169169151043,1325.9573641717288,-0.03308915004588261,-0.16512067873738098,0.05006972516793251,0.0,1,5.33,3.8,308.741
2023-12-05,44080.6484375,44408.6640625,41421.1484375,41986.265625,36312154535,0.12353232679135584,0.23509556667588452,91.62968540750987,1650.373922723069,-0.04560908692686744,-0.2243951737296033,0.05003682455553493,0.0,0,5.33,3.8,308.741
2023-12-06,43746.4453125,44265.76953125,43478.08203125,44080.0234375,29909761586,0.09748268756778004,0.2152909471370657,86.52013225240744,1859.0786817279877,-0.015610596981186406,-0.22382346417914015,-0.007581629055975703,0.0,0,5.33,3.8,308.741
2023-12-07,43292.6640625,44042.58984375,42880.6484375,43769.1328125,27635760671,0.06989075038232484,0.192767748919862,83.51500628305912,1965.2086503873652,0.011146602128760875,-0.2166601390822827,-0.010372985662227885,0.0,1,5.33,3.8,308.741
2023-12-08,44166.6015625,44705.515625,43125.296875,43293.13671875,24421116687,0.0746624177645609,0.2065759719592583,84.29247196353347,2095.6791825234905,0.009160241570290115,-0.2330174848740096,0.02018673414826888,0.0,0,5.33,3.8,308.741
2023-12-09,43725.984375,44361.2578125,43627.59765625,44180.01953125,17368210171,0.04896545328009254,0.18544324228372047,80.36519705220891,2138.8683516327146,0.033108177940465944,-0.22456951761156382,-0.009976252913108663,0.0,1,5.33,3.8,308.741
2023-12-10,43779.69921875,44034.625,43593.28515625,43728.3828125,13000481418,0.03518758456513527,0.17804554604181752,83.16380115059278,2152.6163964290317,0.043952134427167,-0.22323593846626433,0.0012284421841561866,0.0,0,5.33,3.8,308.741
2023-12-11,41243.83203125,43808.375,40234.578125,43792.01953125,40632672038,-0.030630487936256105,0.103130426631814,66.89090767166857,1936.565016039487,0.10761493038604185,-0.16178678051401071,-0.05792335792051162,0.0,1,5.33,3.8,308.741
2023-12-12,41450.22265625,42048.3046875,40667.5625,41238.734375,24779520132,-0.030278449653570808,0.10371248141416499,65.81850478516688,1761.689083927573,0.10402803275889767,-0.1581953571390346,0.005004157345118276,0.0,1,5.33,3.8,308.741
2023-12-13,42890.7421875,43429.78125,40676.8671875,41468.46484375,26797884674,-0.003368170694355277,0.1366285407644697,69.57665686204786,1719.5150360885746,0.07155386289228809,-0.1780144736556466,0.03475299863154757,0.0,1,5.33,3.8,308.741
2023-12-14,43023.97265625,43390.859375,41767.08984375,42884.26171875,25578530178,-0.0026914319673425023,0.135033066150244,70.6820821628423,1677.505149549892,0.07260127107091541,-0.172598229525309,0.0031062756659134827,0.0,0,5.33,3.8,308.741
2023-12-15,41929.7578125,43087.82421875,41692.96875,43028.25,19639442462,-0.023185429379992243,0.10164793405109314,62.50545617216665,1538.186759175711,0.10106354200212879,-0.141620423870596,-0.025432678020983368,0.0,1,5.33,3.8,308.741
2023-12-16,42240.1171875,42664.9453125,41723.11328125,41937.7421875,14386729590,-0.012489776476050379,0.10496538087414721,61.071834876024006,1436.2629931084666,0.09219385403189734,-0.13587648319718848,0.007401888090740938,0.0,0,5.33,3.8,308.741
2023-12-17,41364.6640625,42359.49609375,41274.54296875,42236.109375,16678702876,-0.028577988461701263,0.07796133564914594,55.392152095987434,1270.2038046727757,0.11071756565131692,-0.10305893982768324,-0.02072563201266564,0.0,1,5.33,3.8,308.741
2023-12-18,42623.5390625,42720.296875,40530.2578125,41348.203125,25224642008,0.004626411635033162,0.10610651267000756,52.65627706130332,1226.04827179954,0.07565701769002159,-0.11605038344504295,0.030433584522719714,0.0,0,5.33,3.8,308.741
2023-12-19,42270.52734375,43354.296875,41826.3359375,42641.51171875,23171001281,-0.0002644187949518421,0.09254077202775778,41.2674141583708,1149.3209420208077,0.07958639647941465,-0.09317698278386818,-0.008282083715112631,0.0,1,5.33,3.8,308.741
2023-12-20,43652.25,44275.5859375,42223.81640625,42261.30078125,27868908174,0.032725844643099494,0.12303757354929556,49.587286069595535,1186.332152612733,0.03994816468962814,-0.10280806702856815,0.032687613405284255,0.0,1,5.33,3.8,308.741
2023-12-21,43869.15234375,44240.66796875,43330.05078125,43648.125,22452766169,0.031450994780283535,0.12374240620552748,52.57940828865687,1219.1128361663723,0.03102810608322232,-0.09165705565030774,0.0049688697318006625,0.0,1,5.33,3.8,308.741
2023-12-22,43997.90234375,44367.95703125,43441.96875,43868.98828125,21028503216,0.028318431500063905,0.12183355401029343,49.19125013810939,1241.1733393931063,0.025285926502874943,-0.08131322467928823,0.002934864092908329,0.0,0,5.33,3.8,308.741
2023-12-23,43739.54296875,44015.69921875,43351.35546875,44012.19921875,13507796558,0.020256058933873652,0.11014690528861501,50.06615644942473,1223.702919250034,0.02726413697554548,-0.06320986257442286,-0.005872083923035065,0.0,0,5.33,3.8,308.741
2023-12-24,43016.1171875,43945.5234375,42786.91796875,43728.3671875,18830554085,0.0034000219812433067,0.08740632815606525,46.50281078284354,1138.3607565966158,0.044494303869641594,-0.045000999851870706,-0.01653939964043194,0.0,1,5.33,3.8,308.741
2023-12-25,43613.140625,43765.09375,42765.76953125,43010.57421875,21115795370,0.01334718230487717,0.09774561612326134,63.19472996555473,1106.1502679753248,0.028648085742641844,-0.05759793278200534,0.013879063861056418,0.0,0,5.33,3.8,308.741
2023-12-26,42520.40234375,43603.17578125,41676.48828125,43599.84765625,30026850982,-0.012685466546174197,0.06622488697821653,55.42435178871389,981.1384237651873,0.05304961326191631,-0.03422856568209174,-0.025055253200995553,0.0,1,5.33,3.8,308.741
2023-12-27,43442.85546875,43683.16015625,42167.58203125,42518.46875,25260941032,0.0038894113826122693,0.0850032053014245,52.95357688711833,945.5996107941173,0.031035915466387166,-0.0547362128487873,0.021694364920222586,0.0,0,5.33,3.8,308.741
2023-12-28,42627.85546875,43804.78125,42318.55078125,43468.19921875,22992093014,-0.014953657315024963,0.06095309337740081,48.02500114909307,841.9655025028842,0.046821214085151906,-0.036346448419252074,-0.01876027694786908,0.0,0,5.33,3.8,308.741
2023-12-29,42099.40234375,43124.32421875,41424.0625,42614.64453125,26000021055,-0.026780328687901835,0.044988391472054565,50.896401802009336,709.0198350097271,0.05755780237774288,-0.025710204333419327,-0.012396896798793966,0.0,1,5.33,3.8,308.741
2023-12-30,42156.90234375,42584.125,41556.2265625,42091.75390625,16013925945,-0.022070561736558397,0.04390587395739669,49.548220174536354,601.3670204779337,0.05307010244070907,-0.02784326894193174,0.0013658151137276864,0.0,1,5.33,3.8,308.741
2023-12-31,42265.1875,42860.9375,41998.25390625,42152.09765625,16397498810,-0.015897002386692827,0.04393650633715478,55.33327472608824,518.8085939732191,0.04860829973827659,-0.026153640318511945,0.002568622223877659,0.0,1,5.33,3.8,308.741
2024-01-01,44167.33203125,44175.4375,42214.9765625,42280.234375,18426978443,0.027987006500595574,0.08709914073856818,58.495664365248366,599.9517427205428,0.006533367623492025,-0.06502745398911323,0.0450049945064126,0.0,1,5.33,3.7,309.698
2024-01-02,44957.96875,45899.70703125,44176.94921875,44187.140625,39335274536,0.043429912971473535,0.10197239389700678,64.10968220119122,719.7591132607995,-0.0032154075756546333,-0.08482412413973243,0.017900939051301412,0.0,0,5.33,3.7,309.698
2024-01-03,42848.17578125,45503.2421875,40813.53515625,44961.6015625,46342323118,-0.005148522976369034,0.046508428738480045,46.078247201714696,637.1203306982061,0.04567804003500453,-0.039985201776958065,-0.04692812036242189,0.0,1,5.33,3.7,309.698
2024-01-04,44179.921875,44770.0234375,42675.17578125,42855.81640625,30448091210,0.02442393962970421,0.07572445158659968,51.3670644637472,671.3503708620046,0.016869896496104764,-0.0665428690532796,0.03108057856532498,0.0,0,5.33,3.7,309.698
2024-01-05,44162.69140625,44353.28515625,42784.71875,44192.98046875,32336029347,0.020139649055832095,0.0711278851193795,50.73208418916114,689.1435515930498,0.019793486128020194,-0.0643521311027579,-0.0003900067727314882,0.0,0,5.33,3.7,309.698
2024-01-06,43989.1953125,44227.6328125,43475.15625,44178.953125,16092503468,0.014851197392287682,0.06310760527034624,51.11752015474028,681.3904458086181,0.02277058623450619,-0.053650541308701304,-0.003928567037593367,0.0,0,5.33,3.7,309.698
2024-01-07,43943.09765625,44495.5703125,43662.23046875,43998.46484375,19330573863,0.010720847580573449,0.05823027105930002,54.417306843924564,663.8736359825343,0.025119842796457605,-0.05093125035806531,-0.0010479313368322307,0.0,1,5.33,3.7,309.698
2024-01-08,46970.50390625,47218.0,43244.08203125,43948.70703125,42746192015,0.06838321290036997,0.1259384434046666,62.989895362639764,884.0866210363747,-0.02381162062076172,-0.11923662217190185,0.06889378335779228,0.0,0,5.33,3.7,309.698
2024-01-09,46139.73046875,47893.69921875,45244.71484375,46987.640625,39821290992,0.0400643513990871,0.10144935174635014,64.29319824016882,980.2705758958109,0.002302490823859582,-0.10652401696079541,-0.017687130611972357,0.0,1,5.33,3.7,309.698
2024-01-10,46627.77734375,47647.22265625,44483.15234375,46121.5390625,50114613298,0.040830210759836116,0.10738257822918226,63.024550704597935,1083.389714878038,0.0015120080629636397,-0.11966013110958847,0.010577584004972662,0.0,0,5.33,3.7,309.698
2024-01-11,46368.5859375,48969.37109375,45678.64453125,46656.07421875,45833734549,0.02998352128129064,0.09657240778197942,66.02602314470039,1131.1585040108039,0.014258829030989998,-0.11677507159081844,-0.005558733892443213,0.0,0,5.33,3.7,309.698
2024-01-12,42853.16796875,46498.13671875,41903.76953125,46354.79296875,43332698900,-0.043632930988130196,0.010776349960052618,52.57121598299536,875.2612956645462,0.09738699021826727,-0.04631339780682519,-0.07581464687080208,0.0,0,5.33,3.7,309.698
2024-01-13,42842.3828125,43234.66015625,42464.14453125,42799.4453125,20601860469,-0.04386126528216588,0.008086125303379673,52.3457603392552,663.937187821597,0.09774106829688065,-0.04655665778049844,-0.0002516769882185965,0.0,0,5.33,3.7,309.698
2024-01-14,41796.26953125,43065.59765625,41724.61328125,42842.26171875,17521429522,-0.06221924508063981,-0.018376613781261764,48.49211646840495,407.3529989808594,0.1264821331458234,-0.028305869844812894,-0.0244177193838242,0.0,1,5.33,3.7,309.698
2024-01-15,42511.96875,43319.72265625,41705.41796875,41715.06640625,22320220558,-0.04261525536423042,-0.003922514146514417,44.2371769016556,258.7761163537216,0.10752480654852303,-0.04469168345010162,0.01712351907901466,0.0,1,5.33,3.7,309.698
2024-01-16,43154.9453125,43566.2734375,42085.99609375,42499.3359375,24062872740,-0.026305854721040862,0.008354493277758664,43.65792411174334,190.71228889538907,0.09092461050625882,-0.05949331995131277,0.015124600939588229,0.0,0,5.33,3.7,309.698
2024-01-17,42742.65234375,43189.890625,42189.30859375,43132.1015625,20851232595,-0.032989134705605425,-0.0035661852717959524,49.578488725891916,102.32310134090221,0.10138114831821582,-0.05008622089145331,-0.009553782672285682,0.0,0,5.33,3.7,309.698
2024-01-18,41262.05859375,42876.34765625,40631.171875,42742.3125,25218357242,-0.05427223960832092,-0.039606433576142956,38.481622512318324,-86.2038045931331,0.14265875790421048,-0.01978717689763548,-0.034639725632667706,0.0,1,5.33,3.7,309.698
2024-01-19,41618.40625,42134.16015625,40297.45703125,41278.4609375,25752407154,-0.03611611657941837,-0.033070271773679556,40.218229373320426,-204.50109672558028,0.13375456221044793,-0.03035345099838662,0.00863620644230223,0.0,1,5.33,3.7,309.698
2024-01-20,41665.5859375,41877.89453125,41446.82421875,41624.58984375,11586690904,-0.023804551620793955,-0.03331128827132118,40.97902216679143,-291.0900417384546,0.13332392320335718,-0.03374366221533794,0.0011336255217606617,0.0,0,5.33,3.7,309.698
2024-01-21,41545.78515625,41855.3671875,41497.0078125,41671.48828125,9344043642,-0.015486910080244642,-0.03701552991359749,40.74584302409744,-365.16987531847553,0.13650305792715695,-0.03717849873648236,-0.0028752933279206916,0.0,0,5.33,3.7,309.698
2024-01-22,39507.3671875,41651.20703125,39450.1171875,41553.65234375,31338708143,-0.05630931606940282,-0.08406376071930079,18.809079988807227,-581.656991723692,0.19773410143234635,-0.00388943084776605,-0.049064374667218136,0.0,1,5.33,3.7,309.698
2024-01-23,39845.55078125,40127.3515625,38521.89453125,39518.71484375,29244553045,-0.041369078864326655,-0.07530812604249765,22.564929094581885,-717.6632265372027,0.191156306346962,-0.023467247979894176,0.008560013431039293,0.0,1,5.33,3.7,309.698
2024-01-24,40077.07421875,40483.78515625,39508.796875,39877.59375,22359526178,-0.031794284071285636,-0.06820370948747066,20.793662514916832,-797.573213481839,0.18386753713960857,-0.03893851317202105,0.005810521700930993,0.0,0,5.33,3.7,309.698
2024-01-25,39933.80859375,40254.48046875,39545.6640625,40075.55078125,18491782013,-0.029208834241343816,-0.06988566560772677,21.010854059898477,-862.5201965469314,0.1868771669999685,-0.04484277512787172,-0.0035747525934159974,0.0,1,5.33,3.7,309.698
2024-01-26,41816.87109375,42209.38671875,39825.69140625,39936.81640625,25598119893,0.01988597391897127,-0.02535646851757845,44.52635557767362,-753.359483033295,0.13038907114583828,-0.0900078385785031,0.04715459322091098,0.0,1,5.33,3.7,309.698
2024-01-27,42120.0546875,42195.6328125,41431.28125,41815.625,11422941934,0.02884269392412329,-0.017352599631991355,46.29903306845056,-635.063828408267,0.11926268867857928,-0.09789649342605798,0.007250269707417489,0.0,0,5.33,3.7,309.698
2024-01-28,42035.59375,42797.17578125,41696.91015625,42126.125,16858971687,0.024843203526513463,-0.01854895086236658,51.360262234633744,-541.8824777372865,0.1038943021631638,-0.09020646953025367,-0.002005242826170095,0.0,1,5.33,3.7,309.698
2024-01-29,43288.24609375,43305.8671875,41818.33203125,42030.9140625,20668476578,0.0511041449302855,0.010930093679336578,54.158357707442896,-362.77516443109926,0.05987887308412357,-0.11104927505254178,0.029799801358818767,0.0,0,5.33,3.7,309.698
2024-01-30,42952.609375,43838.9453125,42711.37109375,43300.2265625,23842814518,0.03970520731957463,0.002291870509934238,48.87922416814883,-245.08917100680992,0.04953469627788462,-0.09403304784048978,-0.007753530092744043,0.0,0,5.33,3.7,309.698
2024-01-31,42582.60546875,43717.40625,42298.9453125,42946.25,24673628793,0.02816853293260229,-0.006866958204299474,49.109298151639315,-179.6079872441187,0.036396136348507246,-0.07279387504517848,-0.00861423582021903,0.0,1,5.33,3.7,309.698
2024-02-01,43075.7734375,43243.16796875,41879.19140625,42569.76171875,21423953779,0.03119144760850024,0.004548253965207062,61.340130900550655,-86.91721627911465,0.025325080881510757,-0.083687026283318,0.011581441842771323,0.0,1,5.33,3.9,310.967
2024-02-02,43185.859375,43422.48828125,42584.3359375,43077.640625,18603843039,0.025625516409680783,0.007039475171714623,60.111785339891945,-4.523948101072165,0.023948929453746583,-0.08646499826243853,0.0025556346111748063,0.0,0,5.33,3.9,310.967
2024-02-03,42992.25,43359.94140625,42890.80859375,43184.96484375,11169245236,0.014007209519971564,0.0020282256355611526,58.399739618113166,44.63611469484022,0.031234209632342635,-0.08224324868880055,-0.0044831659668692625,0.0,0,5.33,3.9,310.967
2024-02-04,42583.58203125,43097.64453125,42374.83203125,42994.94140625,14802225490,-0.0018695791639488728,-0.007655551650851759,56.33891265301136,50.042865934432484,0.04130918562926499,-0.0734458925118783,-0.009505619472114146,0.0,1,5.33,3.9,310.967
2024-02-05,42658.66796875,43494.25,42264.81640625,42577.62109375,18715487317,-0.002078629151604125,-0.00650496217093594,75.32145666337934,59.698396923464315,0.03786302055035754,-0.07462684318715122,0.0017632602500394778,0.0,1,5.33,3.9,310.967
2024-02-06,43084.671875,43344.1484375,42529.01953125,42657.390625,16798476726,0.005617729822129684,0.0032009380442610366,75.66490143704753,100.56616561089322,0.02871124059364672,-0.0840929217962496,0.009986338686479135,0.0,1,5.33,3.9,310.967
2024-02-07,44318.22265625,44341.94921875,42775.95703125,43090.01953125,21126587775,0.028927531346155676,0.030940342055747756,78.99955341498645,229.84193085761945,0.00823541654196683,-0.1108475351285562,0.028630850081180936,0.0,1,5.33,3.9,310.967
2024-02-08,45301.56640625,45575.83984375,44332.125,44332.125,26154524080,0.046864287784856386,0.05300709334034877,82.92086798361701,406.9504571237776,-0.0015536852987983925,-0.13411399003079197,0.022188248784866804,0.0,1,5.33,3.9,310.967
2024-02-09,47147.19921875,48152.49609375,45260.82421875,45297.3828125,39316770844,0.07905513984269276,0.09424015619726572,82.8420928998942,688.3030544021167,-0.019931242327138214,-0.17709133067664323,0.040741037427910465,0.0,1,5.33,3.9,310.967
2024-02-10,47771.27734375,48146.171875,46905.3203125,47153.52734375,16398681570,0.08050705231928036,0.10678583139880199,83.4947590098402,950.6761015073425,-0.012601885016338896,-0.19494269161087888,0.013236801662479536,0.0,1,5.33,3.9,310.967
2024-02-11,48293.91796875,48535.9375,47617.40625,47768.96875,19315867136,0.07958641414661959,0.116538305607284,85.26150141848811,1187.0972440939731,-0.006863154270234323,-0.20188561011140885,0.010940478338881565,0.0,1,5.33,3.9,310.967
2024-02-12,49958.22265625,50280.4765625,47745.76171875,48296.38671875,34511985805,0.10013584964504547,0.1513207244049947,85.91487854455386,1491.5643565866994,-0.017945110164013667,-0.23023501377548114,0.034461993507690414,0.0,0,5.33,3.9,310.967
2024-02-13,49742.44140625,50358.390625,48406.49609375,49941.359375,35593051468,0.07934006599977401,0.14311850321017525,87.03831475590084,1695.89576259569,0.002827642464335927,-0.22397759732949474,-0.004319233922406296,0.0,1,5.33,3.9,310.967
2024-02-14,51826.6953125,52021.37109375,49296.83203125,49733.4453125,39105608050,0.10245431813637729,0.18594356668980355,92.48122217343492,2002.9232924449461,-0.015094748088456594,-0.25464573465322893,0.041900916949929146,0.0,1,5.33,3.9,310.967
2024-02-15,51938.5546875,52820.06640625,51371.62890625,51836.78515625,38564360533,0.08344642295522114,0.1839000850218176,92.2081483250847,2229.56984526194,0.0038115924883776802,-0.25779070843593277,0.0021583350882306007,0.0,1,5.33,3.9,310.967
2024-02-16,52160.203125,52537.96875,51641.3671875,51937.7265625,28180567298,0.06785375622799172,0.18380797471379212,92.2900748745158,2399.4150842751187,0.01808818709468422,-0.2602381304932224,0.004267512618200353,0.0,0,5.33,3.9,310.967
2024-02-17,51662.99609375,52191.9140625,50669.66796875,52161.67578125,20009091006,0.042006368660717774,0.16745559111081137,89.7228309673697,2465.477715376328,0.041272493551971996,-0.24786980196458339,-0.009532306269177337,0.0,1,5.33,3.9,310.967
2024-02-18,52122.546875,52356.96484375,51233.70703125,51661.96875,17595377311,0.037008602929012535,0.1725591197527474,93.49756414709523,2525.7988964769756,0.04599699058811729,-0.2514571621249672,0.008895163192163213,0.0,0,5.33,3.9,310.967
2024-02-19,51779.14453125,52483.32421875,51711.8203125,52134.8125,21362184346,0.020769483875005944,0.1598689872258108,90.59586593103487,2516.881128932153,0.0631935996599349,-0.23970577075681332,-0.006588364620277343,0.0,1,5.33,3.9,310.967
2024-02-20,52284.875,52945.05078125,50792.3125,51777.7265625,33353758256,0.021648711440635,0.16695363563732268,90.66214015698223,2521.555039286701,0.06209765506550449,-0.23769113603155836,0.009767068832988945,0.0,0,5.33,3.9,310.967
2024-02-21,51839.1796875,52368.81640625,50671.7578125,52273.53515625,28624907020,0.0059709853966405145,0.15346305770422927,85.72857443476977,2460.927222877457,0.07759638843622463,-0.22059926768341553,-0.008524364120598982,0.0,0,5.33,3.9,310.967
2024-02-22,51304.97265625,52009.61328125,50926.29296875,51854.64453125,25413900611,-0.006990809355603617,0.13729641355681926,79.79064561725079,2342.767236327447,0.09195452401240625,-0.19979644022529783,-0.010305082651198116,0.0,0,5.33,3.9,310.967
2024-02-23,50731.94921875,51497.93359375,50561.77734375,51283.90625,21427078270,-0.019958664546371945,0.12133670347905826,70.36007110192904,2177.782274798781,0.10366043682246079,-0.17487413590677955,-0.011168964874795462,0.0,1,5.33,3.9,310.967
2024-02-24,51571.1015625,51684.1953125,50585.4453125,50736.37109375,15174077879,-0.003255744853199331,0.1361637064682034,71.06693088176374,2090.6434488883024,0.083191591384125,-0.16836259543329807,0.016540904827679226,0.0,1,5.33,3.9,310.967
2024-02-25,51733.23828125,51950.02734375,51306.171875,51565.21484375,15413239245,0.0002749003738220052,0.13585998136068048,69.86220220209381,2011.4812756805113,0.07402743222768225,-0.14765860307264728,0.003143945229742817,0.0,1,5.33,3.9,310.967
2024-02-26,54522.40234375,54938.17578125,50931.03125,51730.5390625,34074411896,0.04941102548786437,0.1915636036637376,73.32754352339882,2149.0341845555376,0.018937954942059847,-0.1701369782792989,0.053914352844811164,0.0,1,5.33,3.9,310.967
2024-02-27,57085.37109375,57537.83984375,54484.19921875,54519.36328125,49756832031,0.08739263546766797,0.24208477364198086,80.26764092126957,2436.766487126508,-0.01579073761622623,-0.19604911572842504,0.04700762695380023,0.0,1,5.33,3.9,310.967
2024-02-28,62504.7890625,63913.1328125,56738.42578125,57071.09765625,83239156760,0.16753467921574935,0.35038566236876234,84.52305357656144,3066.7466021792497,-0.06342992598727427,-0.2759275957426231,0.09493531994124749,0.0,0,5.33,3.9,310.967
2024-02-29,61198.3828125,63585.64453125,60498.73046875,62499.18359375,65496611844,0.12336728144910802,0.3138893812069447,77.79108280971637,3421.1573435775063,-0.018765978567184524,-0.26218163251271415,-0.020900898468654838,0.0,1,5.33,3.9,310.967
2024-03-01,62440.6328125,63155.1015625,60802.52734375,61168.0625,40186368423,0.12519426911504375,0.3313717130671766,79.07309949272673,3758.938894888641,-0.013103271306126889,-0.27855142670014194,0.020298739001094468,0.0,0,5.33,3.9,312.345
2024-03-02,62029.84765625,62458.69921875,61657.2890625,62431.65234375,23888473685,0.09763506276236691,0.3118845656918287,79.46150963269388,3947.9764637091794,0.012603488307949337,-0.27080081153458907,-0.006578811548619723,0.0,1,5.33,3.9,312.345
2024-03-03,63167.37109375,63230.2109375,61435.0234375,62031.578125,26253811450,0.09478342912649218,0.3245549140484081,80.2235848877105,4141.834246674458,0.015487842382169166,-0.2841403501945306,0.01833832389535761,0.0,1,5.33,3.9,312.345
2024-03-04,68330.4140625,68537.03125,62386.51953125,63137.00390625,70670471105,0.14921467256733897,0.417049869604267,85.83843997005798,4658.3834103603585,-0.0258220156972521,-0.3464479562783036,0.08173591649219114,0.0,0,5.33,3.9,312.345
2024-03-05,63801.19921875,69170.625,59323.91015625,68341.0546875,102802940877,0.05141338503234626,0.31154118359446226,71.23608555404306,4648.695292830962,0.05945033264266619,-0.2974001115793988,-0.06628402455760396,0.0,1,5.33,3.9,312.345
2024-03-06,66106.8046875,67637.9296875,62848.671875,63776.05078125,68750229073,0.06420098655971443,0.3462333510025244,74.62066438433914,4772.051246201605,0.042697679711625136,-0.3206700801984793,0.03613733749494208,0.0,1,5.33,3.9,312.345
2024-03-07,66925.484375,68029.921875,65655.53125,66099.7421875,46989543159,0.05628960394580698,0.34961244934237956,76.69317749294797,4879.623079370038,0.04949153201784369,-0.32646671733939175,0.012384196927533564,0.0,1,5.33,3.9,312.345
2024-03-08,68300.09375,70083.0546875,66230.453125,66938.09375,59202881172,0.059236384351531654,0.36247499352044465,79.22086697537101,5017.9502141388,0.04817062431216307,-0.3354646285297636,0.020539401213709896,0.0,1,5.33,3.9,312.345
2024-03-09,68498.8828125,68673.0546875,68053.125,68299.2578125,21609650379,0.05253497453518273,0.35194170613533243,78.76859215324299,5084.999373554347,0.06243340085225247,-0.33079036082548197,0.0029105240064184468,0.0,1,5.33,3.9,312.345
2024-03-10,69019.7890625,70005.203125,68239.9765625,68500.2578125,35683977532,0.04794471195070578,0.3476710186990475,79.02437943012393,5121.135830377876,0.0694674583473686,-0.3259141997880309,0.007604594828588107,0.0,1,5.33,3.9,312.345
2024-03-11,72123.90625,72850.7109375,67194.8828125,69020.546875,65716656765,0.07920839308138597,0.39166334075138426,79.24390052367914,5338.709230819346,0.04361336778110722,-0.3475934541342365,0.04497430707429584,0.0,0,5.33,3.9,312.345
2024-03-12,71481.2890625,72825.65625,68728.8515625,72125.125,62554434520,0.054677049132897004,0.3624524171801826,75.54826423719261,5397.069820415156,0.066765099275509,-0.328019284565475,-0.008909905479502545,0.0,1,5.33,3.9,312.345
2024-03-13,73083.5,73637.4765625,71334.09375,71482.1171875,48212536929,0.06276782635355518,0.37556194976697826,71.71617219938639,5509.10055861227,0.05606850921903091,-0.3256417381711884,0.022414410239567806,0.0,0,5.33,3.9,312.345
2024-03-14,71396.59375,73750.0703125,68563.0234375,73079.375,59594605698,0.033628394413622927,0.3281527266898464,70.61305868014752,5399.52413630388,0.08338702805589861,-0.2831315449292964,-0.0230819028918976,0.0,0,5.33,3.9,312.345
2024-03-15,69403.7734375,72357.1328125,65630.6953125,71387.875,78320453976,-0.0033064055275161593,0.277079100527822,63.6597370926441,5093.1692034548105,0.10898307056214072,-0.23134198408933432,-0.027911980219644583,0.0,0,5.33,3.9,312.345
2024-03-16,65315.1171875,70046.2734375,64801.39453125,69392.484375,46842198371,-0.060955148488435966,0.19154082272844983,55.63207743899719,4468.945105599218,0.16078239182949497,-0.14480860010942634,-0.05891115205258901,0.0,1,5.33,3.9,312.345
2024-03-17,68390.625,68845.71875,64545.31640625,65316.34375,44716864318,-0.01880497148229609,0.23580194465449564,58.39651980529336,4174.29214667419,0.09686395271643099,-0.15126999566822444,0.04708722796395115,0.0,0,5.33,3.9,312.345
2024-03-18,67548.59375,68897.1328125,66594.2265625,68371.3046875,49261579492,-0.029839529824129508,0.20943531993911133,48.54043630122321,3828.6978239075834,0.09971129494562243,-0.11437449458662152,-0.0123120859035869,0.0,0,5.33,3.9,312.345
2024-03-19,61912.7734375,68106.9296875,61536.1796875,67556.1328125,74215844794,-0.10229184509577723,0.10118366688934338,46.614423245941154,3064.7200495302386,0.2006751478585734,-0.03557253688938625,-0.08343356981432348,0.0,1,5.33,3.9,312.345
2024-03-20,67913.671875,68115.2578125,60807.78515625,61930.15625,66792634382,-0.013699590659716572,0.19728504269291244,52.86036373080704,2909.940528442239,0.0917433851017973,-0.10806274159182687,0.09692504638897836,0.0,0,5.33,3.9,312.345
2024-03-21,65491.390625,68199.9921875,64580.91796875,67911.5859375,44480350565,-0.0396274272729746,0.14533009444123218,47.83945051959871,2562.282393362555,0.12930907622103374,-0.06760125751680979,-0.03566706353999505,0.0,0,5.33,3.9,312.345
2024-03-22,63778.76171875,66623.75,62355.37109375,65489.9296875,41401116964,-0.05405710822330415,0.10736060437921942,43.2570151251849,2124.080894515362,0.15675106172573952,-0.036938762581046246,-0.02615044343853401,0.0,1,5.33,3.9,312.345
2024-03-23,64062.203125,65976.3984375,63038.4921875,63802.72265625,24738964812,-0.036967789306507674,0.1042766067779853,43.3999281295936,1779.1652922759386,0.1504044499223726,-0.03857438290498866,0.004444134671348854,0.0,1,5.33,3.9,312.345
2024-03-24,67234.171875,67622.7578125,63825.8515625,64070.75390625,27206630673,0.017079824881394392,0.14934803269592256,47.537888417683504,1741.69142679176,0.09522163856011012,-0.08465381671914261,0.04951388799118828,0.0,1,5.33,3.9,312.345
2024-03-25,69958.8125,71162.59375,66414.8359375,67234.09375,42700139523,0.05740878552250873,0.18483556582121383,46.98307253876648,1909.8334746113687,0.054280162896283034,-0.11321485639004393,0.04052464020923141,0.0,1,5.33,3.9,312.345
2024-03-26,69987.8359375,71535.7421875,69335.609375,69931.328125,36010437368,0.0504286156515633,0.17445513607241056,47.88275812725071,2022.1194731924188,0.056721113532687675,-0.11091545846517195,0.00041486463910467286,0.0,0,5.33,3.9,312.345
2024-03-27,69455.34375,71727.6875,68381.9296875,69991.8984375,40827113309,0.040773419561563704,0.1552945962859216,44.69554107185242,2044.5707280842034,0.06669066300825206,-0.10232470462042104,-0.007608353371227561,0.0,1,5.33,3.9,312.345
2024-03-28,70744.953125,71546.0234375,68895.5078125,69452.7734375,34374900617,0.05504461746745733,0.16649034200179114,49.036086490349426,2141.7356132206914,0.050501277572786815,-0.11848785766672901,0.018567460837021654,0.0,0,5.33,3.9,312.345
2024-03-29,69892.828125,70913.09375,69076.65625,70744.796875,25230851763,0.03007768292192804,0.14316934884468555,50.74868010134373,2125.4789207980357,0.06488075428281674,-0.10731805393422518,-0.01204502883045766,0.0,0,5.33,3.9,312.345
2024-03-30,69645.3046875,70355.4921875,69601.0625,69893.4453125,17130241883,0.023816836705715376,0.13079862786997182,57.51247167561364,2068.7747545603634,0.06939902954567692,-0.10398089351959199,-0.0035414711944022903,0.0,1,5.33,3.9,312.345
2024-03-31,71333.6484375,71377.78125,69624.8671875,69647.78125,20050941373,0.03970684268106114,0.14941680677534908,55.364054016031204,2135.4553251199104,0.04224684190946253,-0.1244545778492971,0.02424203264779501,0.0,0,5.33,3.9,312.345
2024-04-01,69702.1484375,71342.09375,68110.6953125,71333.484375,34873527352,0.007231372303219235,0.11543253577285212,53.81534270055757,2033.2141160127794,0.06332206461981445,-0.10319302784223126,-0.022871394296192005,0.0,0,5.33,3.9,313.023
2024-04-02,65446.97265625,69708.3828125,64586.59375,69705.0234375,50705240709,-0.05614678335530199,0.04217129035436147,56.583423355404804,1590.4958515013568,0.1216416579652242,-0.04573888004237694,-0.061047985989492126,0.0,1,5.33,3.9,313.023
2024-04-03,65980.8125,66914.3203125,64559.8984375,65446.671875,34488018367,-0.04672483964492428,0.04526644111818505,45.478605587533096,1268.0970181063312,0.10559470627916757,-0.054695829901281294,0.008156830210526378,0.0,1,5.33,3.9,313.023
2024-04-04,68508.84375,69291.2578125,65113.796875,65975.6953125,34439527442,-0.008122577870862365,0.07960910834605057,57.02375427534767,1202.720401992221,0.06345535253094334,-0.0895425867064578,0.038314642609167615,0.0,0,5.33,3.9,313.023
2024-04-05,67837.640625,68725.7578125,66011.4765625,68515.7578125,33748230056,-0.014773236600556032,0.06370165133704,59.929290074102276,1084.2499218231387,0.074172807298894,-0.07701116745523241,-0.009797320875087778,0.0,1,5.33,3.9,313.023
2024-04-06,68896.109375,69629.6015625,67491.71875,67840.5703125,19967785809,0.0014125686043734017,0.0746583026804285,61.393227847984726,1063.5112986499444,0.058304264913013375,-0.09109184521678126,0.015602971156545964,0.0,1,5.33,3.9,313.023
2024-04-07,69362.5546875,70284.4296875,68851.6328125,68897.109375,21204930369,0.010222274155851271,0.07599278492530738,55.74976847533091,1072.3526154099673,0.053180380457283336,-0.096581769918253,0.006770270726916605,0.0,1,5.33,3.9,313.023
2024-04-08,71631.359375,72715.359375,69064.2421875,69362.5546875,37261432669,0.04063105446909505,0.10450265791988665,54.632430170366,1248.0462988782529,0.018891563044966937,-0.11069747163903382,0.03270935878474601,0.0,0,5.33,3.9,313.023
2024-04-09,69139.015625,71742.5078125,68212.921875,71632.5,36426900409,0.005162618340563764,0.060395700143684415,47.9313116804187,1172.655850896117,0.05662944900019983,-0.07787592095197607,-0.03479403115822832,0.0,1,5.33,3.9,313.023
2024-04-10,70587.8828125,71093.4296875,67503.5625,69140.2421875,38318601774,0.027340518663042136,0.07657297263053492,52.64213372643194,1215.8048100166925,0.036921881333008784,-0.09156362944642556,0.0209558550176423,0.0,0,5.33,3.9,313.023
2024-04-11,70060.609375,71256.234375,69571.8125,70575.734375,30153382941,0.019134858551248003,0.06262507940072312,48.34459225785627,1193.6939503816393,0.04076245702393067,-0.071797209522827,-0.007469744331340511,0.0,0,5.33,3.9,313.023
2024-04-12,67195.8671875,71222.7421875,65254.8359375,70061.3828125,44129299406,-0.025017420259104764,0.014285609618408688,44.05499061779285,934.2408351361373,0.07821288639124245,-0.02064182925196294,-0.04088948430588779,0.0,0,5.33,3.9,313.023
2024-04-13,63821.47265625,67931.4296875,60919.10546875,67188.375,52869738185,-0.07106796194668204,-0.040440849051414186,38.71762913723861,451.1365134607622,0.14334694242382992,0.01766557926065154,-0.05021729270691988,0.0,1,5.33,3.9,313.023
2024-04-14,65738.7265625,65824.4296875,62205.8515625,63836.23046875,49084320047,-0.039288473856912406,-0.015807712355024872,39.256379113974944,220.43815123976674,0.11008999090106096,-0.018522354007044967,0.03004089104268326,0.0,0,5.33,3.9,313.023
2024-04-15,63426.2109375,66878.6484375,62332.0703125,65739.6484375,43595917654,-0.0670692672847748,-0.05374202346994337,38.25582340519719,-147.29472544323653,0.15444828763828794,0.003032483262445092,-0.03517737178558533,0.0,1,5.33,3.9,313.023
2024-04-16,63811.86328125,64355.66796875,61716.40234375,63419.296875,42847528078,-0.05432462543795804,-0.05061994996373158,46.422054452661214,-402.961667212614,0.14918067789372352,-0.013582759035938636,0.006080330797783695,0.0,0,5.33,3.9,313.023
2024-04-17,61276.69140625,64486.36328125,59768.5859375,63831.84765625,41915247049,-0.08088138337736223,-0.08947329208962734,40.53541246096487,-800.9143020209594,0.20011399285633097,0.008387366213406047,-0.03972884891052719,0.0,1,5.33,3.9,313.023
2024-04-18,63512.75390625,64125.6875,60833.48046875,61275.31640625,36006307335,-0.03559760656060529,-0.056529661536371005,39.82847567779068,-925.1979697252536,0.1556849880489419,-0.034982600825411096,0.03649124077498622,0.0,1,5.33,3.9,313.023
2024-04-19,63843.5703125,65481.59765625,59651.390625,63510.75,49920425401,-0.022716207695777518,-0.052360171299763246,41.754198698842075,-985.6377342972773,0.14658398689394192,-0.04595780427007972,0.005208661031110617,0.0,1,5.33,3.9,313.023
2024-04-20,64994.44140625,65442.45703125,63172.40234375,63851.1015625,23097485495,0.003492773163584608,-0.036008448792241105,41.97558000736222,-929.9511066480482,0.11707314015455203,-0.06339667491356418,0.018026421268684478,0.0,0,5.33,3.9,313.023
2024-04-21,64926.64453125,65723.2421875,64277.72265625,64992.81640625,20506644853,0.010455562219154873,-0.03784078964447638,40.72473008357105,-881.1325467331335,0.11270793332299954,-0.06424223396192374,-0.0010431180502996629,0.0,1,5.33,3.9,313.023
2024-04-22,66837.6796875,67233.9609375,64548.1796875,64935.6328125,28282686673,0.0407772465430703,-0.01059711914323529,39.82440877554797,-680.3957417800484,0.08163375967594057,-0.08965744298612412,0.029433758205850147,0.0,0,5.33,3.9,313.023
2024-04-23,66407.2734375,67199.2421875,65864.8671875,66839.890625,24310975583,0.029928042035974215,-0.016408427888593598,43.64500055614401,-549.7039203292807,0.08887400972930977,-0.08334488317820113,-0.006439574982440521,0.0,0,5.33,3.9,313.023
2024-04-24,64276.8984375,67075.3671875,63589.87109375,66408.71875,30276655120,-0.0008472424750327197,-0.04809662376189668,35.769640410397855,-610.9900554282212,0.12189455838634562,-0.05647868130278533,-0.03208044676017341,0.0,1,5.33,3.9,313.023
2024-04-25,64481.70703125,65275.20703125,62783.6328125,64275.01953125,32155786816,0.0006945500349123514,-0.04460366227689578,37.234744472154254,-635.7054010279098,0.11598789780273304,-0.062336726022364466,0.0031863484195515657,0.0,0,5.33,3.9,313.023
2024-04-26,63755.3203125,64789.65625,63322.3984375,64485.37109375,24139372950,-0.010491449883303859,-0.0544779660845982,41.273648276446956,-705.7701490643813,0.12395142042122766,-0.054965590684714065,-0.011265004482557628,0.0,0,5.33,3.9,313.023
2024-04-27,63419.140625,63898.36328125,62424.71875,63750.98828125,19530783039,-0.018971181730855744,-0.05810004840365441,48.793631123818045,-779.4389706135989,0.12317658783074575,-0.05259487391107696,-0.005272966802647994,0.0,0,5.33,3.9,313.023
2024-04-28,63113.23046875,64321.484375,62793.59765625,63423.515625,17334827993,-0.023099551320756882,-0.061141479576579325,41.285521321674395,-852.6773022904672,0.11142575228458923,-0.04430450003625856,-0.004823625063903991,0.0,1,5.33,3.9,313.023
2024-04-29,63841.12109375,64174.87890625,61795.45703125,63106.36328125,26635912073,-0.011829123442613727,-0.04884806631410099,51.539056955409556,-842.2752923245935,0.08948879625571504,-0.0542345851639343,0.011533090916022948,0.0,0,5.33,3.9,313.023
2024-04-30,60636.85546875,64703.33203125,59120.06640625,63839.41796875,37840840057,-0.05505305238451317,-0.09348470384238326,40.25950307289871,-1080.1379236353678,0.13178797088687008,-0.00539459484925895,-0.050191249309274655,0.0,0,5.33,3.9,313.023
2024-05-01,58254.01171875,60780.5,56555.29296875,60609.49609375,48439780271,-0.0826475598527709,-0.12565000018732264,40.6393363536905,-1444.2726726835826,0.16811766471854175,0.024987055067722856,-0.03929695449375714,0.0,1,5.33,3.9,313.175
2024-05-02,59123.43359375,59602.296875,56937.203125,58253.703125,32711813559,-0.05750699686960236,-0.10886622374417544,35.15015226939815,-1643.7488914799542,0.14759304618019414,-0.0003918947754825417,0.014924669552331737,0.0,1,5.33,3.9,313.175
2024-05-03,62889.8359375,63320.50390625,58848.3125,59122.30078125,33172023048,0.008186716618916587,-0.04966038697903731,47.38194991310196,-1480.8477489673678,0.07819269462614692,-0.06106641142681728,0.06370405294167747,0.0,1,5.33,3.9,313.175
2024-05-04,63891.47265625,64494.95703125,62599.3515625,62891.03125,20620477992,0.02487719792466497,-0.032913359082763334,46.94728256686009,-1256.4402466544561,0.05782251409060907,-0.0752102755760429,0.015926845790239064,0.0,1,5.33,3.9,313.175
2024-05-05,64031.1328125,64610.890625,62955.3046875,63892.453125,18296164805,0.027860371910812153,-0.030422534884028928,47.53128762952741,-1055.163014467369,0.056164085667611593,-0.0769314491998777,0.002185896653241981,0.0,0,5.33,3.9,313.175
2024-05-06,63161.94921875,65494.90234375,62746.23828125,64038.3125,28697928697,0.014874471550142801,-0.04206708871407708,39.24933992777193,-954.7791105234355,0.07011404597149497,-0.06467377737623763,-0.013574390387488533,0.0,0,5.33,3.9,313.175
2024-05-07,62334.81640625,64390.45703125,62285.98046875,63162.76171875,25930730982,0.0033323329590124735,-0.05311415569466937,38.359151911677976,-931.2321838092612,0.0838446124388405,-0.05009628020602009,-0.01309542885757653,0.0,0,5.33,3.9,313.175
2024-05-08,61187.94140625,62986.0859375,60877.12890625,62332.640625,26088172222,-0.01206607772085192,-0.07033083344343984,40.64439907141188,-993.660008363011,0.10410914726033718,-0.036040754239934435,-0.018398626419713127,0.0,1,5.33,3.9,313.175
2024-05-09,63049.9609375,63404.9140625,60648.07421875,61191.19921875,25453338161,0.019299941804863642,-0.040622015308084396,46.05922828493691,-882.7097657528357,0.07075140258874811,-0.06501682578054967,0.03043115176709965,0.0,0,5.33,3.9,313.175
2024-05-10,60792.77734375,63446.7421875,60208.78125,63055.19140625,27804954694,-0.017438591154910487,-0.0736430763737564,42.47955955291313,-965.7837966479638,0.10783639565468446,-0.03454206991916039,-0.035799920573900024,0.0,1,5.33,3.9,313.175
2024-05-11,60793.7109375,61451.15234375,60492.625,60793.35546875,13842272968,-0.021440275449598784,-0.07278534394023603,43.21992418856179,-1019.7897302222409,0.10460901446518199,-0.03814481914275784,1.5356984674586016e-05,0.0,1,5.33,3.9,313.175
2024-05-12,61448.39453125,61818.15625,60632.6015625,60793.50390625,13800459405,-0.01458997692201538,-0.062052396572580576,45.776700356772395,-998.2550640884438,0.0819246806755658,-0.046247436514449826,0.010768936188532141,0.0,1,5.33,3.9,313.175
2024-05-13,62901.44921875,63422.66015625,60769.83984375,61451.21875,27889181179,0.00869297996517321,-0.03860135127848025,47.70086071969532,-854.0938541364449,0.04721362733633559,-0.06413505657357671,0.023646747788683697,0.0,0,5.33,3.9,313.175
2024-05-14,61552.7890625,63092.125,61123.765625,62900.7734375,28186271527,-0.009218488334410831,-0.056790891125600054,52.464878381784885,-838.9991994972952,0.06628905080051935,-0.044185633979820435,-0.02144084393922019,0.0,1,5.33,3.9,313.175
2024-05-15,66267.4921875,66454.453125,61330.41015625,61553.98828125,39815167074,0.06284553096948374,0.016614364118429405,69.16041653863174,-441.5099848996979,-0.0032957196024324276,-0.11577172237839352,0.07659609250545496,0.0,0,5.33,3.9,313.175
2024-05-16,65231.58203125,66712.4296875,64613.0546875,66256.109375,31573077994,0.04276946600811267,0.0020209515806934356,64.4893659685047,-207.69206587137887,0.016330239229305796,-0.1032644223395406,-0.01563225228621834,0.0,1,5.33,3.9,313.175
2024-05-17,67051.875,67459.4609375,65119.31640625,65231.296875,28031279310,0.0638460791738586,0.03115236429684651,60.87720666572202,123.07402849122445,-0.0010043704579586253,-0.13244703260683258,0.02790508695432159,0.0,0,5.33,3.9,313.175
2024-05-18,66940.8046875,67387.328125,66663.5,67066.2109375,16712277406,0.05247734709010212,0.030379810478278247,58.35828984992684,371.9583905588879,0.009654544495294461,-0.1342910616233588,-0.0016564833198177142,0.0,0,5.33,3.9,313.175
2024-05-19,66278.3671875,67694.296875,65937.1796875,66937.9296875,19249094538,0.03679951439888624,0.021241828245921978,55.988108967820104,509.8704019730503,0.0250829681183884,-0.12729835796738118,-0.009895869986810912,0.0,1,5.33,3.9,313.175
2024-05-20,71448.1953125,71483.5625,66086.171875,66278.7421875,43850655717,0.09934734039270163,0.10086161027854276,67.96298131028684,1024.5185758505468,-0.02522683220359187,-0.19917619625813549,0.07800174241430358,0.0,0,5.33,3.9,313.175
2024-05-21,70136.53125,71946.4609375,69191.125,71443.0625,46932005990,0.06387160294534722,0.08050707962708535,66.56463123846649,1311.4233614998739,0.004112840150014892,-0.1783674134844355,-0.018358253231772315,0.0,0,5.33,3.9,313.175
2024-05-22,69122.3359375,70623.6953125,68977.6953125,70135.3203125,32802561717,0.036423441306313184,0.06367807548329421,66.94178934948593,1440.35684827355,0.025348303730222756,-0.15834916870478843,-0.01446030042296964,0.0,0,5.33,3.9,313.175
2024-05-23,67929.5625,70041.2734375,66356.953125,69121.3046875,41895680979,0.010917457763351908,0.04469670319114081,60.72562924456308,1429.8087719763062,0.04890853521308008,-0.14170776290573617,-0.017255976976508713,0.0,1,5.33,3.9,313.175
2024-05-24,68526.1015625,69220.296875,66622.671875,67928.1328125,29197308153,0.009320756817991032,0.05386535322269719,68.33693113287431,1452.8376542565093,0.04600877522964425,-0.14864741965128989,0.008781729788116976,0.0,1,5.33,3.9,313.175
2024-05-25,69265.9453125,69579.3203125,68515.8203125,68526.921875,15473071741,0.015732013373574927,0.06477566041990598,69.40888804889887,1513.3425460229773,0.042148211555245826,-0.15749540541550422,0.010796524727518797,0.0,0,5.33,3.9,313.175
2024-05-26,68518.09375,69506.2265625,68183.890625,69264.2890625,15628433737,-5.3815004991569745e-05,0.05340190072017179,66.12700377582838,1483.842920101859,0.05846155528860324,-0.1454212839916512,-0.010796814497022966,0.0,1,5.33,3.9,313.175
2024-05-27,69394.5546875,70597.8828125,68232.5,68512.1796875,25870990717,0.009286535163161637,0.06686617431727178,65.2118717822334,1513.7378985670657,0.05063636023609717,-0.15158466838752685,0.012791671360530277,0.0,0,5.33,3.9,313.175
2024-05-28,68296.21875,69514.640625,67227.15625,69392.1953125,32722265965,-0.008642156025120768,0.051058290968856765,65.98582320528757,1432.2927738766302,0.06850368496528492,-0.12850354083212237,-0.015827408107827234,0.0,0,5.33,3.9,313.175
2024-05-29,67578.09375,68852.4609375,67101.4921875,68296.3515625,26707072906,-0.020913312631997742,0.040506466335678754,53.83321558064566,1294.8737414396746,0.08098940447537988,-0.11367307276840574,-0.01051485738366742,0.0,1,5.33,3.9,313.175
2024-05-30,68364.9921875,69500.5390625,67118.078125,67576.0859375,29509712534,-0.005068175597655573,0.05334345390841853,59.29998606427546,1235.2253863515798,0.066388448027685,-0.11064026893520128,0.011644282841286824,0.0,0,5.33,3.9,313.175
2024-05-31,67491.4140625,68999.5625,66633.421875,68362.515625,27387283769,-0.013985901126545675,0.04070760659340624,51.382232947071685,1104.728558161747,0.07459819683867679,-0.08361191860722102,-0.012778150001159894,0.0,1,5.33,3.9,313.175
2024-06-01,67706.9375,67839.765625,67386.1953125,67489.609375,11641495604,-0.008787565319148486,0.04386641960248105,52.39355846833737,1007.0907070653047,0.0649741756859565,-0.07108199006243758,0.0031933460054698326,0.0,1,5.33,4.1,313.044
2024-06-02,67751.6015625,68409.1640625,67315.5234375,67710.2734375,17110588415,-0.007875216167005024,0.0432907133767483,54.78749332298863,922.6799431627733,0.05987444128017908,-0.06013796710780902,0.0006596674454519835,0.0,1,5.33,4.1,313.044
2024-06-03,68804.78125,70230.8203125,67589.8359375,67753.8984375,32401285324,0.0071360875031393056,0.0585088586199623,38.27196011405096,930.0456166788936,0.031315046605839954,-0.051648145958946484,0.015544720172089965,0.0,1,5.33,4.1,313.044
2024-06-04,70567.765625,71047.40625,68564.640625,68804.5703125,33149696545,0.030977347698216914,0.0832507451251408,51.83958749088506,1065.8545632606983,0.009507287731016724,-0.07320430037644171,0.025622992224831664,0.0,1,5.33,4.1,313.044
2024-06-05,71082.8203125,71735.4140625,70390.7109375,70568.3515625,32810771409,0.034625424780462224,0.0887267759722256,58.73515029323472,1201.1980769557267,0.004428249463485433,-0.07392382356328385,0.007298724608017615,0.0,0,5.33,4.1,313.044
2024-06-06,70757.1640625,71625.734375,70119.125,71082.84375,25223152007,0.027846893873716444,0.08060073079178483,63.65371687511931,1267.5692990591633,0.012449626532125899,-0.06782352473611747,-0.004581363662391591,0.0,0,5.33,4.1,313.044
2024-06-07,69342.5859375,71907.8515625,68507.2578125,70759.1875,36188381096,0.00576940135228619,0.05711498539908654,53.65391473383166,1192.2804710882629,0.032952386332815733,-0.045192564767537094,-0.01999201273457618,0.0,0,5.33,4.1,313.044
2024-06-08,69305.7734375,69533.3203125,69210.7421875,69324.1796875,14262185861,0.0027227491756095334,0.05479712049725498,50.19020656328304,1116.7696460844163,0.03136751047313293,-0.03818368142930882,-0.0005308786729295578,0.0,1,5.33,4.1,313.044
2024-06-09,69647.9921875,69817.5234375,69160.84375,69297.4921875,13534028500,0.005806967474183498,0.0585061434421158,55.61352615003404,1072.1815251146181,0.021377336896536696,-0.040571828661655186,0.00493781012787653,0.0,0,5.33,4.1,313.044
2024-06-10,69512.28125,70146.0703125,69232.421875,69644.3125,20597699541,0.0009260304831173799,0.05497314763806149,50.63135534634673,1014.2032754930988,0.02215891578154451,-0.038384263550576246,-0.0019485261992140401,0.0,0,5.33,4.1,313.044
2024-06-11,67332.03125,69549.4140625,66123.6015625,69508.078125,37116136345,-0.029944303034031713,0.021730641728856467,45.3668150795498,783.2977719378687,0.055677920260666494,-0.010326420579747713,-0.03136496113771259,0.0,1,5.33,4.1,313.044
2024-06-12,68241.1875,69977.890625,66902.453125,67321.375,34497940694,-0.01753902437732287,0.03495061553248013,53.128903018604724,665.987716195872,0.04150200164324832,-0.022943435473074418,0.013502581655740586,0.0,0,5.33,4.1,313.044
2024-06-13,66756.3984375,68365.78125,66304.5625,68243.1015625,28955204146,-0.03607271664986882,0.011671337668156825,42.878645759837084,448.04381322198606,0.0662322297119535,-0.005428074585905778,-0.021757960505889518,0.0,0,5.33,4.1,313.044
2024-06-14,66011.09375,67294.6484375,65056.89453125,66747.5703125,27403884779,-0.040521545153873136,-8.701733554297495e-05,43.371234781172845,212.72962569861556,0.08016898778074343,-0.0010278869714572857,-0.011164543099157487,0.0,1,5.33,4.1,313.044
2024-06-15,66191.0,66402.1875,65871.7734375,66006.7421875,14121265576,-0.031016813222389365,0.0018988420313812758,43.19002101533403,40.293884753540624,0.07869064657711644,-0.008716348711847573,0.0027253941690672523,0.0,1,5.33,4.1,313.044
2024-06-16,66639.046875,66894.84375,66018.25,66189.359375,13281140541,-0.018540948442355296,0.007698430080070601,45.176917809100686,-59.52290099833044,0.070619966176683,-0.01869809182514483,0.006768999939568809,0.0,0,5.33,4.1,313.044
2024-06-17,66490.296875,67188.3203125,65094.96484375,66636.515625,30006354476,-0.01660062551340059,0.004423210948479416,39.11263174915842,-148.91470862731512,0.07341085185416098,-0.019614550749135925,-0.0022321747830370553,0.0,0,5.33,4.1,313.044
2024-06-18,65140.74609375,66556.703125,64066.95703125,66490.9765625,39481285950,-0.030588948498540894,-0.016349756138363026,23.438069378692063,-324.91046400755295,0.0982968495015886,-0.005692770029680682,-0.02029695827328193,0.0,0,5.33,4.1,313.044
2024-06-19,64960.296875,65695.3515625,64693.30078125,65146.66015625,21103423504,-0.026482974193038567,-0.020353744856092083,19.019268796188456,-473.4910024649289,0.10313176685983287,-0.009955965246395719,-0.0027701435671353414,0.0,0,5.33,4.1,313.044
2024-06-20,64828.65625,66438.9609375,64547.84765625,64960.296875,25641109124,-0.0215882749976827,-0.024273845335977262,19.40018887751752,-595.0055938208097,0.10732021330531946,-0.014001401022749526,-0.00202647819256907,0.0,0,5.33,4.1,313.044
2024-06-21,64096.19921875,65007.546875,63378.89453125,64837.98828125,26188171739,-0.02789533994103849,-0.03673983496325428,20.869729678379002,-741.8582636857318,0.1225360354124827,-0.010929208101459356,-0.011298352821403679,0.0,1,5.33,4.1,313.044
2024-06-22,64252.578125,64475.46875,63929.7578125,64113.86328125,9858198793,-0.019592907058371356,-0.034785065457712684,22.310073205188573,-835.9848784524074,0.1211979555286321,-0.020176121531212322,0.0024397531859308152,0.0,0,5.33,4.1,313.044
2024-06-23,63180.796875,64491.703125,63180.796875,64248.96484375,11170471802,-0.030658218738278568,-0.0506828788167402,17.185495673628083,-985.7021278741449,0.14119277391709598,-0.01343121117960497,-0.01668075089399379,0.0,0,5.33,4.1,313.044
2024-06-24,60277.4140625,63292.52734375,58601.69921875,63173.3515625,43152133651,-0.06699546407111408,-0.09328458839473622,13.41712284506771,-1323.3777798099982,0.19823860507003807,0.014939216380238056,-0.04595356431233677,0.0,1,5.33,4.1,313.044
2024-06-25,61804.640625,62258.26171875,60239.75,60266.28125,29201215431,-0.036816807531452944,-0.0699316883529112,26.909208757911998,-1451.0272083374002,0.16127565227937762,-0.017798776933498406,0.025336630415439876,0.0,0,5.33,4.1,313.044
2024-06-26,60811.27734375,62434.13671875,60695.1875,61789.67578125,22506003064,-0.04361160406766409,-0.08446052301888708,19.17824068447534,-1613.7441766755364,0.17333768177341277,-0.011202054303512921,-0.016072632592061153,0.0,1,5.33,4.1,313.044
2024-06-27,61604.80078125,62293.86328125,60585.33203125,60811.2265625,21231745045,-0.02362980177396085,-0.07263009571384416,27.329230343968305,-1659.5377189441497,0.1522918520378798,-0.03056677341328759,0.013048951973404943,0.0,0,5.33,4.1,313.044
2024-06-28,60320.13671875,62126.09765625,59985.40234375,61612.8046875,24952866877,-0.03663006199598705,-0.09122193121556804,26.090668322673125,-1778.9840636680601,0.17113105225443903,-0.019115255031872103,-0.020853310881755127,0.0,1,5.33,4.1,313.044
2024-06-29,60887.37890625,61097.62109375,60300.96484375,60319.875,12652903396,-0.021203754615911206,-0.08270205622730961,28.42031314320954,-1807.0439704897217,0.14990344964102562,-0.03232460001156434,0.009403861104374522,0.0,1,5.33,4.1,313.044
2024-06-30,62678.29296875,62892.828125,60632.94921875,60888.4453125,17333226409,0.011081245834064807,-0.05625696356815809,35.47186669948782,-1665.570194831591,0.10380842855565123,-0.05763868016974978,0.029413551620566913,0.0,1,5.33,4.1,313.044
2024-07-01,62851.98046875,63777.2265625,62495.51171875,62673.60546875,25468379421,0.015922089333116302,-0.054041594110650085,36.67894449747325,-1521.8926475800035,0.09392834096123864,-0.0605409930710102,0.002771094932125795,0.0,0,5.33,4.2,313.569
2024-07-02,62029.015625,63203.359375,61752.74609375,62844.41015625,20151616992,0.006236431952761813,-0.06618245549814822,38.15001024932487,-1457.6308798890896,0.09714825657155289,-0.04679805504036421,-0.013093697885290578,0.0,0,5.33,4.2,313.569
2024-07-03,60173.921875,62187.703125,59419.38671875,62034.33203125,29756701685,-0.01907221958015533,-0.09373376704506343,33.83453309923782,-1538.656849591207,0.12530047651750806,-0.022679389361553084,-0.02990687070088416,0.0,0,5.33,4.2,313.569
2024-07-04,56977.703125,60399.67578125,56777.8046875,60147.13671875,41149609230,-0.06615231507577077,-0.13946333720129728,28.031793195142228,-1839.5732007869883,0.19130512761642038,0.013410244871666319,-0.05311634426354228,0.0,0,5.33,4.2,313.569
2024-07-05,56662.375,57497.15234375,53717.375,57022.80859375,55417544033,-0.06342699260550162,-0.14200489788426832,28.701803833019255,-2079.5244579826904,0.1971956009354325,0.0029725965457001384,-0.005534237213954074,0.0,1,5.33,4.2,313.569
2024-07-06,58303.5390625,58472.546875,56038.9609375,56659.07421875,20610320577,-0.03228896998863845,-0.11480878843211102,34.292182076745576,-2112.9031022758136,0.15443418944055798,-0.030494430745056627,0.02896391234041995,0.0,0,5.33,4.2,313.569
2024-07-07,55849.109375,58371.12109375,55793.32421875,58239.4296875,20553359505,-0.06408616640265556,-0.14920761590626194,31.958722852227993,-2310.7707547587415,0.19915599768281259,-0.0009278198050879299,-0.042097439142912196,0.0,1,5.33,4.2,313.569
2024-07-08,56705.09765625,58131.3359375,54321.01953125,55849.57421875,39766159899,-0.04394980307802946,-0.13364074473360615,40.22451338650752,-2371.177733501667,0.1750115897363873,-0.024842978214537067,0.015326802715911692,0.0,1,5.33,4.2,313.569
2024-07-09,58009.2265625,58239.1953125,56316.875,56704.59765625,27849512607,-0.01719299199312415,-0.11006129802288071,39.485636742582464,-2287.4500948842833,0.13945599187394786,-0.04960888915685598,0.02299844211812685,0.0,0,5.33,4.2,313.569
2024-07-10,57742.49609375,59359.43359375,57178.4140625,58033.8828125,26175260526,-0.013462230991785621,-0.11077172339743513,41.14199454633853,-2217.061354501624,0.1345028584678624,-0.04727410667997106,-0.004598069730556098,0.0,0,5.33,4.2,313.569
2024-07-11,57344.9140625,59299.43359375,57120.37890625,57729.890625,28707803842,-0.010949096752776019,-0.11367938641660713,37.41624627777261,-2168.363770033706,0.13346429334946966,-0.04353754935558081,-0.006885432015347748,0.0,1,5.33,4.2,313.569
2024-07-12,57899.46484375,58532.5546875,56590.17578125,57341.1953125,25604805221,0.0057790282969503734,-0.10232503537973926,42.52695612493615,-2061.2620244957725,0.11093376168772778,-0.051996627729168333,0.009670444019596935,0.0,1,5.33,4.2,313.569
2024-07-13,59231.953125,59787.078125,57796.44140625,57908.73828125,17080061806,0.030612250099529448,-0.07901187101049659,45.119982681131305,-1847.5648735102732,0.07738029043296275,-0.07142796977622258,0.023013827240820017,0.0,1,5.33,4.2,313.569
2024-07-14,60787.79296875,61329.52734375,59225.25,59225.25,22223416061,0.050717608796039045,-0.05232180538042482,44.34868490807599,-1534.9708802337555,0.05066944551503382,-0.09521908429106532,0.026266900915231206,0.0,1,5.33,4.2,313.569
2024-07-15,64870.15234375,64870.15234375,60704.9296875,60815.45703125,38094526099,0.10559597397711395,0.012473554025856521,54.89019836343446,-946.910213077128,-0.004981817597470687,-0.15790113265188252,0.06715755212726138,0.0,1,5.33,4.2,313.569
2024-07-16,65097.1484375,65354.33984375,62487.96875,64784.41796875,41617346768,0.09676582000620836,0.017381208010422346,57.65544279309889,-457.27997106749535,0.0034627630358301316,-0.16616799866023052,0.003499237870556282,0.0,0,5.33,4.2,313.569
2024-07-17,64118.79296875,66066.734375,63896.0859375,65091.83203125,32525071311,0.0654377367974092,0.003401015143031562,60.29338827559931,-146.50081633268564,0.025105100975259257,-0.15585517175148125,-0.01502916014346345,0.0,0,5.33,4.2,313.569
2024-07-18,63974.06640625,65104.66015625,63246.1640625,64104.73828125,27239305337,0.050346189731117895,0.0022667276774597333,71.71344879933255,87.11151149467332,0.03458963819560208,-0.15539938281807214,-0.0022571629283560934,0.0,1,5.33,4.2,313.569
2024-07-19,66710.15625,67442.640625,63329.34375,63972.32421875,37003855410,0.07984212748310958,0.04567460866057302,77.11010812289763,487.4119665703038,0.006669747597054119,-0.19582524186446557,0.042768734230136385,0.0,1,5.33,4.2,313.569
2024-07-20,67163.6484375,67610.734375,66299.6171875,66709.921875,19029581250,0.07085224787964625,0.05289123910228348,75.5426461519612,831.6591418680691,0.012003071478594422,-0.20670722633729016,0.0067979482134701286,0.0,1,5.33,4.2,313.569
2024-07-21,68154.5234375,68372.90625,65842.296875,67164.9140625,26652190004,0.06823982721456556,0.06827478275710319,88.74451090341454,1170.9350297296478,0.011288894217459088,-0.2244594422104791,0.014753144342986024,0.0,0,5.33,4.2,313.569
2024-07-22,67585.25,68480.0625,66611.296875,68152.9765625,42649109453,0.04347583587655267,0.05940706422436981,84.8868455457544,1377.9933567752742,0.031795669985198116,-0.22169460202843233,-0.00835268752223095,0.0,0,5.33,4.2,313.569
2024-07-23,65927.671875,67779.015625,65484.4609375,67584.8046875,35605668666,0.007468820698232718,0.03435729472729947,74.82747961011323,1392.2864593691338,0.06577882960197319,-0.20144015803220594,-0.02452573786440093,0.0,0,5.33,4.2,313.569
2024-07-24,65372.1328125,67113.984375,65146.99609375,65927.859375,27470942309,-0.007970296986565123,0.027316138272283068,73.49641548560264,1343.3017403544218,0.07974195243567943,-0.18671894939527373,-0.008426492953570563,0.0,1,5.33,4.2,313.569
2024-07-25,65777.2265625,66112.421875,63473.47265625,65375.875,38315761670,-0.003195049994779521,0.035408725841632925,75.95634631099345,1321.9302882448392,0.07702756077125075,-0.18180572119317684,0.00619673448871394,0.0,1,5.33,4.2,313.569
2024-07-26,67912.0625,68207.6015625,65743.765625,65771.8125,30488630457,0.024785279174915124,0.06997186051148525,78.08812387583399,1460.4218431362533,0.052108058824324066,-0.20231460465151072,0.032455548053117234,0.0,0,5.33,4.2,313.569
2024-07-27,67813.3359375,69398.5078125,66705.21875,67911.8125,34691905492,0.017622239001709974,0.06893148914498863,75.86345981053849,1544.4080154228504,0.05683588180014732,-0.18670651012304695,-0.0014537411892032726,0.0,1,5.33,4.2,313.569
2024-07-28,68255.8671875,68301.8515625,67085.828125,67808.65625,18043166945,0.017723714558628242,0.07626327587860568,74.12718448390791,1627.9106943890001,0.053070431334261245,-0.17814313856833472,0.006525726007755361,0.0,0,5.33,4.2,313.569
2024-07-29,66819.9140625,69987.5390625,66532.59375,68259.0546875,40780682628,-0.003849974509099147,0.05456159515173479,57.59840852343601,1560.2323651529223,0.07580758023482885,-0.14740257045399205,-0.021037797689324123,0.0,0,5.33,4.2,313.569
2024-07-30,66201.015625,66987.671875,65323.19140625,66819.0546875,31380492109,-0.01165814010949218,0.045887187825604664,54.17436770715405,1440.0567917895896,0.08218109563071484,-0.12297083639422748,-0.009262185475442442,0.0,0,5.33,4.2,313.569
2024-07-31,64619.25,66810.2109375,64532.046875,66201.2734375,31292785994,-0.030154160699909137,0.021773243427948678,51.80992157482122,1203.310503065717,0.09905744095038038,-0.08063193186253118,-0.023893373992326827,0.0,1,5.33,4.2,313.569
2024-08-01,65357.5,65593.2421875,62248.94140625,64625.83984375,40975554494,-0.015783272694502352,0.03438991991612764,54.79729164109938,1063.0043167086696,0.07505467264328858,-0.06801728452792291,0.011424614182306447,0.0,0,5.33,4.2,314.062
2024-08-02,61415.06640625,65523.22265625,61184.89453125,65353.5,43060875727,-0.0688244458525499,-0.026359433977110384,33.055979368324955,626.4676809821103,0.13679228633465523,0.002638070261093093,-0.06032105869640059,0.0,0,5.33,4.2,314.062
2024-08-03,60680.09375,62148.37109375,59836.52734375,61414.80859375,31753030589,-0.07337603541586289,-0.03638248730602166,29.62008505639075,218.68226809398038,0.1509210660632797,0.014245125691326615,-0.011967302150066583,0.0,0,5.33,4.2,314.062
2024-08-04,58116.9765625,61062.98828125,57210.8046875,60676.09375,31758917219,-0.10201209231597863,-0.07471276611750491,21.28678751428056,-307.7650221242875,0.21662011814647192,0.03241583748880193,-0.04223983565450573,0.0,0,5.33,4.2,314.062
2024-08-05,53991.45703125,58268.828125,49121.23828125,58110.296875,108991085584,-0.1474186934416266,-0.13691978714837696,17.688010154103566,-1045.8177047354766,0.3369136393283542,0.06340314979330448,-0.07098647891315102,0.0,1,5.33,4.2,314.062
2024-08-06,56034.31640625,57059.91796875,53973.2734375,53991.34765625,49300484106,-0.09838959534672309,-0.10125928411821318,26.90680125835962,-1449.1828169837245,0.29839812815321287,-1.8110606766474197e-05,0.03783671505322772,0.0,0,5.33,4.2,314.062
2024-08-07,55027.4609375,57726.8828125,54620.5078125,56040.6328125,41637562185,-0.09533447960018272,-0.11453576266153367,26.351589803085588,-1829.0136652040455,0.3320716377020043,-0.007895846211533898,-0.017968550940289485,0.0,1,5.33,4.2,314.062
2024-08-08,61710.13671875,62673.765625,54766.7265625,55030.02734375,45298472567,0.023125288984186042,-0.005962968145354711,42.77588397285965,-1572.6675305167882,0.1830585909636566,-0.11867342835077285,0.12144256099404904,0.0,0,5.33,4.2,314.062
2024-08-09,60880.11328125,61751.86328125,59587.859375,61728.20703125,33425553115,0.018347554011975617,-0.018084050880621955,36.902479594273345,-1420.1171005707438,0.19289787199926126,-0.11068858760201244,-0.013450358103773374,0.0,1,5.33,4.2,314.062
2024-08-10,60945.8125,61464.51171875,60287.56640625,60881.23046875,15745822278,0.025749324871231664,-0.016024462008882474,37.1929779575562,-1279.1728989683252,0.18202152267732827,-0.11388491336352174,0.001079157301276501,0.0,0,5.33,4.2,314.062
2024-08-11,58719.484375,61778.66015625,58348.82421875,60944.890625,22759754812,-0.000555000185997367,-0.05027189897833663,33.32529188938871,-1331.7678860437154,0.21804273103011626,-0.08659197349568415,-0.036529632368097475,0.0,1,5.33,4.2,314.062
2024-08-12,59354.515625,60680.33203125,57688.8984375,58719.39453125,37078637820,0.013809284992831537,-0.03881122585202313,36.57033347790292,-1307.1401792105462,0.19888195964953334,-0.10130989597177521,0.010814659848586317,0.0,1,5.33,4.2,314.062
2024-08-13,60609.56640625,61572.3984375,58506.25390625,59356.20703125,30327698167,0.035371000330782484,-0.018592474097751065,40.166488303679365,-1172.8307718858705,0.16852247969878617,-0.1222429145852706,0.021144992390795814,0.0,0,5.33,4.2,314.062
2024-08-14,58737.26953125,61687.7578125,58472.875,60611.05078125,29961696180,0.002325151774186047,-0.04796353315258026,39.760180235440366,-1203.594026581508,0.19856631282367052,-0.09904547250328449,-0.0308911115194338,0.0,0,5.33,4.2,314.062
2024-08-15,57560.09765625,59838.6484375,56161.59375,58733.26171875,35682112440,-0.023708107389116752,-0.06605928594808491,36.629984665709934,-1307.8855691312929,0.2081893657796176,-0.08371546842301655,-0.020041310813293967,0.0,1,5.33,4.2,314.062
2024-08-16,58894.10546875,59847.359375,57110.01953125,57560.2734375,29350938673,-0.005903578925958202,-0.043573039036826064,45.25271537801087,-1268.2742106545556,0.16369190092072508,-0.10248389059551957,0.023175912946963972,0.0,1,5.33,4.2,314.062
2024-08-17,59478.97265625,59694.66796875,58814.83203125,58893.53125,13589684021,-0.0035188181994801828,-0.033810959191123084,47.725279025742054,-1176.130331242246,0.13066814395036647,-0.1044846522397652,0.00993082725079053,0.0,0,5.33,4.2,314.062
2024-08-18,58483.96484375,60262.71875,58445.40234375,59468.1328125,17740625837,-0.014864056701801106,-0.04923168732389791,50.738900758791125,-1169.9084810617496,0.13103348809108645,-0.08463123239800288,-0.016728732324455264,0.0,1,5.33,4.2,314.062
2024-08-19,59493.453125,59612.66015625,57864.7109375,58480.7109375,25911207712,0.004486562834468583,-0.031817966416276225,62.66727461915284,-1071.172542033586,0.09349682395188808,-0.0930924924353687,0.01726094125025579,0.0,0,5.33,4.2,314.062
2024-08-20,59012.79296875,61396.328125,58610.8828125,59493.453125,31613400008,-0.0003663844930619913,-0.03843858446544979,57.38886707462146,-1019.9514906778059,0.08836331518002379,-0.08116606749637463,-0.008079210921579816,0.0,1,5.33,4.2,314.062
2024-08-21,61175.19140625,61834.3515625,58823.4453125,59014.98828125,32731154072,0.03197028782542324,-0.0029267771498709978,64.42404153868516,-795.698637869973,0.033519129373290414,-0.10410816959709952,0.03664287570061453,0.0,0,5.33,4.2,314.062
2024-08-22,60381.9140625,61408.109375,59815.25390625,61168.31640625,27625734377,0.01682612440816592,-0.015922849668459572,45.69354750871043,-674.2155511217279,0.04458917502048294,-0.09154129036441677,-0.012967304646127387,0.0,1,5.33,4.2,314.062
2024-08-23,64094.35546875,64947.0625,60372.05078125,60380.953125,42530509233,0.07304629563760189,0.042163357646975555,58.78029448408943,-275.20395444009046,-0.004713116714630315,-0.1500355372321418,0.061482671821355916,0.0,1,5.33,4.2,314.062
2024-08-24,64178.9921875,64513.7890625,63619.91796875,64103.87109375,21430585163,0.06476289232992555,0.040994950744698465,58.82289735944342,47.299843366781715,0.006251406903334059,-0.1539880226743388,0.0013205019089592707,0.0,1,5.33,4.2,314.062
2024-08-25,64333.54296875,64996.421875,63833.51953125,64176.3671875,18827683555,0.055466170841857246,0.04146452628664001,67.27308389662392,311.7635667240975,0.008274633429365632,-0.14438527919899863,0.0024081210374646833,0.0,0,5.33,4.2,314.062
2024-08-26,62880.66015625,64489.70703125,62849.55859375,64342.2265625,27682040631,0.024926514653108293,0.015632315111376367,60.32924775442678,399.5121448049249,0.03382742387760081,-0.1159843233962761,-0.022583597070127692,0.0,0,5.33,4.2,314.062
2024-08-27,59504.1328125,63210.796875,58116.75,62879.70703125,39103882198,-0.03014913782986903,-0.039772713648408765,47.119798806968475,194.35557719241478,0.0848621163448353,-0.050668830925715856,-0.05369739018896724,0.0,0,5.33,4.2,314.062
2024-08-28,59027.625,60236.44921875,57890.67578125,59507.92578125,40289564698,-0.038767435885899426,-0.047775171285217126,50.815860742907326,-6.606522956331901,0.09155013566634343,-0.04548007524971647,-0.00800797843742207,0.0,1,5.33,4.2,314.062
2024-08-29,59388.1796875,61184.08203125,58786.2265625,59027.46875,32224990582,-0.032730179121328695,-0.042467167064806716,55.38373966568031,-135.21797651496308,0.08394881395391425,-0.05281292924832192,0.006108236397788236,0.0,0,5.33,4.2,314.062
2024-08-30,59119.4765625,59896.88671875,57768.53125,59388.6015625,32292756405,-0.03727389423381701,-0.047344688812688746,50.70815722992998,-255.8759973769702,0.08770525291646344,-0.05042690912826859,-0.004524521990973862,0.0,0,5.33,4.2,314.062
2024-08-31,58969.8984375,59432.59375,58768.78515625,59117.48046875,12403470760,-0.036248671779458515,-0.05008270424498523,48.35540753330186,-359.42482714205835,0.09037309361406347,-0.047502512264760224,-0.002530098940268344,0.0,0,5.33,4.2,314.062
2024-09-01,57325.48828125,59062.0703125,57217.82421875,58969.80078125,24592449997,-0.058420110002069654,-0.07600418041584502,46.40818483805161,-567.6348364065343,0.1231829548681681,-0.02525109986666042,-0.027885585694078285,0.0,1,5.13,4.1,314.732
2024-09-02,59112.48046875,59403.0703125,57136.02734375,57326.96875,27036454524,-0.021057998541911004,-0.046685850658740764,48.8731367512776,-581.741480144723,0.08825511221715714,-0.056277120048493084,0.031172733823612075,0.0,0,5.13,4.1,314.732
2024-09-03,57431.0234375,59815.05859375,57425.16796875,59106.19140625,26666961053,-0.03815534969776258,-0.0715752177067581,45.63165783468278,-720.2974857926456,0.12112423170194689,-0.031928748424520745,-0.02844504270361159,0.0,1,5.13,4.1,314.732
2024-09-04,57971.5390625,58511.5703125,55673.1640625,57430.34765625,35627680312,-0.01864659638940557,-0.06067323262633087,40.28197078577714,-777.5261869607639,0.11026165377869604,-0.039835702574461625,0.00941156177702851,0.0,0,5.13,4.1,314.732
2024-09-05,56160.48828125,58300.58203125,55712.453125,57971.703125,31030280656,-0.038364816493608025,-0.08766520599368577,37.93934074921091,-957.9740785516187,0.14912971736089395,-0.016804645901693376,-0.031240343288065575,0.0,0,5.13,4.1,314.732
2024-09-06,53948.75390625,56976.109375,52598.69921875,56160.19140625,49361693566,-0.0673646475874837,-0.1207311329226958,18.29519636838242,-1264.868199273209,0.20413940896995816,0.005353613234780215,-0.03938239218868078,0.0,1,5.13,4.1,314.732
2024-09-07,54139.6875,54838.14453125,53740.0703125,53949.0859375,19061486526,-0.056087849804168186,-0.11398880030743,18.834420909004038,-1475.6666886645035,0.20543585571080197,-0.011759219174527233,0.003539165966313096,0.0,1,5.13,4.1,314.732
2024-09-08,54841.56640625,55300.859375,53653.7578125,54147.93359375,18268287531,-0.0362108954202358,-0.09886801133261983,21.50194424389811,-1568.0151457954198,0.19196245467998813,-0.034843563692804336,0.012964221602682846,0.0,1,5.13,4.1,314.732
2024-09-09,57019.53515625,58041.125,54598.43359375,54851.88671875,34618096173,0.005776631557069538,-0.059639543608217487,33.13715335843574,-1448.7577102621362,0.14596049411214765,-0.07473257544584078,0.039713831911113884,0.0,1,5.13,4.1,314.732
2024-09-10,57648.7109375,58029.9765625,56419.4140625,57020.09765625,28857630507,0.01925008826713621,-0.046137003228852995,43.65947842486252,-1288.6216775336434,0.12947018501786328,-0.08696475578490792,0.011034389872275785,0.0,0,5.13,4.1,314.732
2024-09-11,57343.171875,57991.3203125,55567.33984375,57650.2890625,37049062672,0.013816349778067658,-0.048489436083212434,44.17567153607648,-1172.8473129738923,0.1327230800807963,-0.08463388272376568,-0.005300015516934153,0.0,1,5.13,4.1,314.732
2024-09-12,58127.01171875,58534.359375,57330.1015625,57343.171875,33835707949,0.029468120803709242,-0.03315829361021687,45.76327991334945,-1006.2465861054516,0.10311941953053587,-0.09291464503180376,0.013669279499548104,0.0,1,5.13,4.1,314.732
2024-09-13,60571.30078125,60648.0234375,57650.11328125,58130.32421875,32490528356,0.06682481321651232,0.009246045130893022,54.255212210486505,-669.2657314523312,0.04626513073312559,-0.12313609369239122,0.04205082955798245,0.0,0,5.13,4.1,314.732
2024-09-14,60005.12109375,60656.72265625,59517.8828125,60569.1171875,16428405496,0.0530810449667745,0.002453686249332936,52.96184692949939,-442.78776363062207,0.039612997150889145,-0.10555165303774668,-0.00934732588201681,0.0,0,5.13,4.1,314.732
2024-09-15,59182.8359375,60381.91796875,58696.30859375,60000.7265625,18120960867,0.033169946596479406,-0.008424167286486383,55.57633456811176,-325.8971430309248,0.04089364733794077,-0.08620862926035466,-0.013703582981947293,0.0,0,5.13,4.1,314.732
2024-09-16,58192.5078125,59205.51171875,57501.33984375,59185.2265625,32032822113,0.008410793694300676,-0.02171768352759119,47.09919134106528,-309.6027791077504,0.05615608200924202,-0.07045990602223992,-0.016733367188517922,0.0,1,5.13,4.1,314.732
2024-09-17,60308.5390625,61316.08984375,57628.0703125,58192.5078125,38075570118,0.03402558056630783,0.01607968654978757,58.83120482759679,-124.50808909263287,0.02237794451593391,-0.1042294793252795,0.0363626062794542,0.0,1,5.13,4.1,314.732
2024-09-18,61649.6796875,61664.06640625,59218.25390625,60309.0,40990702891,0.04482408931565822,0.04027063555283189,60.759594921712164,128.91359070943872,0.007065489123857877,-0.12697653767832248,0.02223798894564699,0.0,1,5.13,4.1,314.732
2024-09-19,62940.45703125,63872.44140625,61609.8671875,61651.15625,42710252573,0.05610227298423688,0.06265313782837659,70.45597151462667,428.9622323269068,-0.0019010652860499647,-0.1504958957057902,0.020937291974474137,0.0,1,5.13,4.1,314.732
2024-09-20,63192.9765625,64119.53125,62364.60546875,62941.42578125,35177164222,0.050566045362050976,0.06769691545755982,81.63037815241738,679.2986266018343,0.00552951773541646,-0.1586266837698637,0.004012038411551844,0.0,1,5.13,4.1,314.732
2024-09-21,63394.83984375,63543.359375,62783.10546875,63184.33984375,14408616220,0.04342435328241384,0.07039147085202414,81.64410741574439,883.7928881237531,0.014022844273527872,-0.1634270710937929,0.003194394254405042,0.0,1,5.13,4.1,314.732
2024-09-22,63648.7109375,63993.421875,62440.7265625,63396.8046875,20183348802,0.03816773446140872,0.0736017052142799,81.06399353872837,1054.1893012036235,0.020244736329550976,-0.16990332377885,0.004004601863112578,0.0,0,5.13,4.1,314.732
2024-09-23,63329.80078125,64733.55859375,62628.078125,63643.1015625,31400285425,0.0283391531611395,0.06634721945303253,75.61660188361378,1150.2370847282727,0.034309171969138255,-0.16533560853826684,-0.005010473135318549,0.0,1,5.13,4.1,314.732
2024-09-24,64301.96875,64695.21484375,62737.41796875,63326.83984375,29938335243,0.0368905176900768,0.07897021832649946,76.27722474107453,1289.931943005664,0.029320886659232864,-0.17875909641466906,0.01535087678718594,0.0,0,5.13,4.1,314.732
2024-09-25,63143.14453125,64804.50390625,62945.375,64302.58984375,25078377700,0.01174297306072063,0.05700377240082129,71.46067090929326,1292.2375843995615,0.05367047092751067,-0.1580880934611326,-0.018021597802944433,0.0,1,5.13,4.1,314.732
2024-09-26,65181.01953125,65790.796875,62669.26953125,63138.546875,36873129847,0.032830533322770465,0.08742085028647596,73.88426206125965,1441.8831714244152,0.02624498818677412,-0.17269529745469575,0.032273891570151925,0.0,1,5.13,4.1,314.732
2024-09-27,65790.6640625,66480.6953125,64852.9921875,65180.6640625,32058813449,0.03351284163059222,0.09609924837770711,70.17937903747818,1591.3277600886213,0.021273376175188374,-0.16719030849069433,0.00935309904070647,0.0,1,5.13,4.1,314.732
2024-09-28,65887.6484375,66255.53125,65458.03515625,65792.1796875,15243637984,0.028191225508072577,0.09588650449229752,73.59954365735437,1698.0158322889183,0.022867751729356997,-0.15474880421702578,0.0014741358273548943,0.0,0,5.13,4.1,314.732
2024-09-29,65635.3046875,66069.34375,65450.015625,65888.8984375,14788214575,0.019964020833233703,0.08998900343922778,77.12652889630438,1742.1227597132092,0.03130453976027036,-0.14287662742888504,-0.003829909793174213,0.0,0,5.13,4.1,314.732
2024-09-30,63329.5,65635.0546875,62873.6171875,65634.65625,37112957475,-0.016076626278901142,0.050089243276482946,69.44540228695331,1572.8873829406366,0.06779472045718811,-0.10163960613447895,-0.035130555094979754,0.0,0,5.13,4.1,314.732
2024-10-01,60837.0078125,64110.98046875,60189.27734375,63335.60546875,50220923500,-0.05103021154311683,0.008264634898241958,51.945013767260825,1223.5396353787582,0.10674490771607123,-0.054293474024844156,-0.039357521968434894,0.0,0,4.83,4.1,315.631
2024-10-02,60632.78515625,62357.6875,59996.94921875,60836.32421875,40762722398,-0.04974540364791164,0.0048722758142763474,45.91552875721931,919.5993974983285,0.10680224021759761,-0.04330505915328449,-0.0033568819965540397,0.0,1,4.83,4.1,315.631
2024-10-03,60759.40234375,61469.0390625,59878.8046875,60632.484375,36106447279,-0.04390950454847809,0.0062962334973369494,40.33575191952201,681.090332663247,0.10437835028256282,-0.04487172942585003,0.0020882627636797935,0.0,1,4.83,4.1,315.631
2024-10-04,62067.4765625,62465.9921875,60459.94140625,60754.625,29585472513,-0.019879842264628304,0.026428057022778124,45.439514625373775,590.8103439586848,0.08028129896591053,-0.06085608797137421,0.021528753876634443,0.0,1,4.83,4.1,315.631
2024-10-05,62089.94921875,62371.0234375,61689.58203125,62067.609375,13305410749,-0.01789160574258164,0.025715500231649334,44.63463022295262,515.1379681906255,0.07731954230848286,-0.053943136593663905,0.0003620681473552878,0.0,1,4.83,4.1,315.631
2024-10-06,62818.953125,62959.5703125,61833.1484375,62084.98828125,14776233667,-0.0026342202165183957,0.036614598768889596,46.716544985086585,508.1341339057908,0.05850017457816542,-0.05124000006375599,0.011741093613744757,0.0,0,4.83,4.1,315.631
2024-10-07,62236.66015625,64443.70703125,62152.55078125,62819.109375,34253562610,-0.0062719451655894815,0.02573543570096951,45.7626333318999,450.40537581760873,0.06638928634309046,-0.037250919907261,-0.009269383518558882,0.0,0,4.83,4.1,315.631
2024-10-08,62131.96875,63174.3046875,61843.5625,62221.64453125,28134475157,-0.001958624756357802,0.023120168083597608,40.98188845281725,391.6920158389112,0.06792945457843381,-0.03459578803298071,-0.001682150134457161,0.0,0,4.83,4.1,315.631
2024-10-09,60582.1015625,62508.8359375,60314.61328125,62131.7265625,27670982363,-0.01889078092799778,-0.0029166464022841983,39.69182401605468,217.5916645355028,0.09666313189529692,-0.015203673920588318,-0.024944762232405493,0.0,0,4.83,4.1,315.631
2024-10-10,60274.5,61236.72265625,58895.20703125,60581.9296875,30452813570,-0.019018910833162726,-0.007685070337135635,27.05542673283206,54.17056192416203,0.10346103326014038,-0.0162211453307506,-0.005077433013489285,0.0,1,4.83,4.1,315.631
2024-10-11,62445.08984375,63400.87109375,60046.125,60275.4609375,30327141594,0.013655001169740229,0.027352007352725246,36.348003671277226,98.66922334634,0.06430873136053478,-0.05114218872992477,0.036011743668549645,0.0,1,4.83,4.1,315.631
2024-10-12,63193.0234375,63448.78515625,62443.26953125,62444.6171875,16744110886,0.021550482107455318,0.03996550403710164,39.55896090906835,192.07262967885617,0.05110820783849809,-0.06249000223406712,0.011977460447594401,0.0,0,4.83,4.1,315.631
2024-10-13,62851.375,63272.65234375,62035.63671875,63192.9453125,18177529690,0.01260313281967247,0.034795182494276655,39.28706714511792,235.80906834758935,0.05632094150814128,-0.05765417730648296,-0.005406426515387475,0.0,1,4.83,4.1,315.631
2024-10-14,66046.125,66482.4921875,62442.15234375,62848.3984375,43706958056,0.057296682174965516,0.08678119955365414,59.78452149748246,522.2400779216987,0.010035824267027147,-0.10540674993639852,0.050830232433260125,0.0,1,4.83,4.1,315.631
2024-10-15,67041.109375,67881.6796875,64809.1953125,66050.3671875,48863870879,0.06478531302739764,0.10164518412243129,75.04734275015645,820.0723566145607,0.004331205654843445,-0.122155215689731,0.015064992457922477,0.0,1,4.83,4.1,315.631
2024-10-16,67612.71875,68375.2890625,66758.7265625,67042.4609375,38195189534,0.06574960743218548,0.10808518775771457,77.36770216510898,1089.669649247262,0.0031872190873499175,-0.13332695218120652,0.008526251733136592,0.0,0,4.83,4.1,315.631
2024-10-17,67399.8359375,67912.2109375,66647.390625,67617.078125,32790898511,0.05381754831704204,0.10157338150437067,75.86160417765183,1271.4926068740533,0.011097296202913828,-0.13294356252009593,-0.0031485616380424464,0.0,1,4.83,4.1,315.631
2024-10-18,68418.7890625,68969.75,67177.8203125,67419.109375,36857165014,0.05933630458030297,0.11493582808680146,75.30548313274915,1480.740556788216,0.0037387952299613625,-0.14985670646254143,0.015118035686984221,0.0,0,4.83,4.1,315.631
2024-10-19,68362.734375,68668.0078125,68024.640625,68418.9765625,14443497908,0.0458689796024157,0.11067644262516596,74.92590524128644,1623.335123025383,0.011977319099163141,-0.1525854777839363,-0.0008192879217548965,0.0,1,4.83,4.1,315.631
2024-10-20,69001.703125,69359.0078125,68105.71875,68364.1796875,18975847518,0.04173562033556673,0.11741521257397007,74.74519755709838,1767.5268330627587,0.01398333337576292,-0.1635894289227705,0.009346740674458287,0.0,0,4.83,4.1,315.631
2024-10-21,67367.8515625,69462.734375,66829.8515625,69002.0,37498611780,0.00956585536991831,0.0874197214912879,68.94213268123355,1730.0190529431711,0.04375149000954119,-0.1387862542499492,-0.023678423698328066,0.0,0,4.83,4.1,315.631
2024-10-22,67361.40625,67801.578125,66581.3671875,67360.703125,31808472566,0.003202577038241884,0.084427848097983,69.44586794770339,1680.40314270198,0.04768294782024551,-0.13254660305680763,-9.567341618454961e-05,0.0,0,4.83,4.1,315.631
2024-10-23,66432.1953125,67402.7421875,65188.03515625,67362.375,32263980353,-0.015884161890630917,0.06637829648864936,72.80652168351341,1548.2552961574256,0.06344504405741232,-0.11298177799936275,-0.01379441121005398,0.0,1,4.83,4.1,315.631
2024-10-24,68161.0546875,68798.9609375,66454.1015625,66653.703125,31414428647,0.0065732653903507335,0.09056264997343445,77.67844951395138,1564.991431529561,0.04150214664081193,-0.13157110097289412,0.02602442034118191,0.0,0,4.83,4.1,315.631
2024-10-25,66642.4140625,68722.15625,65521.79296875,68165.296875,41469984306,-0.015273585555825043,0.06270023699995951,65.43724949838618,1439.1240070316126,0.06658132968941267,-0.10629578518644568,-0.022280180844656217,0.0,1,4.83,4.1,315.631
2024-10-26,67014.6953125,67317.921875,66360.59375,66628.734375,19588098156,-0.008896862756874319,0.06420214278324801,64.45506929464258,1353.8073039972514,0.06261832018304939,-0.10696166092186349,0.00558625096700216,0.0,1,4.83,4.1,315.631
2024-10-27,67929.296875,68221.3125,66847.2265625,67023.4765625,16721307878,0.0038434436708512953,0.07402232997782576,68.40881437961514,1344.4953985829052,0.05065461794403259,-0.11294872544321298,0.01364777618155344,0.0,1,4.83,4.1,315.631
2024-10-28,69907.7578125,70212.265625,67535.1328125,67922.671875,38799856657,0.03081251963691216,0.10006263460247815,65.35342233940051,1479.7038050407864,0.026531906261420362,-0.13254214207104145,0.029125296867722028,0.0,1,4.83,4.1,315.631
2024-10-29,72720.4921875,73577.2109375,69729.9140625,69910.046875,58541874402,0.06544104201941339,0.1386968549876612,69.72890969536604,1793.1512667380885,-0.003912700656601773,-0.1586627608466303,0.04023493905417541,0.0,0,4.83,4.1,315.631
2024-10-30,72339.5390625,72905.296875,71411.734375,72715.3671875,40646637831,0.05470179600656623,0.12754414841631145,66.64033694706902,1987.9055670224334,0.004482956588786409,-0.14070386080772523,-0.005238593875544262,0.0,0,4.83,4.1,315.631
2024-10-31,70215.1875,72662.3125,69590.5,72335.046875,40627912076,0.01949668542973787,0.09005818713638494,58.735532490173995,1948.3727082193363,0.03451076705466697,-0.10327715084093812,-0.029366396164960396,0.0,0,4.83,4.1,315.631
2024-11-01,69482.46875,71559.015625,68779.703125,70216.8984375,49989795365,0.005760460526533693,0.07489324883546249,53.36009212236321,1836.7454945334903,0.04323932180464,-0.08258827628461449,-0.010435331387529279,0.0,0,4.64,4.2,316.528
2024-11-02,69289.2734375,69867.3515625,69033.71875,69486.0234375,18184612091,-0.0011668484490918987,0.06902100640373457,52.90173252004472,1712.9451113661344,0.03999879796478524,-0.06458964654377801,-0.0027804900426771084,0.0,0,4.64,4.2,316.528
2024-11-03,68741.1171875,69361.65625,67482.5234375,69296.3828125,34868307655,-0.009896652823570735,0.05771262783087084,49.17922901909563,1552.7022030570515,0.04765744948695949,-0.05257547128136634,-0.00791112711687536,0.0,0,4.64,4.2,316.528
2024-11-04,67811.5078125,69433.1796875,66803.6484375,68742.1328125,41184819348,-0.02492806745295831,0.040645523301653094,51.46226055573524,1335.304279703123,0.06177216437182262,-0.03820406608282685,-0.013523338185854272,0.0,1,4.64,4.2,316.528
2024-11-05,69359.5625,70522.7890625,67458.8671875,67811.171875,46046889204,-0.00601977784658074,0.06076650321499443,55.97826950784297,1273.2526706115605,0.03906975411902408,-0.05814768182005313,0.02282879023690776,0.0,1,4.64,4.2,316.528
2024-11-06,75639.078125,76460.15625,69322.03125,69358.5,118592653963,0.07212525194960367,0.1514045346172917,70.8658040696853,1711.0567569858395,-0.026547763677583498,-0.14609241219050398,0.09053568676993895,0.0,1,4.64,4.2,316.528
2024-11-07,75904.859375,76943.1171875,74480.421875,75637.0859375,63467654989,0.06682403597709273,0.15045742591897115,68.79650499738497,2055.7683573419345,-0.013068811120781726,-0.1561074356239611,0.003513808689745934,0.0,1,4.64,4.2,316.528
2024-11-08,76545.4765625,77252.75,75648.7421875,75902.8359375,55176858003,0.07007511293468668,0.15540198237135439,75.10787183099262,2353.5173542608973,-0.005320968010215258,-0.16848759615930767,0.008439738809541852,0.0,1,4.64,4.2,316.528
2024-11-09,76778.8671875,76932.765625,75773.7890625,76556.1875,29009480361,0.06671776679764403,0.1541910609301984,74.93131895533,2578.593827866789,0.005784943432665842,-0.17501541914441726,0.0030490452928257916,0.0,1,4.64,4.2,316.528
2024-11-10,80474.1875,81474.421875,76565.4296875,76775.546875,82570594495,0.10234626682324914,0.20356133431188947,78.04849418993406,3020.333496471212,-0.017212124989504113,-0.21979966528175499,0.048129393514959595,0.0,1,4.64,4.2,316.528
2024-11-11,88701.484375,89604.5,80283.25,80471.4140625,117966845037,0.18387757482624723,0.31674041790309937,82.84273503760072,3988.314657098934,-0.06199417270486069,-0.3144811188057274,0.10223522760015435,0.0,0,4.64,4.2,316.528
2024-11-12,87955.8125,89956.8828125,85155.109375,88705.5625,133673285375,0.14538928769197884,0.29619435873915045,78.69755332483939,4641.7697797320725,-0.021954860151872833,-0.31628556845823186,-0.008406532091926988,0.0,1,4.64,4.2,316.528
2024-11-13,90584.1640625,93434.3515625,86256.9296875,87929.96875,123559027869,0.14699070043874365,0.32466672894721504,81.68346276367701,5310.507453108672,-0.016493667239055345,-0.3452097744755862,0.029882636380625716,0.0,0,4.64,4.2,316.528
2024-11-14,87250.4296875,91765.21875,86682.8125,90574.8828125,87616705248,0.07823881678856692,0.2669824042059833,78.39073210351283,5507.989697741505,0.04018470640817309,-0.315671413807089,-0.03680261786927608,0.0,1,4.64,4.2,316.528
2024-11-15,91066.0078125,91868.7421875,87124.8984375,87284.1796875,78243109518,0.09599190719758291,0.3125221844834957,82.61903137040895,5904.319743277301,0.020930033601810182,-0.34226133269641423,0.04373133907381366,0.0,0,4.64,4.2,316.528
2024-11-16,90558.4765625,91763.9453125,90094.2265625,91064.3671875,44333192814,0.07065926149862195,0.29595473135438566,81.84145017265408,6107.062217776547,0.04614815262298907,-0.33308295001952615,-0.005573223886622736,0.0,0,4.64,4.2,316.528
2024-11-17,89845.8515625,91433.0390625,88741.6640625,90558.4609375,46350159305,0.045009914049763386,0.2769999656073089,81.44040349398078,6139.46230785115,0.07040972470583454,-0.3215656585365998,-0.007869224693816235,0.0,1,4.64,4.2,316.528
2024-11-18,90542.640625,92596.7890625,89393.59375,89843.71875,75535775084,0.03624400258030561,0.27785601835820073,84.09984546230399,6150.465924059448,0.0780914795642708,-0.32302228650968634,0.007755383808848215,0.0,1,4.64,4.2,316.528
2024-11-19,92343.7890625,94002.8671875,90426.984375,90536.8125,74521048295,0.03836070007056981,0.292689373868723,84.21967357803078,6232.677567965555,0.07380174877368194,-0.3313020543996101,0.019892819836786257,0.0,1,4.64,4.2,316.528
2024-11-20,94339.4921875,94902.0234375,91619.5,92341.890625,71730956426,0.04451649803759822,0.3083544441144649,81.91247142593167,6385.262124382425,0.06735200584512421,-0.33614219221905395,0.02161166598491282,0.0,1,4.64,4.2,316.528
2024-11-21,98504.7265625,99014.21875,94132.6015625,94334.640625,106024505582,0.0789228417046443,0.35191894946853286,84.03697777911651,6764.311318163353,0.042119878481578915,-0.35465079685042294,0.044151545428309014,0.0,1,4.64,4.2,316.528
2024-11-22,98997.6640625,99655.5,97222.6640625,98496.4296875,78473580551,0.07136474688009017,0.3445716682856677,83.96565189355188,7023.5236629414285,0.05286730872223002,-0.34379143169514426,0.005004201495724558,0.0,0,4.64,4.2,316.528
2024-11-23,97777.28125,99014.6796875,97232.890625,99006.7421875,44414644677,0.0499840373464514,0.3152386546280426,80.84527013798564,7049.21762707876,0.0741733018665814,-0.314069791752876,-0.012327389984975179,0.0,1,4.64,4.2,316.528
2024-11-24,98013.8203125,98647.1796875,95788.078125,97778.09375,51712020623,0.0404977369711294,0.3058005107628765,78.67872164252069,7007.884474313658,0.07319679014813282,-0.2865266386412782,0.002419161787646784,0.0,0,4.64,4.2,316.528
2024-11-25,93102.296875,98935.03125,92642.9140625,98033.4453125,80909462490,-0.013774058950125187,0.2304376845119266,58.07081289257714,6503.836579277602,0.12015750914882238,-0.21373149622990104,-0.05011051933125821,0.0,0,4.64,4.2,316.528
2024-11-26,91985.3203125,94991.75,90770.8125,93087.28125,91656519855,-0.02707663190083783,0.20619128488997027,57.29057325571829,5945.705920582375,0.12925424755420145,-0.18190803801550226,-0.011997304040733403,0.0,1,4.64,4.2,316.528
2024-11-27,95962.53125,97361.1796875,91778.6640625,91978.140625,71133452438,0.008465749975057625,0.24727768497725353,59.27819337288652,5757.937121227616,0.0796069462270914,-0.19206782369847414,0.04323745271515378,0.0,0,4.64,4.2,316.528
2024-11-28,95652.46875,96650.203125,94677.3515625,95954.9453125,52260008261,-0.00016170843285217426,0.23201586598091872,66.18251286296865,5520.4729665054765,0.07607799435915773,-0.1624448843930335,-0.0032310787967048116,0.0,1,4.64,4.2,316.528
2024-11-29,97461.5234375,98693.171875,95407.8828125,95653.953125,54968682476,0.013327248586857712,0.24340555109294965,63.34973431839263,5415.8262338427885,0.04553497985772321,-0.14620085962197302,0.018912786163713058,0.0,0,4.64,4.2,316.528
2024-11-30,96449.0546875,97499.34375,96144.21875,97468.8125,31634227866,0.0006057218842565911,0.2199041968587994,62.04190873118796,5191.3524976102635,0.04624613465669358,-0.11041084628918686,-0.010388394458550332,0.0,1,4.64,4.2,316.528
2024-12-01,97279.7890625,97888.125,95770.1875,96461.3359375,36590695296,0.010508291681025397,0.21989269270070277,65.12391340144052,5022.591457854171,0.04028566772578536,-0.11216353804073473,0.008613193542348574,0.0,0,4.48,4.1,317.604
2024-12-02,95865.3046875,98152.6015625,94482.8671875,97276.0078125,72680784305,-0.0009341298725812443,0.19228298873964875,60.52140244390215,4720.297400121024,0.05474695018104378,-0.08992491268523775,-0.01454037255458307,0.0,1,4.48,4.1,317.604
2024-12-03,96002.1640625,96297.203125,93629.5625,95854.59375,67067810961,0.0023464476441136225,0.18515417374992027,57.74089799124663,4440.582320414178,0.05429334191182039,-0.08662870512018545,0.0014276215513644441,0.0,1,4.48,4.1,317.604
2024-12-04,98768.53125,99207.328125,94660.5234375,95988.53125,77199817112,0.03041778454306326,0.20982794419776243,59.0755887909834,4391.506266422613,0.024004332853925472,-0.0997894940562694,0.02881567529768403,0.0,0,4.48,4.1,317.604
2024-12-05,96593.5703125,103900.46875,91998.78125,98741.5390625,149218945580,0.004070023765822893,0.17484541071404383,45.73603685762015,4129.509553706463,0.04723620360913089,-0.07397205082075207,-0.022020788503929523,0.0,1,4.48,4.1,317.604
2024-12-06,99920.7109375,102039.8828125,96514.875,97074.2265625,94534772658,0.03015752419672082,0.20577392674302,51.82819458241653,4142.594463359535,0.016041658511677378,-0.0991132126681723,0.03444474217316973,0.0,1,4.48,4.1,317.604
2024-12-07,99923.3359375,100563.3828125,99030.8828125,99916.7109375,44177510897,0.025994946659711745,0.19670644479443533,54.465921650018196,4105.8465211976,0.01669323755879282,-0.08972993358208005,2.627082989481444e-05,0.0,1,4.48,4.1,317.604
2024-12-08,101236.015625,101399.9921875,98771.515625,99921.9140625,44125751925,0.033547887953037266,0.20295538492552254,56.41791072646203,4134.980313421751,0.005988742230534415,-0.09344864602897578,0.013136868131795154,0.0,0,4.48,4.1,317.604
2024-12-09,97432.71875,101272.5078125,94355.9140625,101237.0625,110676473908,-0.005251821428866894,0.14999182812885048,59.02362153450437,3807.2867496267572,0.043182612556442714,-0.050763284411091125,-0.03756861480096407,0.0,0,4.48,4.1,317.604
2024-12-10,96675.4296875,98270.15625,94321.2578125,97441.234375,104823780634,-0.013211498966330431,0.13321367559526112,59.92185924748208,3446.7483713015827,0.05073265696703751,-0.040289813221595784,-0.007772430783165474,0.0,1,4.48,4.1,317.604
2024-12-11,101173.03125,101913.359375,95747.2265625,96656.0625,85391409936,0.028608949618467456,0.17660723238080886,60.78527258143807,3483.779129778428,0.008497871122187589,-0.08479099147880431,0.04652269534294651,0.0,0,4.48,4.1,317.604
2024-12-12,100043.0,102524.9140625,99339.953125,101167.8046875,72073983533,0.01281827886529806,0.15444036227680435,58.78964338935886,3382.945702604673,0.021417474568896522,-0.07493656292340396,-0.011169293200355757,0.0,1,4.48,4.1,317.604
2024-12-13,101459.2578125,101888.8046875,99233.28125,100046.6484375,56894751583,0.021512712246730698,0.16185450508334298,58.131162607997595,3378.3708976667986,0.012283309308865415,-0.08934407531061268,0.014156490833941326,0.0,0,4.48,4.1,317.604
2024-12-14,101372.96875,102618.8828125,100634.0546875,101451.4375,40422968793,0.01797460182497727,0.15170536508552546,60.40705444796596,3329.4032375568786,0.017516040549230227,-0.08962634023156048,-0.0008504799301751742,0.0,1,4.48,4.1,317.604
2024-12-15,104298.6953125,105047.5390625,101227.03125,101373.53125,51145914137,0.03931281182294772,0.17499055464902047,63.62809241898109,3486.4876371852006,-0.0028130220734686366,-0.11264238608307825,0.02886101293644905,0.0,1,4.48,4.1,317.604
2024-12-16,106029.71875,107780.578125,103322.984375,104293.578125,91020417816,0.050169175473902615,0.18432478241400369,69.49584967047011,3707.914747153991,-0.010657013130796039,-0.12231943568912508,0.016596788984881483,0.0,1,4.48,4.1,317.604
2024-12-17,106140.6015625,108268.4453125,105291.734375,106030.6875,68589364868,0.044833455079349806,0.17604414140436558,69.46542237080601,3847.987439469667,-0.001009717776514435,-0.12432793686892675,0.001045771070669721,0.0,0,4.48,4.1,317.604
2024-12-18,100041.5390625,106470.609375,100041.5390625,106147.296875,93865656139,-0.014045564565670153,0.10179548380522045,52.16683160535567,3427.344392828454,0.059567028057704384,-0.06622808143108035,-0.057462106019896764,0.0,0,4.48,4.1,317.604
2024-12-19,97490.953125,102748.1484375,95587.6796875,100070.6875,97221662392,-0.03923787863593765,0.0677893144693996,51.508181456031586,2855.2571516670723,0.08728025912093558,-0.04176082710953574,-0.025495268879325628,0.0,1,4.48,4.1,317.604
2024-12-20,97755.9296875,98098.9140625,92175.1796875,97484.6953125,105634083408,-0.03765129356331675,0.06427087265135648,45.94432959632985,2395.6398406241933,0.08380923432828297,-0.04249749804374327,0.002717960528709318,0.0,0,4.48,4.1,317.604
2024-12-21,97224.7265625,99507.1015625,96426.5234375,97756.1953125,51765334294,-0.03914595610704958,0.05213213213111655,45.04240241302223,1965.8648907686875,0.08975116463844249,-0.037343023544576914,-0.005433973434635808,0.0,0,4.48,4.1,317.604
2024-12-22,95104.9375,97360.265625,94202.1875,97218.3203125,43147981314,-0.05548602709716212,0.0234739928874739,39.06102857091881,1437.643624320408,0.11479340180758116,-0.017438744550695776,-0.021802983021374844,0.0,0,4.48,4.1,317.604
2024-12-23,94686.2421875,96416.2109375,92403.1328125,95099.390625,65239002919,-0.05327609566625289,0.013309688546836217,44.42666015609518,974.0114547461708,0.12102548527965526,-0.01578625726680789,-0.004402456102765462,0.0,1,4.48,4.1,317.604
2024-12-24,98676.09375,99404.0625,93448.015625,94684.34375,47114953674,-0.010715831397719403,0.049077810076936894,53.58902437007601,917.9457889287878,0.07568003805729331,-0.05565735494160699,0.04213760595334648,0.0,1,4.48,4.1,317.604
2024-12-25,99299.1953125,99478.75,97593.46875,98675.9140625,33700394629,0.0005461390086490466,0.04902415912378145,46.09576462629371,913.2648843547358,0.06869255436874074,-0.058620775558221934,0.0063146152104343045,0.0,0,4.48,4.1,317.604
2024-12-26,95795.515625,99884.5703125,95137.8828125,99297.6953125,47054980873,-0.024699846760688916,0.007718682371784901,41.94671373519332,619.6941164194577,0.10821186122924603,-0.02892882459179899,-0.03528406928650052,0.0,0,4.48,4.1,317.604
2024-12-27,94164.859375,97294.84375,93310.7421875,95704.9765625,52419934565,-0.029468377584640635,-0.013225870694926289,36.28125856794126,252.54564733717416,0.12890937045860476,-0.01973462855398959,-0.017022260795415023,0.0,1,4.48,4.1,317.604
2024-12-28,95163.9296875,95525.8984375,94014.2890625,94160.1875,24107436185,-0.0142154761588275,-0.00663264990238422,38.71014207409945,41.71361646259902,0.11567482829745432,-0.03502373470344787,0.010609799867287384,0.0,0,4.48,4.1,317.604
2024-12-29,93530.2265625,95174.875,92881.7890625,95174.0546875,29635885267,-0.02714722868982986,-0.027088480555077742,29.45441276602341,-254.26743896861444,0.1371600255664092,-0.024338401808247503,-0.017167251608511402,0.0,0,4.48,4.1,317.604
2024-12-30,92643.2109375,94903.3203125,91317.1328125,93527.1953125,56188003691,-0.03122155548829616,-0.03874888344007067,23.60940878291484,-554.0228748310328,0.1506411043033393,-0.021942613765336884,-0.00948373223930199,0.0,1,4.48,4.1,317.604
2024-12-31,93429.203125,96090.6015625,91914.03125,92643.25,43625106843,-0.01910919544825915,-0.03154368854106035,25.590099571379483,-719.8601173177594,0.1392063642937823,-0.036704428085065376,0.008484077565384274,0.0,1,4.48,4.1,317.604
2025-01-01,94419.7578125,94929.8671875,92788.125,93425.1015625,24519888919,-0.007995997486823097,-0.02258572151824768,36.569318107160555,-762.5674391541543,0.12555792365559867,-0.05106884649691005,0.010602195613021781,0.0,1,4.33,4.0,318.961
2025-01-02,96886.875,97739.8203125,94201.5703125,94416.2890625,46009564411,0.01557625230078648,0.0016463416045616977,48.55105216527023,-590.5302952749335,0.09291212680392708,-0.07596692170003654,0.026129247147606893,0.0,1,4.33,4.0,318.961
2025-01-03,98107.4296875,98956.9140625,96034.6171875,96881.7265625,35611391163,0.02898356253431143,0.011993028885034434,50.80615625871252,-351.6474833151733,0.07582004153647887,-0.08729618881794682,0.012597729955682757,0.0,1,4.33,4.0,318.961
2025-01-04,98236.2265625,98734.4296875,97562.9765625,98106.9921875,22342608078,0.03148440572466832,0.011824858526432443,52.363474792790704,-150.20681174195488,0.06476889041149278,-0.08502349512428763,0.0013128146911018934,0.0,1,4.33,4.0,318.961
2025-01-05,98314.9609375,98813.3046875,97291.765625,98233.90625,20525254825,0.02958742059585553,0.011020384622086862,58.29141043756001,15.609639624439296,0.047434301428301545,-0.07712134438614243,0.0008014800420892421,0.0,1,4.33,4.0,318.961
2025-01-06,102078.0859375,102482.875,97926.1484375,98314.953125,51823432705,0.0602101751848276,0.04708416831035137,66.280193402963,445.5372338331508,-0.004259742085609958,-0.10204301556889708,0.03827621924594227,0.0,0,4.33,4.0,318.961
2025-01-07,96922.703125,102712.484375,96132.875,102248.8515625,58685738547,0.004829465916319445,-0.007097692616075583,46.326821466705155,366.0421361752087,0.04443744916305655,-0.05323105450545798,-0.05050430525956884,0.0,0,4.33,4.0,318.961
2025-01-08,95043.5234375,97258.3203125,92525.84375,96924.1640625,63875859171,-0.016196081250965975,-0.02688678017148306,41.53051667135185,149.68215996258368,0.06399250453791622,-0.03599147606173536,-0.019388436629511285,0.0,0,4.33,4.0,318.961
2025-01-09,92484.0390625,95349.71875,91220.84375,95043.484375,62777261693,-0.04253177776022299,-0.05273242341467855,43.15226792988211,-225.71181325201178,0.09334888439546972,-0.014923502380650717,-0.026929603222076492,0.0,1,4.33,4.0,318.961
2025-01-10,94701.453125,95770.609375,92250.09375,92494.4921875,62058693684,-0.020864998574687973,-0.029264263914549234,51.083321977095736,-340.363954650893,0.06651062286629082,-0.03941557268144195,0.023976181025154863,0.0,0,4.33,4.0,318.961
2025-01-11,94566.59375,94977.6875,93840.046875,94700.8359375,18860894100,-0.022407747803617914,-0.029765264609223286,48.75044329935658,-437.07035227507004,0.06801747353552302,-0.03860090168189198,-0.001424047578467369,0.0,0,4.33,4.0,318.961
2025-01-12,94488.4375,95367.5390625,93712.5078125,94565.7265625,20885130965,-0.02078782757687819,-0.02991246123231569,52.143997119218554,-514.0913008150965,0.06891543259744064,-0.03802956858630177,-0.0008264678561502592,0.0,1,4.33,4.0,318.961
2025-01-13,94516.5234375,95837.0,89260.1015625,94488.890625,72978998252,-0.016838060660076173,-0.028926766948997866,54.359087722768244,-566.3362848471297,0.06499883704318851,-0.03911735054715179,0.00029724205673309356,0.0,1,4.33,4.0,318.961
2025-01-14,96534.046875,97352.6640625,94322.15625,94519.0078125,53769675818,0.00592934860138318,-0.0088973971090247,56.83315291324568,-439.87294928992924,0.03847708866610983,-0.05780015295414675,0.021345722040169157,0.0,1,4.33,4.0,318.961
2025-01-15,100504.4921875,100697.234375,96501.640625,96534.046875,57805923627,0.04491914247650385,0.030064755396585773,61.83853004176377,-19.048511040964513,0.004694785636193847,-0.09757945535905688,0.041129999632577796,0.0,0,4.33,4.0,318.961
2025-01-16,99756.90625,100781.5859375,97364.4453125,100505.296875,54103781805,0.039655655493172244,0.021608217384547695,55.98438629105668,251.237837428067,0.017239429193066456,-0.09022635585008687,-0.0074383335632930425,0.0,1,4.33,4.0,318.961
2025-01-17,104462.0390625,105884.2265625,99948.90625,100025.765625,71888972663,0.08020442574418546,0.06786654723299068,61.569019565452386,835.4757668562088,-0.013184897686868022,-0.13769675108192447,0.04716598568833419,0.0,0,4.33,4.0,318.961
2025-01-18,104408.0703125,104913.203125,102226.6171875,104124.953125,50445655726,0.0692918224693196,0.06580117145360949,61.26697970963562,1279.385745560794,-0.0006971055219220287,-0.13881014491287647,-0.000516635042589142,0.0,0,4.33,4.0,318.961
2025-01-19,101089.609375,106299.796875,99570.53125,104411.2890625,76789928525,0.026261098528543067,0.03094946716588407,54.529475547298084,1347.8780387559964,0.0351286488777323,-0.1052062872972348,-0.03178356737719257,0.0,1,4.33,4.0,318.961
2025-01-20,102016.6640625,109114.8828125,99471.359375,101083.75,126279678351,0.02803793353631608,0.03939968095291884,49.889500122277916,1460.1327388233913,0.029832730022039015,-0.1090304223720863,0.009170622908047932,0.0,1,4.33,4.0,318.961
2025-01-21,106146.265625,107180.921875,100103.953125,102052.578125,88733878242,0.05731475265344005,0.07921333801851939,67.22938441466711,1860.8687938468793,0.001602107589605791,-0.14448077250966518,0.040479676535688514,0.0,0,4.33,4.0,318.961
2025-01-22,103653.0703125,106294.34375,103360.265625,106136.3828125,53878181052,0.02314016438483265,0.05222742743759668,65.72177185111465,1954.7419311861158,0.031635255540914134,-0.12331634645167681,-0.023488299826845638,0.0,1,4.33,4.0,318.961
2025-01-23,103960.171875,106820.328125,101257.8046875,103657.671875,104104515428,0.016694239298641327,0.0542337318059325,72.83481617517897,2030.5111300281133,0.034280062939009086,-0.1259685941989523,0.002962783076025932,0.0,1,4.33,4.0,318.961
2025-01-24,104819.484375,107098.546875,102772.125,103965.671875,52388229265,0.016858544370158834,0.0611773991431259,71.28276203879417,2135.2838797757868,0.032312870012173,-0.13336521491405576,0.008265785680243276,0.0,0,4.33,4.0,318.961
2025-01-25,104714.6484375,105243.7890625,104120.375,104824.03125,23888996502,0.011709410006519589,0.059088037932172315,71.37290997469708,2184.6740917744028,0.039072937194272656,-0.13211258549443372,-0.0010001569662844156,0.0,0,4.33,4.0,318.961
2025-01-26,102682.5,105438.6484375,102507.7109375,104713.2109375,22543395879,-0.01072064780058324,0.03795549958170975,65.94519731581173,2036.3648487046594,0.06027910665814824,-0.11499023836267444,-0.019406534499448846,0.0,0,4.33,4.0,318.961
2025-01-27,102087.6875,103214.109375,97795.9375,102680.3046875,89006608428,-0.014196221274519583,0.03176524843148475,64.41512558193222,1849.5122810721805,0.06839564405652623,-0.10671321632742331,-0.005792734886665207,0.0,0,4.33,4.0,318.961
2025-01-28,101332.4765625,103730.8203125,100238.1875,102095.4140625,47180685494,-0.0185741061633245,0.023325933034788787,59.59729425239581,1621.796009068712,0.07633462843169418,-0.09382591273043318,-0.007397669160641884,0.0,1,4.33,4.0,318.961
2025-01-29,103703.2109375,104750.8046875,101283.8203125,101317.5234375,47432049818,0.0018509320258895436,0.04578284603645851,56.83511558242618,1614.0222303301562,0.04986369371905568,-0.10185809842461158,0.023395602825692086,0.0,1,4.33,4.0,318.961
2025-01-30,104735.3046875,106418.765625,103321.6484375,103709.3359375,41915744521,0.009171234551211192,0.05543258117752294,60.51019475779224,1671.8705121694074,0.04025123632766668,-0.10186168451181304,0.009952379879751394,0.0,0,4.33,4.0,318.961
2025-01-31,102405.0234375,106026.3515625,101543.8828125,104737.5625,45732764360,-0.009712219437829281,0.031458980209850024,45.17332177708167,1512.2492029304267,0.060408884966469005,-0.07025589793420149,-0.022249243050878498,0.0,0,4.33,4.0,318.961
2025-02-01,100655.90625,102755.7265625,100297.7109375,102402.796875,27757944848,-0.023797339635605246,0.014005363354290768,41.84452609553993,1230.425447652815,0.07260656126567239,-0.0417430205954,-0.017080384621634526,0.0,0,4.33,4.2,319.679
2025-02-02,97688.9765625,101430.6640625,96216.078125,100661.5390625,63091816853,-0.0467742716006422,-0.015152418163037485,42.493889486882445,758.9232660518028,0.09893168087934445,-0.0031409102823870215,-0.02947596219670423,0.0,1,4.33,4.2,319.679
2025-02-03,101405.421875,102514.171875,91242.890625,97681.1015625,115400897748,-0.007202718958945244,0.02291151364872995,48.798745176264596,677.3325986601121,0.05330745614475943,-0.029522246496668316,0.03804365081173988,0.0,0,4.33,4.2,319.679
2025-02-04,97871.8203125,101745.6171875,96208.109375,101398.71875,73002130211,-0.035335348055121875,-0.011105592884909712,33.34841593389231,323.80665086137014,0.09430223346062946,-0.00013942820346627113,-0.034846278405663456,0.0,0,4.33,4.2,319.679
2025-02-05,96615.4453125,99113.2109375,96174.828125,97878.0078125,49125911241,-0.041989853089783355,-0.02191732277409553,35.095461476555556,-57.08611907622253,0.11278820050381162,0.0053553222588290745,-0.012836943218062724,0.0,0,4.33,4.2,319.679
2025-02-06,96593.296875,99168.609375,95707.3515625,96610.640625,45302471947,-0.03696277134065339,-0.02145836014956815,34.2075540332235,-356.6226532828732,0.11401504454460877,-0.0035321014832453953,-0.00022924323774897726,0.0,0,4.33,4.2,319.679
2025-02-07,96529.0859375,100154.140625,95653.8828125,96581.3203125,55741290456,-0.03297186702921063,-0.02191823817845999,31.600562470849127,-592.3604383076599,0.11438305859465943,-0.01065851734361332,-0.0006647556256734743,0.0,0,4.33,4.2,319.679
2025-02-08,96482.453125,96877.8046875,95702.4921875,96533.2578125,22447526395,-0.026396224896387967,-0.02213838855996632,31.682413416056647,-774.0247342580551,0.11677787826027974,-0.016811668407030717,-0.00048309597099249757,0.0,1,4.33,4.2,319.679
2025-02-09,96500.09375,97325.28125,94745.2578125,96481.3125,27732901800,-0.018058133461812474,-0.02181591820312281,34.88869912060734,-906.126286820232,0.11718942265727725,-0.023323743122639486,0.00018283765004545316,0.0,1,4.33,4.2,319.679
2025-02-10,97437.5546875,98333.21875,95320.84375,96499.4609375,40078962391,-0.0034818748819621073,-0.012780092779368722,38.821195699738986,-924.5152200319717,0.09919524062039464,-0.03441268397173337,0.009714611676219231,0.0,0,4.33,4.2,319.679
2025-02-11,95747.4296875,98492.8984375,94875.0390625,97438.1328125,37488783272,-0.01582663282205744,-0.0301126974723299,37.15123982449569,-1063.211504228835,0.11630312031076538,-0.023329973430435393,-0.017345724709743937,0.0,1,4.33,4.2,319.679
2025-02-12,97885.859375,98151.0234375,94101.203125,95745.6953125,49340445530,0.005950385861773235,-0.008292399407388141,36.472214319427685,-989.1733301183558,0.08707847783738532,-0.046034253018778705,0.02233406885677658,0.0,0,4.33,4.2,319.679
2025-02-13,96623.8671875,98111.0859375,95269.7109375,97888.75,37147280860,-0.00211531764168171,-0.02054702608425358,31.33704915628242,-1020.5653245603608,0.09414544555721215,-0.03492537869840767,-0.012892487184132717,0.0,1,4.33,4.2,319.679
2025-02-14,97508.96875,98819.46875,96342.8046875,96623.3671875,32697987277,0.007403094052470302,-0.011918200926047059,37.93255501832179,-962.9234254814655,0.07583922980900269,-0.042700731651621665,0.009160278803397981,0.0,1,4.33,4.2,319.679
2025-02-15,97580.3515625,97975.0390625,97240.1953125,97508.3828125,17047266288,0.00713658114218735,-0.01187883926250492,41.736145951630746,-901.0945516962238,0.07023640333545036,-0.04381386774078619,0.0007320640697474623,0.0,0,4.33,4.2,319.679
2025-02-16,96175.03125,97725.59375,96060.9765625,97580.4921875,16536755396,-0.0069391700182848985,-0.026308822704451118,45.55946175960667,-954.4895666599623,0.08184008242186662,-0.031955042093377,-0.014401672980240199,0.0,0,4.33,4.2,319.679
2025-02-17,95773.3828125,97032.234375,95243.546875,96179.0078125,27336550690,-0.010314156691876615,-0.03081537976368748,29.493117445760234,-1017.4862250599253,0.08321064338914169,-0.030533347627572906,-0.004176223623530095,0.0,0,4.33,4.2,319.679
2025-02-18,95539.546875,96695.375,93388.8359375,95773.8125,37325720482,-0.011767631019743178,-0.03374810695115463,38.82186866965968,-1073.9008757999545,0.07629170471318843,-0.0271352199394585,-0.0024415545387781457,0.0,1,4.33,4.2,319.679
2025-02-19,96635.609375,96855.59375,95011.96875,95532.53125,28990872862,-0.0005703831592686152,-0.023296392327747058,50.09815069040131,-1018.4270166840288,0.047731590764321326,-0.030198781058271788,0.011472343504350446,0.0,1,4.33,4.2,319.679
2025-02-20,98333.9375,98767.1953125,96442.671875,96632.6796875,31668022771,0.01605220775675214,-0.006917003594303028,57.28412950202895,-827.8794188959437,0.019876502070439846,-0.04132861867819804,0.017574558032842136,0.0,0,4.33,4.2,319.679
2025-02-21,96125.546875,99497.96875,94852.9609375,98340.671875,49608706470,-0.007154266538620666,-0.02907042869980282,48.56823376598898,-845.3233802426548,0.03661169621048042,-0.01732156700932978,-0.02245807176184722,0.0,1,4.33,4.2,319.679
2025-02-22,96577.7578125,96950.15625,95765.34375,96134.203125,18353824477,-0.001133986305350999,-0.024201273895003594,50.328683782975475,-813.283179671067,0.031081071537155638,-0.02239656189697176,0.0047043783073406065,0.0,0,4.33,4.2,319.679
2025-02-23,96273.921875,96671.875,95270.453125,96577.8046875,16999478976,-0.003915925236567191,-0.026885287741181374,49.23508535337736,-803.149898685675,0.02097323354082664,-0.011279514560917204,-0.0031460239332733453,0.0,0,4.33,4.2,319.679
2025-02-24,91418.171875,96503.453125,91371.7421875,96277.9609375,44046480529,-0.04815695279841025,-0.07467598635643599,33.90747100244829,-1173.4112893816055,0.08497763786026605,0.024403104446335793,-0.05043681513571874,0.0,0,4.33,4.2,319.679
2025-02-25,88736.171875,92511.078125,86008.234375,91437.1171875,92139104128,-0.06749484714720852,-0.09939041415357501,32.19976920657122,-1664.0786320706538,0.13179948276751374,0.032456646928750416,-0.029337712021491935,0.0,0,4.33,4.2,319.679
2025-02-26,84347.0234375,89286.25,82131.8984375,88638.890625,64597492134,-0.10246310363279916,-0.1417463246100665,19.15281130638695,-2379.6722530427505,0.21201226292383304,0.05034589490609201,-0.04946290046952739,0.0,1,4.33,4.2,319.679
2025-02-27,84704.2265625,87000.78125,83144.9609375,84076.859375,52659591954,-0.08791898281996355,-0.13629436135457834,21.674152330284116,-2884.70891758737,0.21741478053160457,0.021442692360511353,0.004234922709094535,0.0,0,4.33,4.2,319.679
2025-02-28,84373.0078125,85036.3203125,78248.9140625,84705.625,83610570576,-0.08042861689247564,-0.13824626439846152,17.93970142446318,-3273.940746873486,0.22892395577494737,0.004370209966928956,-0.003910297790814532,0.0,1,4.33,4.2,319.679
2025-03-01,86031.9140625,86522.3046875,83794.234375,84373.8671875,29190628396,-0.05138540637661009,-0.11974394127636859,23.84137204144892,-3409.250191506464,0.20618464922374916,-0.02812165751963492,0.019661575342751147,0.0,1,4.33,4.2,319.785
2025-03-02,94248.3515625,95043.4375,85040.2109375,86036.2578125,58398341092,0.043914307535403624,-0.035612696090571785,46.66491041920852,-2820.967702925409,0.09775042340388138,-0.11295170054823461,0.09550452979612856,0.0,0,4.33,4.2,319.785
2025-03-03,86065.671875,94429.75,85081.3046875,94248.421875,70072228536,-0.03597710078452957,-0.11782057334193792,36.76197448718361,-2980.664215969591,0.2020454915467048,-0.03979162218132373,-0.08682040111941614,0.0,1,4.33,4.2,319.785
2025-03-04,87222.1953125,88911.2734375,81529.2421875,86064.0703125,68095241474,-0.012676523970513654,-0.10462722976907102,38.936365716670544,-2979.5566033578216,0.18055486661217332,-0.059197281400338586,0.013437685575495406,0.0,1,4.33,4.2,319.785
2025-03-05,90623.5625,90998.2421875,86379.7734375,87222.953125,50498988027,0.03242913120475935,-0.06858050329235033,42.46497358625357,-2673.399620076714,0.1312438150427387,-0.09612811148330297,0.03899657851208138,0.0,0,4.33,4.2,319.785
2025-03-06,89961.7265625,92804.9375,87852.140625,90622.359375,47749810486,0.02659254332331857,-0.07337464877183693,39.227035637619096,-2455.862974399759,0.13240275673043256,-0.09070438170098209,-0.007303133084179958,0.0,0,4.33,4.2,319.785
2025-03-07,86742.671875,91191.046875,84717.6796875,89963.28125,65945677657,-0.007884561762951499,-0.10412979415772272,38.23262447370494,-2514.2319253719616,0.16660922293113214,-0.06163667571848043,-0.0357824911826653,0.0,0,4.33,4.2,319.785
2025-03-08,86154.59375,86847.265625,85247.484375,86742.65625,18206118081,-0.016643670417207053,-0.10682582576175613,36.97236040813848,-2578.2225843915076,0.16846010251910548,-0.06075009757523084,-0.006779571257010009,0.0,0,4.33,4.2,319.785
2025-03-09,80601.0390625,86471.1328125,80052.484375,86154.3046875,30899345977,-0.07570237534295854,-0.160254988320029,32.68333551719893,-3041.994869698654,0.2481946206316253,-0.014083659554336008,-0.0644603432710168,0.0,0,4.33,4.2,319.785
2025-03-10,78532.0,83955.9296875,77420.59375,80597.1484375,54061099422,-0.09335632162406503,-0.17794741917642234,34.828033942494386,-3535.7341652276373,0.2809344188496692,-0.009619411511896077,-0.02567012890361897,0.0,1,4.33,4.2,319.785
2025-03-11,82862.2109375,83577.7578125,76624.25,78523.875,54702837196,-0.03985093304221456,-0.12912763056302562,43.34248372471754,-3536.8437474486127,0.20287121272548403,-0.06687256738400364,0.05513944554449135,0.0,1,4.33,4.2,319.785
2025-03-12,83722.359375,84358.578125,80635.25,82857.375,40353484454,-0.017905749923101993,-0.11592050084102487,49.23044880685253,-3428.7913368245936,0.1718974354492238,-0.0752960757840656,0.010380466895202334,0.0,0,4.33,4.2,319.785
2025-03-13,81066.703125,84301.6953125,79931.8515625,83724.921875,31412940153,-0.04344838521146106,-0.13986038290395822,45.75895073327962,-3516.907566827722,0.19635584343495635,-0.04964799154832504,-0.0317197970748182,0.0,1,4.33,4.2,319.785
2025-03-14,83969.1015625,85263.2890625,80797.5625,81066.9921875,29588112414,-0.0053835104085051206,-0.10526951411215081,49.555716273021545,-3314.3354207694647,0.13556099617881312,-0.07807009434503769,0.03580259620308812,0.0,1,4.33,4.2,319.785
2025-03-15,84343.109375,84672.671875,83639.59375,83968.40625,13650491277,0.0065344496490556524,-0.09734536167399455,48.088332858438804,-3088.0194646466553,0.10835655526353788,-0.07413487999701598,0.004454112352525463,0.0,0,4.33,4.2,319.785
2025-03-16,82579.6875,85051.6015625,82017.90625,84333.3203125,21330270174,-0.005750968092875964,-0.11201065446079933,34.531694001181876,-3016.187119084396,0.12237671222605317,-0.05541886847664439,-0.020907717157540473,0.0,1,4.33,4.2,319.785
2025-03-17,84075.6875,84725.328125,82492.15625,82576.3359375,25092785558,0.015521538886048186,-0.09229167668841019,46.79358490395029,-2806.1966817454813,0.09774085285317408,-0.07310460619744484,0.018115835083536647,0.0,0,4.33,4.2,319.785
2025-03-18,82718.5,84075.71875,81179.9921875,84075.71875,24095774594,0.003292539753573473,-0.1031935803400683,42.78992548448592,-2717.960479479996,0.11565046170972307,-0.05976414811300649,-0.016142449028442418,0.0,1,4.33,4.2,319.785
2025-03-19,86854.2265625,87021.1875,82569.7265625,82718.8046875,34931960257,0.045524986081646276,-0.055389932829569916,44.10420733345081,-2287.9401339217875,0.06426252966489619,-0.10379567882349447,0.049997601050550955,0.0,0,4.33,4.2,319.785
2025-03-20,84167.1953125,87443.265625,83647.1953125,86872.953125,29028988961,0.006352742380559505,-0.08070713119749917,41.47650355764329,-2139.3062861605576,0.09817755833084359,-0.0753674819213605,-0.030937253791171848,0.0,0,4.33,4.2,319.785
2025-03-21,84043.2421875,84782.2734375,83171.0703125,84164.5390625,19030452299,0.0034536977607855855,-0.07789298996293788,45.63148383168455,-2008.3637055936706,0.09864127048992133,-0.07521405412483384,-0.0014727011460912154,0.0,0,4.33,4.2,319.785
2025-03-22,83832.484375,84513.875,83674.78125,84046.2578125,9863214091,0.0008057139621049136,-0.07644143250982297,46.195644939489725,-1899.6986180487293,0.0782437370177956,-0.06215417298953166,-0.0025077306278807887,0.0,1,4.33,4.2,319.785
2025-03-23,86054.375,86094.78125,83794.9140625,83831.8984375,12594615537,0.021250108499526014,-0.04890361277213095,60.029149500674,-1615.6683301653975,0.050390042101671195,-0.08636825718370522,0.026503933905394295,0.0,1,4.33,4.2,319.785
2025-03-24,87498.9140625,88758.7265625,85541.1953125,86070.9296875,34582604933,0.03406148476637722,-0.030754981332602523,66.87862402225846,-1259.4914178047911,0.033528443636282164,-0.10161487792327925,0.016786352378946434,0.0,0,4.33,4.2,319.785
2025-03-25,87471.703125,88542.3984375,86346.078125,87512.8203125,30005840049,0.02993186728456813,-0.028056072021023334,60.353788741049904,-968.2529268635117,0.025854541342419376,-0.09694328093302614,-0.0003109860024155253,0.0,0,4.33,4.2,319.785
2025-03-26,86900.8828125,88292.15625,85861.453125,87460.234375,26704046038,0.01803105301801006,-0.03203879194621223,57.233583087058456,-774.5759241104824,0.024815787319763624,-0.08675643395984282,-0.00652577110204744,0.0,1,4.33,4.2,319.785
2025-03-27,87177.1015625,87786.7265625,85837.9375,86896.2578125,24413471941,0.017569818357806764,-0.026916059505697143,65.59478144842879,-591.9730624195363,0.02240756663383981,-0.08999058213506132,0.003178549412391707,0.0,0,4.33,4.2,319.785
2025-03-28,84353.1484375,87489.859375,83557.640625,87185.234375,34198619509,-0.017267702612867426,-0.055857554397523344,50.98409370811025,-667.434624485948,0.05457948975123699,-0.05960514315425257,-0.032393289916566204,0.0,0,4.33,4.2,319.785
2025-03-29,82597.5859375,84567.3359375,81634.140625,84352.0703125,16969396135,-0.03292458061203174,-0.07261492785754639,45.82296210796394,-858.9957101563778,0.07539635562094991,-0.035602819736171125,-0.020812056603918605,0.0,0,4.33,4.2,319.785
2025-03-30,82334.5234375,83505.0,81573.25,82596.984375,14763760943,-0.033931654848679764,-0.07262225956381126,49.36793557579475,-1020.2750996684626,0.07213522634163576,-0.021206075741364367,-0.0031848691098436133,0.0,1,4.33,4.2,319.785
2025-03-31,82548.9140625,83870.125,81293.890625,82336.0625,29004228247,-0.029714850192674416,-0.06727610631632991,45.78525907154796,-1117.9041430221696,0.06951679956238019,-0.02429371639227882,0.0026038970780313253,0.0,1,4.33,4.2,319.785
2025-04-01,85169.171875,85487.3671875,82429.359375,82551.921875,28175650319,-0.0004865608347418182,-0.03499429411424202,56.32419211241073,-972.6310706580116,0.03745670778110351,-0.053456839504234556,0.0317418810684309,0.0,0,4.33,4.2,320.302
2025-04-02,82485.7109375,88466.953125,82343.5390625,85180.609375,47584398470,-0.027907479061863968,-0.06258198112974178,37.813175901572606,-1061.7942816757422,0.06942354305512237,-0.01915902280819717,-0.031507420800550134,0.0,1,4.33,4.2,320.302
2025-04-03,83102.828125,83909.296875,81282.1015625,82487.4765625,36852112080,-0.015534466638866571,-0.05238463227643244,46.643051553585664,-1070.3225570408977,0.06155817028266615,-0.02756121695996584,0.007481504135517403,0.0,1,4.33,4.2,320.302
2025-04-04,83843.8046875,84696.1484375,81670.75,83100.25,45157640207,-0.0024694720258026737,-0.0411406381963973,49.39455115008719,-1005.6976047538919,0.052017232377215596,-0.036591413143217705,0.008916382019940938,0.0,0,4.33,4.2,320.302
2025-04-05,83504.796875,84207.015625,82377.734375,83844.703125,14380803631,-0.0024723135940122164,-0.0419488792601159,49.012898403655456,-970.647936526133,0.05590844620091831,-0.03119266920681987,-0.004043325726492686,0.0,0,4.33,4.2,320.302
2025-04-06,78214.484375,83704.71875,77097.7421875,83504.5078125,36294853736,-0.055557385678005056,-0.0986393000314406,30.068301658641076,-1354.1450860738842,0.13600079807776314,0.01817001467331179,-0.06335339642726368,0.0,1,4.33,4.2,320.302
2025-04-07,79235.3359375,81119.0625,74436.6796875,78221.3359375,91262424987,-0.03728118061498511,-0.08329566458140554,28.528579490323295,-1557.7385106645816,0.125236116759875,-0.003215165130714117,0.013051950296130821,0.0,0,4.33,4.2,320.302
2025-04-08,76271.953125,80823.890625,76198.0234375,79218.4765625,48314590749,-0.06610901234777522,-0.11358031661765874,24.751880970496245,-1935.8922328007175,0.17383824265719958,0.016754875512671446,-0.03739976334343409,0.0,1,4.33,4.2,320.302
2025-04-09,82573.953125,83541.0,74589.671875,76273.5625,84213627038,0.010757779388569165,-0.037438692720842805,42.24857811686943,-1707.3814198555192,0.08337489683466566,-0.06189614852325632,0.0826253916648998,0.0,0,4.33,4.2,320.302
2025-04-10,79626.140625,82700.9296875,78456.1328125,82565.9765625,44718000633,-0.02182574741370807,-0.06810573072643236,37.65462643520334,-1744.044527435719,0.12360398123528289,-0.03283605071309453,-0.0356990599146636,0.0,1,4.33,4.2,320.302
2025-04-11,83404.8359375,84247.4765625,78936.3203125,79625.046875,41656778779,0.026819506731245,-0.020459334517526018,48.496502855534764,-1451.4596491588163,0.0723746766822489,-0.07684270859624055,0.04745546227457886,0.0,1,4.33,4.2,320.302
2025-04-12,85287.109375,85856.1875,82769.375,83404.515625,24258059104,0.046383834821658435,0.004203380514274668,54.24702703542933,-1055.5327649058745,0.04750159968186485,-0.09691034312657124,0.022567917271733462,0.0,0,4.33,4.2,320.302
2025-04-13,83684.9765625,86015.1875,83027.0078125,85279.46875,28796984817,0.02599453543737012,-0.01166005952750194,52.04597544422303,-861.110242173163,0.06126128288714667,-0.07788382481032086,-0.01878516957885823,0.0,1,4.33,4.2,320.302
2025-04-14,84542.390625,85785.0,83690.640625,83694.5234375,34090769777,0.03561961536203367,0.001240692027139722,52.9624541029464,-630.5739787253406,0.04477777481111224,-0.08498028601434922,0.010245734631468162,0.0,0,4.33,4.2,320.302
2025-04-15,83668.9921875,86429.3515625,83598.8203125,84539.6953125,28040322885,0.024714633932434817,-0.007280902766805092,47.64853537220083,-512.4411806824501,0.049899128662404924,-0.07350654333430158,-0.01033089354397465,0.0,1,4.33,4.2,320.302
2025-04-16,84033.8671875,85428.28125,83100.6171875,83674.5078125,29617804112,0.02190012153259374,-0.0018379288471024717,52.61687485737949,-384.94037103992014,0.03870544854577839,-0.07463479622786541,0.004360934564412222,0.0,1,4.33,4.2,320.302
2025-04-17,84895.75,85449.0703125,83749.75,84030.671875,21276866029,0.025323412168452106,0.008268160856721713,53.00573501375995,-211.90560498337436,0.0290663370985916,-0.08429628088258558,0.01025637449930672,0.0,0,4.33,4.2,320.302
2025-04-18,84450.8046875,85095.046875,84298.8828125,84900.1875,12728372364,0.009973137433399353,0.003044126776992547,51.027803720391255,-109.41639035235858,0.036468066492177494,-0.07925717919952953,-0.005241078764249063,0.0,1,4.33,4.2,320.302
2025-04-19,85063.4140625,85597.703125,84353.4609375,84450.8671875,15259300427,0.014279784320677391,0.01015457926595401,52.614902597325994,20.997461741499137,0.03195563743418614,-0.0856321179495958,0.007254038339443714,0.0,1,4.33,4.2,320.302
2025-04-20,85174.3046875,85306.3828125,83976.84375,85066.0703125,14664050812,0.008927439021992039,0.011677506172912579,64.1326685206543,131.78024515700235,0.03345648958881412,-0.08658456491155998,0.0013036230231544543,0.0,1,4.33,4.2,320.302
2025-04-21,87518.90625,88460.09375,85143.8359375,85171.5390625,41396190190,0.03167263596732024,0.04119051204403973,65.96253468244205,404.10784689101274,0.010730874693939187,-0.113330152350017,0.027527099529631727,0.0,1,4.33,4.2,320.302
2025-04-22,93441.890625,93817.3828125,87084.53125,87521.875,55899038456,0.09100508754822333,0.10970717070379785,79.69907844090082,1085.3534924445412,-0.02916626645996441,-0.181978084449299,0.06767662701452015,0.0,1,4.33,4.2,320.302
2025-04-23,93699.109375,94535.734375,91962.9609375,93427.5859375,41719568821,0.08136471334442769,0.11105265035228351,74.33139163353611,1627.2431322093325,-0.012247228657064074,-0.1924989727392605,0.0027527134594511615,0.0,1,4.33,4.2,320.302
2025-04-24,93943.796875,94016.1953125,91696.7109375,93692.3984375,31483175315,0.07255143016136606,0.11307763037983441,85.51250977598747,2052.7756917719526,0.001982745094294887,-0.2006537922612929,0.0026114175645013393,0.0,1,4.33,4.2,320.302
2025-04-25,94720.5,95768.390625,92898.59375,93954.25,40915232364,0.06794427695853257,0.12101613238342732,82.97755011618604,2424.7359157395695,0.010191150496903308,-0.2117921601780178,0.008267742531563593,0.0,0,4.33,4.2,320.302
2025-04-26,94646.9296875,95251.359375,93927.25,94714.6484375,17612825123,0.05449679238116679,0.11805362152833657,80.49215767818612,2682.6565686687245,0.022564955050814427,-0.2054062087331884,-0.0007767095032226168,0.0,0,4.33,4.2,320.302
2025-04-27,93754.84375,95301.203125,93665.3984375,94660.90625,18090367764,0.03434845481840817,0.10553039946693488,84.3966339443876,2782.9960188990517,0.040453948573148504,-0.19051809525890315,-0.00942540809771053,0.0,1,4.33,4.2,320.302
2025-04-28,94978.75,95598.4921875,92860.8046875,93755.3046875,32363449569,0.03582019226550924,0.11617766550092737,84.7777572976187,2927.5280409439,0.030744602883035762,-0.1849514484932381,0.013054325526514532,0.0,0,4.33,4.2,320.302
2025-04-29,94284.7890625,95485.4140625,93796.6328125,94981.859375,25806129921,0.018014167630593197,0.10393501618159066,85.80388808962948,2952.044529971128,0.045762628524411486,-0.1739632437979682,-0.007306486319308303,0.0,0,4.33,4.2,320.302
2025-04-30,94207.3125,95249.3203125,92979.640625,94286.46875,28344679831,0.00735278036473502,0.10010524614390254,84.99029719964983,2931.4306057905196,0.048913736572174404,-0.16009722518140537,-0.0008217291810309613,0.0,1,4.33,4.2,320.302
2025-05-01,96492.3359375,97437.9609375,94153.6328125,94212.859375,32875889623,0.021980253445582732,0.1234380206046166,86.32864488623153,3064.154550739724,0.03272778861548157,-0.1750768611899794,0.02425526614507767,0.0,1,4.33,4.3,320.62
2025-05-02,96910.0703125,97905.8984375,96375.9453125,96494.96875,26421924677,0.02264815859688047,0.1241543602610983,89.09781993663097,3166.5449472014734,0.037211761182783326,-0.17557475219353752,0.0043291974532626565,0.0,0,4.33,4.3,320.62
2025-05-03,95891.796875,96943.8828125,95821.2890625,96904.6328125,15775154889,0.00956679930866655,0.10927409628758884,83.13637661153473,3129.449571099409,0.05269623190669799,-0.15856074390956568,-0.010507405827035687,0.0,0,4.33,4.3,320.62
2025-05-04,94315.9765625,96318.921875,94173.4296875,95877.1875,18198688416,-0.007412665297787525,0.08853345045396492,75.67301675619746,2939.0165355937934,0.07189312683056946,-0.13574804602879317,-0.016433317174712747,0.0,1,4.33,4.3,320.62
2025-05-05,94748.0546875,95193.1875,93566.265625,94319.5625,25816260327,-0.002894362430840203,0.09045735169881049,72.74529709480535,2790.791568623943,0.06670244939833926,-0.1276935597864071,0.0045811763897039,0.0,1,4.33,4.3,320.62
2025-05-06,96802.4765625,96889.1796875,93399.859375,94748.3828125,26551275827,0.016420183312544,0.11084755534128031,63.9757001414611,2806.7425096746592,0.04519625014961632,-0.13414822928044473,0.02168299794413664,0.0,1,4.33,4.3,320.62
2025-05-07,97032.3203125,97625.8046875,95829.3359375,96800.1953125,76983822462,0.015339410200747534,0.10983913114644556,63.893489467154254,2805.5891300457297,0.043218259639407224,-0.12418924248766398,0.0023743581586117557,0.0,1,4.33,4.3,320.62
2025-05-08,103241.4609375,103969.5390625,96913.875,97034.25,69895404397,0.07105106972778752,0.1764480860296825,75.88430913247075,3268.0290205923375,-0.009147554943182475,-0.1690368469599108,0.06399043746457878,0.0,0,4.33,4.3,320.62
2025-05-09,102970.8515625,104297.4921875,102343.09375,103239.125,58198593958,0.058703594908109134,0.1683575871676519,73.63463221289958,3571.5099075380567,2.0848922666567292e-05,-0.15602670130701482,-0.002621130818400763,0.0,1,4.33,4.3,320.62
2025-05-10,104696.328125,104961.765625,102830.484375,102973.7109375,42276713994,0.06495931316361334,0.18239404274138385,76.29926858958868,3906.2237195891066,-0.009577694680588436,-0.15817227864255665,0.016756941758927724,0.0,0,4.33,4.3,320.62
2025-05-11,104106.359375,104937.9921875,103364.7421875,104701.0703125,46285517406,0.05081972424149272,0.17037173240527834,77.5251591480748,4076.885481514124,0.0017379673543069505,-0.14317143526055132,-0.005635047193781384,0.0,0,4.33,4.3,320.62
2025-05-12,102812.953125,105747.453125,100814.40625,104106.9609375,63250475404,0.03161786647032352,0.15149230811690678,70.75479742724278,4060.956899187411,0.02176393019537339,-0.1307016111691198,-0.01242389281274392,0.0,1,4.33,4.3,320.62
2025-05-13,104169.8125,104997.421875,101515.09375,102812.4921875,52608876410,0.03662220717921502,0.1623484766296084,75.29933516620845,4110.438023869487,0.01732407250845826,-0.14084213226305362,0.013197358248725033,0.0,0,4.33,4.3,320.62
2025-05-14,103539.4140625,104303.5625,102618.296875,104167.328125,45956071155,0.020977900760699494,0.15118650704409695,73.22683099744536,4052.0744937899726,0.029944223893417648,-0.13276974814086423,-0.006051642240404331,0.0,1,4.33,4.3,320.62
2025-05-15,103744.640625,104153.6171875,101440.8125,103538.828125,50408241840,0.014006017321751633,0.1491641000243258,70.1349349401458,3976.5419439409015,0.03395732867446186,-0.13183740741949349,0.00198211052629782,0.0,0,4.33,4.3,320.62
2025-05-16,103489.2890625,104533.484375,103137.4765625,103735.65625,44386499364,0.004942167398922334,0.1422079498899589,68.43241113640343,3851.677377746426,0.04115560965388352,-0.12579813266860684,-0.0024613470244020386,0.0,0,4.33,4.3,320.62
2025-05-17,103191.0859375,103716.9453125,102659.1796875,103489.2890625,37898552742,-0.003910698629574873,0.1342003754594867,71.30954721468677,3686.166971152503,0.04676929165816555,-0.11673235093707153,-0.0028814878109744146,0.0,1,4.33,4.3,320.62
2025-05-18,106446.0078125,106597.171875,103142.6015625,103186.953125,49887082058,0.02434001677561019,0.1638744829646313,82.25058949233036,3774.137862326461,0.022385941865802048,-0.1405931183473649,0.03154266519659865,0.0,0,4.33,4.3,320.62
2025-05-19,105606.1796875,107068.71875,102112.6875,106430.53125,61761126647,0.013687558288516971,0.14884535525633877,78.25626954786391,3733.0559709405206,0.03458578248336228,-0.12710770447375244,-0.007889709931436006,0.0,1,4.33,4.3,320.62
2025-05-20,106791.0859375,107307.1171875,104206.515625,105605.40625,36515726122,0.02300421900230589,0.1556401354518154,77.22561274248845,3752.849791410903,0.027425008441634348,-0.12932791334672095,0.011220046530480143,0.0,1,4.33,4.3,320.62
2025-05-21,109678.078125,110724.4609375,106127.234375,106791.3125,78086364051,0.04508208894481068,0.1806191797727746,80.1070990805996,3955.891622504103,0.01053014238214071,-0.15037332976703996,0.027034018449719976,0.0,1,4.33,4.3,320.62
2025-05-22,111673.28125,111970.171875,109285.0703125,109673.4921875,70157575642,0.05518505530712278,0.1945898653993639,75.11361092638106,4229.050097035768,0.004906282922868632,-0.16476383333849243,0.018191448638679386,0.0,0,4.33,4.3,320.62
2025-05-23,107287.796875,111798.90625,106841.3046875,111679.359375,67548133399,0.010769365676705469,0.1417697527528753,60.32652023838669,4045.029634380684,0.04782056423182763,-0.12183875333447347,-0.03927066820202352,0.0,1,4.33,4.3,320.62
2025-05-24,107791.15625,109454.5234375,106895.2890625,107278.5078125,45903627163,0.011460051575176789,0.14130929663691127,57.862832634790685,3894.9108786323195,0.041289646957770425,-0.11180052635795312,0.004691674073487251,0.0,1,4.33,4.3,320.62
2025-05-25,109035.390625,109313.3046875,106683.375,107802.2734375,47518041841,0.018080996472325802,0.14827536281210976,62.119947748578454,3832.1651839162805,0.02724436558745512,-0.10666981016429489,0.011543009819045436,0.0,1,4.33,4.3,320.62
2025-05-26,109440.3671875,110376.8828125,108735.640625,109023.78125,45950461571,0.016215606458908204,0.14500960971220223,67.04060655318168,3771.639876131172,0.022558325205467928,-0.09754298258915879,0.003714175371671846,0.0,0,4.33,4.3,320.62
2025-05-27,108994.640625,110744.2109375,107609.5546875,109440.40625,57450176272,0.006652008211486398,0.13328915627769894,63.0155838506594,3645.681577283787,0.02216722696621088,-0.07830451267277576,-0.004072780217708405,0.0,0,4.33,4.3,320.62
2025-05-28,107802.328125,109298.2890625,106812.9296875,108992.171875,49155377493,-0.005605591485606838,0.1135902614915975,61.16137377929218,3410.3368237448594,0.0347226083778892,-0.06512966562343517,-0.010939184653144474,0.0,0,4.33,4.3,320.62
2025-05-29,105641.7578125,108910.046875,105374.3984375,107795.5703125,56022752042,-0.02556718685077773,0.08609563868009308,54.50577344493657,3014.7324839494395,0.05520926895706813,-0.04280622195527953,-0.020041963379443528,0.0,0,4.33,4.3,320.62
2025-05-30,103998.5703125,106308.9453125,103685.7890625,105646.2109375,57655287183,-0.03824656008208421,0.06387063278018637,51.13476688433135,2539.3496538083273,0.07207054953089319,-0.02854226935696953,-0.015554336978341854,0.0,1,4.33,4.3,320.62
2025-05-31,104638.09375,104927.1015625,103136.1171875,103994.71875,38997843858,-0.027801125398592905,0.06578278877032458,53.175877752960645,2188.976375591694,0.06538171271212252,-0.03383483193047607,0.006149348357177731,0.0,1,4.33,4.3,320.62
2025-06-01,105652.1015625,105884.546875,103826.953125,104637.296875,37397056873,-0.012857531835828117,0.07166505952331499,48.06744359415174,1970.411309318355,0.05412459750918956,-0.03938845251562313,0.009690618169351017,0.0,1,4.33,4.1,321.435
2025-06-02,105881.53125,105958.3125,103727.546875,105649.8125,45819706290,-0.0094123411773408,0.06917779538702318,50.6907996733867,1795.018126376919,0.05164048733706982,-0.03965334309655803,0.0021715582000447764,0.0,0,4.33,4.1,321.435
2025-06-03,105432.46875,106813.578125,104920.84375,105888.4765625,46196508367,-0.011432128734907999,0.06017046246045797,46.46084138126968,1601.3231183586904,0.05536273559228445,-0.033010535324281255,-0.004241178746647534,0.0,0,4.33,4.1,321.435
2025-06-04,104731.984375,105997.6953125,104232.703125,105434.3671875,44544857105,-0.014021658715554603,0.048684598609491085,35.45913398818908,1375.4399782491382,0.061859499754523796,-0.025038362407960577,-0.0066439151364365845,0.0,0,4.33,4.1,321.435
2025-06-05,101575.953125,105936.6875,100436.8828125,104750.78125,57479298400,-0.03660067274749478,0.013522666138652883,22.211825655306228,931.0283017730108,0.09733476849787379,0.0008880822906601708,-0.030134359325224014,0.0,1,4.33,4.1,321.435
2025-06-06,104390.34375,105376.7734375,101169.5703125,101574.3671875,48856653697,-0.0055648701098034575,0.03756810984807439,41.27131018134542,796.7422996703826,0.06691933629543712,-0.024116294766512236,0.027707252931573167,0.0,1,4.33,4.1,321.435
2025-06-07,105615.625,105972.7578125,103987.3125,104390.6484375,38365033776,0.008207485204490989,0.04534849319697171,43.719314706386506,780.1960182546754,0.05434766381894032,-0.036030076459115434,0.011737496074678777,0.0,1,4.33,4.1,321.435
2025-06-08,105793.6484375,106497.0625,105075.328125,105617.5078125,36626232328,0.00976048805117227,0.04283112763279539,40.02725457066841,772.5425846013095,0.05259262780173414,-0.0374941463608219,0.0016855786016509722,0.0,1,4.33,4.1,321.435
2025-06-09,110294.1015625,110561.421875,105400.234375,105793.0234375,55903193732,0.04642779163887614,0.0818355832722907,52.09778369549942,1116.7529062734247,0.013769612882362205,-0.07771937220836878,0.04253991795791734,0.0,0,4.33,4.1,321.435
2025-06-10,110257.234375,110380.125,108367.7109375,110295.6875,54700101509,0.04053070839131403,0.0766713194043991,53.16604186387657,1370.7658566573082,0.015064232702241673,-0.0778413492264834,-0.0003342625487465778,0.0,0,4.33,4.1,321.435
2025-06-11,108686.625,110384.21875,108086.328125,110261.796875,50842662052,0.022779388900275196,0.05818363045688404,52.17614990460239,1428.8668122953095,0.02427573794298566,-0.061806373612278,-0.014244955298426398,0.0,0,4.33,4.1,321.435
2025-06-12,105929.0546875,108780.6953125,105785.6875,108685.9140625,54843867968,-0.0032148956033206813,0.028885427899008106,50.68682273048175,1238.1270026123093,0.050301290046855913,-0.03802714783832133,-0.025371753999169577,0.0,1,4.33,4.1,321.435
2025-06-13,106090.96875,106182.546875,102822.0234375,105924.59375,69550440846,-0.0023095083226650293,0.02803224450887507,55.383442137047254,1087.4934928593866,0.04760442586317811,-0.04000395415714522,0.0015285141831733462,0.0,0,4.33,4.1,321.435
2025-06-14,105472.40625,106203.7578125,104379.3671875,106108.0859375,38007870453,-0.008816695688119635,0.019913076229835493,52.148884589009114,907.7386804562993,0.050740499364865015,-0.034744202051320026,-0.0058304915798971235,0.0,1,4.33,4.1,321.435
2025-06-15,105552.0234375,106157.1015625,104519.8828125,105464.84375,36744307742,-0.011761078744390682,0.01853484535756244,49.72920089530708,762.9117662606295,0.045848828554481205,-0.035057001153612065,0.0007548627203146641,0.0,1,4.33,4.1,321.435
2025-06-16,106796.7578125,108915.375,104997.625,105555.59375,50366626945,-0.002354875663103559,0.027958677898767596,52.3475050507358,740.044284867894,0.030729123528397725,-0.045431422031285564,0.011792615001237072,0.0,0,4.33,4.1,321.435
2025-06-17,104601.1171875,107750.1953125,103396.53125,106794.1171875,55964092176,-0.021938604394461953,0.004963245547700007,48.042974271565946,538.5437947753526,0.05040430328944138,-0.026494402410783463,-0.020559056941174436,0.0,1,4.33,4.1,321.435
2025-06-18,104883.328125,105581.8515625,103602.265625,104602.0703125,47318089133,-0.01846435309994088,0.005626624464783433,50.36342433824953,397.0483426256542,0.04743160448808423,-0.029690581836873536,0.0026979724986506692,0.0,0,4.33,4.1,321.435
2025-06-19,104684.2890625,105250.890625,103940.7734375,104886.7734375,37333806920,-0.015156739635770366,0.0017057254299147934,58.69955468754441,265.7875549855671,0.049239406652135574,-0.027006963552574727,-0.0018977187896134229,0.0,0,4.33,4.1,321.435
2025-06-20,103309.6015625,106539.3828125,102372.2109375,104681.03125,50951862476,-0.021695096922891743,-0.012736467504676111,46.710111694722336,50.25730763238971,0.06378736023642,-0.015932047598716793,-0.013131746055793259,0.0,0,4.33,4.1,321.435
2025-06-21,102257.40625,104015.78125,100973.0625,103315.078125,38360555118,-0.02572740430761352,-0.023789330475144553,39.66837029003899,-203.11396303043875,0.0759287330985925,-0.010321413090903503,-0.010184874363913243,0.0,0,4.33,4.1,321.435
2025-06-22,100987.140625,103351.6328125,98286.203125,102212.03125,65536997201,-0.033278256532251076,-0.03685306098014452,36.14389397854762,-500.64125955510826,0.09156001099728067,-0.00481702066914936,-0.012422235919953284,0.0,1,4.33,4.1,321.435
2025-06-23,105577.7734375,106116.859375,99705.75,100987.4765625,65237759656,0.011163343334660533,0.004770888738111747,36.47418783288568,-361.8370508829248,0.04417464631286521,-0.048027811429960834,0.04545759771084712,0.0,1,4.33,4.1,321.435
2025-06-24,106045.6328125,106316.828125,104740.2421875,105571.515625,48822986421,0.015086945713054144,0.007057919082543419,38.21305769793365,-211.64170020376332,0.04017740321237354,-0.0515985477506071,0.004431419225533917,0.0,1,4.33,4.1,321.435
2025-06-25,107361.2578125,108168.3984375,105881.390625,106047.40625,51624120283,0.02590364255175703,0.01751115916653109,46.237008967012414,13.394733521534363,0.027444004152945144,-0.05784493366655202,0.012406215749838134,0.0,0,4.33,4.1,321.435
2025-06-26,106960.0,108305.546875,106666.3515625,107375.0703125,43891990613,0.02190996863662075,0.011804262351682429,53.37920855008059,157.54351298129768,0.03236867469743819,-0.052978255673971526,-0.003737454466123835,0.0,1,4.33,4.1,321.435
2025-06-27,107088.4296875,107772.46875,106449.9921875,106954.921875,45353692675,0.020711372878685103,0.01228240335940733,53.27664676682799,278.9303265126655,0.032107403305876664,-0.05371552375598062,0.0012007263229245613,0.0,1,4.33,4.1,321.435
2025-06-28,107327.703125,107567.8828125,106883.9765625,107090.546875,30037708335,0.02061412386619308,0.013709221869905648,56.25038163759905,389.94260191173817,0.030906298834639547,-0.05549567340344336,0.002234353778444831,0.0,1,4.33,4.1,321.435
2025-06-29,108385.5703125,108526.3046875,107230.109375,107327.8203125,35534874438,0.027058820759779754,0.02298785087242071,58.9557435242014,556.8625066897948,0.017170908900231166,-0.06280160106239263,0.009856422495764683,0.0,0,4.33,4.1,321.435
2025-06-30,107135.3359375,108798.7890625,106759.6484375,108383.4375,42064804590,0.011544524909093698,0.010609780547920455,51.06974232188733,581.5604020949395,0.023307285142827462,-0.04904510230063815,-0.011535062936840146,0.0,0,4.33,4.1,321.435
2025-07-01,105698.28125,107550.6796875,105270.2265625,107144.3828125,44110692247,-0.005255491506007154,-0.003488433494199953,53.64103936212522,479.64629490984953,0.033408166319894204,-0.035131512105140886,-0.013413452013053329,0.0,1,4.33,4.3,322.169
2025-07-02,108859.3203125,109763.65625,105157.3984375,105703.1015625,56248657737,0.016959297325876695,0.02540678015581825,61.07798847114456,646.4956655493588,0.0073271051487664406,-0.0643842889725274,0.02990624847553991,0.0,1,4.33,4.3,322.169
2025-07-03,109647.9765625,110541.4609375,108605.796875,108845.015625,50494742270,0.02044677841634681,0.031648353970162954,63.38998267642856,832.7633842492505,0.005089190014824801,-0.07287719852871875,0.007244728772290987,0.0,0,4.33,4.3,322.169
2025-07-04,108034.3359375,109751.984375,107296.3828125,109635.65625,42616442656,0.003571904159646832,0.01564620122917823,62.583164244493304,840.4859814158262,0.0221626301919535,-0.05871900567876885,-0.014716556343200904,0.0,1,4.33,4.3,322.169
2025-07-05,108231.1796875,108381.34375,107842.2734375,108015.8359375,30615537520,0.004588648867490126,0.016590381881101218,66.66912278605906,852.6608967866341,0.02244365139254125,-0.0600956074810385,0.0018220480395592098,0.0,1,4.33,4.3,322.169
2025-07-06,109232.0703125,109731.625,107847.015625,108231.1875,36746020463,0.011745116533541952,0.0248285080205114,73.35766148719563,932.3258416294266,0.015999087306087352,-0.069402502697844,0.009247710575546852,0.0,0,4.33,4.3,322.169
2025-07-07,108299.8515625,109710.25,107527.0546875,109235.328125,45415696597,0.0019862954131192076,0.015728987636102826,59.728037327859525,909.7515722996613,0.026517858089372282,-0.05975017222068926,-0.008534295352390808,0.0,1,4.33,4.3,322.169
2025-07-08,108950.2734375,109198.96875,107499.5546875,108298.2265625,44282204127,0.00649303151330179,0.02118863563307661,60.24676414203049,933.5831453626743,0.022782431582823667,-0.06402330014133688,0.006005750382996888,0.0,1,4.33,4.3,322.169
2025-07-09,111326.5546875,111925.375,108357.6796875,108950.2734375,57927418065,0.025658722771426775,0.042575055005279853,63.014534612398364,1131.1763790119148,0.006850839200190175,-0.08393523175899058,0.021810695604753683,0.0,1,4.33,4.3,322.169
2025-07-10,115987.203125,116608.78125,110660.75,111329.1953125,95911605728,0.059953358334562216,0.0849400309526151,73.15439281042399,1644.8846125944838,-0.018709440336169832,-0.12471221407317305,0.041864660687494615,0.0,1,4.33,4.3,322.169
2025-07-11,117516.9921875,118856.4765625,115245.6875,115986.234375,86928361085,0.062458234883276544,0.09804919340100292,74.95485208308563,2150.651904716535,-0.01738006096203029,-0.13722478175519653,0.013189291760499877,0.0,0,4.33,4.3,322.169
2025-07-12,117435.2265625,118219.8984375,116977.0234375,117530.7109375,45524560304,0.053550421160938964,0.09520835175777279,74.37033342236853,2515.8768625931552,-0.008173941374904958,-0.131139931718301,-0.0006957770402219454,0.0,1,4.33,4.3,322.169
2025-07-13,119116.1171875,119449.5703125,117265.4375,117432.203125,49021091807,0.05962956137982147,0.10854281802375802,75.11788036258727,2907.438952239012,-0.007961844356053393,-0.14624317473541484,0.014313342548076147,0.0,1,4.33,4.3,322.169
2025-07-14,119849.703125,123091.609375,118959.1953125,119115.7890625,181746419401,0.055065914204073314,0.11312930634386865,80.49926592870982,3239.6048356967076,-0.0008169373996095362,-0.15316815799526062,0.006158578325259345,0.0,0,4.33,4.3,322.169
2025-07-15,117777.1875,119935.5625,115765.6875,119853.8515625,98321661181,0.028180658118473235,0.09218901862417483,78.11769823695613,3297.601306090117,0.024554048462017267,-0.13721121095369254,-0.01729262210051885,0.0,1,4.33,4.3,322.169
2025-07-16,118738.5078125,120065.515625,117064.8203125,117777.1875,72162029070,0.028041149570823994,0.09911739056831444,75.62100550618129,3382.1471547619876,0.024256556121025407,-0.142274155061028,0.00816219450392297,0.0,1,4.33,4.3,322.169
2025-07-17,119289.84375,120999.609375,117508.21875,118738.5078125,72363841798,0.023079857717720417,0.10187752277623076,75.31717263718028,3453.8250066586043,0.027109443245236058,-0.14359684590813046,0.004643278306736054,0.0,0,4.33,4.3,322.169
2025-07-18,118003.2265625,120851.9140625,116925.984375,119284.109375,77945799785,0.004248111328497273,0.08750957619814789,76.6332461712118,3367.98690977809,0.042937503118136155,-0.12984171449000487,-0.01078563897020779,0.0,0,4.33,4.3,322.169
2025-07-19,117939.9765625,118541.3984375,117388.4140625,117998.125,47564562765,-0.0019076809115083724,0.08414079455783094,76.12485683869568,3257.307638321523,0.04762791689585437,-0.12540507936534936,-0.0005360022928398989,0.0,0,4.33,4.3,322.169
2025-07-20,117300.7890625,118865.03125,116550.1328125,117944.109375,57515447231,-0.008419233068975017,0.07576082641124095,72.142686238979,3082.48347819662,0.05514860887604992,-0.11378518294534457,-0.00541960002562214,0.0,1,4.33,4.3,322.169
2025-07-21,117439.5390625,119671.5625,116584.3984375,117306.46875,69820091744,-0.007181331925147448,0.07470972917367534,76.22374330553481,2921.4533415950864,0.053215020949298496,-0.10414753203329316,0.0011828564931994912,0.0,1,4.33,4.3,322.169
2025-07-22,119995.4140625,120269.96875,116233.2265625,117426.5,79217583118,0.012234874697107921,0.0952697174021544,78.56726606726606,2965.884677971728,0.034785405105786524,-0.11795217716927624,0.02176332622218302,0.0,0,4.33,4.3,322.169
2025-07-23,118754.9609375,120113.3515625,117391.390625,119997.4453125,66608604537,0.002076182151143704,0.0813175471208684,70.41221320294743,2867.94277281985,0.04758886967207424,-0.10306467051855193,-0.010337504434577038,0.0,0,4.33,4.3,322.169
2025-07-24,118368.0,119535.453125,117247.96875,118770.984375,72627318560,6.129962073767258e-05,0.07512429965226218,58.55030206716519,2727.655874648757,0.05001456082366204,-0.09040333381340589,-0.0032584822936673197,0.0,0,4.33,4.3,322.169
2025-07-25,117635.8828125,118486.9765625,114759.8203125,118368.0,104857024569,-0.0060055055704817464,0.06536644042700439,50.452929607512594,2528.257579077137,0.05355997052811149,-0.07375817482549556,-0.006185093838706357,0.0,1,4.33,4.3,322.169
2025-07-26,117947.3671875,118335.6875,117181.2265625,117644.84375,48508954046,-0.002706853636882491,0.06557079986707395,51.9175057741044,2368.069547457446,0.04772371693620053,-0.06576119167582718,0.002647868724685587,0.0,1,4.33,4.3,322.169
2025-07-27,119448.4921875,119815.59375,117859.6875,117944.7265625,54683390892,0.00985030604505643,0.07644193740225527,51.26142559118948,2335.3274195792765,0.02855360992418678,-0.062165240512606496,0.012727075099638885,0.0,0,4.33,4.3,322.169
2025-07-28,117924.4765625,119819.7890625,117441.4375,119457.5234375,64822943193,-0.002967760114235897,0.0603894247148414,43.106962100025676,2161.4874413889193,0.03072426059830867,-0.031312832481544685,-0.012758768211219684,0.0,0,4.33,4.3,322.169
2025-07-29,117922.1484375,119273.8671875,116987.3671875,117938.5859375,68463107433,-0.0029724154469692237,0.05891582247813958,50.60934479753201,2000.4699733892048,0.01916899729815088,-0.014124918627338202,-1.9742508661990676e-05,0.0,0,4.33,4.3,322.169
2025-07-30,117831.1875,118780.7265625,115800.828125,117921.9921875,68896148592,-0.004188058812463631,0.056661688771893245,45.884967448096596,1844.2631647183152,0.01828035513950426,-0.010123525639249923,-0.0007713643170961237,0.0,0,4.33,4.3,322.169
2025-07-31,115758.203125,118919.984375,115505.21875,117833.6328125,69370346018,-0.020315151723525764,0.036757097213015864,35.9253553454694,1535.495393939491,0.03859343828482897,0.004005864545356529,-0.017592832754910526,0.0,0,4.33,4.3,322.169
2025-08-01,113320.0859375,116060.7734375,112724.4453125,115738.953125,91294530181,-0.035500520674498326,0.01357886600111357,32.90526289373031,1081.5911210336926,0.06757709521854272,0.015337941288596758,-0.021062154747402473,0.0,0,4.33,4.3,323.291
2025-08-02,112526.9140625,114021.6015625,112005.765625,113320.390625,56870866000,-0.03714747813064357,0.005326983740123266,31.24051022242631,650.3693203692237,0.07959107461022848,0.012150199786278649,-0.006999393518263508,0.0,1,4.33,4.3,323.291
2025-08-03,114217.671875,114747.421875,111943.8046875,112525.8046875,48099615826,-0.019197156186967747,0.018840325037048748,40.04103314701021,439.98113314925286,0.06252239783293936,-0.006676015698826293,0.015025363723748075,0.0,1,4.33,4.3,323.291
2025-08-04,115071.8828125,115729.46875,114130.40625,114223.921875,35783028986,-0.009681503623575642,0.02471966907626281,42.689965381899015,338.2752363740874,0.05458676680109055,-0.016352479686670696,0.007478798363486527,0.0,0,4.33,4.3,323.291
2025-08-05,114141.4453125,115117.4375,112701.109375,115072.1875,61039182286,-0.014460884871099098,0.015106231291747471,29.90967628460872,180.51320629240945,0.06262894466269026,-0.01180726336744964,-0.008085706753543476,0.0,1,4.33,4.3,323.291
2025-08-06,115028.0,115737.8359375,113372.25,114140.9140625,56379133510,-0.003000684362807599,0.02109698544304396,36.89095484650318,125.57565686896851,0.05217357379576002,-0.020863228434195878,0.007767158415357134,0.0,1,4.33,4.3,323.291
2025-08-07,117496.8984375,117676.90625,114279.7109375,115030.0546875,64051649681,0.018775926296335763,0.04068275207393132,47.32744433583872,278.05151878086326,0.029647081909591186,-0.04145048523080917,0.021463456180234486,0.0,0,4.33,4.3,323.291
2025-08-08,116688.7265625,117689.203125,115917.4609375,117505.5,59713005166,0.012851743756898607,0.03133156788201777,47.10760521659799,329.87443459467613,0.03594791030441259,-0.03505360395773988,-0.0068782400705657,0.0,0,4.33,4.3,323.291
2025-08-09,116500.359375,117906.609375,116363.8359375,116678.2734375,54004312429,0.012386186337249647,0.02727145016392214,45.54769609613017,351.6907390403212,0.03721658915404002,-0.03377413732683938,-0.0016142706587778388,0.0,1,4.33,4.3,323.291
2025-08-10,119306.7578125,119320.7109375,116485.1640625,116497.71875,64755458694,0.03358648374166079,0.048863919109479736,49.59632199540027,588.6476536169212,0.014873039787910217,-0.05699159381732438,0.02408918266480664,0.0,0,4.33,4.3,323.291
2025-08-11,118731.4453125,122321.09375,118159.03125,119306.8125,90528784177,0.023802803412083812,0.04055970243306052,52.42965223879333,721.695547902098,0.017872045296970937,-0.051568257698579645,-0.004822128356753663,0.0,1,4.33,4.3,323.291
2025-08-12,120172.90625,120302.46875,118228.71875,118717.6640625,72803657984,0.02944514440283659,0.0505052013861971,56.23623565553456,932.6992373232206,0.007841368910055772,-0.06394326037737638,0.012140515376580119,0.0,1,4.33,4.3,323.291
2025-08-13,123344.0625,123682.453125,118939.6328125,120168.9765625,90904808795,0.04841392998320638,0.07497515317795392,63.047607213859706,1340.356196415887,-0.0090218545382657,-0.09302305413944233,0.026388279596092357,0.0,0,4.33,4.3,323.291
2025-08-14,118359.578125,124457.1171875,117254.8828125,123339.3984375,104055627395,0.00324266677389089,0.02956036013212057,55.411076443057716,1246.8481521560898,0.03324719191044688,-0.05475196028510187,-0.040411222672351976,0.0,0,4.33,4.3,323.291
2025-08-15,117398.3515625,119332.3125,116864.5703125,118365.78125,68665353159,-0.007644432168967025,0.019347940844900872,59.03846513454383,1082.6987261445029,0.04135980988974816,-0.047132836009618165,-0.008121240187970669,0.0,1,4.33,4.3,323.291
2025-08-16,117491.3515625,117996.0625,117271.953125,117398.421875,48036922378,-0.008921979916856117,0.01831582181272331,61.35484479667893,949.1719823901803,0.03870615121582925,-0.047723477158636445,0.0007921746665282559,0.0,0,4.33,4.3,323.291
2025-08-17,117453.0625,118595.7734375,117279.5234375,117492.7890625,45852169525,-0.009208324143923474,0.016200368993270653,58.005234630521684,830.6858393360453,0.03872093324669872,-0.04749057340614535,-0.00032588834829794244,0.0,0,4.33,4.3,323.291
2025-08-18,116252.3125,117614.171875,114723.6796875,117453.90625,72787808090,-0.01897626091083713,0.004444210006789187,52.87146181817629,632.6019854977931,0.048617321836920926,-0.03825627794370815,-0.01022323279139703,0.0,0,4.33,4.3,323.291
2025-08-19,112831.1796875,116764.5,112730.3984375,116241.859375,71657600353,-0.044888995291626,-0.02607369265228443,47.157183605861576,197.2880638524657,0.08070951749839576,-0.013824103580437116,-0.029428514056440758,0.0,1,4.33,4.3,323.291
2025-08-20,114274.7421875,114625.796875,112387.9609375,112828.0234375,67993811526,-0.028531253722789158,-0.015071552238278522,48.40426429859755,-30.862166084509226,0.06719664938615404,-0.027719080011305165,0.012794003430595335,0.0,0,4.33,4.3,323.291
2025-08-21,112419.03125,114802.6484375,111986.234375,114275.6875,57817883700,-0.03915076888379249,-0.03166002689859431,38.95588757542237,-357.29456157832465,0.08553125292355698,-0.01318936046706955,-0.01623902974513114,0.0,1,4.33,4.3,323.291
2025-08-22,116874.0859375,117377.3984375,111678.9453125,112433.734375,82528088240,0.0017511832424626024,0.00546265951857059,50.34795019411063,-253.58572757399816,0.04326048963521972,-0.04619344706543487,0.03962900798880531,0.0,0,4.33,4.3,323.291
2025-08-23,115374.328125,116996.25,114536.109375,116866.3671875,55377142586,-0.004301908719452673,-0.008691627356297048,47.98543799238187,-289.08130161536974,0.05653479453803282,-0.03250523288159305,-0.012832252765613172,0.0,0,4.33,4.3,323.291
2025-08-24,113458.4296875,115615.0859375,111060.546875,115387.390625,73961489632,-0.016677179689543978,-0.026028110009371677,39.192497264146304,-466.4320534812141,0.07507378015141988,-0.01828781800214971,-0.016605933647771742,0.0,0,4.33,4.3,323.291
2025-08-25,110124.3515625,113637.84375,109324.28125,113456.8984375,85706860190,-0.03951789783353869,-0.0547939508350297,35.5661053686309,-866.0329539062368,0.11186330117075269,0.0035452600459457357,-0.029385900493979156,0.0,1,4.33,4.3,323.291
2025-08-26,111802.65625,112397.015625,108762.0390625,110124.1015625,69396320317,-0.0200178229749974,-0.04096559303212226,36.073910470979335,-1035.3594056192233,0.09668608976312514,-0.015917443278037607,0.015240086898922645,0.0,0,4.33,4.3,323.291
2025-08-27,111222.0625,112619.4140625,110398.265625,111795.7109375,62137056409,-0.01975312822569916,-0.046317573175217695,27.92937701060221,-1202.5387833929854,0.10289269616232938,-0.01690388324133185,-0.005193022862549412,0.0,1,4.33,4.3,323.291
2025-08-28,112544.8046875,113450.078125,110900.921875,111219.0546875,58860155962,-0.00484348807019159,-0.0351771854413985,37.78414154613968,-1214.297736396431,0.08956454591670086,-0.03177443663036456,0.01189280397942638,0.0,0,4.33,4.3,323.291
2025-08-29,108410.8359375,112619.0546875,107559.625,112550.5234375,77843379644,-0.03763583508350301,-0.06940797537010329,33.339695828327336,-1539.4477253718505,0.13423071288830637,-0.005433977783341341,-0.036731759955323295,0.0,1,4.33,4.3,323.291
2025-08-30,108808.0703125,108929.3515625,107444.4453125,108409.40625,51486264208,-0.02939947961763255,-0.06459958776928844,34.08319027021888,-1744.9630916588794,0.128085860922571,-0.016709708547614405,0.003664157476186425,0.0,0,4.33,4.3,323.291
2025-08-31,108236.7109375,109491.0,108104.65625,108818.4609375,47986191770,-0.030880629363623013,-0.06803749620630697,33.429877076685415,-1931.6723106397694,0.13204166347783272,-0.019216084933584426,-0.00525107534173741,0.0,1,4.33,4.3,323.291
2025-09-01,109250.59375,109890.5859375,107271.1796875,108228.75,66870372995,-0.015079706974282448,-0.0577066641990359,37.32641736759639,-1975.0615619992896,0.11486745893588585,-0.03164710887485935,0.009367272930950854,0.0,1,4.22,4.4,324.245
2025-09-02,111200.5859375,111748.015625,108454.03125,109243.0703125,74776999491,0.006286322426264461,-0.03945473935741416,46.88248512161707,-1830.993233298068,0.07802874348161454,-0.042259681731925916,0.017848801737061493,0.0,1,4.22,4.4,324.245
2025-09-03,111723.2109375,112600.2265625,110582.9609375,111190.6953125,61119643565,0.012605751383760844,-0.033929937492155615,44.94369880548453,-1655.562283651263,0.06611568996955497,-0.045809668622575246,0.004699840343410866,0.0,0,4.22,4.4,324.245
2025-09-04,110723.6015625,112208.328125,109347.2265625,111718.1484375,60131132901,0.0030010085974552345,-0.04124462685368007,46.52221000361216,-1578.9904950829514,0.06987280962648006,-0.03735582494171366,-0.008947195185422974,0.0,0,4.22,4.4,324.245
2025-09-05,110650.984375,113357.4921875,110233.3984375,110723.015625,60241647677,0.003389988719260058,-0.040437839809078044,34.43653746432773,-1506.7969834401883,0.06357422947584554,-0.03590529069691754,-0.0006558419928113235,0.0,0,4.22,4.4,324.245
2025-09-06,110224.6953125,111275.015625,110024.0859375,110650.5703125,21500719036,0.00042917997226686095,-0.04284330239831982,36.39045496533984,-1467.0696048489335,0.05956347786399207,-0.030610467744960245,-0.0038525555367432407,0.0,1,4.22,4.4,324.245
2025-09-07,111167.6171875,111591.078125,110211.625,110221.328125,24618007520,0.010250179331599671,-0.03351850736711718,43.6175621953789,-1344.0065848147933,0.04419417629898561,-0.03702461147728302,0.008554542812086785,0.0,1,4.22,4.4,324.245
2025-09-08,112071.4296875,112869.234375,110630.609375,111163.015625,40212813407,0.015086892553150539,-0.024774095505141768,56.274439311958155,-1160.1743715707853,0.03514733414833509,-0.04484272721621881,0.008130177859939192,0.0,0,4.22,4.4,324.245
2025-09-09,111530.546875,113225.4375,110776.703125,112077.578125,45984480722,0.007702969305587742,-0.02848167251377937,49.05376505336732,-1046.0722707776586,0.03723333351902611,-0.039736956755653405,-0.004826232823193166,0.0,1,4.22,4.4,324.245
2025-09-10,113955.359375,114275.25,110940.078125,111531.25,56377473784,0.024319103091026265,-0.006314030440117892,58.42427108535853,-751.3226502613543,0.016981521370626404,-0.06064092171420941,0.02174124101370767,0.0,1,4.22,4.4,324.245
2025-09-11,115507.5390625,115522.546875,113453.8359375,113961.4296875,45685065332,0.032464482212459324,0.007791671996978128,59.004074306228276,-388.0107770618488,-5.6101920956741516e-05,-0.07107550373384194,0.013620945043858246,0.0,1,4.22,4.4,324.245
2025-09-12,116101.578125,116769.3828125,114794.484375,115507.7890625,54785725894,0.03324789797594405,0.013375378966097643,79.78078001220982,-51.555215842148755,-0.00349641225650283,-0.07687794608084213,0.005142859655061782,0.0,0,4.22,4.4,324.245
2025-09-13,115950.5078125,116334.6328125,115248.2734375,116093.5625,34549454947,0.02803588196352273,0.012354629957116128,78.1951075089745,200.58589939656667,0.002137592741097622,-0.0778616371795079,-0.0013011908618274504,0.0,0,4.22,4.4,324.245
2025-09-14,115407.65625,116181.5,115222.3984375,115950.2890625,32798036057,0.018991045190701914,0.008062091937554526,78.37149969924783,352.54207986110123,0.011312517471221126,-0.07340725230385933,-0.004681752350561785,0.0,1,4.22,4.4,324.245
2025-09-15,115444.875,116747.8828125,114461.0625,115399.6328125,52937859416,0.015023315573002573,0.009092965227972413,76.55999807047846,470.54751093889354,0.014824407754937041,-0.0743889699539952,0.0003224981011604733,0.0,1,4.22,4.4,324.245
2025-09-16,116843.1875,117005.2734375,114813.09375,115423.7578125,45781744593,0.021374125229074382,0.02150858003993064,75.39597871423217,669.1858400062483,0.008649070141553493,-0.08662482664425936,0.012112382641498831,0.0,0,4.22,4.4,324.245
2025-09-17,116468.5078125,117328.609375,114794.9765625,116840.5078125,60528025996,0.013403065144142594,0.018491791264288984,71.6456908754239,787.2991331216181,0.016208411830796656,-0.0846321119337415,-0.0032066883445814875,0.0,1,4.22,4.4,324.245
2025-09-18,117137.203125,117911.7890625,116188.796875,116461.265625,49457272032,0.014748659535321305,0.02446373059183407,80.16637159556666,924.2091839029308,0.014323890083405401,-0.0863245861154756,0.005741425944741474,0.0,0,4.22,4.4,324.245
2025-09-19,115688.859375,117479.7578125,115141.8203125,117137.671875,38828473971,-0.0013954875515611695,0.011809014409978036,70.98046437295596,905.4052016500791,0.028171375538999278,-0.07008719851622798,-0.012364506846338497,0.0,1,4.22,4.4,324.245
2025-09-20,115721.9609375,116191.1484375,115473.5234375,115691.125,22864449614,-0.002630646911957596,0.011673481021451462,73.66874454238072,882.9953094103694,0.027447923209485168,-0.06345553871515819,0.0002861257573012477,0.0,0,4.22,4.4,324.245
2025-09-21,115306.09375,115901.0859375,115252.578125,115730.2265625,22495852193,-0.00604229881920895,0.007548259617969857,68.66555178996907,822.2004864657647,0.030482924382684934,-0.05415545903569406,-0.003593675600818802,0.0,0,4.22,4.4,324.245
2025-09-22,112748.5078125,115431.3125,112037.6484375,115309.21875,70684158591,-0.025271758060062998,-0.014546989367613342,52.6573674443819,561.1754593842052,0.05334020706541834,-0.030808852887989905,-0.02218083931492132,0.0,0,4.22,4.4,324.245
2025-09-23,112014.5,113351.9140625,111535.5703125,112757.4765625,47211853279,-0.028310964189578687,-0.02043889596126775,51.87103493186517,291.7201800823095,0.060122870451614824,-0.024078241463849903,-0.00651013327573835,0.0,1,4.22,4.4,324.245
2025-09-24,113328.6328125,113986.2734375,111229.640625,112007.6640625,48044595085,-0.015135104513413454,-0.008805963146384654,47.34934018491608,182.1151550727518,0.04679546094311176,-0.03206168579457896,0.011731809832655538,0.0,0,4.22,4.4,324.245
2025-09-25,109049.2890625,113541.0859375,108713.3984375,113330.1640625,75528654284,-0.04702747050115904,-0.04523541623158968,27.80555698747358,-247.2052651492413,0.08999727317419311,0.0023304865852446905,-0.03776048156409062,0.0,1,4.22,4.4,324.245
2025-09-26,109712.828125,110359.1953125,108728.9765625,109041.296875,57738288949,-0.03521714148112339,-0.038114807320290975,28.148781530568627,-527.818372700378,0.0840066047601084,-0.0047997164931398465,0.0060847628462732395,0.0,0,4.22,4.4,324.245
2025-09-27,109681.9453125,109778.5,109144.296875,109707.140625,26308042910,-0.02969804450133787,-0.0372026628213794,28.382124089888222,-744.1205089845898,0.08569181876974571,-0.007254021812934126,-0.0002814877077529365,0.0,1,4.22,4.4,324.245
2025-09-28,112122.640625,112375.484375,109236.9453125,109681.9453125,33371048505,-0.0036866383312572372,-0.015021019057829474,39.982513317514325,-710.4086477088713,0.062045596729424606,-0.028805738978794782,0.02225248016477188,0.0,1,4.22,4.4,324.245
2025-09-29,114400.3828125,114473.5703125,111589.953125,112117.875,60000147466,0.017718424597833907,0.0058556536655820475,47.19778900008258,-494.20016425685026,0.04100677897015454,-0.04574068057901192,0.02031473906432546,0.0,0,4.22,4.4,324.245
2025-09-30,114056.0859375,114836.6171875,112740.5625,114396.5234375,58986330258,0.0161614533585315,0.003653610459933529,42.07440372911735,-346.6394203641539,0.044188647769337897,-0.042811200448498725,-0.003009577997342028,0.0,1,4.22,4.4,324.245
2025-10-01,118648.9296875,118648.9296875,113981.3984375,114057.59375,71328680132,0.053941650820537715,0.04434913095631847,55.000720291212666,139.30185385790537,0.008196023373717814,-0.081643312029859,0.04026829179914837,0.0,1,4.09,4.4,324.245
2025-10-02,120681.2578125,121086.40625,118383.15625,118652.3828125,71415163912,0.06449352753700459,0.06273587336629699,57.649684679990415,680.5606301987427,-0.0012683630807932584,-0.1008281073412592,0.017128920845327356,0.0,1,4.09,4.4,324.245
2025-10-03,122266.53125,123944.703125,119344.3125,120656.984375,83941392228,0.06881147835740072,0.07595564210834567,64.11418187426449,1223.3286564749287,-0.004180695851294954,-0.11735767485471141,0.013136036748664148,0.0,1,4.09,4.4,324.245
2025-10-04,122425.4296875,122857.640625,121577.5703125,122267.46875,36769171735,0.06175730936855185,0.07640158931279849,64.30687575198952,1647.3088526289212,0.003836111862490362,-0.12208029175388481,0.001299606980548873,0.0,1,4.09,4.4,324.245
2025-10-05,123513.4765625,125559.2109375,122191.9609375,122419.671875,73689317763,0.05792266132308069,0.08481924030116952,67.02803565020321,2047.5100806398113,0.005174263269804522,-0.13346251622803118,0.008887425412982486,0.0,1,4.09,4.4,324.245
2025-10-06,124752.53125,126198.0703125,123196.046875,123510.453125,72568881188,0.054945790806446265,0.09429872407206943,76.34646888746455,2436.566572464435,0.00577013768272392,-0.14630839329427078,0.010031736794915869,0.0,0,4.09,4.4,324.245
2025-10-07,121451.3828125,125184.0234375,120681.96875,124752.140625,76149412513,0.01690937315089315,0.06437104424140808,68.61448332338338,2450.2762952903868,0.0377116756854003,-0.12360545892955731,-0.026461574802715715,0.0,1,4.09,4.4,324.245
2025-10-08,123354.8671875,124167.09375,121119.1796875,121448.3515625,65354305286,0.02322406914183531,0.0790623530270543,69.32762250716112,2584.9390619455953,0.028290710192793927,-0.13868052621077,0.01567280940669602,0.0,0,4.09,4.4,324.245
2025-10-09,121705.5859375,123739.34375,119812.03125,123337.0703125,74653009425,0.003462720207077283,0.06325277958810419,77.15067765829289,2529.419488106272,0.04669547933548472,-0.1265347559196338,-0.013370216251727518,0.0,0,4.09,4.4,324.245
2025-10-10,113214.3671875,122509.6640625,104582.4140625,121704.7421875,153125018868,-0.06589912642717122,-0.011066222040150333,55.623120438711716,1779.7337736953486,0.12511050696789086,-0.06315024201421729,-0.06976852117831744,0.0,0,4.09,4.4,324.245
2025-10-11,110807.8828125,113429.7265625,109760.5625,113236.4296875,110236934340,-0.07980120749852611,-0.031060140819798677,51.67996228827369,980.121041336999,0.15032328096512532,-0.0476415984443716,-0.02125599811033263,0.0,1,4.09,4.4,324.245
2025-10-12,115169.765625,115805.0625,109715.5390625,110811.515625,93710414091,-0.03918049550477561,0.007117598898146418,54.299963795070404,690.4308224939741,0.10675335699583884,-0.08160526379375208,0.03936437283871608,0.0,1,4.09,4.4,324.245
2025-10-13,115271.078125,116020.484375,113821.1875,115161.6796875,71582026739,-0.032690010400680064,0.007684084771439442,51.309097563823336,463.6793026312662,0.10550196176888736,-0.07930863676826712,0.000879679657679322,0.0,0,4.09,4.4,324.245
2025-10-14,113118.6640625,115502.8828125,110029.484375,115264.8828125,92212917403,-0.043280369922885094,-0.011649444935948893,48.66325768969397,109.03833703933924,0.12657478282423443,-0.06201281046514719,-0.01867262888064536,0.0,0,4.09,4.4,324.245
2025-10-15,110783.1640625,113622.3828125,110235.8359375,113113.96875,72574132855,-0.05283524362409996,-0.03188291340373551,38.011816508343244,-356.3645657695888,0.14895269140872583,-0.03930108806900909,-0.02064646024028005,0.0,0,4.09,4.4,324.245
2025-10-16,108186.0390625,111990.8125,107537.03125,110782.171875,87306423067,-0.061750675195636276,-0.054076858380589704,31.27839749184362,-924.1133977051359,0.1780455966821902,-0.01916074605631887,-0.023443318504017374,0.0,0,4.09,4.4,324.245
2025-10-17,106467.7890625,109235.8046875,103598.4296875,108179.1328125,99703051669,-0.06449578579280837,-0.06811004712558326,26.4226744626649,-1495.4680278802261,0.2005617338330961,-0.00985422304473195,-0.01588236351834038,0.0,1,4.09,4.4,324.245
2025-10-18,107198.265625,107490.984375,106387.453125,106483.734375,37779905278,-0.04451282578936262,-0.06151713153793662,27.656844702519905,-1867.796539095696,0.1958284031228266,-0.024642644666205107,0.006861009972426446,0.0,1,4.09,4.4,324.245
2025-10-19,108666.7109375,109488.9921875,106157.7890625,107204.3125,47657008953,-0.020035118791372892,-0.048637865452848775,28.455520139090112,-2021.0805438759562,0.1813595036340624,-0.044790001661323055,0.013698405510000455,0.0,1,4.09,4.4,324.245
2025-10-20,110588.9296875,111711.03125,107485.015625,108667.4453125,63507793085,-0.0003335497606193521,-0.03220770596456742,29.846461276933297,-1964.8032052408234,0.16121625314005217,-0.06491904238990868,0.01768912239467313,0.0,0,4.09,4.4,324.245
2025-10-21,108476.890625,113996.34375,107534.75,110587.6328125,101194375480,-0.017354757581621222,-0.05056213492010764,30.89183883439337,-2066.8021021193854,0.18240012370877579,-0.05466527062010664,-0.019098105646452646,0.0,0,4.09,4.4,324.245
2025-10-22,107688.5859375,109115.1328125,106778.0,108491.53125,80807013218,-0.017839689069878036,-0.05688192497938377,26.143895819860404,-2186.047171871891,0.18677870930537005,-0.05553339902519938,-0.007267028792566799,0.0,1,4.09,4.4,324.245
2025-10-23,110069.7265625,111288.59375,107548.4296875,107679.4375,54944076060,0.008662126314609327,-0.03574904075066154,32.66761347238436,-2064.6120379529602,0.15245258151833394,-0.07839352449304635,0.022111355667553845,0.0,1,4.09,4.4,324.245
2025-10-24,111033.921875,111842.53125,109770.1484375,110069.3515625,48160816980,0.019445439473307367,-0.027355221133914358,45.813243134830024,-1869.0263435668603,0.13232915130700895,-0.08654027288007557,0.008759859251149305,0.0,1,4.09,4.4,324.245
2025-10-25,111641.7265625,111947.703125,110704.40625,111032.6171875,24707667305,0.024218559231992426,-0.02220064215015188,51.71989601857898,-1646.0043988932302,0.11261697707548741,-0.08859966332050062,0.005474045023684315,0.0,1,4.09,4.4,324.245
2025-10-26,114472.4453125,115260.90625,111268.484375,111639.0546875,41708524143,0.044166049851589874,0.0018463941704454474,48.46472480909899,-1226.7018992327648,0.06824096646499025,-0.10325473513052548,0.025355383127430242,0.0,0,4.09,4.4,324.245
2025-10-27,114119.328125,116273.3125,113882.2890625,114479.8515625,61761358733,0.033730268308515006,-0.001759786510308019,47.492024780341225,-912.3779284249176,0.06038752344009755,-0.09574597567423798,-0.0030847352525406047,0.0,0,4.09,4.4,324.245
2025-10-28,112956.1640625,116078.984375,112291.6796875,114129.0859375,64528066504,0.017884971490448324,-0.012087284978089448,49.63021959267265,-748.5032562429697,0.05150405316130303,-0.07583760788859664,-0.01019252462848308,0.0,0,4.09,4.4,324.245
2025-10-29,110055.3046875,113642.7265625,109368.71875,112921.328125,62192043469,-0.009495048019814323,-0.03720970543764607,48.38525176040592,-842.9890528953692,0.057686158105123356,-0.04053055047347747,-0.025681284408657135,0.0,0,4.09,4.4,324.245
2025-10-30,108305.546875,111612.3515625,106376.6875,110059.1953125,69673964814,-0.023235674162912313,-0.05157947679918207,50.27548432618986,-1046.9914934020053,0.07271322451676544,-0.027501327619171758,-0.015898895718551742,0.0,1,4.09,4.4,324.245
2025-10-31,109556.1640625,111031.8203125,108288.2734375,108304.4140625,60090359560,-0.012917638945173901,-0.039626942905655056,57.27605772961496,-1095.1266042729985,0.06013562850529839,-0.03941298831268599,0.011547120379193476,0.0,1,4.09,4.4,324.245
2025-11-01,110064.015625,110574.8984375,109372.953125,109558.625,25871668762,-0.010459818268194206,-0.03415274029231461,56.823138134619036,-1079.8468473568355,0.04909974489588784,-0.04233990754555049,0.004635536182247879,0.0,1,3.88,4.5,325.063
2025-11-02,110639.625,111167.3125,109523.453125,110064.4296875,34284209459,-0.005794155141446699,-0.028195769150214326,54.905940638298944,-1009.6520238771627,0.03667239667086252,-0.04453892024910128,0.005229768982454308,0.0,0,3.88,4.5,325.063
2025-11-03,106547.5234375,110764.9140625,105336.359375,110646.90625,72852006359,-0.03869022050668375,-0.06267988088010763,40.92930998929683,-1269.585525864546,0.07399781373093008,-0.01152109321236458,-0.03698585893164408,0.0,0,3.88,4.5,325.063
2025-11-04,101590.5234375,107264.8828125,98962.0625,106541.421875,110967184773,-0.07502586545694455,-0.10410378446489718,36.294282301508844,-1854.1991182949569,0.13455155063587956,0.01951277792207899,-0.046523840630681046,0.0,1,3.88,4.5,325.063
2025-11-05,103891.8359375,104534.703125,98989.9140625,101579.234375,77584934804,-0.04487129155023607,-0.08171157382864844,42.87269689603064,-2107.5187520419277,0.11202856899500395,-0.009812351782916895,0.02265282648549194,0.0,0,3.88,4.5,325.063
2025-11-06,101301.2890625,104147.3046875,100336.8671875,103893.6640625,63932752861,-0.05758176700923019,-0.10220192990035282,33.66818815197158,-2488.6245548118604,0.1461716192824297,0.004703797607085637,-0.02493503798083263,0.0,1,3.88,4.5,325.063
2025-11-07,103372.40625,104052.9140625,99257.0546875,101286.2421875,92168030081,-0.02966249227732907,-0.08160559254703796,36.295021356687705,-2593.6340029386047,0.12512797997582892,-0.021047458910759972,0.020445121741957006,0.0,0,3.88,4.5,325.063
2025-11-08,102282.1171875,103373.5625,101458.0390625,103371.703125,51446691095,-0.03283990413760615,-0.08912218734211623,33.541554473617694,-2733.3239059958723,0.13923784722615318,-0.01897075660952141,-0.010547196317199026,0.0,1,3.88,4.5,325.063
2025-11-09,104719.640625,105418.3671875,101468.875,102278.984375,59679243013,-0.0064221615251773955,-0.06558360408580308,32.60965928356241,-2617.1722577530454,0.1108336100033876,-0.04552401923147986,0.02383137448193029,0.0,1,3.88,4.5,325.063
2025-11-10,105996.59375,106564.6953125,104350.6484375,104723.7734375,69585887229,0.009101596047949072,-0.052615349495109286,35.978219179486246,-2394.479722716598,0.09678538291142141,-0.05869679162119434,0.012194017448672767,0.0,0,3.88,4.5,325.063
2025-11-11,102997.46875,107428.2578125,102457.328125,105996.859375,71130078574,-0.012809197813255737,-0.07781372654785394,33.833635384789034,-2431.964434893569,0.1293644540924246,-0.0364845092272746,-0.028294541304540788,0.0,0,3.88,4.5,325.063
2025-11-12,101663.1875,105297.234375,100836.6171875,103011.4375,64347179408,-0.01714167853570385,-0.08806983389076734,35.646691322175016,-2540.0564950334083,0.1434565729382569,-0.031377578636607756,-0.012954505253314763,0.0,0,3.88,4.5,325.063
2025-11-13,99697.4921875,104005.4921875,97988.71875,101674.1484375,101546815416,-0.029719960766598545,-0.10351001293845413,35.38531776423142,-2752.6050970514334,0.164812256977976,-0.022461078855469496,-0.01933536967351135,0.0,0,3.88,4.5,325.063
2025-11-14,94397.7890625,99804.4296875,94000.734375,99694.703125,114346441890,-0.07482156885290948,-0.14892293206771276,27.374958196183385,-3310.5314009452995,0.2339993702465224,0.010360886469633082,-0.053157837862490065,0.0,1,3.88,4.5,325.063
2025-11-15,95549.1484375,96728.46875,94420.46875,94420.46875,38500716654,-0.055817119385409834,-0.13633668253057202,28.743768956273726,-3618.0799635294243,0.21098088049142066,-0.013469758311253393,0.012196889211437911,0.0,0,3.88,4.5,325.063
2025-11-16,94177.078125,96564.1875,92971.1640625,95556.8671875,71086235862,-0.06277748638804995,-0.14634599662598266,26.441068627937653,-3927.258036482468,0.21943434380193663,-0.011082847377232762,-0.01435983820826503,0.0,0,3.88,4.5,325.063
2025-11-17,92093.875,95928.3671875,91214.7578125,94180.875,94186165724,-0.07310538728691375,-0.16218681714373706,28.054100258999696,-4290.917937953011,0.23975811317478282,-0.004106040764972852,-0.02212006537551514,0.0,1,3.88,4.5,325.063
2025-11-18,92948.875,93745.078125,89300.4609375,92094.53125,101333569062,-0.05562904835305894,-0.1510952364671262,35.011803500643765,-4458.732186250985,0.22260545170751134,-0.02592238769786074,0.009284005043766586,0.0,0,3.88,4.5,325.063
2025-11-19,91465.9921875,92946.1640625,88526.828125,92946.1640625,80350354656,-0.058010610975939444,-0.16117719711507728,27.81871714313766,-4657.691469119745,0.2390688506572155,-0.025183020310605226,-0.015953746750565823,0.0,0,3.88,4.5,325.063
2025-11-20,86631.8984375,93025.0703125,86040.796875,91459.3515625,97970645638,-0.08964036999986842,-0.20081685868743893,25.755715673550043,-5146.1178563346475,0.30640588391891166,0.0045539485547468036,-0.05285126891851111,0.0,0,3.88,4.5,325.063
2025-11-21,85090.6875,87380.8046875,80659.8125,86528.7734375,129157506112,-0.0886877234179145,-0.20984605897873113,19.246915702437633,-5593.088486843946,0.3241231765388322,-0.00065499810273704,-0.017790340109098413,0.0,0,3.88,4.5,325.063
2025-11-22,84648.359375,85503.0078125,83490.8984375,85098.5625,40793099246,-0.07659813461742367,-0.20842320544867404,19.67584313967845,-5914.825686110853,0.31828424289016694,-0.013379817505372045,-0.0051983141515926645,0.0,1,3.88,4.5,325.063
2025-11-23,86805.0078125,88038.46875,84641.7734375,84648.609375,58083435576,-0.03956438168803263,-0.18281152566667366,18.892325290453414,-5927.453238258866,0.27546242845161817,-0.05056629135699315,0.025477734635657168,0.0,1,3.88,4.5,325.063
2025-11-24,88270.5625,89206.3359375,85272.1953125,86798.7734375,74433896110,-0.016682820839762295,-0.16346378261776606,19.42011577845321,-5752.886949477281,0.2496389937956201,-0.07677269458346778,0.01688329653360121,0.0,0,3.88,4.5,325.063
2025-11-25,87341.890625,88457.3359375,86131.4296875,88269.9609375,64837343545,-0.018050349108538026,-0.1663535616370279,20.91414776827625,-5624.640611264069,0.25308979556444733,-0.07606872838967216,-0.010520742688141405,0.0,1,3.88,4.5,325.063
2025-11-26,90518.3671875,90581.15625,86316.8984375,87345.5859375,66496301869,0.021864774220323457,-0.13090333596496276,30.62100560583835,-5206.6701007122465,0.20121715586073569,-0.11250466993656509,0.03636830551491177,0.0,1,3.88,4.5,325.063
2025-11-27,91285.375,91897.578125,90089.515625,90517.765625,57040622845,0.03146498715079035,-0.11810817930200684,34.73644071280437,-4758.679247280335,0.1782985016298214,-0.12037694930010812,0.008473504729832548,0.0,0,3.88,4.5,325.063
2025-11-28,90919.265625,92969.0859375,90257.1171875,91285.3828125,60895830289,0.029689604529447654,-0.11638900453092246,42.31184568816812,-4382.664605733618,0.1709768788325485,-0.11726632381232366,-0.004010602738938163,0.0,0,3.88,4.5,325.063
2025-11-29,90851.7578125,91187.6171875,90260.1875,90918.7421875,37921773455,0.02964131673177447,-0.11319041072287742,39.09549714504588,-4043.5065826615755,0.15199546881573286,-0.11202319255009568,-0.0007425028351905061,0.0,0,3.88,4.5,325.063
2025-11-30,90394.3125,91965.046875,90394.3125,90838.2109375,38497902869,0.020107239137722745,-0.11412520771538305,40.829276977449815,-3768.1960016773664,0.12985518172887658,-0.09681976191194963,-0.005035073877646679,0.0,0,3.88,4.5,325.063
2025-12-01,86321.5703125,90398.15625,83862.25,90389.109375,87962894424,-0.02720526245670653,-0.14922802411508937,37.237139715278815,-3834.445538636428,0.16008579510630516,-0.050447977357066236,-0.045055292472078956,0.0,1,3.72,4.4,326.031
2025-12-02,91350.203125,92316.6328125,86202.1953125,86322.5390625,78546798211,0.021747707591500045,-0.09540122914715045,47.01599054589743,-3441.5085635914147,0.07431324175282941,-0.09209596596338387,0.05825464938016567,0.0,1,3.72,4.4,326.031
2025-12-03,93527.8046875,94060.7734375,91056.390625,91345.09375,77650204986,0.03829669288239791,-0.07022995590197324,53.75120106888024,-2920.7206828456983,0.03368771472511612,-0.10421890452253521,0.023837949867722363,0.0,0,3.72,4.4,326.031
2025-12-04,92141.625,94038.2421875,90976.1015625,93454.2578125,64538402681,0.018530965432000654,-0.08060250842277923,61.462302774668956,-2589.989860377187,0.0454936285729284,-0.08944644984127476,-0.014821043775501641,0.0,0,3.72,4.4,326.031
2025-12-05,89387.7578125,92702.640625,88152.140625,92133.6484375,63256398633,-0.014139725007849383,-0.10472228306477073,58.51013758874509,-2521.036429122614,0.06813867545238722,-0.058722274838943316,-0.029887330373216225,0.0,0,3.72,4.4,326.031
2025-12-06,89272.375,90267.4609375,88951.6640625,89389.359375,37994042405,-0.014057394777480818,-0.10278749725063943,59.27778394338343,-2447.4876525941363,0.0624673171904744,-0.055947873185539995,-0.0012908122468182626,0.0,1,3.72,4.4,326.031
2025-12-07,90405.640625,91740.84375,87799.5625,89277.8125,47394898960,-0.0005703316836816967,-0.0883205647849627,57.53382514724176,-2271.5694142587745,0.046915068850723045,-0.06741543171179327,0.012694471554050235,0.0,1,3.72,4.4,326.031
2025-12-08,90640.203125,92267.1171875,89644.890625,90424.5859375,57394099056,0.0023319661514669375,-0.0826198409279122,55.22742830670852,-2089.143365258031,0.04041420962744721,-0.0685842769592553,0.0025945560296725123,0.0,1,3.72,4.4,326.031
2025-12-09,92691.7109375,94601.5703125,89586.9765625,90639.703125,66861721440,0.022936921611880153,-0.0584452270823774,61.24465130393402,-1758.7560271206166,0.01954043145454506,-0.09002984532894831,0.022633530616329445,0.0,0,3.72,4.4,326.031
2025-12-10,92020.9453125,94477.15625,91640.1328125,92695.234375,65420694513,0.013714659643034853,-0.06212333476021734,53.53006603846309,-1533.3711137409118,0.029331372813984374,-0.07989973441576317,-0.007236522211271801,0.0,1,3.72,4.4,326.031
2025-12-11,92511.3359375,93554.265625,89335.296875,92011.3046875,64532834621,0.012214850570988013,-0.05419922751954364,52.918126290788734,-1300.1936974036507,0.0241311736728676,-0.07701188060650274,0.005329119618741718,0.0,0,3.72,4.4,326.031
2025-12-12,90270.4140625,92747.9296875,89532.6015625,92513.6640625,80275884583,-0.011135949218388654,-0.07335813285920566,48.58210308258947,-1281.4508148328168,0.04429517273264286,-0.04261151617054078,-0.024223213861206738,0.0,1,3.72,4.4,326.031
2025-12-13,90298.7109375,90647.5703125,89800.9921875,90257.796875,64237748110,-0.007314546543324408,-0.06910482790854292,48.78938475640623,-1249.9054915669694,0.04180098771331142,-0.03687554710754432,0.00031346787642294593,0.0,0,3.72,4.4,326.031
2025-12-14,88175.1796875,90498.109375,87634.9375,90296.4375,50465972205,-0.026413995918976294,-0.0865769752649297,45.47257090340739,-1380.3450617539493,0.06698361370824132,-0.013881536991818414,-0.023516739363752315,0.0,0,3.72,4.4,326.031
2025-12-15,86419.78125,89983.921875,85304.078125,88171.078125,45559514323,-0.0426589296079014,-0.09952787954382249,50.22129244929955,-1606.8426623362757,0.09033975560529672,0.0033988650736349346,-0.019908078936967,0.0,1,3.72,4.4,326.031
2025-12-16,87843.984375,88170.09375,85381.6875,86424.40625,41262178223,-0.02533964534315904,-0.07964852496299461,40.56751767134988,-1652.3748048171838,0.0731766793083447,-0.016428040252774903,0.01648005936140917,0.0,0,3.72,4.4,326.031
2025-12-17,86143.7578125,90264.5703125,85316.265625,87847.6171875,44243392914,-0.03966311011497658,-0.0923625839801395,29.611655092912173,-1804.8482626889308,0.0959160047935295,-0.004541793026698307,-0.01935507109105894,0.0,0,3.72,4.4,326.031
2025-12-18,85462.5078125,89412.6640625,84436.3125,86144.3671875,52667115348,-0.04172645290793576,-0.09484964247697732,30.811071902002865,-1958.0841825293028,0.10663775238569274,-0.0049774757347747,-0.007908292107279613,0.0,1,3.72,4.4,326.031
2025-12-19,88103.3828125,89339.1171875,85107.6640625,85476.1328125,46733310561,-0.007006110876303184,-0.06286934645627525,46.285910769683994,-1845.1583740563365,0.07226408400553783,-0.0367199926490854,0.03090097713717843,0.0,1,3.72,4.4,326.031
2025-12-20,88344.0,88497.203125,87924.875,88101.671875,14688196659,-0.0001505870813896983,-0.056050344809692385,47.3346778968825,-1716.461758454374,0.06843577363789331,-0.04075659834019342,0.002731077738661547,0.0,1,3.72,4.4,326.031
2025-12-21,88621.75,89027.953125,87613.203125,88344.703125,19845522660,0.0074277072175570205,-0.04872368259906249,44.613953365494844,-1573.9135637980653,0.06388917236841007,-0.03996945704739683,0.0031439599746445612,0.0,0,3.72,4.4,326.031
2025-12-22,88490.015625,90501.9296875,87908.0703125,88621.3984375,38047472118,0.007970226069501323,-0.045599435789904,43.467441644086364,-1454.802893468499,0.06339651988426198,-0.039696026484671305,-0.0014864790528285043,0.0,0,3.72,4.4,326.031
2025-12-23,87414.0,88898.3828125,86606.9765625,88490.03125,43683011533,-0.0010038182234569186,-0.05329741543359267,32.955306397105915,-1430.7396216323104,0.06936027232724694,-0.02774327948285137,-0.01215974047919599,0.0,1,3.72,4.4,326.031
2025-12-24,87611.9609375,87956.8828125,86411.796875,87404.3203125,25550297986,0.0019034352623398094,-0.04827184966784949,35.31236629269394,-1379.7901501466113,0.06237678277868367,-0.030543006871766,0.0022646365284737513,0.0,0,3.72,4.4,326.031
2025-12-25,87234.7421875,88501.7890625,86949.2578125,87608.3203125,19953216347,-0.003339174595684918,-0.04892772188082996,32.28855481337273,-1354.239892998041,0.06654834027028418,-0.028396620149457315,-0.004305562231041726,0.0,1,3.72,4.4,326.031
2025-12-26,87301.4296875,89459.4296875,86628.140625,87235.5078125,42455674908,-0.0019586098621457923,-0.04528625325622937,38.331083661981864,-1313.4691514371953,0.06524622278954104,-0.03090903096770744,0.0007644603322913834,0.0,1,3.72,4.4,326.031
2025-12-27,87802.15625,87874.78125,87182.9765625,87301.4296875,13741199310,0.0018663206504490484,-0.036529318725680604,40.53919307555346,-1226.6139540441072,0.05713708862972425,-0.03736668151059391,0.005735605525503784,0.0,1,3.72,4.4,326.031
2025-12-28,87835.8359375,87986.890625,87394.953125,87799.34375,15156557929,-0.0004562274044991413,-0.03309422911921961,48.472022491198544,-1141.899804900866,0.05409012639550391,-0.038286915024717774,0.00038358610925337544,0.0,0,3.72,4.4,326.031
2025-12-29,87138.140625,90299.15625,86717.9140625,87835.7890625,48411625849,-0.007305386880870263,-0.037047152426323886,53.575122281235174,-1118.1718234649888,0.05399647652226331,-0.028426480892120593,-0.007943173820266769,0.0,1,3.72,4.4,326.031
2025-12-30,88430.1328125,89297.9375,86735.546875,87134.3515625,35586356225,0.007314397027477294,-0.018960624741171953,52.95603708924886,-983.7739219301438,0.031316213222471766,-0.03940105633263551,0.014826942349620564,0.0,0,3.72,4.4,326.031
2025-12-31,87508.828125,89080.2890625,87130.5625,88429.5859375,33830210616,-0.0019149448755760993,-0.025833708336473686,57.47123389589898,-940.7597129278583,0.030219415806850138,-0.0230496838244518,-0.01041844740246467,0.0,1,3.72,4.4,326.031
2026-01-01,88731.984375,88803.2265625,87399.40625,87508.046875,18849043990,0.01175658440517195,-0.009365187720455002,66.89230481089587,-798.7644954710559,0.012308151065738463,-0.034540727502469434,0.013977518339667538,0.0,1,3.64,4.3,326.588
2026-01-02,89944.6953125,90884.4609375,88298.6171875,88733.0625,46398906171,0.022633477723455985,0.006365474445259507,61.16048428645029,-581.671478284421,-0.0025086361486661123,-0.046783476600131456,0.013667122921255048,0.0,1,3.64,4.3,326.588
2026-01-03,90603.1875,90679.5703125,89328.0703125,89945.0546875,20774828592,0.026628796779787824,0.014594682302026632,63.03308478878521,-352.42633045119874,-0.004274044673543838,-0.056515733348890464,0.007321078638514056,0.0,1,3.64,4.3,326.588
2026-01-04,91413.4921875,91712.5859375,90595.1015625,90603.0,26770491368,0.030928987703973957,0.024617696648760578,65.17304016189422,-104.162363995536,-0.006135170599710964,-0.06638132317894428,0.008943445698309516,0.0,1,3.64,4.3,326.588
2026-01-05,93882.5546875,94762.0703125,91414.625,91414.625,53376407252,0.05097391405965835,0.0523619232254637,73.37061372471875,288.49572783151234,-0.01821152692206804,-0.09856473617327041,0.027009825802690735,0.0,0,3.64,4.3,326.588
2026-01-06,93729.03125,94395.296875,91286.546875,93876.9453125,52430605257,0.0423394934811796,0.050256022598302044,79.74714755295298,580.5992494586098,-0.006878582666692255,-0.09872028628032889,-0.0016352711961346023,0.0,0,3.64,4.3,326.588
2026-01-07,91308.0546875,93738.7890625,90601.8046875,93727.46875,43461295053,0.011510534229316053,0.023504764774491222,64.39565629100221,609.7124337880086,0.02092858718043747,-0.06989657680963828,-0.025829527204251357,0.0,0,3.64,4.3,326.588
2026-01-08,91027.125,91485.8515625,89233.875,91309.640625,42386697030,0.004072633176488787,0.020456124095399982,64.88231193117332,603.1632734046289,0.02636471938232818,-0.06609944989534847,-0.003076724046541912,0.0,0,3.64,4.3,326.588
2026-01-09,90513.1015625,91910.671875,89625.3828125,91026.2734375,38305906684,-0.0038859761385264687,0.013811463532530696,62.175959548330766,550.1537906437879,0.033577911478495356,-0.0597838552485488,-0.005646925984974294,0.0,0,3.64,4.3,326.588
2026-01-10,90386.6484375,90713.03125,90283.3984375,90510.1015625,12385895282,-0.008418052611247565,0.011195445161383207,60.08440274571082,492.2651569634327,0.03612940188183611,-0.05762134997185999,-0.001397069847536736,0.0,1,3.64,4.3,326.588
2026-01-11,90827.4609375,91155.2265625,90212.0234375,90385.359375,17165568977,-0.005867485510857317,0.014724085801932518,61.31353909134313,476.4654849123035,0.03262341153106564,-0.06114414301757672,0.004876964768804504,0.0,1,3.64,4.3,326.588
2026-01-12,91192.9921875,92395.5234375,90055.0234375,90825.859375,41346275358,-0.0032285270018154936,0.017809887036551026,65.72955831126535,487.81620641170593,0.02988937462664245,-0.06216848769925297,0.004024457429802286,0.0,1,3.64,4.3,326.588
2026-01-13,95321.78125,96011.625,90941.9296875,91185.3359375,54980674354,0.036554467540811084,0.06221961057719017,71.91154020220205,820.5121532398771,-0.004771420440992874,-0.10464979329655472,0.04527528885126264,0.0,1,3.64,4.3,326.588
2026-01-14,96929.328125,97860.6015625,94583.046875,95322.90625,60592490863,0.0477508808546179,0.07783027268796955,78.69949009318461,1200.0581625412597,-0.009130430767201232,-0.12164381889955836,0.016864423365986925,0.0,0,3.64,4.3,326.588
2026-01-15,95551.1875,97150.171875,95103.2421875,96931.2890625,53086363027,0.03099436334541607,0.06131778223133555,70.58031306027405,1373.8102491729223,0.01153632010544554,-0.10671675022830503,-0.01421799419905967,0.0,0,3.64,4.3,326.588
2026-01-16,95525.1171875,95801.890625,94259.2734375,95554.1015625,33248170537,0.02871943685554824,0.060029828560550634,68.14103957690362,1492.2051610732742,0.017244382150057164,-0.10382021319580231,-0.00027284132392391136,0.0,0,3.64,4.3,326.588
2026-01-17,95099.921875,95598.4765625,95005.6171875,95525.15625,16021715122,0.0199753976650867,0.054333234595180316,64.84329467491756,1534.0408060257032,0.025322468175764872,-0.09570493595841782,-0.004451136256293897,0.0,0,3.64,4.3,326.588
2026-01-18,93634.4296875,95491.5078125,93588.8671875,95101.1796875,20809781232,0.0014570635269270354,0.03744582213465909,57.02715048899357,1432.4307145380008,0.040826372780357965,-0.07407006227191201,-0.01541002514624834,0.0,0,3.64,4.3,326.588
2026-01-19,92553.59375,93660.828125,92089.25,93655.671875,39195241508,-0.012258535858369524,0.024979994657928422,45.39013665338235,1250.2771411269641,0.05218448270123656,-0.05800528247434093,-0.011543146480490485,0.0,0,3.64,4.3,326.588
2026-01-20,88310.90625,92798.4296875,87814.9296875,92553.6015625,53072968031,-0.0554445031042043,-0.022436159207301423,35.359176438897066,754.868049239376,0.10151629696844323,-0.010623255374274465,-0.04584033237499219,0.0,1,3.64,4.3,326.588
2026-01-21,89376.9609375,90430.40625,87231.5703125,88326.5078125,56330422434,-0.04255679731429011,-0.010202989606239896,44.36951712424876,443.1659375127638,0.08772109952788308,-0.021045805428129373,0.012071608510981546,0.0,1,3.64,4.3,326.588
2026-01-22,89462.453125,90258.9609375,88438.4453125,89378.5234375,35549685694,-0.03986103936555865,-0.008363317415364736,45.385299539170504,200.72444684359652,0.08702526143033439,-0.022863969603473495,0.000956534957143873,0.0,1,3.64,4.3,326.588
2026-01-23,89503.875,91100.25,88486.359375,89462.046875,38997586037,-0.03338095767837203,-0.007323706832737286,46.93812345728172,11.794261027665925,0.0870799323081227,-0.02510215131819356,0.00046300848627667257,0.0,0,3.64,4.3,326.588
2026-01-24,89110.734375,89811.609375,89044.2890625,89506.1484375,14558687712,-0.029431409583014576,-0.01162324596369195,46.19066700938543,-167.72401715892192,0.09266693901949662,-0.024176233897866998,-0.00439244250598092,0.0,0,3.64,4.3,326.588
2026-01-25,86572.21875,89193.1484375,86003.7109375,89104.765625,36124986722,-0.04776770979651175,-0.03920383924755515,38.70983923464098,-508.9635269386199,0.12619671535378987,-0.005496855301976055,-0.028487203509257375,0.0,1,3.64,4.3,326.588
2026-01-26,88267.140625,88743.0703125,86429.2890625,86566.5234375,45329286974,-0.02131166828187601,-0.019928039248076544,42.74856901434413,-635.30882204308,0.10297333131597886,-0.029183449499469192,0.019578126787931138,0.0,1,3.64,4.3,326.588
2026-01-27,89102.5703125,89427.125,87228.921875,88257.4765625,38744942267,-0.005434989953524559,-0.01031392733592363,31.579198254688976,-660.4133508623345,0.09251330251617029,-0.040642587156440535,0.009464787027023913,0.0,1,3.64,4.3,326.588
2026-01-28,89184.5703125,90439.2890625,88721.4609375,89104.046875,39807419296,0.00044947212331152106,-0.008630760619826436,24.781644891785305,-666.014752633957,0.09139442351087247,-0.04347628499458448,0.0009202877056453396,0.0,0,3.64,4.3,326.588
2026-01-29,84561.5859375,89200.78125,83250.6015625,89169.8515625,64653083162,-0.04282871367328123,-0.05845811113493255,20.458444971524656,-1031.598481912195,0.15599554423510378,-0.003155745430922202,-0.05183614563372574,0.0,0,3.64,4.3,326.588
2026-01-30,84128.65625,84602.1640625,81071.4765625,84562.7265625,72083816087,-0.04319966568887374,-0.061526652374545604,20.02051864660784,-1340.804074145446,0.16622555371689493,-0.009745746189956035,-0.005119696877728619,0.0,0,3.64,4.3,326.588
2026-01-31,78621.1171875,84136.921875,75815.8828125,84126.5,70479259159,-0.09476377195951674,-0.12067907870220572,15.796629034564859,-2007.127194708286,0.26257708552164905,0.029442164634087126,-0.06546567255435032,0.0,0,3.64,4.3,326.588
2026-02-01,76974.4453125,79322.609375,75698.8984375,78626.125,53372509744,-0.10079409831639986,-0.13652237528021444,15.678707542554022,-2637.660419426087,0.302342415858092,0.020236962910977863,-0.02094439679701987,0.0,1,3.64,4.4,327.46
2026-02-02,78688.765625,79258.609375,74551.3359375,76968.875,75140589684,-0.06900536423419233,-0.11540892192642507,22.16357365720893,-2964.8542267471494,0.2712458174693623,-0.020404081603715842,0.022271291537603544,0.0,0,3.64,4.4,327.46
2026-02-03,75633.546875,79118.8515625,72897.140625,78693.5078125,68249110822,-0.09065289201555808,-0.14768766024896698,23.27328187948204,-3431.1362925770663,0.3172767981669444,-0.003668790642174805,-0.03882661934945053,0.0,0,3.64,4.4,327.46
2026-02-04,73019.703125,76864.65625,71779.9296875,75640.09375,67215363944,-0.10753727091374041,-0.1743845387555696,17.62789024960054,-3965.8674832691468,0.3625999567421863,0.002970209358102269,-0.03455931736640505,0.0,0,3.64,4.4,327.46
2026-02-05,62702.09765625,73161.5546875,62353.53515625,73016.375,125509410908,-0.20892318710002053,-0.28726492094951567,12.305687778794493,-5162.678197321133,0.609038596265978,0.09343764664779505,-0.14129892381358544,0.0,1,3.64,4.4,327.46
2026-02-06,70555.390625,71681.3046875,60074.203125,62704.453125,114674259489,-0.08851393720817824,-0.19526927697308225,28.12378404384107,-5415.042956437959,0.418294136221167,-0.051409413557568374,0.1252476912623226,0.0,0,3.64,4.4,327.46
2026-02-07,69281.96875,71611.1484375,67364.4453125,70553.796875,62347107663,-0.0813448046431054,-0.20638618101931674,27.563531255254233,-5652.638253963247,0.43309634741627473,-0.05785740650316735,-0.018048541205989532,0.0,1,3.64,4.4,327.46
2026-02-08,70264.7265625,72206.90625,68852.8984375,69283.7265625,39721722619,-0.050310367112585616,-0.19178128431904076,30.8745383924108,-5695.974251266962,0.39842246952796084,-0.08812609037701559,0.014184900201757111,0.0,0,3.64,4.4,327.46
2026-02-09,70120.78125,71369.96875,68291.03125,70243.328125,52081598792,-0.03396611480723768,-0.1899894936778599,27.91444351621027,-5676.498385179933,0.39305493977038164,-0.10395707180595401,-0.00204861414171964,0.0,0,3.64,4.4,327.46
2026-02-10,68793.9609375,70464.265625,67913.09375,70137.390625,40593063077,-0.03923797324109852,-0.20168376540548488,25.574967362844546,-5702.3932912635355,0.4073252723650085,-0.10399764447434272,-0.018921927121284043,0.0,0,3.64,4.4,327.46
2026-02-11,66991.96875,69242.6796875,65757.3046875,68791.859375,49671946030,-0.05117636672335745,-0.21889266001456717,24.369499280706407,-5801.445448693572,0.4301642280659762,-0.0984222993459757,-0.02619404614799148,0.0,0,3.64,4.4,327.46
2026-02-12,66221.84375,68339.4921875,65092.109375,66992.1953125,44651071271,-0.04522517944599891,-0.22400137595449288,26.750105281256452,-5874.371549828851,0.42778847181549373,-0.10408724903165964,-0.011495780977477277,0.0,1,3.64,4.4,327.46
2026-02-13,68857.84375,69382.8359375,65835.78125,66213.375,40820775886,0.002574440689029161,-0.1896220944043161,31.664854724104785,-5654.283776646189,0.34929234479590604,-0.14395912545043377,0.039805596623848194,0.0,1,3.64,4.4,327.46
2026-02-14,69767.625,70481.1640625,68706.6171875,68856.984375,36012397645,0.020653753877180075,-0.1755123050942381,38.05061176390203,-5344.838911313374,0.31156873037944227,-0.15907993834481313,0.013212456278809848,0.0,0,3.64,4.4,327.46
2026-02-15,68788.1875,70939.2890625,68052.546875,69764.953125,40191152750,-0.0025555520186074186,-0.18341720851998394,38.7485138912512,-5119.618274242777,0.3013696112259804,-0.1465499985290328,-0.014038567315427408,0.0,1,3.64,4.4,327.46
2026-02-16,68843.15625,70067.234375,67301.5859375,68782.3984375,33618145426,0.0007260891405246443,-0.1790628798418658,35.82109283427606,-4880.4351594525215,0.26288088606262283,-0.13921018145827074,0.000799101589935125,0.0,0,3.64,4.4,327.46
2026-02-17,67494.21875,69201.8671875,66615.28125,68843.09375,34866936040,-0.016326193769914756,-0.19136015851327476,37.6725146752397,-4745.031036360975,0.2415175352237605,-0.10753981606725849,-0.019594358734823403,0.0,0,3.64,4.4,327.46
2026-02-18,66425.3203125,68434.4296875,65845.8984375,67488.0234375,33094301643,-0.0264569446293646,-0.1999480330060608,39.52207625706881,-4670.139008595681,0.22749315339087728,-0.08647927866948864,-0.015836888807606253,0.0,1,3.64,4.4,327.46
2026-02-19,66957.5234375,67277.125,65637.4296875,66425.625,31492987019,-0.0140860365205247,-0.1895256768714193,59.81300514652008,-4515.787010960805,0.17728209012524923,-0.07893059909718031,0.008012052068341324,0.0,1,3.64,4.4,327.46
2026-02-20,68005.421875,68269.03125,66452.484375,66958.578125,47507867304,0.0025077048391025395,-0.17269047503365947,41.42993677400382,-4259.800960694614,0.13786469232641776,-0.08745686064387959,0.015650197075734784,0.0,0,3.64,4.4,327.46
2026-02-21,68003.765625,68657.703125,67533.0703125,68000.25,18357635642,0.0009902631028049836,-0.16827053572744366,45.30259650621822,-4010.829471617748,0.11986420746128819,-0.08259788305508,-2.435467576455963e-05,0.0,0,3.64,4.4,327.46
2026-02-22,67659.390625,68235.2265625,67185.6015625,67998.828125,17893536012,-0.006181744580505075,-0.1678119347500634,39.954005980307045,-3797.530390755608,0.09385282900301571,-0.06251848101316491,-0.005064057803784272,0.0,0,3.64,4.4,327.46
2026-02-23,64616.73828125,67668.4296875,63924.4375,67668.4296875,50953457309,-0.04492418159719152,-0.199961838949413,32.65432039493494,-3829.857732137054,0.12449876920143162,-0.014563063566916752,-0.04497014110892317,0.0,0,3.64,4.4,327.46
2026-02-24,64080.04296875,64992.15625,62553.1875,64616.015625,40849331086,-0.044827115738358014,-0.20070814826611072,34.365758666141204,-3854.353620175083,0.12286977458893275,-0.009213306978935087,-0.008305824880296298,0.0,1,3.64,4.4,327.46
2026-02-25,67960.125,69953.53125,63942.484375,64077.76953125,53629234355,0.014261037464212154,-0.14682596904685077,52.82200234552016,-3520.0990841487655,0.052019011546790256,-0.051301679140471,0.060550552894326426,0.0,0,3.64,4.4,327.46
2026-02-26,67453.7734375,68843.3515625,66523.734375,67954.8671875,42988597523,0.008795869991554498,-0.14808027957624914,53.64693382524358,-3258.4963776136283,0.054497142598257144,-0.04335927190602478,-0.007450715585058165,0.0,0,3.64,4.4,327.46
2026-02-27,65881.796875,68220.40625,64946.03515625,67456.515625,40283655942,-0.012331916545175885,-0.1626151521836368,40.597551385509426,-3141.8029700420593,0.07760977373572721,-0.023646046084286998,-0.023304501473983996,0.0,1,3.64,4.4,327.46
2026-02-28,66995.859375,67714.5234375,63062.21875,65878.9296875,42041497112,0.003511242595019437,-0.14333356828182953,41.354548179339275,-2925.7014060467627,0.05389611868412109,-0.03896660461667028,0.016910019957618205,0.0,0,3.64,4.4,327.46
2026-03-01,65738.1015625,68162.8203125,65076.73046875,67005.8828125,40733141929,-0.013526511736504921,-0.15408406459788226,40.648793527154616,-2823.383693873271,0.06820957055095896,-0.021395573673910057,-0.018773664883674046,0.0,1,3.64,4.3,327.46
2026-03-02,68775.8515625,70044.0,65303.13671875,65734.078125,56698092052,0.030866512133065096,-0.10994314703841555,49.82555686137612,-2468.7172960863827,0.020986418863840325,-0.06460416532713044,0.04620988327616793,0.0,0,3.64,4.3,327.46
2026-03-03,68293.6484375,69232.890625,66237.6171875,68785.078125,47947999049,0.023194295704387233,-0.11091392623948654,52.16946721937089,-2201.1775779218733,0.029601758073623037,-0.05750001041613236,-0.007011227255569463,0.0,1,3.64,4.3,327.46
2026-03-04,72710.578125,74051.8046875,67437.40625,68290.5625,75073101274,0.08118771247035078,-0.04780592503998377,64.43387472496244,-1614.1343754804839,-0.017543784076942633,-0.12122913776193164,0.06467555605177866,0.0,0,3.64,4.3,327.46
2026-03-05,70841.125,73555.7890625,70654.8828125,72712.65625,51172841727,0.04372918273465915,-0.06590514264861111,58.40248338438031,-1284.9357125935785,0.013021252758400336,-0.09987793381760128,-0.025710882421896564,0.0,0,3.64,4.3,327.46
2026-03-06,68136.4921875,71378.5703125,67757.8203125,70842.15625,43776962871,-0.0020832689478574307,-0.09502513496017577,50.26461126732662,-1228.1275747181498,0.050466613482943894,-0.06377626044502165,-0.03817885179689062,0.0,0,3.64,4.3,327.46
2026-03-07,67272.59375,68515.1640625,66969.2578125,68136.6875,23258701211,-0.0137426847703982,-0.09974293130240545,48.57353583566353,-1238.5389936223946,0.062358628787770466,-0.05240859109132749,-0.01267893913767526,0.0,0,3.64,4.3,327.46
2026-03-08,65969.78125,68177.7890625,65639.1953125,67272.5,33195080116,-0.03073395410539619,-0.11024043230039875,46.822520421407226,-1336.5097463978163,0.08146651342043747,-0.036178318020365564,-0.01936617019467901,0.0,1,3.64,4.3,327.46
2026-03-09,68402.3828125,69474.9453125,65858.0078125,65969.5859375,49499875378,0.0012990290727187613,-0.07110871001699631,57.28647334314261,-1203.982892487984,0.04400183793648656,-0.07012277556372792,0.03687448277691541,0.0,1,3.64,4.3,327.46
2026-03-10,69926.921875,71770.8984375,68402.71875,68402.71875,54003996096,0.019242629389235294,-0.04453411950579719,60.84158704851317,-964.8150573166058,0.025288375222796276,-0.0894360914881921,0.022287806357257578,1.0,1,3.64,4.3,327.46
2026-03-11,70204.8828125,71337.6640625,68998.8671875,69931.25,45236859848,0.016674871930288125,-0.03596614788808231,54.804101716962805,-744.2642848054966,0.025489381898512756,-0.09267613718229441,0.003975020350486469,0.0,1,3.64,4.3,327.46
2026-03-12,70493.4609375,70775.828125,69230.15625,70209.765625,40871848129,0.01832099382993038,-0.026957216342660503,56.56657372965456,-539.9659740369098,0.025410799080541897,-0.09698042494233775,0.004110513591636167,0.3333333333333333,1,3.64,4.3,327.46
2026-03-13,70968.265625,73927.328125,70410.7265625,70497.046875,61167226505,0.021234148081536054,-0.015376228866193303,61.534997175903975,-335.87357914372114,0.023508920539778228,-0.10380325984504438,0.006735442992662266,0.6666666666666666,1,3.64,4.3,327.46
2026-03-14,71214.625,71291.203125,70339.5859375,70965.3828125,22283546496,0.026990041405102812,-0.00691836144540875,59.95918225826203,-152.49191130268446,0.025261991899604742,-0.10720506626810708,0.0034714019404360474,0.0,1,3.64,4.3,327.46
2026-03-15,72789.9140625,73173.0078125,70882.421875,71213.6796875,27991268669,0.04676558442647632,0.019690380509884697,66.40123268355791,118.5850689009967,0.00969319607221153,-0.12191761568563438,0.022120302711697182,0.0,1,3.64,4.3,327.46
2026-03-16,74861.0859375,74901.859375,72300.6328125,72798.171875,55572438409,0.06623940471062531,0.0521570424513824,64.81945572256905,494.83760958592757,-0.007977973553890445,-0.1420738881286698,0.028454105238008953,0.0,0,3.64,4.3,327.46
2026-03-17,73922.4765625,75988.3984375,73444.2265625,74855.296875,49500721728,0.042992318184891604,0.043171384631046215,63.409863989892855,709.1083667084749,0.01369896291905102,-0.13219595887458999,-0.01253801442025071,-1.0,0,3.64,4.3,327.46
2026-03-18,71245.578125,74658.9765625,70503.859375,73936.8515625,46229011155,-0.0022041278313614126,0.010488521266501783,46.19433257539288,655.3615532949916,0.05384721080731097,-0.09632864112414878,-0.0362122396594321,-0.3333333333333333,0,3.64,4.3,327.46
2026-03-19,69912.7890625,71598.84375,68805.5234375,71250.3515625,44631433398,-0.02293667632137966,-0.0029641627652625506,47.51927034685997,499.4643634035601,0.07229412607724699,-0.0716924724768963,-0.01870697238447039,0.0,1,3.64,4.3,327.46
2026-03-20,70522.5859375,71346.796875,69398.8828125,69911.53125,38299078407,-0.015234270872100929,0.00977561967790323,57.18006151786059,420.275553791711,0.06283049085151168,-0.07452685452755482,0.008722250723753211,0.0,0,3.64,4.3,327.46
2026-03-21,68711.5234375,71051.2734375,68602.9140625,70522.46875,21109354718,-0.03851866889483556,-0.011793097684098015,54.09641657240185,208.97135191586858,0.08720150427943976,-0.04216379851797667,-0.025680602546325204,0.0,0,3.64,4.3,327.46
2026-03-22,67845.2109375,69561.7734375,67372.875,68737.4453125,30108051508,-0.04710986712834542,-0.02121856982723368,55.47514012006969,-28.06936296596541,0.10163716256622127,-0.03185817231647183,-0.012607965253281006,0.0,1,3.64,4.3,327.46
2026-03-23,70914.859375,71782.2578125,67458.84375,67843.0,51508669357,-0.003921752035970689,0.024858135152353016,57.07189252734117,31.40709603506548,0.05463127495601312,-0.07074927164702742,0.04524488014825101,0.3333333333333333,0,3.64,4.3,327.46
2026-03-24,70517.859375,71371.3046875,68920.6953125,70912.671875,40181522399,-0.008527720531691223,0.021533276508563418,51.77605046199852,45.97803005541209,0.0570306430033421,-0.06508927309771315,-0.005598262529164066,0.0,1,3.64,4.3,327.46
2026-03-25,71309.8828125,71985.7421875,70383.59375,70520.046875,35409791747,0.004698712896068464,0.03430229337948325,53.22150977294551,120.05139468610287,0.04588530713781181,-0.07541064576494137,0.011231529778693128,0.0,0,3.64,4.3,327.46
2026-03-26,68791.625,71410.390625,68118.3515625,71310.1171875,38962070215,-0.02242186499594842,-0.0009980718301875093,45.60930371681858,-24.168688092540833,0.0838037163933497,-0.040243465145468796,-0.03531428903229905,0.0,0,3.64,4.3,327.46
2026-03-27,66338.375,69117.53125,65532.5703125,68790.8359375,46483453594,-0.047013439647006286,-0.03764090035693586,39.16146405626574,-332.58705849639955,0.1255411837744176,-0.007816584796073504,-0.035662044616623034,0.0,0,3.64,4.3,327.46
2026-03-28,66319.6953125,67232.859375,65906.7421875,66338.5,20924883455,-0.040492020467945894,-0.03672808983835439,38.41754164261939,-571.925334499465,0.12508253178439796,-0.00623383475918131,-0.0002815819275042708,-0.5,0,3.64,4.3,327.46
2026-03-29,65954.921875,67052.953125,64971.70703125,66319.6953125,21645889785,-0.04027393987178778,-0.04109954158514758,32.844130606578176,-782.0221459320746,0.13466337908431786,-0.007806885006331433,-0.005500227885263609,0.0,1,3.64,4.3,327.46
2026-03-30,66691.4453125,68087.2890625,65759.8046875,65958.3515625,37694994180,-0.024116266147213804,-0.029382940398162104,28.021614487002722,-878.9619701777701,0.12340988733203287,-0.024893269582731206,0.011167073154841889,0.0,1,3.64,4.3,327.46
2026-03-31,68233.3125,68495.2734375,65950.4375,66694.5859375,42997691338,-0.0008552464496290042,-0.006396957859105205,35.17588512554266,-821.8973620206671,0.09744540785568978,-0.049238394327656934,0.02311941479563351,0.0,0,3.64,4.3,327.46
2026-04-01,68078.5546875,69230.359375,67555.359375,68232.890625,36465393617,-0.003461878849267246,-0.00844392400380779,40.498972739029774,-780.1676242961985,0.09895557748348274,-0.04963976526976613,-0.002268068291422898,-1.0,0,3.64,4.3,327.46
2026-04-02,66888.5703125,68633.1484375,65725.2578125,68077.8984375,39323384518,-0.015076091275318206,-0.025746561072162027,40.8489766739919,-833.5101146910456,0.11728011514966567,-0.03760509126140544,-0.017479577533077273,0.0,1,3.64,4.3,327.46
2026-04-03,66931.1015625,67296.234375,66281.5390625,66889.015625,22815543346,-0.009217058851679739,-0.025328457995869486,38.74613577588528,-862.4111671121791,0.11433512815458362,-0.04238152988229312,0.0006358522809097877,0.0,1,3.64,4.3,327.46
2026-04-04,67290.515625,67515.015625,66769.640625,66938.6484375,15878814963,0.002065527387867459,-0.019647048552679215,45.101670057194625,-846.5551870476775,0.10149532431778988,-0.048781125413923376,0.005369911059425414,0.0,1,3.64,4.3,327.46
2026-04-05,68981.8984375,69087.65625,66610.6328125,67291.1953125,22972648674,0.026961988271649737,0.005224783617312552,53.70737295719408,-689.5599334410363,0.058650279416705184,-0.06478984297748054,0.02513553056906015,0.0,0,3.64,4.3,327.46
2026-04-06,68859.828125,70305.421875,68347.078125,68982.9140625,39542143229,0.021310889206689762,0.0034249877589559987,41.70188307353742,-568.4375239664369,0.04589087386794976,-0.055847956065502996,-0.0017695992030517527,0.0,1,3.64,4.3,327.46
2026-04-07,71940.703125,72732.4296875,67740.5078125,68859.375,44650511480,0.058183614239193895,0.047373963664602434,54.721913115803076,-221.2953225379897,0.003328543336839746,-0.09754336435371445,0.04474125312086663,-1.0,0,3.64,4.3,327.46
2026-04-08,71123.359375,72825.1875,70707.46875,71950.1484375,42444631703,0.038267980341657536,0.03438132409980965,49.382033494172866,-11.997141105006449,0.017587189168166904,-0.0881988135575693,-0.011361353371537541,0.0,0,3.64,4.3,327.46
