Date,Close,High,Low,Open,Volume,MA10_Dist,MA50_Dist,RSI,MACD,BB_Upper_Dist,BB_Lower_Dist,Daily_Return,Sentiment,Target,FEDFUNDS,UNRATE,CPIAUCSL
2020-03-13,1515.699951171875,1589.800048828125,1513.800048828125,1574.9000244140625,89,-0.0697060988306426,-0.0451441694562827,29.354410693291598,5.241068795669889,0.12701097589864593,0.017707705055759183,-0.04630975611591981,0,0,0.65,4.4,258.076
2020-03-16,1485.9000244140625,1569.0999755859375,1452.0999755859375,1569.0999755859375,193,-0.0820014333531149,-0.06346195486366436,29.02553680079133,-5.500819132810648,0.1594878123127274,0.021728927758513546,-0.019660835071461547,0,1,0.65,4.4,258.076
2020-03-17,1524.9000244140625,1537.699951171875,1469.300048828125,1469.300048828125,122,-0.05103582954438383,-0.03858640709342676,36.16254281926345,-10.743029684950216,0.13284198442926567,-0.012335749269285722,0.026246718728858642,0,0,0.65,4.4,258.076
2020-03-18,1477.300048828125,1542.0,1477.300048828125,1537.5,333,-0.07119008572305544,-0.06755181062349037,32.4487647063781,-18.52489606530571,0.1760365917909352,0.003980945745292211,-0.031215145139910194,0,1,0.65,4.4,258.076
2020-03-19,1478.5999755859375,1491.5999755859375,1471.0,1481.5,262,-0.059265173149446085,-0.06563200756747996,39.00745416947595,-24.306992136866484,0.17905015183022707,-0.010282352833290782,0.0008799341466505517,0,1,0.65,4.4,258.076
2020-03-20,1484.0,1484.0,1483.5,1483.5,14,-0.04447320919114221,-0.06134882518906049,35.208946713836525,-28.12935044894016,0.17489174083482262,-0.024837820962960326,0.003652119912907814,0,1,0.65,4.4,258.076
2020-03-23,1567.0,1567.0,1490.199951171875,1505.300048828125,51,0.016001862491947266,-0.009041940800024705,40.59604440755535,-24.182430602856584,0.10668205491312106,-0.07723724658610287,0.055929919137466255,0,1,0.65,4.4,258.076
2020-03-24,1660.199951171875,1685.5,1592.699951171875,1592.699951171875,442,0.07635351096402603,0.048534974613323616,51.94302953506226,-13.379777289759659,0.045691874379245524,-0.1293745024394774,0.059476675923340716,0,0,0.65,4.4,258.076
2020-03-25,1632.300048828125,1676.5,1631.0999755859375,1676.5,476,0.05888995346968142,0.029822808599149066,46.549282116973615,-6.98931716259267,0.06301716204385495,-0.11441707807611447,-0.016805145864542737,0,1,0.65,4.4,258.076
2020-03-26,1650.0999755859375,1660.5,1650.0999755859375,1660.5,3,0.06623156861329646,0.039640000190921384,47.96058244538643,-0.48295889239284406,0.05233940728030876,-0.12414714205963649,0.010904812978834055,0,0,0.65,4.4,258.076
2020-03-27,1623.9000244140625,1623.9000244140625,1623.9000244140625,1623.9000244140625,100638,0.042016925335983044,0.022207967870502394,45.2264140991769,2.530094461059889,0.07124687202227764,-0.10826271861134108,-0.01587779623023844,0,0,0.65,4.4,258.076
2020-03-30,1622.0,1652.800048828125,1607.199951171875,1641.199951171875,16389,0.03178692198111857,0.020074460096085565,46.40851869402399,4.71034691337195,0.07374891710328953,-0.1066342378396489,-0.0011700378012791113,0,0,0.65,4.4,258.076
2020-03-31,1583.4000244140625,1621.0,1576.0,1618.699951171875,2874,0.0034983772620022307,-0.004509055566334459,44.60364375798716,3.285642412876541,0.09705785304787326,-0.08569624793044894,-0.023797765466052723,0,0,0.65,4.4,258.076
2020-04-01,1578.199951171875,1600.0,1570.0,1570.0,2158,-0.0061525368711966184,-0.008050273356560963,48.86849101109111,1.7171570622526815,0.09758139444009285,-0.08357802950089663,-0.0032841184552284686,0,1,0.05,14.8,256.032
2020-04-02,1625.699951171875,1631.199951171875,1586.0,1590.9000244140625,1294,0.014363415405005707,0.02090154373438619,61.84324730401576,4.257891821025851,0.06210209739215475,-0.10944779449047481,0.03009758045216593,0,1,0.05,14.8,256.032
2020-04-03,1633.699951171875,1636.0,1619.800048828125,1624.5,643,0.009921777578599692,0.025035765620171485,66.69679354246,6.838149631221086,0.05347334189645255,-0.11265183863155546,0.004920957273962578,0,1,0.05,14.8,256.032
2020-04-06,1677.0,1696.699951171875,1625.9000244140625,1629.0999755859375,1063,0.029687171933456286,0.050807186305086495,67.01723544067022,12.23592645876056,0.02655589460969957,-0.13569722131382156,0.026504284827250757,0,0,0.05,14.8,256.032
2020-04-07,1664.800048828125,1724.4000244140625,1658.0,1695.699951171875,1144,0.02190769888038063,0.042013556161895234,72.78251655440542,15.352297652281322,0.03465324957690749,-0.12959563940090135,-0.007274866530635027,0,1,0.05,14.8,256.032
2020-04-08,1665.4000244140625,1677.0,1662.5,1669.699951171875,747,0.02020315200470666,0.04113529908356001,72.73614138767981,17.666805356028817,0.036475238856477604,-0.1306628478916743,0.0003603889766581325,0,1,0.05,14.8,256.032
2020-04-09,1736.199951171875,1736.199951171875,1662.699951171875,1662.699951171875,825,0.05799403967072807,0.08314281944503328,76.48048155511829,24.926692382596002,0.007190768668508166,-0.1706338729471565,0.04251226475316172,0,1,0.05,14.8,256.032
2020-04-13,1744.800048828125,1756.800048828125,1710.699951171875,1722.0,696,0.055458801527857884,0.08632176608780107,72.12545237128836,31.01662086450642,0.014044875986439794,-0.1734098962944113,0.004953402775092375,0,1,0.05,14.8,256.032
2020-04-14,1756.699951171875,1775.0,1739.5,1756.800048828125,675,0.054068464028652785,0.0913687952115391,65.05461365192757,36.383746547390956,0.01660581890207935,-0.17302405472161125,0.006820209772313124,0,0,0.05,14.8,256.032
2020-04-15,1727.199951171875,1744.9000244140625,1722.699951171875,1739.4000244140625,642,0.027501959423263344,0.07104540643962472,64.73144140053861,37.82085360324163,0.040074163775810814,-0.1532920424690703,-0.016792850697309403,0,0,0.05,14.8,256.032
2020-04-16,1720.4000244140625,1750.5999755859375,1715.0,1731.0,162,0.014871509579998136,0.06458421379129411,61.29863097550353,37.973341001325025,0.044485170145140765,-0.13611505926366232,-0.0039369655801569925,0,0,0.05,14.8,256.032
2020-04-17,1689.199951171875,1725.0,1684.9000244140625,1715.699951171875,223,-0.00725227683940605,0.04358051902126459,60.328999019498426,35.171171826642194,0.05867784713194441,-0.10259207965493944,-0.018135359683463026,0,1,0.05,14.8,256.032
2020-04-20,1701.5999755859375,1701.5999755859375,1680.0,1686.0,106,-0.003939529902710729,0.04947118160358365,62.18615761423909,33.56410479886267,0.043329915514014015,-0.08871071700146978,0.007340767684405947,0,0,0.05,14.8,256.032
2020-04-21,1678.199951171875,1707.0999755859375,1659.9000244140625,1697.0,666,-0.017706129437345616,0.03364167840140521,65.221567007933,30.0558411651632,0.05559630652344573,-0.06709668032832845,-0.013751777591560432,0,1,0.05,14.8,256.032
2020-04-22,1728.699951171875,1728.699951171875,1684.800048828125,1696.0,453,0.008082371137903511,0.0627297384585501,71.09616212527627,30.99317488616589,0.02866941304944121,-0.09429672256657609,0.030091765861830932,0,1,0.05,14.8,256.032
2020-04-23,1733.300048828125,1745.0999755859375,1733.300048828125,1734.0,482,0.006778499730933756,0.06336513211707002,67.14469103145119,31.74131394059941,0.029803509421026365,-0.09473751905565785,0.002661015668526945,0,0,0.05,14.8,256.032
2020-04-24,1723.5,1744.0,1714.5,1744.0,221,0.001825207907167072,0.05533158544198952,64.22687278853994,31.18396812014157,0.038444621661961755,-0.08811681311694078,-0.005653982895085452,0,0,0.05,14.8,256.032
2020-04-27,1711.9000244140625,1731.9000244140625,1711.9000244140625,1731.9000244140625,169,-0.003010918918593869,0.04647553566532635,56.146534239666266,29.466574132925643,0.04654576006854619,-0.07786188252676653,-0.006730476116006634,0,0,0.05,14.8,256.032
2020-04-28,1710.5,1716.5999755859375,1707.0999755859375,1716.5999755859375,1255,-0.0011387122583836823,0.043988507300314714,58.36688664047959,27.673553259393657,0.04779673772470486,-0.072327589506439,-0.0008178190280367925,0,0,0.05,14.8,256.032
2020-04-29,1703.4000244140625,1713.5,1702.0,1710.0,373,-0.0039004080079587423,0.03834451649688563,56.795419658028614,25.387016878581107,0.04812099184899298,-0.05737311734793585,-0.004150818816683666,0,0,0.05,14.8,256.032
2020-04-30,1684.199951171875,1719.300048828125,1680.800048828125,1719.300048828125,327,-0.01303878624059229,0.02568159758103106,38.59650343884552,21.77463048821369,0.052203825833069616,-0.03246740697112567,-0.011271617334156159,0,1,0.05,14.8,256.032
2020-05-01,1694.5,1701.5,1670.5,1686.5999755859375,337,-0.0073111534577614806,0.030976133929929615,39.05093468473256,19.517925610389057,0.04239872354923382,-0.030879111327247296,0.006115692392080874,0,1,0.05,13.2,255.802
2020-05-04,1706.9000244140625,1709.0,1699.5999755859375,1702.5999755859375,320,-0.00035722961821801224,0.03773391444211065,39.18334967475359,18.516601222213694,0.031328089602828776,-0.030132974846796022,0.007317807267077203,0,0,0.05,13.2,255.802
2020-05-05,1704.4000244140625,1704.4000244140625,1697.199951171875,1701.5,82,-0.0033506110368156775,0.03581097326703227,44.38979056443614,17.32164221470066,0.03246683332469984,-0.02672877670209536,-0.0014646434848216705,0,0,0.05,13.2,255.802
2020-05-06,1684.199951171875,1704.0,1684.199951171875,1704.0,469,-0.012593249407536571,0.02307100731956049,41.64358362953825,14.576621283913937,0.043679421586389294,-0.012732929437318314,-0.01185172081250807,0,1,0.05,13.2,255.802
2020-05-07,1721.800048828125,1721.800048828125,1685.5999755859375,1686.199951171875,853,0.010131850947675007,0.044872883527869264,57.309422931651724,15.259286506913895,0.0197643925578537,-0.029893392331408846,0.022325198163132498,0,0,0.05,13.2,255.802
2020-05-08,1709.9000244140625,1728.9000244140625,1703.800048828125,1726.199951171875,330,0.0039514652447509326,0.03677179223244872,51.865175418768835,14.67095347757936,0.025274013438484195,-0.02309263219139385,-0.006911385803573311,0,0,0.05,13.2,255.802
2020-05-11,1695.300048828125,1704.5,1690.199951171875,1702.300048828125,749,-0.0036496764061678326,0.026286474138531142,54.00095051278566,12.878148026344206,0.031184566033715534,-0.014680174944437607,-0.008538496624058811,0,1,0.05,13.2,255.802
2020-05-12,1704.4000244140625,1713.0999755859375,1699.300048828125,1699.300048828125,324,0.0020577413027881076,0.030396842075582554,42.948384148609435,12.052692827515784,0.020022235431654975,-0.017352702982288172,0.005367766957965925,0,1,0.05,13.2,255.802
2020-05-13,1713.9000244140625,1721.300048828125,1701.9000244140625,1702.0,431,0.007021364976245617,0.03524134695720631,44.52596228364764,12.026450801909277,0.013236733396712174,-0.022443829072728176,0.005573808885191767,0,1,0.05,13.2,255.802
2020-05-14,1738.0999755859375,1743.0999755859375,1720.5,1724.300048828125,672,0.01801630646127263,0.04862996626349914,53.810010136411506,13.799317675308203,0.0011701678794995133,-0.0370771637986667,0.01411981494086767,0,1,0.05,13.2,255.802
2020-05-15,1753.4000244140625,1753.4000244140625,1739.699951171875,1739.699951171875,719,0.023446943448056628,0.05675143462538098,60.62466404150259,16.251575472091872,-0.0029687032023807043,-0.046415372226405814,0.00880274382546209,0,0,0.05,13.2,255.802
2020-05-18,1731.800048828125,1770.5,1731.800048828125,1755.699951171875,229,0.009372175596148934,0.042966539197427045,54.94200108985158,16.264581955912035,0.010894618483389799,-0.0342056702377328,-0.01231890913949063,0,1,0.05,13.2,255.802
2020-05-19,1744.199951171875,1749.5,1744.199951171875,1744.199951171875,167,0.01424663533810236,0.049553179391566685,59.239106698105644,17.07858685862402,0.005174642155983212,-0.03875444200321685,0.007160123567464316,0,1,0.05,13.2,255.802
2020-05-20,1750.5999755859375,1752.0999755859375,1745.5999755859375,1751.5999755859375,16,0.014052828951219324,0.05224560948375735,65.96153496285368,18.03225547516263,0.0037293226919181887,-0.043247163778069246,0.0036693180789062474,0,0,0.05,13.2,255.802
2020-05-21,1720.5,1746.800048828125,1720.5,1746.800048828125,528,-0.0033078302948783837,0.033170756616362956,55.70675909284308,16.172798299211536,0.020486592086130663,-0.02644996630964859,-0.017194091172006765,0,1,0.05,13.2,255.802
2020-05-22,1734.5999755859375,1734.5999755859375,1726.5999755859375,1726.5999755859375,6,0.0034245613337364664,0.03982331372909826,56.03484774986383,15.656437614946071,0.012954321258542534,-0.0344866281249871,0.008195277876162477,0,0,0.05,13.2,255.802
2020-05-26,1704.800048828125,1726.4000244140625,1704.800048828125,1726.4000244140625,39,-0.014355645996306477,0.019647745942238077,50.07788639566859,12.696258447278069,0.030609663664062065,-0.01797479953029225,-0.017179711274783238,0,1,0.05,13.2,255.802
2020-05-27,1710.300048828125,1710.300048828125,1685.5999755859375,1685.5999755859375,137416,-0.011512962751424894,0.02019880742978929,55.39035800254326,10.67108948745522,0.027292642738176033,-0.021141720926410885,0.003226184797320286,0,1,0.05,13.2,255.802
2020-05-28,1713.300048828125,1727.800048828125,1705.0,1709.300048828125,23355,-0.009744740857687501,0.019696422838823124,47.95180481904746,9.202127031896453,0.025562731122066685,-0.022346759512088005,0.0017540781818112805,0,1,0.05,13.2,255.802
2020-05-29,1736.9000244140625,1738.300048828125,1715.0999755859375,1718.800048828125,1526,0.003965231848708965,0.030557781551218445,56.15876735550353,9.828982111668665,0.012058216352466993,-0.033026619265315284,0.013774572411924924,0,1,0.05,13.2,255.802
2020-06-01,1737.800048828125,1747.0,1727.0999755859375,1740.4000244140625,871,0.0053920390436291155,0.027930054159129306,60.340644888425814,10.279893513618617,0.012289229114708278,-0.03179093387033645,0.0005181785948595863,0,0,0.08,11.0,257.042
2020-06-02,1725.199951171875,1745.5,1721.800048828125,1743.0,741,-0.0015163941505697048,0.017573342419544887,54.976061939330435,9.510885898538163,0.01990393325569916,-0.023880211763950755,-0.007250602659809369,0,0,0.08,11.0,257.042
2020-06-03,1697.800048828125,1726.300048828125,1684.5,1726.300048828125,2755,-0.014728564636317618,-0.00013071274974336549,46.45218352205203,6.614253695215439,0.036609226582978424,-0.008761464608145754,-0.015882160398357326,0,1,0.08,11.0,257.042
2020-06-04,1718.9000244140625,1718.9000244140625,1694.5,1694.5,807,-0.0006453436575448923,0.011596084828624053,45.710462929428246,5.95262533541927,0.022472604897597608,-0.01749850071961712,0.012427833065796756,0,0,0.08,11.0,257.042
2020-06-05,1676.199951171875,1711.800048828125,1668.5999755859375,1711.800048828125,1502,-0.02295437433735651,-0.014042947702510659,34.63373292921813,1.9601457027501965,0.0506945813394157,0.0026344528544008567,-0.02484151063802742,0,1,0.08,11.0,257.042
2020-06-08,1698.300048828125,1699.4000244140625,1675.9000244140625,1679.0999755859375,587,-0.007973349333377497,-0.001609578443777843,43.345250993488605,0.5727675049727168,0.037262386658538336,-0.011336501729660893,0.013184642823070858,0,1,0.08,11.0,257.042
2020-06-09,1714.699951171875,1720.9000244140625,1692.0,1694.5999755859375,690,0.0010274361672838576,0.006956526922942877,44.231520212498815,0.7875173374973201,0.026977492317651206,-0.019296779911670586,0.009656657759072873,0,0,0.08,11.0,257.042
2020-06-10,1713.300048828125,1740.800048828125,1711.9000244140625,1716.0999755859375,718,3.5041313052631546e-05,0.005056694731194884,42.5608392132765,0.8351209527945684,0.02772476890269545,-0.01788415497874312,-0.0008164124241055726,0,1,0.08,11.0,257.042
2020-06-11,1732.0,1744.0999755859375,1720.0,1737.199951171875,347,0.009847759116444758,0.014258173222077506,52.4028435825549,2.354634181307347,0.017194386365852868,-0.02800846284896488,0.010914580423122988,0,0,0.08,11.0,257.042
2020-06-12,1729.300048828125,1743.0,1724.9000244140625,1724.9000244140625,318,0.008720527613755595,0.010888132326406608,48.837224250182786,3.3029218402914466,0.01821711729798605,-0.026434355717895104,-0.0015588632632073107,0,0,0.08,11.0,257.042
2020-06-15,1720.300048828125,1730.0,1703.300048828125,1730.0,188,0.0044961091709736735,0.004516055405916417,53.742156195883204,3.290293403993246,0.02089414640311927,-0.020615165046958688,-0.005204417825639296,0,1,0.08,11.0,257.042
2020-06-16,1729.5999755859375,1729.5999755859375,1722.4000244140625,1726.300048828125,22,0.009667001818926258,0.008816628899608433,54.575615662754515,3.9847776080414405,0.015264517859440564,-0.025868084844925535,0.005405991102626295,0,0,0.08,11.0,257.042
2020-06-17,1729.199951171875,1729.199951171875,1714.699951171875,1714.699951171875,51,0.007586585470066468,0.007969526441991146,53.81659079508108,4.451567813418478,0.014192589454950603,-0.02520339266379315,-0.00023128146375406278,0,0,0.08,11.0,257.042
2020-06-18,1724.800048828125,1734.0999755859375,1717.300048828125,1730.5,110,0.004677412507003158,0.004701993228849513,46.800636496557686,4.415567157008354,0.01422341747460719,-0.0216562027230105,-0.00254447285912085,0,1,0.08,11.0,257.042
2020-06-19,1745.9000244140625,1750.699951171875,1723.5,1723.699951171875,1329,0.012855772667170286,0.016039928673413993,51.93501860219074,6.020230596510828,0.004045058410884601,-0.03410406313966713,0.012233287910835555,0,1,0.08,11.0,257.042
2020-06-22,1756.699951171875,1767.5999755859375,1750.5,1755.199951171875,1356,0.01568007621069831,0.022081157727707183,57.590379307180214,8.07037154436216,0.000426618113546711,-0.04133848413764001,0.006185879263869598,0,1,0.08,11.0,257.042
2020-06-23,1772.0999755859375,1776.300048828125,1754.199951171875,1755.4000244140625,666,0.02119491973035666,0.030713753179916783,69.00257440839496,10.81312925967677,-0.0031335411055214007,-0.05100557661976181,0.00876645121085673,0,0,0.08,11.0,257.042
2020-06-24,1765.800048828125,1783.0999755859375,1764.5,1778.300048828125,961,0.014495275339538014,0.026940790572763954,62.97734702163291,12.336228705414896,0.003875921257259499,-0.04792964961411355,-0.0035550628320105693,0,0,0.08,11.0,257.042
2020-06-25,1762.0999755859375,1764.800048828125,1759.800048828125,1761.699951171875,207,0.010621807230675198,0.024373097770091334,80.31061256733486,13.093793896226998,0.008561681109785394,-0.045738877313794085,-0.002095408959039924,0,1,0.08,11.0,257.042
2020-06-26,1772.5,1772.5,1764.699951171875,1766.0,640,0.014074031695177017,0.02979521104035969,78.53854994948148,14.367742430364387,0.00573021841287563,-0.05241568402244887,0.005902062628770022,0,1,0.08,11.0,257.042
2020-06-29,1774.800048828125,1780.199951171875,1774.300048828125,1779.800048828125,584,0.012233751862506113,0.030106911478839933,75.92764231923746,15.38559497838105,0.007465920479695824,-0.0545980385481237,0.0012976298043019252,0,1,0.08,11.0,257.042
2020-06-30,1793.0,1793.199951171875,1774.4000244140625,1777.300048828125,986,0.018929469118071494,0.03956733089827135,80.03019108139634,17.459571341923947,0.0024789192510252128,-0.06565236203415749,0.010254648789249421,0,0,0.08,11.0,257.042
2020-07-01,1773.199951171875,1798.0,1765.800048828125,1793.5999755859375,331,0.005164106546639331,0.026956117864436788,65.39611782995526,17.306021049670562,0.015393543982669209,-0.05268764326111065,-0.01104297201791693,0,1,0.09,10.2,258.352
2020-07-02,1784.0,1784.0,1768.699951171875,1773.4000244140625,215,0.007903911537620049,0.0325496164521978,69.27413277542831,17.85004085770197,0.01228234571511068,-0.05780924880770452,0.0060907112144839015,0,1,0.09,10.2,258.352
2020-07-06,1788.5,1790.0999755859375,1788.199951171875,1788.199951171875,172,0.00802020263092627,0.03449312521207478,74.81804936121821,18.43182229296667,0.009812996412700215,-0.0539784927696334,0.002522421524663754,0,1,0.09,10.2,258.352
2020-07-07,1804.199951171875,1804.199951171875,1783.300048828125,1789.300048828125,751,0.014153835327201455,0.042600864231680295,75.9388086169121,19.930002459173238,0.003873219964817992,-0.05918854257023512,0.008778278541724971,0,1,0.09,10.2,258.352
2020-07-08,1815.5,1817.9000244140625,1801.5,1801.5,209,0.018022161809957447,0.047876192366395905,77.8927201251162,21.778096200077925,0.0020584577773010045,-0.06392570928773192,0.006263190962168652,0,0,0.09,10.2,258.352
2020-07-09,1799.199951171875,1819.800048828125,1799.199951171875,1816.0999755859375,396,0.0069961176830514275,0.037405853970548214,72.32888917546168,21.67756066378456,0.012633070673728219,-0.05216725762178437,-0.008978269803428862,0,0,0.09,10.2,258.352
2020-07-10,1798.199951171875,1805.5,1797.699951171875,1805.5,236,0.004407038940110198,0.03569701721350845,67.84978948096412,21.27198369758571,0.015011662308715513,-0.04977415469374623,-0.0005558025940077815,0,1,0.09,10.2,258.352
2020-07-13,1811.0,1811.0,1805.0,1805.0,164,0.0093860161780042,0.04154804429699119,68.28281466551145,21.73289471380349,0.010282269740987133,-0.05442363619512169,0.007118256687629998,0,0,0.09,10.2,258.352
2020-07-14,1810.5999755859375,1811.5,1791.0,1791.0,339,0.0071534246975499495,0.039929222383898524,64.4194492855928,21.814428238051278,0.011562766103358064,-0.05028472241059949,-0.00022088592714664124,0,1,0.09,10.2,258.352
2020-07-15,1811.4000244140625,1813.5,1806.0999755859375,1806.0999755859375,167,0.006568223737537765,0.03914134556017496,67.81243950145864,21.693531865981186,0.012145642768215248,-0.04721799843880714,0.00044186945703783564,0,0,0.09,10.2,258.352
2020-07-16,1798.699951171875,1810.9000244140625,1794.300048828125,1810.9000244140625,146,-0.0019033195907339102,0.030740530761669632,63.357619617448705,20.338481494002508,0.018460319151734142,-0.035795016588779975,-0.007011191934976124,0,1,0.09,10.2,258.352
2020-07-17,1808.300048828125,1810.0999755859375,1798.5,1798.5,24,0.002072562567563427,0.034770084124223846,63.14241311256782,19.810874531338413,0.011348611721737057,-0.03459149930188805,0.005337242406658893,0,1,0.09,10.2,258.352
2020-07-20,1815.9000244140625,1817.300048828125,1807.0,1807.0,89,0.004758499794821505,0.038001177159114115,64.52292198476326,19.77800815968112,0.007394458544191553,-0.03505570929734159,0.004202828834110051,0,1,0.09,10.2,258.352
2020-07-21,1842.4000244140625,1842.4000244140625,1822.0,1822.0,117,0.01727109710080311,0.051556170289720635,66.48861400056228,21.64082786097879,-0.0031496444648208715,-0.04822902321830326,0.014593314413633873,0,1,0.09,10.2,258.352
2020-07-22,1864.0999755859375,1867.0,1854.699951171875,1858.0999755859375,213,0.026498079882065897,0.06189536559735378,79.96039361759483,24.58473310093723,-0.007593784321544338,-0.06153338837582984,0.011778088842989476,0,1,0.09,10.2,258.352
2020-07-23,1889.0999755859375,1890.300048828125,1868.5,1868.699951171875,133,0.03514029306801403,0.07387699271471711,81.6756496241874,28.60534566100796,-0.0114034009843311,-0.07674967212661771,0.0134112978528107,0,1,0.09,10.2,258.352
2020-07-24,1897.300048828125,1897.300048828125,1884.300048828125,1884.300048828125,474,0.034018597281133406,0.0762942110966817,82.07542145122308,32.08354828823508,-0.0074660794434761105,-0.08182401862325404,0.004340730161538575,0,1,0.09,10.2,258.352
2020-07-27,1931.0,1938.0,1901.5,1901.699951171875,364,0.04554708204907175,0.09301927826996965,83.79526060923126,37.13132652797026,-0.01289322977084526,-0.10153453292497287,0.017762056767294032,0,1,0.09,10.2,258.352
2020-07-28,1944.699951171875,1944.699951171875,1928.5999755859375,1931.5,825,0.045374618269028465,0.09839521953590967,83.99994346224369,41.75586311665347,-0.008512186544640045,-0.11046242531544483,0.007094744263011377,0,1,0.09,10.2,258.352
2020-07-29,1953.5,1953.5,1952.5999755859375,1953.199951171875,209835,0.04214457188583622,0.10060926423140241,92.27392942806958,45.60522344887181,-0.00228031713182023,-0.11695184029395407,0.004525144777641543,0,0,0.09,10.2,258.352
2020-07-30,1942.300048828125,1965.0999755859375,1930.0,1963.4000244140625,28853,0.02829221794426739,0.09186190790500069,87.38971240339541,47.207943006570076,0.010462897920117025,-0.11014374153575122,-0.005733274211351391,0,1,0.09,10.2,258.352
2020-07-31,1962.800048828125,1981.0999755859375,1948.0,1948.5999755859375,2914,0.030714557379078616,0.10075981138289342,87.87423599512206,49.56098034657225,0.008185181231200262,-0.11860402020996408,0.010554496980200723,0,1,0.09,10.2,258.352
2020-08-03,1966.0,1984.300048828125,1955.5,1984.300048828125,683,0.024321109818919263,0.09952674219514722,88.2381812010585,51.09499738340105,0.01380605499208036,-0.11827197812677645,0.0016302991095733521,0,1,0.1,8.4,259.316
2020-08-04,2001.199951171875,2016.199951171875,1968.800048828125,1971.0,2010,0.03410497683540459,0.11588544654542081,89.94106613221511,54.52255672359115,0.006181920977391153,-0.1341450998074755,0.01790434952791209,0,1,0.1,8.4,259.316
2020-08-05,2031.0999755859375,2050.199951171875,2011.0,2024.0,1422,0.04057583666475609,0.12845156554860201,95.60441350419988,58.9718139180402,0.003466153080622051,-0.14837283519073713,0.014941047943037189,0,1,0.1,8.4,259.316
2020-08-06,2051.5,2063.0,2040.0,2045.5,294,0.042354709245881215,0.13548057054464238,95.78314858851527,63.41300809580389,0.005316261939511164,-0.15637158850124944,0.010043830761298445,0,0,0.1,8.4,259.316
2020-08-07,2010.0999755859375,2055.0,2009.5999755859375,2040.0999755859375,808,0.015499479920598509,0.10892278507052476,82.43153215008537,62.86735477075581,0.0315995027487189,-0.13403219449175305,-0.02018036773778331,0,1,0.1,8.4,259.316
2020-08-10,2024.4000244140625,2043.800048828125,2017.5,2026.4000244140625,233,0.017920727940636618,0.11328029675049214,81.68524215574848,62.86415614886482,0.03027545728742918,-0.13557087509815335,0.007114098304466854,0,0,0.1,8.4,259.316
2020-08-11,1932.5999755859375,2016.0,1904.0,2012.4000244140625,971,-0.02764711550102511,0.060524399930330035,59.58578094582784,54.82216864800171,0.0783783573906376,-0.0873610485578593,-0.045346792986082574,0,1,0.1,8.4,259.316
2020-08-12,1934.9000244140625,1946.5999755859375,1871.5999755859375,1923.0,404,-0.025577999569367557,0.05934849406737613,56.84399812626138,48.080191809990765,0.0756384691337343,-0.08060515798869398,0.0011901318727005616,0,1,0.1,8.4,259.316
2020-08-13,1956.699951171875,1957.4000244140625,1916.9000244140625,1921.5,71,-0.015313563589733023,0.06825542112659068,58.529567873837756,43.989119307215105,0.06107161151608111,-0.08019048555700836,0.011266694135483313,0,0,0.1,8.4,259.316
2020-08-14,1937.0,1947.4000244140625,1937.0,1938.699951171875,201,-0.023960085704794673,0.05498791016298885,50.89766619937569,38.71105649153219,0.06787091189979344,-0.0601992559583406,-0.010067946881726408,0,1,0.1,8.4,259.316
2020-08-17,1985.0,1985.0,1949.5999755859375,1949.5999755859375,97,-0.0007299392392857772,0.07750665588529183,55.46812060083108,37.96373027991149,0.038898085053431494,-0.07125577013293385,0.0247805885389778,0,1,0.1,8.4,259.316
2020-08-18,1999.4000244140625,2002.800048828125,1972.0999755859375,2001.0999755859375,92,0.006610395026432574,0.08178710021486842,56.13472699940319,38.09430308412334,0.029611806914524003,-0.06828843628667762,0.007254420359729119,0,0,0.1,8.4,259.316
2020-08-19,1958.699951171875,1980.0,1938.699951171875,1980.0,347,-0.010272730367475927,0.05697529959575149,52.03170197913554,34.51575111272905,0.0477253309311726,-0.04081764181629001,-0.020356143215570333,0,0,0.1,8.4,259.316
2020-08-20,1933.800048828125,1948.300048828125,1922.300048828125,1941.199951171875,106,-0.017008401925517325,0.041061050418323405,46.44607843137255,29.332383414126753,0.059162961956260786,-0.024102510703900553,-0.012712463860966805,0,1,0.1,8.4,259.316
2020-08-21,1934.5999755859375,1945.0,1908.9000244140625,1941.0,184,-0.012813131536777584,0.03922473282002776,46.12918807888222,25.00087999089783,0.05694229947112601,-0.0207952704282221,0.00041365536126503066,0,0,0.1,8.4,259.316
2020-08-24,1927.699951171875,1940.0,1922.199951171875,1930.199951171875,85,-0.011456195346955377,0.03331565615723261,40.25974152027183,20.771912341480856,0.060831809397978547,-0.01756777061511781,-0.00356664142517249,0,0,0.1,8.4,259.316
2020-08-25,1911.800048828125,1928.5,1911.800048828125,1927.5,176,-0.01856298321104572,0.022693138210881945,33.58106925282402,15.953533371165804,0.07068236346664417,-0.012145959531022913,-0.008248120945422155,0,1,0.1,8.4,259.316
2020-08-26,1940.699951171875,1950.800048828125,1909.699951171875,1909.699951171875,287,-0.004023545373352556,0.03581338398247092,35.09950147482553,14.302048799381737,0.054763615675308464,-0.027541432101732113,0.015116592533547024,0,0,0.1,8.4,259.316
2020-08-27,1921.5999755859375,1972.5,1921.5999755859375,1948.9000244140625,2303,-0.01204609552452759,0.023517018891503236,37.33904694977686,11.321519543414524,0.0656814307183876,-0.019386657971753977,-0.00984179732390067,0,1,0.1,8.4,259.316
2020-08-28,1964.5999755859375,1971.300048828125,1922.5,1927.0999755859375,778,0.008630286342902822,0.04375414755030929,42.09411751035759,12.287526313885564,0.042396513078580264,-0.04079820966084128,0.022377185962904944,0,1,0.1,8.4,259.316
2020-08-31,1967.5999755859375,1971.300048828125,1953.300048828125,1970.0,158,0.011073707216230744,0.0428912526223749,56.0470009220664,13.143656674637896,0.04084906491122217,-0.04222128264828195,0.0015270284217046015,0,1,0.1,8.4,259.316
2020-09-01,1968.199951171875,1986.300048828125,1961.699951171875,1961.699951171875,186,0.01300611496922207,0.04087557844550633,55.78727403488152,13.712490118838787,0.03885241652825211,-0.042510544226876286,0.0003049276242030885,0,0,0.09,7.8,259.997
2020-09-02,1934.4000244140625,1967.300048828125,1934.4000244140625,1967.300048828125,71,-0.0031435008592007774,0.0212474964537913,46.27962001336788,11.3055991999247,0.05170697493509041,-0.025481824500659726,-0.017173014732414726,0,0,0.09,7.8,259.997
2020-09-03,1927.5999755859375,1938.800048828125,1923.0,1937.0999755859375,179,-0.00633029105225637,0.015921862678084854,48.36122126630639,8.74856567659549,0.04569659202805701,-0.018751153392802658,-0.003515327100031884,0,0,0.09,7.8,259.997
2020-09-04,1923.9000244140625,1939.699951171875,1917.699951171875,1927.9000244140625,607,-0.007690264156957309,0.01224545536020691,37.40204786472273,6.350340279346256,0.04300693064951064,-0.01664384866063324,-0.0019194600636733838,0,1,0.09,7.8,259.997
2020-09-08,1933.0,1937.9000244140625,1903.0999755859375,1930.9000244140625,271,-0.003269148404251027,0.01531854973059288,36.00334304442451,5.124944185458389,0.029594225743569628,-0.017499047022022762,0.004729962820551936,0,1,0.09,7.8,259.997
2020-09-09,1944.699951171875,1946.199951171875,1924.5999755859375,1926.9000244140625,219,0.0010655506833192351,0.019644133669868502,46.637839549241605,5.039801536602454,0.02352770164973809,-0.022915743140212348,0.006052742458290128,0,1,0.09,7.8,259.997
2020-09-10,1954.199951171875,1962.699951171875,1944.0999755859375,1944.0999755859375,722,0.005257240715339398,0.02289605982525313,55.29044316436349,5.67349545517277,0.018989223013947794,-0.027115275637734883,0.004885072370303334,0,0,0.09,7.8,259.997
2020-09-11,1937.800048828125,1949.5,1937.800048828125,1944.0,73,-0.004009014706919137,0.012566979095695424,50.76777360006889,4.7970697576261045,0.027058665736041994,-0.019302508013995624,-0.008392131180801399,0,1,0.09,7.8,259.997
2020-09-14,1953.0999755859375,1953.0999755859375,1943.0,1946.300048828125,55,0.004448552468447262,0.01876134952888514,55.85795438229616,5.2762509637884705,0.019399396076317302,-0.026546993904914575,0.00789551366100194,0,1,0.09,7.8,259.997
2020-09-15,1956.300048828125,1968.5,1955.800048828125,1955.800048828125,74,0.00667931876559255,0.01864737285082474,60.90153972765289,5.846826116553984,0.015189095402108433,-0.027063610643269613,0.0016384584927493506,0,1,0.09,7.8,259.997
2020-09-16,1960.199951171875,1961.4000244140625,1956.699951171875,1961.300048828125,124,0.009101556791759469,0.019022564960142402,55.443897970534024,6.538330755212883,0.008099793653989764,-0.02592957001783383,0.0019935093014418204,0,0,0.09,7.8,259.997
2020-09-17,1940.0,1946.0,1933.699951171875,1939.0,67,-0.0015851085325313534,0.007217704854725619,55.10545693489004,5.394204885691124,0.017677425096837732,-0.015832074339750153,-0.010305046258060946,0,1,0.09,7.8,259.997
2020-09-18,1952.0999755859375,1952.0999755859375,1949.0,1950.5,38,0.003376963056282842,0.011893274576596254,45.813785400903626,5.401577771004668,0.011880737231915342,-0.02150625757531056,0.006237100817493513,0,0,0.09,7.8,259.997
2020-09-21,1901.199951171875,1946.199951171875,1883.4000244140625,1946.199951171875,52,-0.021644059208103514,-0.01554256104916673,33.164258579140665,1.285396998307533,0.040626270777261664,0.0012788788153770864,-0.026074496721810836,0,0,0.09,7.8,259.997
2020-09-22,1898.5999755859375,1913.0999755859375,1898.5999755859375,1913.0999755859375,331,-0.02124939823662388,-0.017779920671044485,32.530090210884254,-2.161584816197319,0.04350295024682902,-0.0003342875339992116,-0.0013675445259373475,0,0,0.09,7.8,259.997
2020-09-23,1859.9000244140625,1875.5,1859.9000244140625,1875.5,5,-0.03698984445076546,-0.03829148467384776,31.749107646963125,-7.924753740802544,0.07028762019542202,0.01260389002086998,-0.020383414973937142,0,1,0.09,7.8,259.997
2020-09-24,1868.300048828125,1868.300048828125,1851.5,1851.5,365,-0.02831878880347159,-0.0345161604648103,35.58579328950188,-11.679659027724028,0.06787548649732852,0.0017760038476633494,0.004516384915210114,0,0,0.09,7.8,259.997
2020-09-25,1857.699951171875,1857.699951171875,1856.300048828125,1856.300048828125,4,-0.02978996592405112,-0.04057903211686426,34.430819175513335,-15.334026697717036,0.07686753216081386,0.0011537196523020092,-0.005673659144257326,0,1,0.09,7.8,259.997
2020-09-28,1872.800048828125,1872.800048828125,1872.800048828125,1872.800048828125,10455,-0.017784533974169178,-0.03342445092353537,36.23056003841923,-16.817822333278855,0.06705703593338878,-0.010692296002201195,0.00812838351356171,0,1,0.09,7.8,259.997
2020-09-29,1894.300048828125,1895.4000244140625,1872.4000244140625,1876.5,3283,-0.003267517002513079,-0.02311858740875868,38.966741704666674,-16.073584471302865,0.0521968178912152,-0.02304098534309362,0.01148013639440748,0,0,0.09,7.8,259.997
2020-09-30,1887.5,1899.699951171875,1879.800048828125,1893.0,600,-0.003031840883355649,-0.02707790117603429,35.22375595883898,-15.849771415060104,0.05283158604377399,-0.020640858860413162,-0.003589742201786761,0,1,0.09,7.8,259.997
2020-10-01,1908.4000244140625,1909.5999755859375,1882.5,1884.0999755859375,730,0.009692721728139661,-0.016753912975732064,43.614245208529645,-13.826556715001288,0.04044729901552409,-0.0318746997065864,0.011072860616721858,0,0,0.09,6.9,260.319
2020-10-02,1900.199951171875,1913.0,1893.9000244140625,1893.9000244140625,530,0.00812246269577454,-0.02109072197177665,38.14433610175325,-12.73798629165367,0.04430389535096846,-0.028505509104866333,-0.004296831449006722,0,1,0.09,6.9,260.319
2020-10-05,1912.5,1915.5999755859375,1884.699951171875,1898.9000244140625,1360,0.014040144098656492,-0.014908487820395196,40.568472871183864,-10.758755013093378,0.0372300615013078,-0.034992156834232686,0.006473028704447437,0,0,0.09,6.9,260.319
2020-10-06,1901.0999755859375,1918.0,1874.4000244140625,1906.5999755859375,968,0.007862060152647954,-0.02047870783998223,37.6721115284232,-9.994871998670078,0.042446428641948135,-0.029879999012103566,-0.005960797079248348,0,0,0.09,6.9,260.319
2020-10-07,1883.5999755859375,1889.800048828125,1873.0999755859375,1874.0999755859375,50,-0.0026686011357133473,-0.028883958294973363,38.10127905796889,-10.678497876273696,0.05024718265711272,-0.02222634904699974,-0.009205197109429464,0,1,0.09,6.9,260.319
2020-10-08,1888.5999755859375,1893.0,1882.699951171875,1893.0,348,-0.0010948603069789822,-0.025654104742571467,36.18967113814577,-10.693549513982589,0.044303702960090514,-0.025125452185161098,0.0026544914338537673,0,1,0.09,6.9,260.319
2020-10-09,1919.5,1929.0999755859375,1905.0999755859375,1909.300048828125,580,0.01194084930279152,-0.009479476303988947,54.35922219430719,-8.11851908298604,0.026323161271685328,-0.04060292671353221,0.01636133898840897,0,1,0.09,6.9,260.319
2020-10-12,1922.5,1926.5,1921.5999755859375,1924.0,96,0.010873797171081999,-0.007518590899231522,55.68235312555687,-5.769210123282619,0.02217009099110147,-0.04114018582814638,0.0015629070070330986,0,0,0.09,6.9,260.319
2020-10-13,1888.5,1922.199951171875,1887.0,1921.9000244140625,191,-0.006700884843477588,-0.024290184364900567,56.95523128887791,-6.575088173392032,0.03621297358267562,-0.02310734065020616,-0.01768530559167747,0,1,0.09,6.9,260.319
2020-10-14,1901.300048828125,1910.800048828125,1882.5,1889.699951171875,33,-0.0006937519275787917,-0.0166618455342404,57.857124588158975,-6.110457814129859,0.02377869011505473,-0.02732368560475156,0.00677789188674871,0,1,0.09,6.9,260.319
2020-10-15,1903.199951171875,1906.300048828125,1889.5999755859375,1897.300048828125,254,0.0005782889364205282,-0.014375269731633751,61.301523542010806,-5.525237171171057,0.019638779293209112,-0.02711035875558404,0.0009992648687517924,0,0,0.09,6.9,260.319
2020-10-16,1900.800048828125,1900.800048828125,1898.5,1898.5,53,-0.0007149497057104249,-0.01407921879214092,57.42311386578228,-5.195210504864917,0.015108885795315243,-0.022763608692244985,-0.001260982768664043,0,1,0.09,6.9,260.319
2020-10-19,1906.4000244140625,1907.800048828125,1899.5,1907.300048828125,43,0.00255056370543112,-0.010109701460892365,53.50317615933172,-4.430716226631603,0.012424593680957004,-0.02565898372543929,0.0029461150263490055,0,1,0.09,6.9,260.319
2020-10-20,1910.4000244140625,1910.4000244140625,1896.0999755859375,1901.300048828125,329,0.004162997514256631,-0.00685695534734858,56.73926460370982,-3.462172661330669,0.010983278246795673,-0.027759888491513195,0.002098195524955271,0,1,0.09,6.9,260.319
2020-10-21,1924.5999755859375,1927.300048828125,1913.5999755859375,1913.5999755859375,1202,0.009451463173313069,0.0006082781654233129,54.96322181947651,-1.5311276359300336,0.004475418820310846,-0.03252277646990354,0.007432972670857296,0,0,0.09,6.9,260.319
2020-10-22,1901.0999755859375,1924.300048828125,1898.199951171875,1924.300048828125,899,-0.003527583316988682,-0.011261980794566414,50.25210785141743,-1.8753957483831982,0.016297224356778512,-0.018243440347199866,-0.012210329573991374,0,1,0.09,6.9,260.319
2020-10-23,1902.0,1913.300048828125,1896.199951171875,1899.9000244140625,287,-0.0021405213172378816,-0.010230735492825072,46.85816600700426,-2.051952626837192,0.013583917541445466,-0.014146480694540796,0.0004734229791283351,0,1,0.09,6.9,260.319
2020-10-26,1902.699951171875,1907.0,1893.5,1895.5,242,-0.0007352811449634521,-0.009512904924527757,50.51150186500909,-2.1110600292729487,0.01204503790811664,-0.011771693299515922,0.0003680079768006994,0,1,0.09,6.9,260.319
2020-10-27,1908.800048828125,1908.800048828125,1904.4000244140625,1904.5999755859375,176,0.0014007669668243076,-0.005548436435517675,58.68968774387775,-1.6466941067026255,0.009064819756567073,-0.014424261435826823,0.00320602187039154,0,0,0.09,6.9,260.319
2020-10-28,1876.199951171875,1876.199951171875,1870.9000244140625,1870.9000244140625,277,-0.01440415840117529,-0.021276129619894085,46.40787190960855,-3.864686497703815,0.02745925109204676,0.0012370975338001108,-0.017078843683110856,0,0,0.09,6.9,260.319
2020-10-29,1865.5999755859375,1879.800048828125,1858.800048828125,1876.0999755859375,240,-0.018032919276516107,-0.02585943192514301,32.30464532666048,-6.403969910640171,0.03483214747133347,0.003096687812588251,-0.005649704648652554,0,1,0.09,6.9,260.319
2020-10-30,1877.4000244140625,1886.5999755859375,1862.800048828125,1862.800048828125,725,-0.01060329838678855,-0.019120191139192357,36.002488385890764,-7.379142821544747,0.028693403896505248,-0.00478803303039838,0.006325069137299355,0,1,0.09,6.9,260.319
2020-11-02,1890.4000244140625,1894.699951171875,1872.9000244140625,1872.9000244140625,190,-0.0029114998087162234,-0.011871741057819978,50.67809591190722,-7.02203734921568,0.02086448403310944,-0.01204627303344056,0.0069244699216712835,0,1,0.09,6.7,260.911
2020-11-03,1908.5,1908.5,1891.5,1891.5,712,0.006736195224824296,-0.0022104531408452654,52.47591334513179,-5.21835794553067,0.011530178187041802,-0.02137560781313882,0.009574680148212389,0,0,0.09,6.7,260.911
2020-11-04,1894.5999755859375,1907.0,1885.300048828125,1893.800048828125,782,0.0009879818660836416,-0.009299397301575479,47.268114913593,-4.854584201365924,0.018836605613361097,-0.013500362334041912,-0.007283219499115812,0,1,0.09,6.7,260.911
2020-11-05,1945.300048828125,1948.0,1901.699951171875,1901.699951171875,135,0.025380201264067103,0.017163118805892733,60.816713113080795,-0.46980309814057364,-0.003348433467220321,-0.04066538991443039,0.02676030502244031,0,1,0.09,6.7,260.911
2020-11-06,1950.300048828125,1958.800048828125,1940.800048828125,1940.800048828125,304,0.02540512719443113,0.019471551353633834,60.70209102471698,3.369780992399228,-0.0024118752065062656,-0.045037279064001644,0.0025702975759509528,0,0,0.09,6.7,260.911
2020-11-09,1853.199951171875,1963.199951171875,1847.0999755859375,1955.5999755859375,745,-0.023104565345894546,-0.0301556324905115,40.40911932217072,-1.4062766527463282,0.05057506165018189,0.0005419818610483517,-0.04978726104970077,0,1,0.09,6.7,260.911
2020-11-10,1875.4000244140625,1885.300048828125,1871.199951171875,1879.300048828125,276,-0.009658380201492177,-0.0175895026905323,41.96605477448918,-3.361230199819829,0.03836303569450523,-0.012224634362549815,0.01197931892246662,0,0,0.09,6.7,260.911
2020-11-11,1860.699951171875,1878.800048828125,1855.5,1878.800048828125,222,-0.016616133705203928,-0.024190984673105348,43.207808546138516,-6.0272397594415,0.047153139164042686,-0.00718963232995515,-0.007838366775525851,0,1,0.09,6.7,260.911
2020-11-12,1872.5999755859375,1878.5,1866.5999755859375,1869.0,220,-0.010692941204414016,-0.017313266184522988,45.23346700089495,-7.0980174980866195,0.04030154805624647,-0.01493572009116705,0.006395455864105282,0,1,0.09,6.7,260.911
2020-11-13,1885.699951171875,1890.0999755859375,1876.800048828125,1877.0,240,-0.0042087818711090885,-0.010003415372456305,47.350378501049086,-6.811044540049124,0.0327627786767086,-0.02226795532035957,0.006995608115309526,0,1,0.09,6.7,260.911
2020-11-16,1887.300048828125,1887.300048828125,1871.0,1874.5999755859375,6,-0.0032006320711765054,-0.008782434377290387,46.60133362458291,-6.380946317839516,0.03130992915952766,-0.023531677350205508,0.0008485430862188448,0,0,0.09,6.7,260.911
2020-11-17,1884.5,1888.4000244140625,1884.5,1888.4000244140625,59,-0.003416252891089342,-0.009748549750018818,51.44852263218083,-6.194623157749902,0.03196110114144266,-0.02257400099054066,-0.0014836267449171991,0,0,0.09,6.7,260.911
2020-11-18,1873.5,1873.5,1873.5,1873.5,152,-0.00812663790136851,-0.014791535503139826,51.376788131161746,-6.855542355312082,0.03586467321487457,-0.01740724451149515,-0.005837092066861227,0,0,0.09,6.7,260.911
2020-11-19,1861.0999755859375,1865.800048828125,1856.0,1865.800048828125,59,-0.010279572845111804,-0.020353045048196905,47.165213713971276,-8.28440643936392,0.04246843151298939,-0.012711813260135547,-0.00661864126718037,0,1,0.09,6.7,260.911
2020-11-20,1872.5999755859375,1872.5999755859375,1871.199951171875,1871.199951171875,1900,-3.204520099450335e-05,-0.013622617426256083,46.8881086645872,-8.392098739525636,0.035329982137269664,-0.019608504274231518,0.006179141449066616,0,0,0.09,6.7,260.911
2020-11-23,1837.800048828125,1837.800048828125,1829.199951171875,1834.800048828125,843,-0.017807487695077347,-0.03077592231446838,38.321795749684846,-11.156899129283829,0.055318985314697165,-0.00495991474945008,-0.018583748377398956,0,0,0.09,6.7,260.911
2020-11-24,1804.800048828125,1829.300048828125,1799.300048828125,1829.300048828125,1041,-0.031790794721244485,-0.046656138986720996,36.047263682535664,-15.828387763660658,0.0767311999126458,0.005355401558772163,-0.0179562515634073,0,1,0.09,6.7,260.911
2020-11-25,1805.699951171875,1805.699951171875,1801.4000244140625,1801.4000244140625,205754,-0.028441398962721548,-0.04462139738536444,24.338240375976227,-19.23621841258978,0.07859210225667347,-0.0014474484254287318,0.0004986160900950498,0,0,0.09,6.7,260.911
2020-11-27,1781.9000244140625,1817.0,1770.699951171875,1806.0999755859375,71804,-0.0365451978319007,-0.05563380207883779,21.045404840412473,-23.585524691859973,0.09693713424198504,0.0032536472881924796,-0.013180443817571552,0,0,0.09,6.7,260.911
2020-11-30,1775.699951171875,1787.199951171875,1762.300048828125,1785.0,3145,-0.03415305559788181,-0.0571568089172181,30.615321858691658,-27.218912665686503,0.1036321948955254,-0.001835663845585997,-0.0034794731226440723,0,1,0.09,6.7,260.911
2020-12-01,1814.0999755859375,1815.9000244140625,1774.9000244140625,1775.0,1859,-0.009321919634314203,-0.03587578654835717,35.81674661581252,-26.692147305418075,0.07928339793422343,-0.026182663244674442,0.02162528888324866,0,1,0.09,6.7,262.045
2020-12-02,1825.699951171875,1830.0,1807.800048828125,1811.300048828125,771,0.00022460044140569946,-0.0289584146155143,41.78403755868545,-25.049901209401924,0.06946455262702621,-0.033943882646401635,0.006394341955817895,0,1,0.09,6.7,262.045
2020-12-03,1836.800048828125,1842.0,1825.300048828125,1829.199951171875,1765,0.008333271347277314,-0.022814446586549797,41.56458190357139,-22.592294327301943,0.060791231758627086,-0.04071833515539565,0.006079913432174289,0,0,0.09,6.7,262.045
2020-12-04,1835.9000244140625,1847.5999755859375,1828.199951171875,1840.699951171875,1213,0.009235349576198445,-0.022956438383682585,37.55002590940801,-20.481153625612933,0.05291602405350367,-0.0378117463265581,-0.0004899958569996032,0,1,0.09,6.7,262.045
2020-12-07,1861.800048828125,1866.9000244140625,1820.800048828125,1836.5,1427,0.02408116595391166,-0.009216000089220723,44.31564992222985,-16.52762373655105,0.028201860578140666,-0.045883729799913266,0.014107535306737917,0,1,0.09,6.7,262.045
2020-12-08,1870.800048828125,1875.800048828125,1861.800048828125,1863.0,121,0.027167132247451424,-0.00440532626000904,47.02821015794469,-12.523831102823806,0.024188704364953812,-0.05046628290448709,0.004834031455560828,0,0,0.09,6.7,262.045
2020-12-09,1834.5999755859375,1867.0999755859375,1827.0,1867.0999755859375,215,0.005645987823240446,-0.023049359523809362,42.39342720539266,-12.131989940701033,0.04262307746175401,-0.03217935859023295,-0.019350049335771224,0,0,0.09,6.7,262.045
2020-12-10,1833.5999755859375,1849.0999755859375,1828.0,1833.199951171875,177,0.003563028168197713,-0.023021038393388024,44.3716752960317,-11.766507663360244,0.04228694869648258,-0.032224749157987675,-0.000545077953399975,0,1,0.09,6.7,262.045
2020-12-11,1839.800048828125,1846.0,1829.0999755859375,1838.5,109,0.003775502993582464,-0.01900037549381508,43.138094141189825,-10.851477157082854,0.03709479337743442,-0.03558924408161108,0.0033813663420267925,0,0,0.09,6.7,262.045
2020-12-14,1828.699951171875,1835.699951171875,1822.699951171875,1835.5,258,-0.005157304336765336,-0.02417500062709091,47.88664995974464,-10.896387232639427,0.04007774789372953,-0.029540149876012133,-0.006033317404964933,0,1,0.09,6.7,262.045
2020-12-15,1852.300048828125,1853.5999755859375,1833.199951171875,1833.5,961,0.0055917679439928935,-0.010946150775242927,61.534703711784175,-8.924768963330507,0.023797156595010374,-0.04076529863653107,0.012905396339692787,0,1,0.09,6.7,262.045
2020-12-16,1856.0999755859375,1864.699951171875,1850.5,1856.5,1090,0.005994428765604482,-0.008440634870485918,62.06894737365192,-6.9752189658033785,0.019024894147910993,-0.041582917336206705,0.0020514639408537594,0,1,0.09,6.7,262.045
2020-12-17,1887.199951171875,1896.199951171875,1874.199951171875,1874.199951171875,414,0.02006396814791461,0.008134711237202467,74.36365125586414,-2.887394345890243,0.0037894015067867453,-0.05820859661114105,0.01675554980604943,0,0,0.09,6.7,262.045
2020-12-18,1885.699951171875,1889.5,1882.300048828125,1882.4000244140625,276,0.01651696098972856,0.007364629013741799,76.0169812540998,0.22856391012010135,0.006928195044319767,-0.058495203212679876,-0.0007948283376483234,0,0,0.09,6.7,262.045
2020-12-21,1879.199951171875,1908.0,1869.0999755859375,1884.800048828125,136,0.012063745974886242,0.004324685231128598,68.13366093900781,2.148718510582512,0.011046804914613717,-0.05552312962633053,-0.0034469958998304406,0,0,0.09,6.7,262.045
2020-12-22,1866.5999755859375,1882.199951171875,1861.0,1882.199951171875,233,0.005505335774309946,-0.0018128556714646768,61.32962366576743,2.623500062373296,0.019365926580984207,-0.04909911210804625,-0.006704968025398328,0,1,0.09,6.7,262.045
2020-12-23,1874.699951171875,1878.800048828125,1864.5,1867.0,82,0.007691921217348665,0.0026666937290721264,60.67601414500695,3.6117343726277795,0.016721599533490814,-0.05123908286513329,0.00433942767163864,0,1,0.09,6.7,262.045
2020-12-24,1879.9000244140625,1879.9000244140625,1875.699951171875,1877.300048828125,46,0.007978489045831934,0.005678118994360709,62.10119062007322,4.759653314538582,0.0156995993006605,-0.05170686702632613,0.0027738162786727916,0,0,0.09,6.7,262.045
2020-12-28,1877.199951171875,1895.800048828125,1873.699951171875,1895.5,75,0.004516352099056376,0.0045131145877838445,54.85493983470515,5.389388485438758,0.016346297803917158,-0.044451947542225555,-0.0014362855508920358,0,1,0.09,6.7,262.045
2020-12-29,1879.699951171875,1881.300048828125,1879.699951171875,1881.300048828125,343,0.003116549854866485,0.006078086833508064,52.92566809469618,6.020783408674788,0.011956080041441086,-0.0371515503540728,0.0013317707569933113,0,1,0.09,6.7,262.045
2020-12-30,1891.0,1895.800048828125,1877.300048828125,1879.9000244140625,444,0.007067060739604504,0.012293128411705597,72.16976560063338,7.348281521047284,0.006920581229418327,-0.03985025840088845,0.006011623728074289,0,1,0.09,6.7,262.045
2020-12-31,1893.0999755859375,1901.300048828125,1892.699951171875,1897.0,127,0.006202732772987959,0.0136050324249755,73.18778804912486,8.4721224647069,0.007216469155166942,-0.03876787638775719,0.0011105106218600724,0,1,0.09,6.7,262.045
2021-01-04,1944.699951171875,1945.0999755859375,1912.199951171875,1912.199951171875,154,0.0304793310004969,0.041008665153940624,80.19567771787102,13.3723135930652,-0.010848341100613565,-0.06738477095738768,0.027256867704499754,0,1,0.09,6.4,262.687
2021-01-05,1952.699951171875,1952.699951171875,1941.300048828125,1941.699951171875,113,0.031057925473568292,0.04471397287917609,86.34230041586885,17.697280276616084,-0.007108288408279272,-0.07301663627845573,0.004113745153939696,0,0,0.09,6.4,262.687
2021-01-06,1906.9000244140625,1959.9000244140625,1901.5,1952.0,331,0.005404291229307331,0.02015706662132134,64.15975008499971,17.230553118927446,0.01859211158362335,-0.05024038085655625,-0.023454666821867143,0,1,0.09,6.4,262.687
2021-01-07,1912.300048828125,1926.699951171875,1912.0,1922.5999755859375,122,0.005827871586437241,0.0229409081251769,64.45474953297436,17.09929529201463,0.017747625159294907,-0.0527840381523303,0.002831834047367865,0,0,0.09,6.4,262.687
2021-01-08,1834.0999755859375,1908.0,1834.0999755859375,1908.0,60,-0.03323916288163716,-0.01810570967838769,39.006221791789095,10.563411718366979,0.06116524979622838,-0.012449250997696792,-0.040893202554750374,0,1,0.09,6.4,262.687
2021-01-11,1849.5999755859375,1849.5999755859375,1826.5,1826.5,20,-0.023509476826818674,-0.009525614196536253,42.935428896585236,6.5587916909407795,0.051676870516619317,-0.01926444999415494,0.008451011507727868,0,0,0.09,6.4,262.687
2021-01-12,1842.9000244140625,1859.699951171875,1839.4000244140625,1849.0,176,-0.025281622514158723,-0.012873497296633446,42.90185444659008,2.812055773224529,0.055377045646657165,-0.015407480757864746,-0.00362237849281577,0,1,0.09,6.4,262.687
2021-01-13,1853.5999755859375,1858.5999755859375,1853.5999755859375,1858.0,189,-0.018267145542229187,-0.006888993818890021,47.438928782712004,0.6980900534169905,0.0482135709808813,-0.01867644704467466,0.005806039953402786,0,0,0.09,6.4,262.687
2021-01-14,1850.300048828125,1850.699951171875,1836.699951171875,1836.699951171875,149,-0.01789787071074327,-0.00823085546127766,45.10042121611446,-1.2293483579205713,0.05013753520109981,-0.01708891383756203,-0.001780279888474512,0,0,0.09,6.4,262.687
2021-01-15,1829.300048828125,1829.4000244140625,1825.0,1829.4000244140625,31,-0.02574505951642868,-0.018653756883302924,40.445621302566195,-4.400653684661847,0.06327202793489317,-0.008349450793304347,-0.011349510590620282,0,1,0.09,6.4,262.687
2021-01-19,1839.5,1842.9000244140625,1802.0,1802.0,13,-0.014792839890244177,-0.012598160560128111,43.07749206519985,-6.021473392076814,0.05730789980932335,-0.01637287638668822,0.0055758765099303,0,1,0.09,6.4,262.687
2021-01-20,1865.9000244140625,1866.5999755859375,1844.4000244140625,1847.800048828125,16,0.004014124592036543,0.002427244809605507,47.67050392978439,-5.11674074927646,0.04184598892155341,-0.03084865047172135,0.01435173928462219,0,0,0.09,6.4,262.687
2021-01-21,1865.300048828125,1868.0,1865.300048828125,1865.300048828125,6,0.005943024589984168,0.00302097574501697,45.49912904574711,-4.397455497535702,0.04189082168832716,-0.030991827163396168,-0.0003215475524342981,0,0,0.09,6.4,262.687
2021-01-22,1855.699951171875,1855.699951171875,1852.699951171875,1854.9000244140625,8,0.0038298535229552913,-0.0021680776954293404,43.61774061505965,-4.549619224476601,0.04724172669240153,-0.026527123630441008,-0.005146677427195323,0,0,0.09,6.4,262.687
2021-01-25,1854.9000244140625,1864.699951171875,1851.800048828125,1864.699951171875,26,0.0022694181549296976,-0.002378270266052669,31.461604021166266,-4.680800128264536,0.04747429842791399,-0.026955699996986934,-0.00043106470812126485,0,0,0.09,6.4,262.687
2021-01-26,1850.699951171875,1855.800048828125,1850.699951171875,1855.800048828125,59,-5.946509537404742e-05,-0.004530118777230888,28.607373787233,-5.065283315756687,0.049440819778941436,-0.025914538350633752,-0.002264312462616047,0,0,0.09,6.4,262.687
2021-01-27,1844.9000244140625,1844.9000244140625,1844.9000244140625,1844.9000244140625,195540,-0.0033008926582391344,-0.007354033440650934,34.3749923090743,-5.771464775916684,0.052421487116925486,-0.024284488882045326,-0.0031339098237614937,0,0,0.09,6.4,262.687
2021-01-28,1837.9000244140625,1862.9000244140625,1831.5,1843.4000244140625,27283,-0.00623972129021368,-0.010611458521660235,31.399982543934655,-6.817373728737948,0.05603063459618227,-0.022443412639227566,-0.0037942435402282815,0,1,0.09,6.4,262.687
2021-01-29,1847.300048828125,1876.0,1838.699951171875,1842.0,1634,-0.000995038669725785,-0.005122730926553469,55.03052226995252,-6.809267698872418,0.04937202237824876,-0.028498362934653545,0.005114546106532281,0,1,0.09,6.4,262.687
2021-02-01,1860.800048828125,1871.9000244140625,1850.0,1866.5999755859375,1494,0.0045943314018796364,0.00240368445075444,54.33439940287508,-5.648395251554575,0.04031884662176321,-0.03584232081833818,0.0073079627798224855,0,0,0.08,6.2,263.579
2021-02-02,1830.5,1861.300048828125,1827.5999755859375,1859.5999755859375,1293,-0.011283421906326058,-0.013461759219547455,45.94239844312343,-7.091608536936292,0.049365115740110085,-0.01794745828441141,-0.016283344815692047,0,1,0.08,6.2,263.579
2021-02-03,1832.199951171875,1842.4000244140625,1829.800048828125,1834.800048828125,1195,-0.008560543765567743,-0.012237881511993266,42.55909759602855,-8.005906504228733,0.035631869090659955,-0.01267579401708264,0.0009286813285305229,0,0,0.08,6.2,263.579
2021-02-04,1788.9000244140625,1832.199951171875,1782.800048828125,1832.199951171875,2375,-0.02797247325670006,-0.034710269644360144,33.29704872652985,-12.08512663017541,0.05813687034963916,0.007188173839349246,-0.023632751834819055,0,1,0.08,6.2,263.579
2021-02-05,1810.9000244140625,1813.5,1790.9000244140625,1794.300048828125,1278,-0.013617292677565269,-0.022555321606695714,45.021636443022935,-13.388388818536214,0.03767617967416077,-0.0030414842975240823,0.012298060092657215,0,1,0.08,6.2,263.579
2021-02-08,1831.9000244140625,1836.699951171875,1809.0,1816.300048828125,254,-0.0009271312072705722,-0.01150962005397656,48.0572657120301,-12.581675275872612,0.02578375053938478,-0.01459319684500697,0.011596443600907724,0,1,0.08,6.2,263.579
2021-02-09,1835.300048828125,1843.300048828125,1830.699951171875,1841.9000244140625,184,0.0017685156690336857,-0.009991223908483293,41.13557939911127,-11.535026817383368,0.02346464932737087,-0.01677912992695134,0.0018560098088049592,0,1,0.08,6.2,263.579
2021-02-10,1840.5999755859375,1851.0999755859375,1837.0,1842.5999755859375,543,0.004897254583294923,-0.007760676012555827,43.03438143098412,-10.160763619170211,0.020452493219834517,-0.019670098510122812,0.002887771272711781,0,0,0.08,6.2,263.579
2021-02-11,1824.9000244140625,1845.0,1820.9000244140625,1840.5,602,-0.0029666741107238874,-0.016745856952088665,41.603063342853595,-10.220687262552701,0.028566204877510694,-0.012143396773390486,-0.008529800815017974,0,0,0.08,6.2,263.579
2021-02-12,1821.5999755859375,1827.5,1809.199951171875,1825.0,259,-0.003370264228768965,-0.01860323598781476,41.04355397493716,-10.414412675850144,0.0299271190477904,-0.011426859005051046,-0.0018083449964250153,0,0,0.08,6.2,263.579
2021-02-16,1797.199951171875,1823.4000244140625,1787.300048828125,1820.9000244140625,1141,-0.013286509733240963,-0.03145144798773683,37.02085443356611,-12.39394977427537,0.0453256020788088,-0.0012069094130394212,-0.013394831324706202,0,0,0.08,6.2,263.579
2021-02-17,1771.0999755859375,1789.699951171875,1768.800048828125,1785.800048828125,614,-0.02443459070004908,-0.044840880344303675,33.7013956136624,-15.885676895004963,0.06402256910372163,0.006357456164991985,-0.014522577506703604,0,1,0.08,6.2,263.579
2021-02-18,1773.4000244140625,1784.5999755859375,1766.0,1776.0999755859375,587,-0.019993578825542473,-0.04295528656511758,35.45331208711097,-18.256847503076415,0.06240211719435036,7.67154737133673e-05,0.0012986555585965398,0,1,0.08,6.2,263.579
2021-02-19,1775.800048828125,1787.5999755859375,1764.300048828125,1764.300048828125,118,-0.01795636623102603,-0.04076969061704064,33.34885508596095,-19.7150920717761,0.0595799922086086,-0.004928617120053082,0.0013533463296615533,0,1,0.08,6.2,263.579
2021-02-22,1806.699951171875,1807.800048828125,1784.0,1784.0,165,-0.0006361417308542794,-0.023402262650659672,38.34551232221955,-18.16796848909894,0.03928397765085246,-0.02248533333606432,0.01740055270532359,0,0,0.08,6.2,263.579
2021-02-23,1804.4000244140625,1811.300048828125,1796.4000244140625,1809.5999755859375,569,-0.00038777662508304755,-0.02432692574520414,43.60607302099002,-16.932262192877033,0.03823981579414166,-0.02166923112646766,-0.0012729987380144525,0,0,0.08,6.2,263.579
2021-02-24,1796.4000244140625,1805.800048828125,1796.4000244140625,1805.800048828125,1500,-0.002670412195718934,-0.028261751661752845,41.49240395800638,-16.409332619564793,0.04069052206429142,-0.018162148565562912,-0.004433606679094204,0,0,0.08,6.2,263.579
2021-02-25,1774.4000244140625,1802.0,1766.699951171875,1801.5,1049,-0.011250468352034101,-0.039482744202699954,46.166046739216036,-17.567614775863603,0.05242222575800733,-0.008790592733943198,-0.012246715487089666,0,0,0.08,6.2,263.579
2021-02-26,1728.0999755859375,1768.199951171875,1718.800048828125,1768.0999755859375,1593,-0.03182794765582641,-0.06352591522705164,30.599792240122824,-21.9683512461379,0.08358261973188708,0.008449129428133337,-0.026093354480996478,0,0,0.08,6.2,263.579
2021-03-01,1722.5,1747.0,1720.300048828125,1737.0999755859375,407,-0.029577464788732393,-0.06524558547257862,22.373714176502673,-25.612591818066903,0.08783648597140416,0.00375132811604141,-0.003240539126816877,0,1,0.07,6.1,264.961
2021-03-02,1733.0999755859375,1733.0999755859375,1708.699951171875,1709.4000244140625,867,-0.020066848057762123,-0.0582360317316666,25.097427300584116,-27.330302569069772,0.07776315372447022,-0.006336200280725751,0.006153831980225011,0,0,0.07,6.1,264.961
2021-03-03,1715.300048828125,1732.4000244140625,1703.5,1730.0,501,-0.027061650627748037,-0.06616389017389743,21.221859182223582,-29.784568083224258,0.08916661234199813,-0.002960172967737045,-0.010270571235681092,0,0,0.07,6.1,264.961
2021-03-04,1700.199951171875,1717.4000244140625,1700.199951171875,1706.5,521,-0.03160583656133404,-0.07251129405203235,21.280495793324988,-32.57256659728296,0.09887536381279026,-0.0019043546871690808,-0.00880318149968351,0,0,0.07,6.1,264.961
2021-03-05,1698.0,1701.0,1685.0,1690.5999755859375,302,-0.028554100398936914,-0.0718765478033784,21.388878370993368,-34.56119325765212,0.10226466385110305,-0.007930149785842347,-0.0012939367339462882,0,0,0.07,6.1,264.961
2021-03-08,1677.699951171875,1705.4000244140625,1673.699951171875,1704.699951171875,1290,-0.033031536687029,-0.08107489036003605,21.802724145161775,-37.34475145069587,0.1168318442537963,-0.005095478592044394,-0.011955270216799208,0,1,0.07,6.1,264.961
2021-03-09,1716.5999755859375,1717.5,1685.199951171875,1686.199951171875,335,-0.005578640813045128,-0.05813698377442947,37.872716545827714,-35.9968848230335,0.08737114751394487,-0.030205795714140133,0.02318652056161219,0,1,0.07,6.1,264.961
2021-03-10,1721.5,1722.9000244140625,1711.0,1713.5999755859375,412,0.0016058332157900352,-0.05380374740984621,38.58336094640236,-34.13975791279677,0.07878137566815414,-0.03408199269227912,0.002854494048556644,0,1,0.07,6.1,264.961
2021-03-11,1722.300048828125,1737.5,1720.199951171875,1725.5999755859375,18,0.005118122349670032,-0.05174936245049091,38.147981485547895,-32.23186532261525,0.07108361771354424,-0.03420276323980881,0.00046473937155089295,0,0,0.07,6.1,264.961
2021-03-12,1719.5,1722.5,1699.0,1715.9000244140625,80,0.003987928148612897,-0.051618014557739525,27.935245932021203,-30.59312869468681,0.06671813376378725,-0.03265009498752594,-0.0016257613358544587,0,1,0.07,6.1,264.961
2021-03-15,1728.9000244140625,1731.9000244140625,1722.800048828125,1729.5,147,0.009099361398511646,-0.044725340637289876,31.55839571018973,-28.210719090547627,0.054276407118466354,-0.036629378198555954,0.005466719635977002,0,1,0.07,6.1,264.961
2021-03-16,1730.5999755859375,1733.9000244140625,1726.0,1732.300048828125,729,0.010238974730798248,-0.042065867348456173,33.41733864765391,-25.887060542647305,0.04905285081019114,-0.03723611146163012,0.0009832559129330232,0,0,0.07,6.1,264.961
2021-03-17,1726.800048828125,1750.0999755859375,1725.5999755859375,1735.300048828125,488,0.007344520967362294,-0.041857932369723586,36.79246497254096,-24.07464916480012,0.04940556960995491,-0.035727141882321796,-0.0021957279622206727,0,1,0.07,6.1,264.961
2021-03-18,1732.199951171875,1750.300048828125,1721.800048828125,1745.800048828125,138,0.008611777987962217,-0.03650407825618016,51.4716359445995,-21.949552323796752,0.043895119015518555,-0.038872547775769886,0.003127115005246095,0,1,0.07,6.1,264.961
2021-03-19,1741.4000244140625,1742.199951171875,1733.5999755859375,1742.199951171875,13,0.01141282091712647,-0.029600138197580707,56.613023507714175,-19.300544086325772,0.036041058044550496,-0.04358674030325647,0.0053112074249646035,0,0,0.07,6.1,264.961
2021-03-22,1737.800048828125,1737.800048828125,1737.800048828125,1737.800048828125,51,0.005811014843353133,-0.029719220684067484,51.72923929280073,-17.292338601301253,0.031175514282701672,-0.03855846397284774,-0.002067288121894273,0,0,0.07,6.1,264.961
2021-03-23,1724.699951171875,1724.699951171875,1724.699951171875,1724.699951171875,6,-0.0022388773008589313,-0.03585566821843263,53.58227452381484,-16.566916583033617,0.0305070942308234,-0.027376058219266145,-0.00753832275760602,0,1,0.07,6.1,264.961
2021-03-24,1732.9000244140625,1732.9000244140625,1727.5,1727.5,26,0.0018442482441722702,-0.030006046030349596,63.15367187584396,-15.155632331930974,0.01699198707000815,-0.02700413352028688,0.00475449265051342,0,0,0.07,6.1,264.961
2021-03-25,1724.9000244140625,1733.199951171875,1724.5,1732.699951171875,15,-0.0029306767682048956,-0.03320691313981073,60.3381933061295,-14.515388176999522,0.015541591498538083,-0.019194005400187304,-0.004616538685031757,0,1,0.07,6.1,264.961
2021-03-26,1732.199951171875,1732.199951171875,1721.300048828125,1721.300048828125,33,0.0005544862232359865,-0.02779230722816052,73.27068938916942,-13.26602451736153,0.011517658094759714,-0.023346491579770742,0.004232086877204555,0,0,0.07,6.1,264.961
2021-03-29,1712.0999755859375,1712.0999755859375,1712.0999755859375,1712.0999755859375,135457,-0.01009506579552164,-0.03758052663166866,47.71108964153816,-13.739415434559078,0.023274269428155712,-0.012369506732318986,-0.011603727140356623,0,0,0.07,6.1,264.961
2021-03-30,1683.9000244140625,1712.5999755859375,1676.5,1711.0,25316,-0.023763821443295894,-0.05188265327957322,34.53948061882433,-16.203299973885805,0.04117319356155347,0.0004860202604099309,-0.016470972241106496,0,1,0.07,6.1,264.961
2021-03-31,1713.800048828125,1713.800048828125,1676.5,1683.699951171875,762,-0.005679978184727346,-0.03367966037173273,47.179826558037284,-15.563853719827648,0.02298806008779585,-0.017036430928533807,0.017756413077116395,0,1,0.07,6.1,264.961
2021-04-01,1726.5,1728.800048828125,1706.4000244140625,1706.800048828125,720,0.00201970532030298,-0.024986109685334587,52.17932950957485,-13.872395692597365,0.015635546814659954,-0.022916169529509256,0.007410404253727965,0,1,0.07,6.1,266.614
2021-04-05,1727.0,1729.699951171875,1721.9000244140625,1727.9000244140625,275,0.003148267929352718,-0.02317789184129192,49.37375525558752,-12.349203270207909,0.015262670591835913,-0.021441011713542735,0.0002896032435564244,0,1,0.07,6.1,266.614
2021-04-06,1741.5,1744.800048828125,1726.9000244140625,1726.9000244140625,890,0.011353407474084587,-0.013702263162657546,53.313079788035324,-9.85839207579761,0.004940825862297192,-0.024056525106842228,0.008396062536189852,0,0,0.07,6.1,266.614
2021-04-07,1740.0999755859375,1742.699951171875,1733.699951171875,1742.699951171875,557,0.009637406147411631,-0.013212007331891543,54.1023839484669,-7.9062383345662965,0.0067483914815179525,-0.022919842433222242,-0.0008039186988587632,0,1,0.07,6.1,266.614
2021-04-08,1756.800048828125,1758.0,1734.5999755859375,1736.0,1298,0.01791552359250606,-0.002679479109862054,57.093447772394676,-4.954473995654098,6.755768738681196e-05,-0.03308786813564093,0.009597191814547434,0,0,0.07,6.1,266.614
2021-04-09,1743.300048828125,1750.800048828125,1733.300048828125,1750.800048828125,484,0.009017688883533577,-0.00920037902705371,50.53461554049923,-3.662299952396552,0.008799980418534163,-0.0253835186495152,-0.007684426015928891,0,0,0.07,6.1,266.614
2021-04-12,1731.199951171875,1740.800048828125,1726.699951171875,1740.800048828125,40,0.0020721824431756855,-0.014882631886483725,48.227687773051734,-3.5734272249594596,0.016007010278906938,-0.01805177268531117,-0.006940915113484825,0,1,0.07,6.1,266.614
2021-04-13,1746.199951171875,1746.9000244140625,1722.0999755859375,1733.800048828125,367,0.008763537458202167,-0.00520246356306893,55.71504222163959,-2.2664935812413205,0.00831016709024724,-0.026526809394581307,0.008664510410739235,0,0,0.07,6.1,266.614
2021-04-14,1734.9000244140625,1745.9000244140625,1732.699951171875,1741.300048828125,1037,-0.0007084610399513386,-0.010220124346228668,50.52301268586678,-2.11813239284038,0.015041749085101589,-0.020102583358172606,-0.006471152831168725,0,1,0.07,6.1,266.614
2021-04-15,1765.4000244140625,1767.9000244140625,1740.0999755859375,1740.0999755859375,368,0.013846069258338624,0.007929162029977996,59.475902960648455,0.45529169941482905,0.0006812355388299057,-0.0380212395230212,0.017580263744765956,0,1,0.07,6.1,266.614
2021-04-16,1779.0,1779.5,1770.0999755859375,1770.4000244140625,625,0.018585315831999003,0.016311251189710146,60.63637473366477,3.551216984254552,-0.0023692567600719773,-0.04734405984160021,0.007703622633885132,0,0,0.07,6.1,266.614
2021-04-19,1769.4000244140625,1788.5,1769.4000244140625,1782.0999755859375,144,0.010635270838894593,0.01105221738479264,63.67542931458831,5.170519744903459,0.0054367807187464725,-0.04298625406890184,-0.005396276327114924,0,1,0.07,6.1,266.614
2021-04-20,1777.300048828125,1777.300048828125,1765.5,1769.300048828125,1464,0.01307601571787126,0.015956481505864012,74.68287216107598,7.01048231981099,0.004210759135809263,-0.048260770805052124,0.004464804060731575,0,1,0.07,6.1,266.614
2021-04-21,1792.300048828125,1794.0999755859375,1777.699951171875,1783.0,250,0.01859536447361835,0.024994964425268766,72.51863970428599,9.568738099925895,0.0006956253655479973,-0.05734355002045391,0.00843976795583301,0,0,0.07,6.1,266.614
2021-04-22,1781.199951171875,1794.199951171875,1779.5,1794.199951171875,159,0.010885202079392177,0.019277664005224727,65.83667901269473,10.578546227438437,0.009817865061423374,-0.051643539987870836,-0.0061932139451247314,0,0,0.07,6.1,266.614
2021-04-23,1777.0,1794.5,1772.0,1786.0999755859375,332,0.006576449137322586,0.017614988498481567,64.1723238320635,10.914114368019,0.014306440340934307,-0.048572051052456586,-0.0023579335768069143,0,1,0.07,6.1,266.614
2021-04-26,1779.199951171875,1779.699951171875,1770.800048828125,1778.0,549,0.005089820142494552,0.01940837996818878,61.486876519369076,11.228141188531936,0.015156677655272446,-0.049211249508321966,0.0012380141653769439,0,0,0.07,6.1,266.614
2021-04-27,1778.0,1782.0,1777.699951171875,1780.0,117,0.002610844131038025,0.01923008489016461,61.56193373050245,11.250494972219713,0.016936242728065272,-0.04595760819092744,-0.0006744330062985471,0,0,0.07,6.1,266.614
2021-04-28,1773.199951171875,1774.0,1764.5999755859375,1768.199951171875,756,-0.002250758962483145,0.01675824850742218,55.39470471833882,10.756887973466746,0.0168429519173968,-0.03549279309243315,-0.0026996900045697103,0,0,0.07,6.1,266.614
2021-04-29,1768.0999755859375,1789.0,1758.5999755859375,1781.0,196,-0.005271548637664711,0.013868788312255157,58.6350734589683,9.84073756618136,0.018813792847629945,-0.028677462240816798,-0.0028761424127984325,0,0,0.07,6.1,266.614
2021-04-30,1767.300048828125,1771.800048828125,1763.9000244140625,1771.800048828125,18,-0.005066684215433741,0.013480992485726467,63.6432921203174,8.946998929466417,0.018811363254156263,-0.02546563524528852,-0.00045242167799219857,0,1,0.07,6.1,266.614
2021-05-03,1791.4000244140625,1793.0,1788.5,1788.5,18,0.007253317072849311,0.027117662082935166,65.9830776097318,10.067321424029842,0.0061487417051660056,-0.03602484040780945,0.013636606642951188,0,0,0.06,5.8,268.383
2021-05-04,1775.800048828125,1788.5,1774.800048828125,1788.199951171875,182,-0.0014338860021227032,0.018534158201905317,64.03571461485808,9.585897161644198,0.015202931291348646,-0.02584043966572391,-0.008708259112053973,0,1,0.06,5.8,268.383
2021-05-05,1784.0999755859375,1784.0999755859375,1779.199951171875,1781.5,57,0.003696130550385991,0.023533040988983542,57.57084540036176,9.76157433661865,0.010935400423308754,-0.028361521062114026,0.004673908395987247,0,1,0.06,5.8,268.383
2021-05-06,1815.5,1815.5,1787.5999755859375,1788.9000244140625,13,0.019394036075349744,0.04131893781807339,62.915799876979214,12.292815388941335,-0.002020601268044846,-0.04646190774720582,0.017599924244015464,0,1,0.06,5.8,268.383
2021-05-07,1831.0999755859375,1842.9000244140625,1831.0999755859375,1842.9000244140625,2,0.02503959459183352,0.04958395786815586,70.94366360592701,15.380334888198377,-0.004969570072917514,-0.0553438781744626,0.008592660746867153,0,1,0.06,5.8,268.383
2021-05-10,1837.5,1845.5999755859375,1835.4000244140625,1835.5999755859375,13,0.02527619685302977,0.051933151699971154,70.64472970348093,18.13460043331702,-0.004052105026254189,-0.05723224738658605,0.0034951802192091375,0,0,0.06,5.8,268.383
2021-05-11,1835.9000244140625,1838.0999755859375,1831.5999755859375,1837.199951171875,420,0.021084667835293888,0.04965433981605828,66.46527490298436,19.95820529590401,0.0008158700869621444,-0.05552475277492663,-0.0008707350127551416,0,0,0.06,5.8,268.383
2021-05-12,1822.5999755859375,1825.199951171875,1821.699951171875,1825.199951171875,3,0.010910002412658035,0.04098483675440961,65.37894019903123,20.098539053284185,0.008678063757738823,-0.044379779526797544,-0.007244429789890039,0,1,0.06,5.8,268.383
2021-05-13,1823.800048828125,1826.800048828125,1814.0999755859375,1814.699951171875,100,0.008460069957324555,0.0403808113099803,67.7811933592192,20.075176312109534,0.010040715535165008,-0.043832846625210385,0.0006584402821587787,0,1,0.06,5.8,268.383
2021-05-14,1837.9000244140625,1842.9000244140625,1824.5,1824.5,41,0.01230475144213023,0.04677959411231486,70.45300459103859,20.952879609359343,0.00575140104956629,-0.05142311221310515,0.007731097274066512,0,1,0.06,5.8,268.383
2021-05-17,1867.5,1867.5,1847.199951171875,1849.9000244140625,13,0.024314788252162177,0.06158862339185564,76.03259186879174,23.76301124671727,-0.003616277015594601,-0.06777863204774212,0.016105324115969877,0,1,0.06,5.8,268.383
2021-05-18,1867.800048828125,1870.5,1867.800048828125,1870.5,3,0.01933563710510861,0.05946939356332681,78.25572068196071,25.717813305047684,0.001802968119330263,-0.06866242152301878,0.0001606687165327525,0,1,0.06,5.8,268.383
2021-05-19,1881.300048828125,1884.9000244140625,1863.5999755859375,1866.4000244140625,348,0.02128562332344583,0.06513682166922745,82.19571115013474,28.033195962656237,0.0011521485383029718,-0.07715283243829775,0.007227754388629659,0,1,0.06,5.8,268.383
2021-05-20,1881.800048828125,1885.0,1864.800048828125,1865.5,85,0.017893477080029956,0.06348952081349946,82.62108262108262,29.56766162360168,0.006386847914180742,-0.0775527938656669,0.0002657736602469374,0,0,0.06,5.8,268.383
2021-05-21,1876.699951171875,1876.699951171875,1872.0999755859375,1872.0999755859375,5,0.012637018618917018,0.058759515955132256,77.25235150918569,30.026079503631763,0.013104907691122053,-0.0737165627751911,-0.00271022293756773,0,1,0.06,5.8,268.383
2021-05-24,1884.5999755859375,1884.5999755859375,1882.0999755859375,1882.0999755859375,39,0.0143219073986978,0.061239458493024715,86.55907318549826,30.673262644906572,0.012997852621232512,-0.07614649852230028,0.004209529823416602,0,1,0.06,5.8,268.383
2021-05-25,1898.0999755859375,1898.0999755859375,1882.5,1882.5,56,0.018179263947077088,0.06680858420813802,87.0129283353282,31.90768518983805,0.010507799357757691,-0.08110468081205431,0.007163323875032379,0,1,0.06,5.8,268.383
2021-05-26,1901.300048828125,1901.300048828125,1901.300048828125,1901.300048828125,170526,0.015608324148293572,0.0665606309826776,84.10168879711534,32.76648151427685,0.012654119396117231,-0.07976087393611438,0.0016859350315305832,0,0,0.06,5.8,268.383
2021-05-27,1895.699951171875,1903.9000244140625,1888.199951171875,1896.800048828125,35794,0.008742726581929452,0.06140787975175607,77.89280831340122,32.61918900370301,0.017570105960675327,-0.07223586820244705,-0.0029454044666445967,0,1,0.06,5.8,268.383
2021-05-28,1902.5,1905.4000244140625,1881.9000244140625,1897.5,2415,0.008893105096574922,0.06318771609319938,77.96891315812142,32.67451427653759,0.015257507240726758,-0.0697699831153982,0.0035870913136444305,0,1,0.06,5.8,268.383
2021-06-01,1902.9000244140625,1916.199951171875,1892.800048828125,1905.0999755859375,640,0.0072144357540232995,0.061495218965660195,79.13031109752421,32.377411930432345,0.01700459993230383,-0.06606657532874358,0.00021026250410649538,0,1,0.08,5.9,270.654
2021-06-02,1907.5,1908.800048828125,1896.0,1899.199951171875,1267,0.007532060140396874,0.06205047056010861,89.93400420067225,32.14261570110352,0.014577560731077636,-0.06143994093258489,0.0024173501113669005,0,0,0.08,5.9,270.654
2021-06-03,1871.199951171875,1908.800048828125,1865.0,1908.800048828125,1021,-0.011113892912228845,0.04014262889987779,66.76088097573104,28.69663053569775,0.031161213486412116,-0.03547924214736364,-0.019030169765727356,0,1,0.08,5.9,270.654
2021-06-04,1889.800048828125,1895.5,1854.0,1869.300048828125,367,-0.0017062296213757617,0.048652668476267404,67.78610076663904,27.153525953776807,0.020728408148389322,-0.04075702729922997,0.009940197809753748,0,1,0.08,5.9,270.654
2021-06-07,1896.800048828125,1899.699951171875,1883.199951171875,1890.5,87,0.0009287647672087918,0.05053282289072096,61.88155766188354,26.193503549664456,0.01759843998071461,-0.04147026461134693,0.0037040955757943195,0,0,0.08,5.9,270.654
2021-06-08,1892.199951171875,1902.9000244140625,1890.0,1896.5,930,-0.0018989602427075401,0.04613102128740865,59.56104635589264,24.77588842230125,0.020334079450394494,-0.03651095741530255,-0.002425188495272401,0,1,0.08,5.9,270.654
2021-06-09,1893.199951171875,1897.699951171875,1889.199951171875,1894.9000244140625,148,-0.001113298821531446,0.04459211500742239,55.16934915961752,23.46264707268847,0.019626318658575892,-0.033824446544060464,0.0005284853745930462,0,1,0.08,5.9,270.654
2021-06-10,1894.199951171875,1899.800048828125,1871.5,1887.699951171875,186,-0.00021114568968181493,0.04272402334322338,55.36325237592397,22.246145763758932,0.01704784222714497,-0.02851437058783888,0.0005282062253282316,0,0,0.08,5.9,270.654
2021-06-11,1877.4000244140625,1902.300048828125,1875.199951171875,1900.9000244140625,349,-0.008120358386267363,0.031617828786535344,50.27496895511798,19.699364019515542,0.02220088995623574,-0.0130180022449917,-0.00886914116295856,0,0,0.08,5.9,270.654
2021-06-14,1864.0,1866.5999755859375,1846.5,1866.199951171875,41,-0.01319272133367482,0.022709190393529782,42.24400933540828,16.410580203735435,0.02671131979816959,-0.001684495763834776,-0.007137543538833557,0,0,0.08,5.9,270.654
2021-06-15,1854.5,1867.199951171875,1854.4000244140625,1866.4000244140625,78,-0.015699966450878587,0.01607530162799282,33.074598178618245,12.889047810133206,0.033003187604670484,0.0016961922820913943,-0.005096566523605128,0,1,0.08,5.9,270.654
2021-06-16,1859.5,1860.0999755859375,1809.199951171875,1859.4000244140625,117,-0.01052530370826635,0.017499123137296093,33.99696040109245,10.381989122152845,0.03072429737231171,-0.0019423693716730498,0.0026961445133459883,0,0,0.08,5.9,270.654
2021-06-17,1773.800048828125,1823.300048828125,1769.5999755859375,1811.800048828125,1135,-0.05121043330886512,-0.029752835290949926,21.072665081550085,1.4629927446719648,0.09352317998406255,0.02721754138553636,-0.04608763171383434,0,0,0.08,5.9,270.654
2021-06-18,1767.9000244140625,1792.4000244140625,1767.9000244140625,1775.699951171875,354,-0.048159999777068085,-0.03309748924248098,17.921862263139857,-6.012154430198734,0.10453501538832924,0.016840594592090655,-0.0033262060275397465,0,1,0.08,5.9,270.654
2021-06-21,1781.800048828125,1785.199951171875,1766.800048828125,1768.800048828125,38,-0.03469943450002704,-0.025905487195561103,22.884038758524554,-10.69140278283362,0.0991570506791956,0.0003433982638595762,0.007862449359187895,0,0,0.08,5.9,270.654
2021-06-22,1776.300048828125,1786.9000244140625,1775.9000244140625,1783.4000244140625,101,-0.0315985523474973,-0.029390912560001127,20.740446726863283,-14.674387642786087,0.10467924515803573,-0.004775001938287764,-0.0030867661069026164,0,1,0.08,5.9,270.654
2021-06-23,1782.300048828125,1793.199951171875,1780.5999755859375,1780.699951171875,136,-0.02241698265400012,-0.026496446000419484,27.075854774840565,-17.14909785907048,0.10071549778301872,-0.014377667329178483,0.003377807709884495,0,0,0.08,5.9,270.654
2021-06-24,1775.5999755859375,1786.4000244140625,1775.5999755859375,1778.9000244140625,78,-0.01971503826154932,-0.030587080409277455,18.626374547686197,-19.427020847170752,0.1038391386883743,-0.016707993880435968,-0.0037592285578361695,0,1,0.08,5.9,270.654
2021-06-25,1776.5999755859375,1788.0,1775.199951171875,1777.699951171875,35,-0.01367401235279204,-0.03015972374518272,15.8522756040569,-20.91055571423294,0.10166259791247648,-0.02241005768393156,0.0005631899153806241,0,1,0.08,5.9,270.654
2021-06-28,1779.5999755859375,1779.5999755859375,1779.5999755859375,1779.5999755859375,888,-0.007357269370493805,-0.028528396906737526,17.717901426836562,-21.59525618598559,0.09673085875921028,-0.02788951223502128,0.0016886187331002223,0,0,0.08,5.9,270.654
2021-06-29,1762.800048828125,1777.0999755859375,1752.0999755859375,1776.800048828125,419,-0.011672873412015509,-0.03763001730652937,15.720311298630776,-23.22576773643209,0.10388493526297088,-0.023274593412091937,-0.009440282641204889,0,1,0.08,5.9,270.654
2021-06-30,1770.800048828125,1770.800048828125,1759.199951171875,1761.0999755859375,51,-0.0022256517997465597,-0.03319394122764979,18.711984559215878,-23.600376298902574,0.09376107694677893,-0.030270046715558236,0.0045382345010247516,0,1,0.08,5.9,270.654
2021-07-01,1775.9000244140625,1781.199951171875,1768.800048828125,1775.699951171875,44,0.0005295907681129344,-0.03023583650751346,22.64150943396227,-23.218087219351446,0.08804816724449513,-0.03584929663716876,0.0028800403463464797,0,1,0.1,5.4,271.903
2021-07-02,1782.5999755859375,1787.9000244140625,1778.300048828125,1778.699951171875,23,0.00347323476677201,-0.026592083670886797,27.237120313723565,-22.11951035733864,0.07900746602787627,-0.04053553353756732,0.0037727074045654785,0,1,0.1,5.4,271.903
2021-07-06,1793.5,1809.800048828125,1786.699951171875,1786.699951171875,332,0.008944637535880507,-0.020816456867489747,33.07435723392119,-20.137210180482043,0.06594962438913514,-0.04562622756335803,0.006114677753476183,0,1,0.1,5.4,271.903
2021-07-07,1801.5,1808.4000244140625,1797.199951171875,1798.699951171875,244,0.012010422099529435,-0.016688193949439437,34.17030145778111,-17.716465481457817,0.05458518719726355,-0.04826821962033104,0.004460551993309192,0,0,0.1,5.4,271.903
2021-07-08,1799.5999755859375,1818.5,1797.0,1797.0,148,0.009961543107409486,-0.01795684716351352,62.97782717353261,-15.769542488398884,0.047927581835372116,-0.04469349179406723,-0.0010546902104149325,0,1,0.1,5.4,271.903
2021-07-09,1810.0,1810.0999755859375,1798.800048828125,1803.5999755859375,218,0.013840887208690249,-0.012678089826259063,70.25984874563679,-13.234834007947484,0.03304122144171697,-0.04596938474886486,0.005779075658564725,0,0,0.1,5.4,271.903
2021-07-12,1805.5,1805.5,1799.5,1802.5999755859375,147,0.00968582305466647,-0.015534439779083411,62.539656704695766,-11.457101335138077,0.02794796869016671,-0.03990586291744111,-0.0024861878453038555,0,1,0.1,5.4,271.903
2021-07-13,1809.4000244140625,1812.0,1800.5999755859375,1808.0999755859375,78,0.010183352994143796,-0.013860659900810802,67.8148368607571,-9.622612520446182,0.019380174268788974,-0.03864071585375319,0.002160079985634278,0,1,0.1,5.4,271.903
2021-07-14,1824.300048828125,1829.0,1813.0999755859375,1813.0999755859375,707,0.015016907999093398,-0.006096442068026601,70.62867379902296,-6.887069620971033,0.0068269469607142195,-0.043920663207032425,0.00823478734001215,0,1,0.1,5.4,271.903
2021-07-15,1828.4000244140625,1833.0,1823.4000244140625,1831.5999755859375,99,0.014048271551826128,-0.004433322184610527,76.61294093615179,-4.338289301182385,-0.0009003118586836408,-0.04229593405864736,0.0022474239303842403,0,0,0.1,5.4,271.903
2021-07-16,1814.5,1831.4000244140625,1814.5,1830.0999755859375,78,0.0041894235508466715,-0.012328882907720787,66.90456408039437,-3.4007763053052713,0.00839523273227801,-0.03435829315913448,-0.007602288464482521,0,0,0.1,5.4,271.903
2021-07-19,1808.699951171875,1813.4000244140625,1803.300048828125,1803.300048828125,33,-0.0004642347051724602,-0.015413086170243832,62.66317206385901,-3.090184248610285,0.012303267034338403,-0.029680324402055168,-0.003196499767497918,0,1,0.1,5.4,271.903
2021-07-20,1810.9000244140625,1824.0,1810.9000244140625,1812.9000244140625,128,-0.00020978560339966607,-0.013998607656294668,73.9780127765898,-2.636122700556598,0.0121105879158552,-0.030289411315525053,0.001216383757163264,0,0,0.1,5.4,271.903
2021-07-21,1802.9000244140625,1807.0,1800.0,1807.0,135,-0.0047034828342995124,-0.017984454239205666,66.00195458213202,-2.8885118272887667,0.01688917302593932,-0.02479867104944835,-0.004417692800345763,0,1,0.1,5.4,271.903
2021-07-22,1805.0,1805.0,1793.5999755859375,1793.5999755859375,2,-0.0038411497649582867,-0.016509566394212985,64.95371247410871,-2.88581566243397,0.01614469834771273,-0.025114222023266648,0.0011647765031341795,0,0,0.1,5.4,271.903
2021-07-23,1801.4000244140625,1801.4000244140625,1800.0,1800.0,1,-0.0053558543026833196,-0.018244275763199792,59.97877380495744,-3.1379940340050325,0.018145207846802968,-0.021703570283137717,-0.0019944463079986097,0,0,0.1,5.4,271.903
2021-07-26,1798.699951171875,1802.5,1797.199951171875,1802.5,17,-0.006473666941885919,-0.019447536354273938,53.0232188430606,-3.515199523541696,0.01947141738035368,-0.018804207786836176,-0.0014988748782024386,0,1,0.1,5.4,271.903
2021-07-27,1799.5,1803.699951171875,1799.5,1803.699951171875,1,-0.00548791876779758,-0.018600509460804385,48.73096918510624,-3.7068500772193147,0.018864997689250863,-0.017981410777087863,0.0004447928225070896,0,0,0.1,5.4,271.903
2021-07-28,1799.5,1799.5,1799.5,1799.5,209783,-0.004122969644981901,-0.01787205743915164,49.934996595059744,-3.8147603391923894,0.01707167005036529,-0.014148630447350562,0.0,0,1,0.1,5.4,271.903
2021-07-29,1831.199951171875,1832.5999755859375,1806.0999755859375,1806.5999755859375,30496,0.013263369130236667,-0.00017147165334541298,60.794251021808535,-1.3270613302840957,0.00044719066644987557,-0.028898426868377756,0.01761597731140596,0,0,0.1,5.4,271.903
2021-07-30,1812.5999755859375,1830.5,1808.9000244140625,1828.0,3100,0.003076846877551066,-0.009583980915159716,53.16115974229398,-0.8466449303850823,0.009714424752673489,-0.015909920838927942,-0.010157260857305284,0,1,0.1,5.4,271.903
2021-08-02,1818.0999755859375,1818.699951171875,1804.800048828125,1812.4000244140625,1334,0.005597397621186551,-0.005886721818261244,53.819113249809774,-0.02185550105787115,0.006226907367930324,-0.016501345685695126,0.00303431538898824,0,0,0.09,5.1,272.676
2021-08-03,1810.0999755859375,1813.5,1806.0,1812.300048828125,3341,0.0012168747208492002,-0.009539645152939454,43.364459326104196,-0.013580529350974757,0.010421286779118692,-0.010984768636392118,-0.00440019806799774,0,1,0.09,5.1,272.676
2021-08-04,1810.5,1831.300048828125,1806.300048828125,1809.300048828125,2860,0.0010173358526975363,-0.008516735523682102,41.33591732792901,0.02496825392699975,0.0102384841247658,-0.010746635090918054,0.0002209957568410914,0,0,0.09,5.1,272.676
2021-08-05,1805.0999755859375,1813.699951171875,1796.0,1810.800048828125,588,-0.001973830139246628,-0.01046601802153839,45.042190153785135,-0.37588542472803965,0.01314528244080294,-0.007367186133134184,-0.0029826149760080467,0,0,0.09,5.1,272.676
2021-08-06,1760.0,1800.0999755859375,1758.4000244140625,1799.800048828125,859,-0.024676775088648135,-0.03369229520242488,31.841940452306133,-4.28337983024835,0.04372679501548385,0.010608428095755393,-0.024984752199831983,0,0,0.09,5.1,272.676
2021-08-09,1723.4000244140625,1753.800048828125,1692.5999755859375,1753.5,1621,-0.04095713070610532,-0.05199347490561002,24.035608308605347,-10.215649797778951,0.07429094690279604,0.018908509992692713,-0.020795440673828103,0,1,0.09,5.1,272.676
2021-08-10,1728.800048828125,1735.199951171875,1720.0999755859375,1728.5999755859375,1363,-0.03415214231718224,-0.04720226142222359,27.667280083999657,-14.316250818537128,0.0746466755666532,0.007352338719837894,0.0031333551918095726,0,1,0.09,5.1,272.676
2021-08-11,1750.4000244140625,1752.199951171875,1727.300048828125,1727.300048828125,542,-0.019394724315596402,-0.03367346449302718,35.275089429331246,-15.642749283004378,0.060839429777365436,-0.008754223528821716,0.012494201166051155,0,0,0.09,5.1,272.676
2021-08-12,1749.0,1752.4000244140625,1745.5,1749.699951171875,739,-0.015646105357946846,-0.03275365098500839,35.69868901067781,-16.61544661687958,0.06024067145061664,-0.011052568148283209,-0.0007998311211925291,0,1,0.09,5.1,272.676
2021-08-13,1775.199951171875,1777.300048828125,1757.4000244140625,1758.300048828125,436,0.0012069267911000467,-0.017220809866785296,44.315431651829634,-15.098157008719454,0.04319924756057864,-0.02646868972701583,0.014979960647155455,0,1,0.09,5.1,272.676
2021-08-16,1786.9000244140625,1787.800048828125,1771.9000244140625,1776.9000244140625,219,0.009582258126977222,-0.009615074251131723,47.10478469677921,-12.803999398861379,0.0354124437521879,-0.0331068048060954,0.006590848109512271,0,0,0.09,5.1,272.676
2021-08-17,1785.0,1794.199951171875,1780.0,1787.699951171875,200,0.009940984971765546,-0.009440559738051935,46.69703872437358,-11.012236844124573,0.035304771732496576,-0.0323187814379412,-0.001063307621077203,0,0,0.09,5.1,272.676
2021-08-18,1781.5999755859375,1791.5,1779.0,1787.800048828125,263,0.009668226915188816,-0.010112249600389233,37.029300055991435,-9.754165714963847,0.03646868631546071,-0.030855733487593167,-0.0019047755821078871,0,0,0.09,5.1,272.676
2021-08-19,1780.199951171875,1789.300048828125,1775.5,1780.0,245,0.010300474544919296,-0.009646545415389935,40.68965468858411,-8.76902172697146,0.03626194769278023,-0.030464800827557086,-0.0007858242216253197,0,1,0.09,5.1,272.676
2021-08-20,1781.0,1787.5,1778.199951171875,1784.0999755859375,235,0.009551342006065193,-0.007951982531259299,39.04313699476605,-7.8334318386714585,0.03496491223066778,-0.031214221344227674,0.0004494151500220589,0,1,0.09,5.1,272.676
2021-08-23,1803.199951171875,1804.800048828125,1776.800048828125,1776.800048828125,32,0.01753255044748745,0.005244726929602977,48.119885606556004,-5.2402136636010255,0.02249454809561282,-0.04316331633220172,0.012464879939289686,0,1,0.09,5.1,272.676
2021-08-24,1805.5999755859375,1805.5999755859375,1801.0,1801.0,22,0.014490305395876688,0.007238536419511503,48.679239571549935,-2.9573175485229513,0.021517911013164498,-0.04447979277275923,0.0013309807448158573,0,0,0.09,5.1,272.676
2021-08-25,1788.199951171875,1792.9000244140625,1784.0,1792.0,812,0.0025846597039247445,-0.0017294996787591173,45.72151545100162,-2.523058237278292,0.03093433906622729,-0.0352906355721711,-0.009636699517796554,0,1,0.09,5.1,272.676
2021-08-26,1792.199951171875,1792.199951171875,1781.0,1787.4000244140625,61,0.0023994373831914165,0.0012558725936614786,60.29409239558862,-1.8349854636560394,0.025272146529981637,-0.036258604367090615,0.002236886315413855,0,1,0.09,5.1,272.676
2021-08-27,1816.5999755859375,1816.5999755859375,1803.0999755859375,1803.4000244140625,1219,0.013699394734777397,0.014402424808908793,82.31616676034972,0.671455101000447,0.011880156410706222,-0.049362254254168854,0.013614565940651913,0,0,0.09,5.1,272.676
2021-08-30,1809.0,1820.300048828125,1807.800048828125,1818.199951171875,684,0.008215100975382179,0.0096950835077979,77.39066629978905,2.021272817440149,0.01527947033894892,-0.04501967178398075,-0.004183626383395755,0,1,0.09,5.1,272.676
2021-08-31,1815.0,1815.9000244140625,1801.0999755859375,1815.9000244140625,82,0.009870595862895919,0.012668682404376692,74.69414800539423,3.534420340947918,0.012372558848776364,-0.04835604202930317,0.0033167495854062867,0,0,0.09,5.1,272.676
2021-09-01,1813.0999755859375,1815.9000244140625,1809.5,1813.5,114,0.007048395993520491,0.011193332249546778,74.40970759875086,4.52808758883134,0.013665738070722036,-0.04744764552794513,-0.0010468454071970168,0,0,0.08,4.7,273.91
2021-09-02,1808.699951171875,1813.9000244140625,1806.800048828125,1813.199951171875,26,0.0030167463972804696,0.008442413384749365,65.29676954737099,4.904000578058913,0.016414704121851077,-0.04521435614012479,-0.002426796356136185,0,1,0.08,4.7,273.91
2021-09-03,1830.9000244140625,1833.9000244140625,1818.9000244140625,1820.9000244140625,53,0.0125259500256791,0.020190983042922855,68.33329603414707,6.913579268960802,0.007598383835578813,-0.05642686821489262,0.012274049782443841,0,0,0.08,4.7,273.91
2021-09-07,1795.9000244140625,1825.699951171875,1792.699951171875,1825.699951171875,48,-0.00642867498337983,0.0004735407365739934,53.559767723890275,5.617225488112354,0.024843112024353183,-0.031608562816165184,-0.0191162813552318,0,0,0.08,4.7,273.91
2021-09-08,1790.699951171875,1790.699951171875,1781.699951171875,1781.699951171875,69,-0.008488247406001582,-0.0025467135179013823,52.937365980977866,4.12272907082729,0.02457012158692696,-0.022090608772031967,-0.0028955249019967377,0,1,0.08,4.7,273.91
2021-09-09,1797.4000244140625,1798.699951171875,1787.9000244140625,1798.699951171875,49,-0.005285128776901449,0.000799587451709885,55.36830186206387,3.4393234290739656,0.019224498443470246,-0.021594634723623815,0.0037415945858505495,0,0,0.08,4.7,273.91
2021-09-10,1789.5999755859375,1789.5999755859375,1789.5999755859375,1789.5999755859375,0,-0.00945929558519363,-0.003752083189888835,52.57175815230286,2.2424709721337877,0.020920490562642037,-0.012315208702382225,-0.0043396287538539635,0,1,0.08,4.7,273.91
2021-09-13,1792.0,1796.0,1784.0,1789.800048828125,533,-0.006778510902395205,-0.0025948075975179667,46.20084074255655,1.4706657699875905,0.01905676432875758,-0.012204103468423457,0.0013410954664752062,0,1,0.08,4.7,273.91
2021-09-14,1804.699951171875,1806.199951171875,1783.0,1791.4000244140625,764,0.0004989263693295597,0.004226777920332804,49.7146408995875,1.8623168786555198,0.012170808561388614,-0.018454369105005045,0.007087026323590928,0,0,0.08,4.7,273.91
2021-09-15,1792.4000244140625,1803.699951171875,1792.4000244140625,1803.699951171875,59,-0.005073418225439099,-0.0026053167266666187,51.37616880556051,1.1667523149810677,0.01898867815514267,-0.011177969407045033,-0.006815496808666444,0,0,0.08,4.7,273.91
2021-09-16,1754.5999755859375,1792.9000244140625,1743.9000244140625,1792.9000244140625,1645,-0.022882577099555164,-0.023129557711004608,39.91418417004422,-2.4068905096855815,0.043485226995710384,0.00604173836174174,-0.021089069578919428,0,0,0.08,4.7,273.91
2021-09-17,1749.4000244140625,1763.0,1749.4000244140625,1758.800048828125,581,-0.022550494591222405,-0.025479889283475977,29.904344296285913,-5.594135089620295,0.04907021005716458,0.004788210292725287,-0.0029636106487113123,0,1,0.08,4.7,273.91
2021-09-20,1761.800048828125,1761.800048828125,1750.9000244140625,1751.800048828125,185,-0.011806910941399955,-0.018045021747455307,36.27910343740996,-7.038337470047054,0.042555143417628366,-0.004242124880374054,0.0070881583634456735,0,1,0.08,4.7,273.91
2021-09-21,1776.0,1776.0,1759.0,1762.199951171875,106,-0.0027290171968915827,-0.009804934758958987,39.178702072889855,-6.956866449889503,0.0338622552783372,-0.013378032041428367,0.00805991076076995,0,1,0.08,4.7,273.91
2021-09-22,1776.699951171875,1784.300048828125,1767.0,1776.699951171875,17,-0.0015510584056430629,-0.009053350091556398,39.83240234893127,-6.757918788478037,0.03283008156100494,-0.014768463637040003,0.000394116650830556,0,0,0.08,4.7,273.91
2021-09-23,1747.699951171875,1766.800048828125,1738.199951171875,1766.800048828125,31,-0.015097317657431004,-0.024394350396743418,35.01965355070952,-8.83842510744671,0.05141323804620648,-0.0021827762464553925,-0.01632239590082285,0,1,0.08,4.7,273.91
2021-09-24,1749.699951171875,1749.699951171875,1745.0,1749.699951171875,76,-0.011748114523865233,-0.022418960194695844,27.862578398882334,-10.208184472935272,0.05096700352630442,-0.006507908907542308,0.0011443611923540598,0,1,0.08,4.7,273.91
2021-09-27,1750.0,1754.4000244140625,1747.5,1751.699951171875,808,-0.009228323560900857,-0.02154610754913749,34.56624014592607,-11.14108965934588,0.049456656414974015,-0.00915381043283105,0.00017148587557769268,0,0,0.08,4.7,273.91
2021-09-28,1735.800048828125,1741.699951171875,1726.800048828125,1739.5999755859375,15748,-0.013419242111406939,-0.028693734778634697,32.593557595995904,-12.877793934098008,0.057785599515553565,-0.005008848093544926,-0.00811425781249997,0,0,0.08,4.7,273.91
2021-09-29,1721.5,1744.0999755859375,1721.4000244140625,1732.4000244140625,6634,-0.017588109022933587,-0.03573088438478307,27.041724729477153,-15.232448825858683,0.06608950053930185,-0.001692181136709634,-0.008238304197409896,0,1,0.08,4.7,273.91
2021-09-30,1755.300048828125,1760.300048828125,1724.5,1725.5,997,0.0016606157206241002,-0.016273790080976156,41.03503923416642,-14.20737456016991,0.04286226620137496,-0.02150985124271664,0.019634068445033348,0,1,0.08,4.7,273.91
2021-10-01,1757.0,1762.5999755859375,1748.5,1754.300048828125,2220,0.002196047115192601,-0.014791026277030267,40.81846093939133,-13.106737653851951,0.03925451214183633,-0.022800330264435273,0.0009684675694106026,0,1,0.08,4.5,276.55
2021-10-04,1766.199951171875,1768.9000244140625,1749.5,1764.5,417,0.007190940304018681,-0.00924119507279973,39.71137623130613,-11.361151520902467,0.027638114446368683,-0.025350667949756444,0.0052361702742600436,0,0,0.08,4.5,276.55
2021-10-05,1759.5999755859375,1764.300048828125,1749.0,1764.300048828125,98,0.004366556035429861,-0.012510306061442399,40.95918784841201,-10.390549024496522,0.02947408625387061,-0.021739354287217082,-0.003736822425772557,0,1,0.08,4.5,276.55
2021-10-06,1760.5,1762.9000244140625,1744.699951171875,1759.300048828125,56,0.005810337117443476,-0.011572540000155791,52.04153266376232,-9.439897838731895,0.027279747816601578,-0.022286853619285372,0.0005114937636678807,0,0,0.08,4.5,276.55
2021-10-07,1757.9000244140625,1762.4000244140625,1752.800048828125,1762.4000244140625,336,0.0037399859617224377,-0.012571037108250667,52.99506900977595,-8.794913932652207,0.026138010060428075,-0.02042668332579401,-0.0014768392990273105,0,0,0.08,4.5,276.55
2021-10-08,1756.300048828125,1780.0,1754.199951171875,1757.0,254,0.0024486384430382905,-0.012638953766182048,47.90236226337793,-8.316991102178463,0.025040157154517715,-0.019397670320359817,-0.0009101630147998474,0,0,0.08,4.5,276.55
2021-10-11,1754.5999755859375,1757.800048828125,1752.199951171875,1756.5999755859375,128,0.0012154092525502496,-0.01295101922835241,40.97806542187859,-7.983387991045447,0.023421178346516795,-0.01796691864147107,-0.0009679856487631033,0,1,0.08,4.5,276.55
2021-10-12,1758.300048828125,1768.0,1749.800048828125,1751.9000244140625,139,0.0020402351879291454,-0.010203602564355475,42.43425675702807,-7.33587671381747,0.016011716196319588,-0.017416534887579802,0.002108784505683081,0,1,0.08,4.5,276.55
2021-10-13,1793.699951171875,1794.5,1760.800048828125,1760.800048828125,150,0.01802555631091924,0.009910465568656601,67.96875,-3.9210437402618936,-0.0038181393043292744,-0.03695785822935637,0.020133026992374514,0,1,0.08,4.5,276.55
2021-10-14,1796.699951171875,1799.9000244140625,1792.0,1792.199951171875,337,0.01733780951207169,0.011756785914480684,68.2170542635659,-0.9616043024018381,-0.0016281116763157567,-0.04007607336453678,0.0016725205339054305,0,0,0.08,4.5,276.55
2021-10-15,1767.199951171875,1795.4000244140625,1766.5999755859375,1794.5,874,5.656916959811957e-05,-0.004430285648358968,55.43614300904185,-0.9852730698630694,0.015456496389002568,-0.023463465007012244,-0.0164189908174478,0,0,0.08,4.5,276.55
2021-10-18,1764.800048828125,1770.0999755859375,1759.5,1761.5999755859375,266,-0.0012224095245241765,-0.00583606203970395,59.90437819142372,-1.184033994072479,0.016954616822285048,-0.02208273876974916,-0.0013580253565299572,0,1,0.08,4.5,276.55
2021-10-19,1769.699951171875,1785.0,1767.5,1777.5999755859375,51,0.000978498537568746,-0.0035955691732630734,67.59125440389485,-0.9353896993607123,0.013681875669081264,-0.02468934584542069,0.002776463173266297,0,1,0.08,4.5,276.55
2021-10-20,1784.0999755859375,1785.5999755859375,1774.0,1774.5999755859375,127,0.007778201220747208,0.0038870228313547437,62.24489478158603,0.41879669219724747,0.006221508838112452,-0.03286797847034209,0.00813698638830096,0,0,0.08,4.5,276.55
2021-10-21,1781.199951171875,1785.699951171875,1781.0,1782.0,146,0.004817599478119239,0.0019079467034594623,60.1851813795201,1.243655345518846,0.009169388022992345,-0.0307222277066731,-0.0016254831308486484,0,1,0.08,4.5,276.55
2021-10-22,1795.5,1806.9000244140625,1784.0,1787.0999755859375,532,0.010649686329493622,0.009423541763420007,61.82408067878635,3.016484050558347,0.003787659887055169,-0.03854678534827772,0.008028323164233742,0,1,0.08,4.5,276.55
2021-10-25,1806.0,1809.0,1794.0,1794.300048828125,140,0.013627291225743705,0.014975103831532551,68.1533845876113,5.208683360198393,0.0015189567499440003,-0.0446031260553843,0.005847953216374213,0,0,0.08,4.5,276.55
2021-10-26,1792.699951171875,1808.800048828125,1788.5999755859375,1808.800048828125,359,0.004223698794938919,0.007434777472878294,61.48358145018189,5.805887660832923,0.009841143323497854,-0.03523296745181551,-0.007364368121885345,0,1,0.08,4.5,276.55
2021-10-27,1797.9000244140625,1798.0999755859375,1791.5,1791.5,543,0.006899743545555622,0.010210569397384121,64.00559745191131,6.6224394637174555,0.006170951811869891,-0.033024539476569637,0.0029006935816493495,0,1,0.08,4.5,276.55
2021-10-28,1801.5999755859375,1807.300048828125,1795.5,1795.5,452,0.008695063924918084,0.012062046912379085,65.6314420722127,7.481871431668651,0.005924649415962647,-0.034260559872075,0.002057929318445284,0,0,0.08,4.5,276.55
2021-10-29,1783.0,1797.0,1774.5999755859375,1793.0999755859375,583,-0.00260117350975933,0.0015818649977643678,58.77627851357825,6.586193337804389,0.016568832525142827,-0.022878436795508734,-0.01032414289408956,0,1,0.08,4.5,276.55
2021-11-01,1795.0999755859375,1795.0999755859375,1786.699951171875,1787.5,142,0.0024683333512392444,0.008219189194689197,60.81080014946815,6.774635124819724,0.010766037926809148,-0.028904288490766435,0.0067863015064146825,0,0,0.08,4.1,278.919
2021-11-02,1788.699951171875,1795.5,1787.699951171875,1790.5,213,-0.0021644943819244832,0.004788269506002975,48.22946114410699,6.334527624353086,0.014669879726335882,-0.024090088379426847,-0.0035652746371263033,0,0,0.08,4.1,278.919
2021-11-03,1763.5999755859375,1768.0,1761.800048828125,1768.0,108,-0.015040242373245458,-0.008843755919575204,39.865281557955775,3.915248451897014,0.029002428617787106,-0.009916455359325886,-0.014032524331145213,0,1,0.08,4.1,278.919
2021-11-04,1793.0,1798.199951171875,1776.199951171875,1776.5999755859375,103,0.0007199907680284928,0.007624910832272009,57.904429089244495,4.320484683694076,0.012391724474265812,-0.02445532140503821,0.0166704608874213,0,1,0.08,4.1,278.919
2021-11-05,1816.4000244140625,1817.0999755859375,1794.9000244140625,1794.9000244140625,239,0.012598972446699632,0.02049761527132726,64.00650246161777,6.455409779429601,0.0015568637698289765,-0.03592158504676351,0.013050766544373982,0,1,0.08,4.1,278.919
2021-11-08,1827.4000244140625,1827.4000244140625,1816.9000244140625,1817.0,261,0.01751730812318614,0.026553105294443737,65.1602788819832,8.931998845553835,-0.001521606289871521,-0.0406914147525945,0.006055934734722435,0,1,0.08,4.1,278.919
2021-11-09,1830.199951171875,1832.699951171875,1820.699951171875,1826.0999755859375,170,0.016952898056362818,0.027881156338799097,62.89870080899727,10.993913224529933,-0.00026492525379218557,-0.04101468406783925,0.001532191485392076,0,1,0.08,4.1,278.919
2021-11-10,1847.5999755859375,1865.0,1824.9000244140625,1825.800048828125,795,0.023793950429953144,0.0372735723223122,67.18426481413033,13.872122583259625,-0.004196099966881038,-0.05261272593618058,0.009507171280887183,0,1,0.08,4.1,278.919
2021-11-11,1863.199951171875,1866.5,1853.9000244140625,1853.9000244140625,292,0.028926104613413408,0.04544355680940221,67.40358641950515,17.213485545435788,-0.005706694363384078,-0.06380271950386134,0.008443372911925984,0,1,0.08,4.1,278.919
2021-11-12,1867.9000244140625,1867.9000244140625,1847.5999755859375,1860.800048828125,210,0.026707949416938114,0.047384948647453025,66.4016959163065,20.01013205027357,-0.002221516562578481,-0.06675437829239864,0.002522581239459143,0,0,0.08,4.1,278.919
2021-11-15,1866.0999755859375,1866.9000244140625,1864.5,1864.5,87,0.021731150482477892,0.045962713533501585,70.71105927640991,21.829607530164594,0.0031976653174909243,-0.06488245544531838,-0.0009636751456704173,0,0,0.08,4.1,278.919
2021-11-16,1853.5999755859375,1853.5999755859375,1853.5999755859375,1853.5999755859375,1,0.011293571897446574,0.038284783454891655,65.0948377159553,22.009201053951983,0.012376830257996184,-0.05646400331933813,-0.006698462120752757,0,1,0.08,4.1,278.919
2021-11-17,1869.699951171875,1869.699951171875,1862.5999755859375,1862.5999755859375,2,0.014206576600298646,0.046377030353903975,67.29303380956662,23.183419661450444,0.007718342929421539,-0.06406959675354507,0.008685787547471291,0,0,0.08,4.1,278.919
2021-11-18,1861.0,1861.0,1861.0,1861.0,9,0.005777418234278366,0.04076720994982194,70.85561497326204,23.145179791375767,0.014852694687986622,-0.05782960457346476,-0.004653126918264139,0,0,0.08,4.1,278.919
2021-11-19,1851.199951171875,1851.199951171875,1851.199951171875,1851.199951171875,21,-0.0013971522589764193,0.03457369817106602,65.18677675681714,22.069686769656073,0.02181827775688928,-0.05142606620175223,-0.005266012266590514,0,0,0.08,4.1,278.919
2021-11-22,1806.0,1841.5999755859375,1805.699951171875,1841.5999755859375,14,-0.024653674391938975,0.009155042944008217,53.87025700852909,17.369863519331147,0.04739199661687865,-0.02768548176620728,-0.024416568908864678,0,0,0.08,4.1,278.919
2021-11-23,1783.5,1795.5,1783.5,1795.5,264,-0.03436960938398436,-0.003181318594491039,54.50430561672579,11.694846858600158,0.06091151488705676,-0.016240939780174327,-0.012458471760797396,0,1,0.08,4.1,278.919
2021-11-24,1784.0999755859375,1793.0,1781.4000244140625,1793.0,188,-0.03071231343760694,-0.00275346094160535,47.6834915291072,7.163195426323227,0.06091786118854828,-0.017708391033648872,0.0003364034684258943,0,1,0.08,4.1,278.919
2021-11-26,1785.300048828125,1791.4000244140625,1785.300048828125,1791.0999755859375,186800,-0.025937856910340944,-0.002425036001616014,40.847565886705254,3.626856751678588,0.06052935602456627,-0.019606332728713052,0.000672649099607403,0,0,0.08,4.1,278.919
2021-11-29,1782.300048828125,1798.9000244140625,1779.0999755859375,1791.699951171875,26926,-0.023011787673054316,-0.00446738025511772,36.07165880636514,0.5755730977357416,0.062340061070091386,-0.018020991212560754,-0.0016803898044864818,0,0,0.08,4.1,278.919
2021-11-30,1773.5999755859375,1808.0999755859375,1768.699951171875,1783.9000244140625,4903,-0.02282607849844182,-0.009457521484355733,33.134708599255504,-2.515615927923591,0.06823956282260618,-0.015104680012103706,-0.004881374069370614,0,1,0.08,4.1,278.919
2021-12-01,1781.5999755859375,1790.5,1772.300048828125,1774.800048828125,1128,-0.014509117116162353,-0.005051815512573643,29.166685932796668,-4.270643045714678,0.06364336947171899,-0.020126289117372485,0.004510599971877527,0,0,0.08,3.9,280.845
2021-12-02,1760.699951171875,1780.9000244140625,1760.5999755859375,1780.9000244140625,1557,-0.020162188650408492,-0.01654784535525726,18.692767957811597,-7.264234409827168,0.07645609574246849,-0.008846577377704556,-0.011731042153381721,0,1,0.08,3.9,280.845
2021-12-03,1782.0,1785.0999755859375,1766.5,1767.5,694,-0.003929499619660752,-0.00503178638540071,26.178607045677808,-7.827708256847245,0.06383846474848542,-0.021560138133814306,0.01209748930472121,0,0,0.08,3.9,280.845
2021-12-06,1777.5,1783.0,1777.199951171875,1780.199951171875,381,-0.0023348997924935726,-0.007852334265573569,25.792372545004227,-8.538946077084347,0.06673466077519215,-0.021474477604481925,-0.002525252525252486,0,1,0.08,3.9,280.845
2021-12-07,1782.5999755859375,1786.0999755859375,1772.300048828125,1779.5,308,0.0018433898780156922,-0.005367652799799133,29.783610331758567,-8.592038099450747,0.0632025306006212,-0.026306973306769274,0.002869184577179995,0,1,0.08,3.9,280.845
2021-12-08,1783.4000244140625,1789.9000244140625,1779.0,1789.9000244140625,1383,0.0022986589526730644,-0.005449541587706185,23.081773314985995,-8.471897890235368,0.06193087970706003,-0.02857328837318965,0.00044881007465624734,0,0,0.08,3.9,280.845
2021-12-09,1774.5999755859375,1783.5,1771.800048828125,1783.5,455,-0.0021143199227479917,-0.010942838999497842,23.06736915324896,-8.983223297905852,0.06516368179721348,-0.025836493802394934,-0.004934422287571905,0,1,0.08,3.9,280.845
2021-12-10,1782.9000244140625,1785.4000244140625,1769.0999755859375,1773.800048828125,545,0.0026882489989433875,-0.006622496737684899,28.508555278398973,-8.619349299986197,0.05608705395641353,-0.03075757058379486,0.004677137914072427,0,1,0.08,3.9,280.845
2021-12-13,1786.300048828125,1787.0999755859375,1783.800048828125,1784.4000244140625,206,0.004374453889918048,-0.005052958924268229,41.58843139585066,-7.964809612745512,0.0487466853440225,-0.03184029262655551,0.0019070191079164633,0,0,0.08,3.9,280.845
2021-12-14,1770.4000244140625,1787.0,1769.0,1787.0,322,-0.00438644448652432,-0.013955210776275371,44.07242888185069,-8.629604573290862,0.05229707051146142,-0.022682326315437804,-0.008901093869696508,0,0,0.08,3.9,280.845
2021-12-15,1762.5999755859375,1778.699951171875,1753.9000244140625,1767.4000244140625,283,-0.0077126748939156985,-0.0183323433409249,40.86664412643823,-9.674338371137992,0.05204726152700227,-0.018613673463825274,-0.004405811523136682,0,1,0.08,3.9,280.845
2021-12-16,1796.5999755859375,1798.0999755859375,1781.0,1781.0,21,0.009388205519223536,0.00020152388778711756,53.75411935608675,-7.670362419352841,0.023588251497144157,-0.0327054485790074,0.01928968595877656,0,1,0.08,3.9,280.845
2021-12-17,1803.800048828125,1812.9000244140625,1803.800048828125,1804.0,654,0.012193708111688578,0.003696984374022303,56.94891367988473,-5.4385194358787885,0.011089265715821368,-0.031324378626458614,0.004007610675737183,0,0,0.08,3.9,280.845
2021-12-20,1793.699951171875,1799.800048828125,1792.0,1796.800048828125,226,0.005611932968603144,-0.002338299548282893,56.438153701784906,-4.433652872277662,0.0067500340756347955,-0.019043005555811437,-0.005599344374567328,0,0,0.08,3.9,280.845
2021-12-21,1787.9000244140625,1796.5,1787.9000244140625,1791.4000244140625,575,0.0020625354915521617,-0.005932471840543722,52.046794294199024,-4.05851051540958,0.00807307557251211,-0.014930308202584225,-0.0032334988658628827,0,1,0.08,3.9,280.845
2021-12-22,1801.5999755859375,1805.199951171875,1785.5,1786.0,567,0.00871199588097793,0.001202591717578185,63.939991795428234,-2.6254711336064247,0.0019266140945473258,-0.02293569029614146,0.007662593536998719,0,1,0.08,3.9,280.845
2021-12-23,1811.199951171875,1811.199951171875,1800.800048828125,1806.0,193,0.012013159284726465,0.0063418442379069495,60.81477717235031,-0.7069895639867809,-0.0007662190665199656,-0.0292359376528403,0.005328583323728875,0,0,0.08,3.9,280.845
2021-12-27,1808.0999755859375,1812.0999755859375,1807.0,1810.0,150,0.00886050848222556,0.0044921797143693785,61.45206783662706,0.556859648249656,0.0027732187718537433,-0.028136838901674604,-0.0017115590048087936,0,1,0.08,3.9,280.845
2021-12-28,1810.199951171875,1818.0,1805.5,1812.0,146,0.008687105247137271,0.005178575497059565,60.56658849568689,1.7082283410652508,0.0035424005998243094,-0.029655494815962493,0.0011614266989063982,0,0,0.08,3.9,280.845
2021-12-29,1805.0999755859375,1805.0999755859375,1791.4000244140625,1803.199951171875,623,0.003904161768909476,0.0018982215577351641,58.04296797942634,2.1839951808199203,0.0074927119394916615,-0.02628389866703807,-0.0028173548356554834,0,1,0.08,3.9,280.845
2021-12-30,1812.699951171875,1816.0,1796.0,1801.699951171875,306,0.005329724673554566,0.005636470451535506,64.24830019237248,3.1381240030862045,0.005075152086672208,-0.03045713782935501,0.004210279590453503,0,1,0.08,3.9,280.845
2021-12-31,1827.5,1827.800048828125,1821.4000244140625,1825.0999755859375,80,0.011803928601687226,0.013359157703249958,65.90583177117662,5.030529408494658,-0.0005950006007718484,-0.03712320300516175,0.008164643474810607,0,0,0.08,3.9,280.845
2022-01-03,1799.4000244140625,1830.0999755859375,1798.800048828125,1830.0999755859375,116,-0.0035110003048209036,-0.0024237904551598776,53.97209631486881,4.214261751648792,0.015325782565251132,-0.021433409178261417,-0.015376183631156004,0,1,0.08,4.0,282.543
2022-01-04,1814.0,1815.300048828125,1800.0,1800.5,38,0.0034462443500775093,0.005464098895726969,63.32517790109169,4.691380451839677,0.008279050369269689,-0.028422388102697246,0.008113802038371976,0,1,0.08,4.0,282.543
2022-01-05,1824.5999755859375,1824.5999755859375,1813.0999755859375,1813.0999755859375,8,0.0072649371319081085,0.011130967367222412,68.62981862571048,5.85731047221384,0.004539617166439628,-0.03388301656176129,0.0058434264531077584,0,0,0.08,4.0,282.543
2022-01-06,1788.699951171875,1791.300048828125,1787.0999755859375,1787.0999755859375,30,-0.011849860344924832,-0.00871965291033403,47.65299231964883,3.8402188201353056,0.024636186044647033,-0.01413130753146575,-0.01967555896877282,0,1,0.08,4.0,282.543
2022-01-07,1797.0,1797.0,1784.4000244140625,1791.800048828125,17,-0.006485202653471836,-0.004109910805317285,47.99290060559592,2.8782253374722586,0.01952798724149666,-0.017062778299510115,0.004640268940963033,0,1,0.08,4.0,282.543
2022-01-10,1798.4000244140625,1798.699951171875,1790.4000244140625,1794.9000244140625,534,-0.00517765688661364,-0.003298671969690794,51.46237655275198,2.203409310439838,0.01866428794256677,-0.01689608754362546,0.0007790898241861743,0,1,0.08,4.0,282.543
2022-01-11,1818.5999755859375,1822.5,1803.0,1803.9000244140625,743,0.005529131848094151,0.0074988955564343615,58.7664125798756,3.2609893336216373,0.008429790140753447,-0.027119979563192148,0.011232179102341977,0,1,0.08,4.0,282.543
2022-01-12,1827.199951171875,1827.199951171875,1816.9000244140625,1819.0,1547,0.009051179280486682,0.011903356657187779,57.529409990672384,4.7384533377432945,0.004360655195932135,-0.0292675825928213,0.004728898988996644,0,0,0.08,4.0,282.543
2022-01-13,1821.199951171875,1823.0,1815.4000244140625,1819.800048828125,40,0.005265869918996562,0.008217628471149428,53.004809455759755,5.363378659061027,0.005838648036982787,-0.021020912316669443,-0.003283712872338862,0,0,0.08,4.0,282.543
2022-01-14,1816.5,1822.0,1816.5,1821.5,816,0.0032807610333242076,0.005027077800763558,52.50000908261914,5.416946510667003,0.008863588320305014,-0.017814887070476997,-0.0025806892696492723,0,0,0.08,4.0,282.543
2022-01-18,1812.300048828125,1820.0999755859375,1812.300048828125,1816.800048828125,900,0.0002483986191950245,0.002489245833642602,50.617313187767415,5.0621452010841494,0.011414393767124944,-0.01528247943013114,-0.0023121118479906277,0,1,0.08,4.0,282.543
2022-01-19,1843.0999755859375,1843.0999755859375,1817.4000244140625,1817.4000244140625,4,0.01561638479089827,0.019225423254027305,59.703789046329405,7.1834529169791494,-0.0023217748552213906,-0.0322232762833719,0.01699493788444606,0,0,0.08,4.0,282.543
2022-01-20,1842.5,1843.0,1838.199951171875,1840.5999755859375,20,0.014285327891559656,0.018723508456506773,57.89197024791678,8.715722130075847,5.5741990304816124e-05,-0.03099741590058292,-0.0003255252530437458,0,0,0.08,4.0,282.543
2022-01-21,1831.800048828125,1842.4000244140625,1828.9000244140625,1838.0,19,0.006008178159880331,0.01278955464691247,51.16406487515366,8.963336125143769,0.006956440766631068,-0.024747751850266005,-0.005807300500339174,0,1,0.08,4.0,282.543
2022-01-24,1841.699951171875,1842.0999755859375,1837.9000244140625,1837.9000244140625,8,0.008968218657327089,0.018329579561803575,62.70270864721602,9.844925212802082,0.003550200032328607,-0.03034062763038747,0.005404466688426757,0,1,0.08,4.0,282.543
2022-01-25,1852.699951171875,1852.699951171875,1842.0,1843.0,11,0.011984075463665575,0.02453076367113393,61.87846297492495,11.300928911533674,0.0006801666564668954,-0.03677879752128758,0.005972742733147518,0,0,0.08,4.0,282.543
2022-01-26,1829.9000244140625,1829.9000244140625,1829.9000244140625,1829.9000244140625,55,-0.0010862911151438691,0.012348020170766283,51.51343822154801,10.494089459357838,0.013706002578485818,-0.02425853033582303,-0.012306324477091457,0,0,0.08,4.0,282.543
2022-01-27,1793.300048828125,1793.300048828125,1793.300048828125,1793.300048828125,196036,-0.019250725278575336,-0.007100256089853991,51.30833593722876,6.822703352258031,0.03487657293215631,-0.0054838967150576375,-0.020001079347303108,0,0,0.08,4.0,282.543
2022-01-28,1784.9000244140625,1798.4000244140625,1778.800048828125,1797.5,28521,-0.021902920618857465,-0.01099873574859445,46.5605436341795,3.1984222227561077,0.04071912159003357,-0.003333305614395429,-0.004684115421483281,0,1,0.08,4.0,282.543
2022-01-31,1795.0,1798.5,1785.0999755859375,1788.5,1735,-0.015208044687517443,-0.004578381373141526,49.079080753769745,1.1281325273207585,0.0345513146932294,-0.010439898160760786,0.005658566557111833,0,1,0.08,4.0,282.543
2022-02-01,1800.300048828125,1806.0999755859375,1797.0999755859375,1797.199951171875,223,-0.011649588481471332,-0.0009666510580625585,44.60814039055402,-0.08394960705663834,0.031486747813004146,-0.013284283461426467,0.0029526734418523493,0,1,0.08,3.9,284.5
2022-02-02,1809.199951171875,1810.0999755859375,1795.0999755859375,1797.800048828125,1690,-0.004911669510406153,0.004440344040711829,44.70586714690701,-0.32266619651704787,0.026348660213140366,-0.018339546637142635,0.004943566129181232,0,0,0.08,3.9,284.5
2022-02-03,1803.0,1808.0999755859375,1787.9000244140625,1805.800048828125,466,-0.006162566477814659,0.001031570734919474,44.65334647278799,-1.0006007552863139,0.029409899047387996,-0.01569387426880706,-0.0034269021330998184,0,1,0.08,3.9,284.5
2022-02-04,1806.5999755859375,1813.699951171875,1792.5,1806.0,571,-0.002793030689795592,0.002773074139245356,47.07272193078138,-1.2331656676344664,0.026902150219563145,-0.016208004195872153,0.001996658672178242,0,1,0.08,3.9,284.5
2022-02-07,1820.5999755859375,1821.300048828125,1809.0999755859375,1812.199951171875,601,0.006106477072165757,0.010134626270544232,52.31971723829702,-0.28451235773491135,0.01908185917545028,-0.02255321948570181,0.007749363549869104,0,1,0.08,3.9,284.5
2022-02-08,1826.5999755859375,1827.5999755859375,1815.0,1818.9000244140625,108,0.010880257849163846,0.012999391626570366,44.646319978706956,0.9406093221894025,0.016016434155060596,-0.024502125377044805,0.003295616873810525,0,1,0.08,3.9,284.5
2022-02-09,1835.199951171875,1835.199951171875,1825.300048828125,1825.4000244140625,683,0.015341862453926776,0.01717196071014091,47.74828302909814,2.575781234145552,0.012096655343378131,-0.029010298443884332,0.004708187726313096,0,1,0.08,3.9,284.5
2022-02-10,1836.199951171875,1842.0999755859375,1820.800048828125,1833.300048828125,365,0.013489626671255774,0.01702047727390407,51.44354075187152,3.9073172764572064,0.012110709261249358,-0.02961420443979759,0.0005448997529460264,0,1,0.08,3.9,284.5
2022-02-11,1840.800048828125,1864.800048828125,1822.0,1822.0,181,0.012903436978385537,0.0189001642183796,49.69411854524572,5.2729750454168425,0.010712637485038656,-0.03210556528517231,0.0025052269788561343,0,1,0.08,3.9,284.5
2022-02-14,1868.0,1870.5999755859375,1854.5999755859375,1861.800048828125,79,0.02375798783166407,0.032728885207835234,54.68465006966912,8.452640626883294,0.00011932143237566903,-0.04756579085572283,0.014776157350273156,0,0,0.08,3.9,284.5
2022-02-15,1854.800048828125,1879.699951171875,1847.4000244140625,1872.5999755859375,86,0.013496563684994956,0.02460649506587735,58.10021213413612,9.79451766273337,0.009317683429004577,-0.040577172868685535,-0.007066355017063652,0,1,0.08,3.9,284.5
2022-02-16,1870.199951171875,1870.199951171875,1856.300048828125,1858.699951171875,34,0.018516481649568362,0.03205653008420169,79.0188845424612,11.962709628068978,0.003645576006241331,-0.04966734475563997,0.008302729101975048,0,1,0.08,3.9,284.5
2022-02-17,1900.699951171875,1900.699951171875,1876.199951171875,1876.300048828125,393,0.02964835223129547,0.04752234223269537,87.451529079394,15.958156784636003,-0.00586061208222598,-0.06845407102369709,0.016308416637958123,0,0,0.08,3.9,284.5
2022-02-18,1898.5999755859375,1899.4000244140625,1890.699951171875,1899.4000244140625,51,0.02341024977541614,0.045038015017174346,85.33429923934901,18.739114119425494,0.000918665723293431,-0.06958503693342204,-0.001104843289253865,0,1,0.08,3.9,284.5
2022-02-22,1906.0999755859375,1912.0,1890.800048828125,1908.0999755859375,173,0.022739463580578184,0.04764960915474352,85.5511264866071,21.30266628634672,0.002582996169001101,-0.07547002730125406,0.003950279203856821,0,1,0.08,3.9,284.5
2022-02-23,1909.199951171875,1910.5999755859375,1895.699951171875,1896.5999755859375,73,0.01988267561162967,0.04789858343611557,84.96509466014031,23.315673400774813,0.005876001175273601,-0.07893273855261346,0.0016263446963136197,0,1,0.08,3.9,284.5
2022-02-24,1925.0999755859375,1972.5,1911.699951171875,1911.9000244140625,2706,0.023461295542582375,0.05501811136325977,89.98039038561312,25.895488063049243,0.004400493596780336,-0.08842728451463733,0.008328108537978496,0,0,0.08,3.9,284.5
2022-02-25,1886.5,1920.0,1883.5999755859375,1906.9000244140625,586,0.0002651178209265674,0.032550101861694304,71.28398965425521,24.542404768083543,0.02664136650901381,-0.06652476266881706,-0.020050894018732168,0,1,0.08,3.9,284.5
2022-02-28,1899.4000244140625,1928.4000244140625,1894.199951171875,1928.300048828125,390,0.003985516434028728,0.038056252040928044,71.1147134747152,24.231673025650025,0.021276232811960984,-0.06844379863908621,0.006838072840743337,0,1,0.08,3.9,284.5
2022-03-01,1942.4000244140625,1942.4000244140625,1903.800048828125,1908.300048828125,547,0.022692590374402626,0.059867470342287565,75.89448226539938,27.142277238550832,0.0043721778211928,-0.08718214035231923,0.022638727728386154,0,0,0.2,3.7,287.674
2022-03-02,1920.9000244140625,1948.199951171875,1919.800048828125,1945.5999755859375,109,0.007865029921512792,0.0467983174383367,68.1184180711642,27.398251738816953,0.018095710489421456,-0.07316889198717445,-0.011068780750497331,0,1,0.2,3.7,287.674
2022-03-03,1934.4000244140625,1940.300048828125,1924.800048828125,1930.5,122,0.011540911779247997,0.05254110219662891,69.71889987631182,28.363493848839653,0.01432991727152344,-0.076504269443487,0.007027955556467846,0,1,0.2,3.7,287.674
2022-03-04,1965.0999755859375,1970.9000244140625,1935.5999755859375,1937.0,47,0.024145666539839933,0.06718757244763925,72.59179354788324,31.245505921983295,0.0037270596347266493,-0.0879263244050577,0.015870528734703848,0,1,0.2,3.7,287.674
2022-03-07,1993.9000244140625,2001.0999755859375,1963.0,1989.0,2516,0.03401961541983226,0.0805710917235659,72.75028951460808,35.444858239971836,-0.003263278211273185,-0.09921431014123913,0.014655767740029413,0,1,0.2,3.7,287.674
2022-03-08,2040.0999755859375,2072.0,1998.0,1999.4000244140625,1813,0.05067722901886875,0.10287240136487394,79.91605247173797,42.01648526931535,-0.01317638709044358,-0.12151307497025722,0.02317064577269945,0,0,0.2,3.7,287.674
2022-03-09,1985.9000244140625,2063.0,1980.800048828125,2053.60009765625,1022,0.01873939629346525,0.07151222091812166,66.5997293786041,42.36273273136567,0.0176995006359343,-0.09345863210557924,-0.026567301514872188,0,1,0.2,3.7,287.674
2022-03-10,1998.0999755859375,2010.5,1978.0999755859375,1978.0999755859375,670,0.021173712535398376,0.07591323310618663,64.74864851975806,43.12445852609767,0.015857082133923707,-0.09521245117195326,0.0061432856749545905,0,0,0.2,3.7,287.674
2022-03-11,1982.699951171875,1996.0,1959.9000244140625,1985.0,865,0.008345640119256948,0.06558273542931801,62.24163107317789,42.00131344305828,0.02558408650054599,-0.08263251283581734,-0.007707334268670207,0,0,0.2,3.7,287.674
2022-03-14,1959.5999755859375,1977.699951171875,1959.5999755859375,1976.5,145,-0.006444231377617736,0.05150754894393609,57.44918154048649,38.79997592734753,0.03714956866760447,-0.06523181450722504,-0.011650767213810753,0,0,0.2,3.7,287.674
2022-03-15,1928.5,1939.9000244140625,1910.699951171875,1939.800048828125,71,-0.021522941175836637,0.03369907622145769,52.4929031427993,33.368730807872,0.053061973029753025,-0.04620691318523323,-0.01587057357287336,0,0,0.2,3.7,287.674
2022-03-16,1908.0,1922.4000244140625,1907.199951171875,1922.4000244140625,104,-0.03129013718564253,0.0215215574138143,47.817209210282336,27.09788371075706,0.062273233357063085,-0.031067794139377682,-0.010630023334197602,0,1,0.2,3.7,287.674
2022-03-17,1942.0999755859375,1947.199951171875,1933.9000244140625,1933.9000244140625,39,-0.014362572260635165,0.03835402317681856,57.17975208240002,24.59624504937983,0.04244790131640039,-0.04320479886112205,0.01787210460478894,0,0,0.2,3.7,287.674
2022-03-18,1928.199951171875,1939.300048828125,1928.199951171875,1934.5,28,-0.019580942013066295,0.029781503999436524,53.70942032927553,21.247138793909926,0.0496675808457843,-0.03458611685792017,-0.007157213628957937,0,1,0.2,3.7,287.674
2022-03-21,1928.5999755859375,1928.5999755859375,1925.0,1925.4000244140625,5,-0.016110767989407086,0.028458306602240042,48.00346431172589,18.412973290103082,0.04900484048044446,-0.03278580610688462,0.0002074600270678406,0,0,0.2,3.7,287.674
2022-03-22,1920.699951171875,1920.699951171875,1920.699951171875,1920.699951171875,26,-0.014135849364591094,0.022895977788683162,49.96986847654355,15.352437420299793,0.05306145822365808,-0.027789381940229153,-0.00409624832213451,0,1,0.2,3.7,287.674
2022-03-23,1936.5999755859375,1936.5999755859375,1936.5999755859375,1936.5999755859375,204,-0.003452870438232858,0.029847818072218354,50.32894016362683,14.048003145988105,0.044240308602178,-0.03418142729346532,0.00827824481609496,0,1,0.2,3.7,287.674
2022-03-24,1961.5999755859375,1964.0,1961.5999755859375,1963.5999755859375,8,0.011311262151704679,0.041558252217866076,49.4675995558378,14.860221271288083,0.03166029757699248,-0.045358284443605755,0.012909222511187979,0,0,0.2,3.7,287.674
2022-03-25,1953.800048828125,1953.800048828125,1953.800048828125,1953.800048828125,83,0.00879302450380802,0.03602383704653793,43.48391325028951,14.705010872865387,0.03453658154622891,-0.03686031590554106,-0.003976308551636554,0,0,0.2,3.7,287.674
2022-03-28,1939.5999755859375,1939.5999755859375,1932.5999755859375,1932.5999755859375,7,0.002496416999666481,0.027204275539748742,31.773663801386206,13.2830594374268,0.041017154663386665,-0.026643041625747255,-0.00726792552324107,0,0,0.2,3.7,287.674
2022-03-29,1912.0,1912.0,1893.5,1893.5,128051,-0.010925334742213912,0.011564214700718528,35.16659340487017,9.815913571610508,0.05653038895752509,-0.014668475763307643,-0.014229725682276206,0,1,0.2,3.7,287.674
2022-03-30,1933.5,1937.0,1914.5,1918.4000244140625,17765,-0.0011210500391672237,0.021628840938260428,37.50000590510357,8.70272620014066,0.04459757310667157,-0.024788948547097053,0.01124476987447709,0,1,0.2,3.7,287.674
2022-03-31,1949.199951171875,1949.9000244140625,1919.0999755859375,1933.5,3617,0.006620586265316329,0.028770943140050888,43.52531768014458,8.983812242470322,0.0362950216010041,-0.03199578800368608,0.008119964402314439,0,0,0.2,3.7,287.674
2022-04-01,1919.0999755859375,1938.0,1917.0,1935.0,1016,-0.008457897807128427,0.012066102809481767,42.37862110599307,6.700519069434677,0.05211070005693879,-0.018772146618465872,-0.015442220572518095,0,1,0.33,3.7,288.561
2022-04-04,1929.199951171875,1936.0999755859375,1915.5999755859375,1921.199951171875,371,-0.0032704372243006733,0.016348375424202446,50.14302233582862,5.6409510282487645,0.04364885609944498,-0.024309202596402773,0.0052628709887059255,0,0,0.33,3.7,288.561
2022-04-05,1922.9000244140625,1943.5,1918.4000244140625,1927.0999755859375,412,-0.006638235030318707,0.01216345515334922,53.23211112905832,4.243962524949893,0.03589224126445426,-0.016031657506947343,-0.003265564439800861,0,0,0.33,3.7,288.561
2022-04-06,1918.4000244140625,1931.800048828125,1916.699951171875,1916.699951171875,138,-0.008030263929167116,0.009096827469419205,44.101552341393585,2.7421172585482054,0.03474194940148534,-0.01366192621678007,-0.0023402152700950918,0,1,0.33,3.7,288.561
2022-04-07,1933.800048828125,1934.800048828125,1919.5,1919.5,311,0.0013722646237345152,0.016086756331725637,51.38342400154397,2.7627006383177104,0.019985651550029817,-0.018325771827601166,0.008027535559882004,0,1,0.33,3.7,288.561
2022-04-08,1941.5999755859375,1947.699951171875,1928.800048828125,1928.800048828125,153,0.006046842607993372,0.01859768933881409,53.09819163544116,3.3695598294916635,0.011129812153301907,-0.01962794554504663,0.004033471176370762,0,1,0.33,3.7,288.561
2022-04-11,1944.300048828125,1968.4000244140625,1941.800048828125,1946.5999755859375,163,0.007200605484938307,0.018311089118504414,55.76737892298825,4.022010225605982,0.008240185917013152,-0.020290854104886534,0.0013906434261119482,0,1,0.33,3.7,288.561
2022-04-12,1972.0999755859375,1977.0999755859375,1950.5999755859375,1952.5,246,0.01843100276921799,0.030958547140380974,58.19862356405118,6.705012411497137,-0.0023098516416987865,-0.035553325493090926,0.014298166980229343,0,1,0.33,3.7,288.561
2022-04-13,1981.0,1981.0,1969.5,1969.5,204,0.020523811788576575,0.03365834231870893,54.84033075974234,9.440642710835846,-0.003172998075531127,-0.03982044944150577,0.00451296816806579,0,0,0.33,3.7,288.561
2022-04-14,1970.9000244140625,1978.699951171875,1963.0,1977.199951171875,101,0.014186998328630495,0.026655877259019026,54.21805377481832,10.670661072854273,0.004083076335966612,-0.03558648224567105,-0.005098422809660552,0,1,0.33,3.7,288.561
2022-04-18,1982.9000244140625,1997.0999755859375,1972.800048828125,1973.4000244140625,196,0.017023051880636974,0.030974485591814257,60.7980303124395,12.470012654802076,0.0014104580335066472,-0.0420681085250722,0.006088588894085367,0,0,0.33,3.7,288.561
2022-04-19,1955.699951171875,1978.300048828125,1945.699951171875,1973.800048828125,130,0.0017107200462741711,0.015258183317919095,60.91953602266447,11.567846226412257,0.01595526319697405,-0.02797648971246664,-0.01371731953567601,0,0,0.33,3.7,288.561
2022-04-20,1952.300048828125,1953.5999755859375,1945.5,1945.5,621,-0.0015342726743605814,0.012109258202283162,55.1648555074577,10.457976088697706,0.017870621833915207,-0.024811203362038053,-0.001738458060354664,0,0,0.33,3.7,288.561
2022-04-21,1944.9000244140625,1944.9000244140625,1942.5,1942.5,4,-0.006665128175697706,0.007037733648961998,48.76225360149942,8.878925160435529,0.021849118141088194,-0.020779677024024026,-0.0037904134758919295,0,0,0.33,3.7,288.561
2022-04-22,1931.0,1950.4000244140625,1930.199951171875,1949.5999755859375,178,-0.013623341637987162,-0.001150406857852879,53.77778845624725,6.431758808562108,0.028321688630179188,-0.01443250824477331,-0.007146909475848284,0,0,0.33,3.7,288.561
2022-04-25,1893.199951171875,1925.0,1889.300048828125,1925.0,748,-0.03053519946018849,-0.021280401772075904,40.28077497531569,1.4257783265477428,0.050217593118776285,0.0006804090469207275,-0.019575374846258375,0,1,0.33,3.7,288.561
2022-04-26,1901.4000244140625,1909.0999755859375,1894.0,1900.5,302,-0.02419246100581976,-0.01765674370335243,44.25441240562554,-1.8583974429077443,0.04641994250012777,-0.006375789436258626,0.0043313297346705415,0,0,0.33,3.7,288.561
2022-04-27,1885.9000244140625,1900.5999755859375,1882.199951171875,1897.800048828125,1786,-0.02784650021970097,-0.025844873780819608,41.79707622951426,-5.646758544983641,0.05654987915491247,-0.0011227861481322553,-0.00815188797779498,0,1,0.33,3.7,288.561
2022-04-28,1888.699951171875,1893.0,1872.9000244140625,1883.800048828125,513,-0.02174872776905343,-0.024740134424916935,37.84363944575472,-8.327141222112004,0.05608883260343429,-0.006080837634383331,0.0014846634082219534,0,1,0.33,3.7,288.561
2022-04-29,1909.300048828125,1918.199951171875,1902.4000244140625,1902.699951171875,132,-0.0079135976139873,-0.014500894189548502,41.85579956601364,-8.6889473102799,0.04407199048790036,-0.018272005755480086,0.010907025037761198,0,0,0.33,3.7,288.561
2022-05-02,1861.800048828125,1896.800048828125,1853.0,1896.699951171875,385,-0.02646905925593148,-0.03863230884002429,33.031681024526534,-12.662568065280084,0.07346019657023262,0.0009462465495798357,-0.024878226986457253,0,1,0.77,3.6,291.298
2022-05-03,1868.800048828125,1868.800048828125,1868.800048828125,1868.800048828125,466,-0.018348173295662424,-0.03472068925694781,26.76566636446553,-15.073096371160318,0.07078203911922878,-0.007377755031414985,0.00375980224321415,0,0,0.77,3.6,291.298
2022-05-04,1867.0,1867.0,1867.0,1867.0,1,-0.014879702419477763,-0.035260778320673564,23.51303519161391,-16.93350738489221,0.07296364870235685,-0.010564064120641576,-0.0009632110344034439,0,1,0.77,3.6,291.298
2022-05-05,1874.0,1904.300048828125,1874.0,1897.0,80,-0.007473086680673026,-0.03129125621674021,27.157019323462976,-17.639715359925503,0.06952164165825067,-0.01719505576035518,0.003749330476700674,0,1,0.77,3.6,291.298
2022-05-06,1881.199951171875,1890.300048828125,1871.5,1874.699951171875,214,-0.0010249179323429704,-0.027127910757145705,25.470335407486616,-17.417634729959445,0.065048026233847,-0.023372440491649542,0.003842023037286646,0,0,0.77,3.6,291.298
2022-05-09,1857.0999755859375,1867.5,1854.0,1866.5999755859375,304,-0.011928594349043193,-0.03929919823704787,25.857017575847067,-18.967653545474377,0.07872483709469645,-0.015104104453267948,-0.012810959074778139,0,0,0.77,3.6,291.298
2022-05-10,1839.9000244140625,1839.9000244140625,1839.9000244140625,1839.9000244140625,1540,-0.017866189156066515,-0.04761065332583223,24.22019232222962,-21.33797603236144,0.08882886884064771,-0.011590997732538633,-0.009261726023365169,0,1,0.77,3.6,291.298
2022-05-11,1852.5999755859375,1852.5999755859375,1841.0,1841.5,892,-0.009326018070576063,-0.04014441956454994,29.33272981521631,-21.93879696384829,0.07749110113980558,-0.020943513978893265,0.006902522421520896,0,0,0.77,3.6,291.298
2022-05-12,1823.800048828125,1851.9000244140625,1822.199951171875,1849.800048828125,153,-0.021330236977020897,-0.05411430127614368,27.497906560332567,-24.4569408884131,0.08992686143322089,-0.009523356078338218,-0.015545680199366085,0,0,0.77,3.6,291.298
2022-05-13,1807.4000244140625,1825.0,1807.4000244140625,1825.0,335,-0.02479819630799873,-0.061383451025339195,30.212187328444145,-27.459398151362848,0.09610238934360284,-0.005867818348073321,-0.008992227204183023,0,1,0.77,3.6,291.298
2022-05-16,1813.5,1813.5,1787.0,1790.5,34,-0.018950195447345913,-0.05673037216768219,29.529554172937438,-29.01221535449531,0.08477959839349064,-0.010916895218949002,0.0033750002785990496,0,1,0.77,3.6,291.298
2022-05-17,1818.199951171875,1828.5999755859375,1816.699951171875,1824.9000244140625,121,-0.0137078683202034,-0.052554042559398696,33.39868901491725,-29.52326161270298,0.0763395315165573,-0.015400078849721718,0.0025916466346154188,0,0,0.77,3.6,291.298
2022-05-18,1815.9000244140625,1819.699951171875,1805.0,1815.0,311,-0.012217396578667309,-0.05153636235308839,32.10422679416246,-29.770676495253156,0.07122915976102719,-0.015190853924044163,-0.001264947101296654,0,1,0.77,3.6,291.298
2022-05-19,1841.199951171875,1841.199951171875,1810.699951171875,1810.9000244140625,138,0.003334981864834119,-0.03686610339089008,33.63762001745708,-27.607025320043704,0.049082287453117816,-0.026928202519705544,0.013932444747874362,0,1,0.77,3.6,291.298
2022-05-20,1841.800048828125,1841.800048828125,1836.300048828125,1839.0999755859375,110,0.005821535421926216,-0.03497416825121422,43.796514780227604,-25.549376007115825,0.04215110027960472,-0.025498961689705783,0.00032592747782111964,0,1,0.77,3.6,291.298
2022-05-23,1847.800048828125,1863.0,1845.800048828125,1846.300048828125,216,0.009610940257480353,-0.030459841949147536,43.44568089756134,-23.167464140780567,0.036312434642034465,-0.028665546959270823,0.003257682615340096,0,1,0.77,3.6,291.298
2022-05-24,1865.0999755859375,1867.0,1852.5,1852.5,33,0.01766216006552197,-0.02041113422208402,49.45929740969937,-19.65722605239307,0.023661302009668334,-0.03658282861966813,0.009362445232526273,0,0,0.77,3.6,291.298
2022-05-25,1846.199951171875,1846.199951171875,1846.199951171875,1846.199951171875,0,0.00770155871800295,-0.029498804303014013,42.590589894951634,-18.190719799052886,0.03191637535696217,-0.026646034767425098,-0.010133518128498609,0,1,0.77,3.6,291.298
2022-05-26,1847.4000244140625,1847.4000244140625,1840.4000244140625,1840.4000244140625,123355,0.007059349894552838,-0.028248835748576544,40.69383900273247,-16.738713674705195,0.028515162369896475,-0.026783018093281905,0.0006500234394577475,0,1,0.77,3.6,291.298
2022-05-27,1851.300048828125,1860.699951171875,1845.9000244140625,1848.300048828125,30091,0.006776036180513585,-0.025266284864548866,48.203242052750475,-15.099234408357233,0.020167142300541313,-0.02578486237557832,0.0021110882118231533,0,0,0.77,3.6,291.298
2022-05-31,1842.699951171875,1862.0999755859375,1832.800048828125,1850.300048828125,4073,0.0005103561889318865,-0.02892004929562062,50.916206838976564,-14.328718734556332,0.024067571726322855,-0.021413802676974222,-0.004645436952099624,0,1,0.77,3.6,291.298
2022-06-01,1843.300048828125,1847.9000244140625,1825.300048828125,1831.0,1623,-0.000525930851904419,-0.027729695396545958,46.69512369698469,-13.513877083250009,0.022225587840476638,-0.021607183481467843,0.00032566216538310044,0,1,1.21,3.6,294.957
2022-06-02,1866.5,1868.699951171875,1842.0999755859375,1845.4000244140625,551,0.00928444089040532,-0.014929376207759986,65.80307931402136,-10.870755729248003,0.009474300925579592,-0.03374968134807825,0.012586095891780724,0,0,1.21,3.6,294.957
2022-06-03,1845.4000244140625,1871.800048828125,1845.4000244140625,1867.5999755859375,53,-0.002351662529672597,-0.025126721582679937,63.59083931605721,-10.359239835056314,0.018857497514120955,-0.022092592272076345,-0.011304567686009959,0,0,1.21,3.6,294.957
2022-06-06,1839.199951171875,1854.0999755859375,1839.199951171875,1849.0,142,-0.005563723651356804,-0.02714393961929789,59.18510516883031,-10.335018241148418,0.018594915434767583,-0.0173823759620248,-0.0033597448575715116,0,1,1.21,3.6,294.957
2022-06-07,1847.5,1851.5999755859375,1835.0,1836.9000244140625,1168,-0.0010597674787133347,-0.021653367359783533,60.20905887777168,-9.536151066001139,0.013350098914904532,-0.021647794544556138,0.004512858334319025,0,1,1.21,3.6,294.957
2022-06-08,1851.9000244140625,1855.0,1844.4000244140625,1844.800048828125,218,0.0020344897938950448,-0.018411595528218513,62.36260834133998,-8.450584795279383,0.011508010444925299,-0.023889910764388327,0.002381609967016196,0,0,1.21,3.6,294.957
2022-06-09,1848.800048828125,1850.0999755859375,1837.9000244140625,1846.0999755859375,159,0.0002164231867841484,-0.01939773979944668,53.079446352542696,-7.751058449913899,0.012963988911353185,-0.022218685231086593,-0.0016739432718125835,0,1,1.21,3.6,294.957
2022-06-10,1871.5,1875.5999755859375,1823.9000244140625,1842.699951171875,1490,0.01117888390769785,-0.006704415807952195,60.20615166225088,-5.303843032284931,0.002948250054148689,-0.03380050238349681,0.012278207795517693,0,0,1.21,3.6,294.957
2022-06-13,1828.0,1873.800048828125,1818.699951171875,1873.800048828125,127,-0.01107937593520833,-0.028542157028503466,44.59015781068854,-6.7961518300710395,0.025532298896824086,-0.00839881567788604,-0.023243387656959658,0,0,1.21,3.6,294.957
2022-06-14,1809.5,1825.5,1805.300048828125,1825.0,536,-0.01932624248135243,-0.037252146638337,34.907741643466494,-9.363674086683204,0.036381149283756575,0.0011540854906112955,-0.010120350109409149,0,1,1.21,3.6,294.957
2022-06-15,1815.300048828125,1839.0,1810.800048828125,1814.0999755859375,108,-0.014687661908674586,-0.03299419611504126,40.970239445683454,-10.805875103874314,0.033268808614665975,-0.0024034321333706097,0.0032053323172838155,0,1,1.21,3.6,294.957
2022-06-16,1845.699951171875,1850.5999755859375,1814.9000244140625,1819.199951171875,136,0.002945174796597079,-0.015990910603902626,49.575618624147474,-9.387597365091324,0.015605307782285461,-0.016575071354630277,0.01674648902443132,0,0,1.21,3.6,294.957
2022-06-17,1835.5999755859375,1853.699951171875,1833.5999755859375,1853.699951171875,170,-0.002011648134650386,-0.020510805904144298,46.19853172850869,-8.975125994095606,0.021175839453267425,-0.011451465258144502,-0.005472165494464498,0,0,1.21,3.6,294.957
2022-06-21,1834.5999755859375,1838.5999755859375,1830.0999755859375,1835.300048828125,216,-0.002305816085053298,-0.020006916596508717,47.96380729218129,-8.629456105205918,0.02170490679698341,-0.01127753627179438,-0.0005447810052845448,0,0,1.21,3.6,294.957
2022-06-22,1834.300048828125,1842.699951171875,1821.5999755859375,1829.5,115,-0.0017523392851556876,-0.019042624792604303,47.7341373015434,-8.284216519317852,0.021645610304603335,-0.011625489965891718,-0.00016348346331829244,0,0,1.21,3.6,294.957
2022-06-23,1825.699951171875,1841.199951171875,1825.699951171875,1835.5,9,-0.005013923825889744,-0.022401737995693387,38.913030209748634,-8.605370314698348,0.0249423730900884,-0.007611978751551497,-0.004688490120111077,0,1,1.21,3.6,294.957
2022-06-24,1826.5,1826.5,1815.800048828125,1820.5,61,-0.0033666700134919398,-0.02044594718634052,44.2272400861725,-8.695098079038416,0.024307706031681864,-0.008939511493374307,0.0004382148488373261,0,0,1.21,3.6,294.957
2022-06-27,1820.9000244140625,1830.699951171875,1819.9000244140625,1830.5,77,-0.003671446946282138,-0.02176936765806069,44.38996643253014,-9.11302987186923,0.027297960159344194,-0.00718704906861729,-0.0030659598061524296,0,0,1.21,3.6,294.957
2022-06-28,1817.5,1826.0,1817.5,1824.199951171875,391,-0.004960142328039305,-0.021983972817006397,40.51832829979614,-9.607844137210122,0.028777440339565252,-0.006747177648282635,-0.0018672219059124862,0,0,1.21,3.6,294.957
2022-06-29,1813.699951171875,1830.300048828125,1812.800048828125,1818.300048828125,173,-0.0072688488966189254,-0.022248365857784183,37.88068554574191,-10.18916582839961,0.031008179784693418,-0.006340317788695448,-0.0020908109095598704,0,0,1.21,3.6,294.957
2022-06-30,1804.0999755859375,1817.300048828125,1801.0,1809.5999755859375,328,-0.011917677116646593,-0.025831333051145433,36.38023159888329,-11.29431146421075,0.03688794965862372,-0.0036192590330839506,-0.00529303404332937,0,0,1.21,3.6,294.957
2022-07-01,1798.9000244140625,1806.0999755859375,1791.5999755859375,1795.5,77,-0.012233809042116564,-0.02702730746962154,25.238749087178704,-12.446267124620363,0.03794556463007799,-0.002557300765217489,-0.0028822965701699177,0,0,1.68,3.5,294.913
2022-07-05,1761.800048828125,1805.4000244140625,1761.800048828125,1805.4000244140625,64,-0.028669065592609413,-0.04520246713060723,26.390879376727227,-16.166500898182676,0.06342684156865398,0.010077471494504225,-0.020623700640629905,0,0,1.68,3.5,294.913
2022-07-06,1734.9000244140625,1768.0,1734.0,1762.5,1729,-0.03821312445305961,-0.057778084885467276,24.89906196424802,-21.04285123359773,0.08548720907709627,0.014155396296938471,-0.015268488857152263,0,1,1.68,3.5,294.913
2022-07-07,1737.9000244140625,1745.199951171875,1737.0,1745.199951171875,1869,-0.03137347658316474,-0.05455395021291345,23.456768417095546,-24.384232821360456,0.08563967725991063,0.0040720200456149025,0.0017292062699769684,0,1,1.68,3.5,294.913
2022-07-08,1740.5999755859375,1749.300048828125,1732.0999755859375,1738.0999755859375,370,-0.025245301046999957,-0.05142554737827628,5.503811467996599,-26.508860663345786,0.08383718949913647,-0.0037613215996107007,0.00155357105353926,0,0,1.68,3.5,294.913
2022-07-11,1730.0,1736.699951171875,1730.0,1732.5,75,-0.025917357677664787,-0.05559747010826152,5.480608210825551,-28.7169419462482,0.0903208976234474,-0.004367140398013977,-0.006089840132491808,0,0,1.68,3.5,294.913
2022-07-12,1723.300048828125,1735.5,1723.300048828125,1734.199951171875,451,-0.024328080258346468,-0.057553059457252656,5.229287071636563,-30.654130601022416,0.09097198173465776,-0.005508102518316134,-0.0038728041455924345,0,1,1.68,3.5,294.913
2022-07-13,1734.199951171875,1734.199951171875,1710.0,1710.0,368,-0.013504471845774798,-0.04977219741198194,12.89838023708262,-30.953028299124526,0.08322467244421936,-0.016277318664284078,0.006325017138577804,0,0,1.68,3.5,294.913
2022-07-14,1704.5,1710.5,1704.5,1710.300048828125,1289,-0.02433859208592782,-0.06443308996926211,11.15380100942916,-33.203693218195895,0.10370614824984398,-0.00690356684767325,-0.017126024684642305,0,0,1.68,3.5,294.913
2022-07-15,1702.4000244140625,1709.699951171875,1701.0999755859375,1705.4000244140625,721,-0.019834751159193604,-0.06387573116248178,10.553011448868105,-34.756164432663354,0.10538378498646771,-0.012626532598140939,-0.0012320185309108167,0,1,1.68,3.5,294.913
2022-07-18,1709.199951171875,1712.4000244140625,1709.199951171875,1712.199951171875,264,-0.010810966998952228,-0.05850264334675335,14.763302421618732,-35.03396208801723,0.09707538346926066,-0.020630205053909334,0.0039943178220718245,0,1,1.68,3.5,294.913
2022-07-19,1710.0,1714.4000244140625,1706.0999755859375,1712.300048828125,1684,-0.007372148371742059,-0.05635700879603641,15.522695418633973,-34.78854083355213,0.0926724376425013,-0.02454378267174107,0.00046808381171348223,0,0,1.68,3.5,294.913
2022-07-20,1699.5,1708.5,1699.5,1707.0999755859375,130,-0.01143581608838801,-0.06026678682317449,14.883079482528728,-35.03741545374555,0.09508384122565094,-0.022127087803228807,-0.0061403508771930015,0,1,1.68,3.5,294.913
2022-07-21,1712.699951171875,1715.5,1679.800048828125,1687.0,183,-0.002295204052634328,-0.05145317036160639,22.502932412393022,-33.78012834812057,0.08079051299106917,-0.030910152876865975,0.007766961560385477,0,1,1.68,3.5,294.913
2022-07-22,1727.0999755859375,1735.0,1713.0,1713.300048828125,61,0.006885124625456973,-0.04228137047408408,29.532443345763085,-31.261395724094882,0.06589541379904222,-0.038815311542978466,0.008407791688327837,0,0,1.68,3.5,294.913
2022-07-25,1719.0,1732.0,1719.0,1727.0,67,0.0028059957140265995,-0.045358521428767395,35.382462857686036,-29.57792638478668,0.06402309161084502,-0.0336449676334236,-0.004689928608903826,0,0,1.68,3.5,294.913
2022-07-26,1717.699951171875,1718.0,1717.699951171875,1718.0,1,0.0023750580635917683,-0.044955029371074665,42.880745681801876,-28.025606137887962,0.0576090217819627,-0.03170223554792971,-0.0007562820407940318,0,1,1.68,3.5,294.913
2022-07-27,1719.0999755859375,1719.0999755859375,1719.0999755859375,1719.0999755859375,144865,0.0040768128083623215,-0.043237166847388236,42.11405409612446,-26.378337830074543,0.0487499130285833,-0.030216939593557708,0.0008150576083485461,0,1,1.68,3.5,294.913
2022-07-28,1750.300048828125,1755.0,1732.0,1732.300048828125,37236,0.01957247117963414,-0.025187048582981448,53.283711735210424,-22.298240431925933,0.02233965740265511,-0.0434103889973636,0.01814907433266244,0,1,1.68,3.5,294.913
2022-07-29,1762.9000244140625,1765.699951171875,1750.0,1754.0,3485,0.023305782560202073,-0.017564456032898874,60.98866465363222,-17.8423456666128,0.008997788961099802,-0.04654957744106655,0.007198751776515966,0,1,1.68,3.5,294.913
2022-08-01,1769.0,1772.5,1756.0999755859375,1763.9000244140625,705,0.023294561611606937,-0.013649441309632679,65.32528372574352,-13.661320710676137,0.00034527352926020305,-0.04635431956736426,0.00346019371572992,0,1,2.33,3.6,295.097
2022-08-02,1771.0999755859375,1786.5999755859375,1759.4000244140625,1772.0999755859375,1078,0.02090105459620164,-0.01170597758391543,63.15040758280644,-10.06238492112766,0.0004152061846921593,-0.04821598654972579,0.0011870975612988666,0,0,2.33,3.6,295.097
2022-08-03,1758.0,1770.5,1753.0,1756.699951171875,399,0.00994433808589561,-0.018097611330056287,71.62490748507426,-8.173047127953396,0.009601923327819423,-0.04154163448085189,-0.0073965195452072585,0,1,2.33,3.6,295.097
2022-08-04,1788.5,1792.0999755859375,1767.699951171875,1769.4000244140625,285,0.02301132261903046,-0.0004001744539186728,78.30374405198062,-4.166608148937257,-0.0022673192480864453,-0.060405319638375574,0.017349260523321863,0,0,2.33,3.6,295.097
2022-08-05,1772.9000244140625,1791.4000244140625,1764.199951171875,1791.199951171875,645,0.011438528347583988,-0.008096789645138087,69.79492342346101,-2.2246200138406493,0.009107200661580182,-0.0529111701603207,-0.00872237941623566,0,1,2.33,3.6,295.097
2022-08-08,1786.800048828125,1786.800048828125,1771.800048828125,1771.800048828125,127,0.015440770997265396,0.00034489580176289214,72.06897954831177,0.4310663132268928,0.005519294897823215,-0.06136219830747086,0.007840275380816442,0,1,2.33,3.6,295.097
2022-08-09,1794.0,1796.0999755859375,1789.0,1790.0,249,0.015130761793179076,0.004976706846265182,77.6801485153471,3.081174881611787,0.006120730501765946,-0.06582530673678541,0.00402952259632916,0,1,2.33,3.6,295.097
2022-08-10,1795.5999755859375,1804.9000244140625,1787.800048828125,1804.4000244140625,601,0.011656909762452969,0.006501100378470997,76.0528086534131,5.249991044533999,0.009405668760444803,-0.06741968074109281,0.000891848152696495,0,0,2.33,3.6,295.097
2022-08-11,1789.699951171875,1794.300048828125,1785.699951171875,1794.300048828125,1235,0.006099418822202598,0.0037903373536587693,70.78352780018075,6.41871981100644,0.015324457142452445,-0.062175838289262715,-0.0032858233984645047,0,1,2.33,3.6,295.097
2022-08-12,1798.5999755859375,1800.4000244140625,1784.300048828125,1786.300048828125,187,0.009077535324488026,0.009288177174354205,76.28796656209258,7.971216150407145,0.01302654429091175,-0.0641941021197379,0.004972914263217554,0,0,2.33,3.6,295.097
2022-08-15,1781.4000244140625,1799.0,1774.699951171875,1799.0,64,-0.0012670425684404678,0.0005920342898366368,69.03768712774193,7.724643489213349,0.02370075646357201,-0.05199875685813851,-0.009562966421297614,0,0,2.33,3.6,295.097
2022-08-16,1773.199951171875,1777.4000244140625,1771.4000244140625,1777.4000244140625,308,-0.005981402217941086,-0.003205373824880888,65.53704284100637,6.789292758254987,0.028372090556113175,-0.04398787995081051,-0.004603162192548305,0,0,2.33,3.6,295.097
2022-08-17,1760.300048828125,1769.699951171875,1760.0,1769.699951171875,23,-0.013340032045218827,-0.009578416881033697,53.20924664188694,4.950045215031196,0.033936747169109396,-0.03155653217058429,-0.007274928208307663,0,0,2.33,3.6,295.097
2022-08-18,1755.300048828125,1762.9000244140625,1753.4000244140625,1762.9000244140625,321,-0.014308312079438664,-0.011365912976702084,47.43590271594403,3.0537681345563215,0.03537118101149439,-0.024860213182337366,-0.002840424848779999,0,0,2.33,3.6,295.097
2022-08-19,1747.5999755859375,1754.300048828125,1747.5,1753.699951171875,49,-0.017236060404365247,-0.014545004354195501,42.857131215871426,0.9190293298552206,0.03919725204950539,-0.01865476559399471,-0.004386756126012914,0,0,2.33,3.6,295.097
2022-08-22,1734.0,1740.5,1726.5,1740.5,347,-0.021980064651128867,-0.020946327130280697,38.49969236450983,-1.848858433730129,0.04632360331591137,-0.009068701355127108,-0.007782087305979513,0,1,2.33,3.6,295.097
2022-08-23,1746.800048828125,1748.9000244140625,1731.9000244140625,1738.0,509,-0.01213061002226778,-0.012328339304531711,46.521754294448755,-2.9752753398940968,0.03682008782498769,-0.012827695485926858,0.007381804399149372,0,1,2.33,3.6,295.097
2022-08-24,1747.800048828125,1751.800048828125,1743.5999755859375,1745.0,187,-0.008885866179187518,-0.010865846729980193,34.524733394724336,-3.7441173565196095,0.03407804886028045,-0.009601610916319265,0.0005724753675562244,0,1,2.33,3.6,295.097
2022-08-25,1757.699951171875,1761.800048828125,1755.0,1761.5999755859375,172,-0.0014600351887211498,-0.00467962419173463,43.95863191897942,-3.514082654300182,0.02810432707233398,-0.014609358852840934,0.0056642076136728114,0,0,2.33,3.6,295.097
2022-08-26,1736.0999755859375,1755.0,1736.0999755859375,1754.0,202,-0.010216549220335602,-0.01602830570046577,31.011191160455397,-5.016884485293303,0.041741927708972,-0.004739420841330291,-0.012288772933933712,0,1,2.33,3.6,295.097
2022-08-29,1736.5999755859375,1741.199951171875,1732.0999755859375,1732.4000244140625,950,-0.007396245205832059,-0.01452618972970629,27.36590789847365,-6.097234814586727,0.04189033803210415,-0.007340038785508518,0.00028800184726174294,0,0,2.33,3.6,295.097
2022-08-30,1723.199951171875,1739.0,1720.699951171875,1736.4000244140625,385,-0.012232480332733388,-0.020881301422028233,23.881660473608235,-7.943126794333239,0.05098667348647548,-0.0033949270039665426,-0.007716241277465952,0,0,2.33,3.6,295.097
2022-08-31,1712.800048828125,1720.9000244140625,1708.5,1718.300048828125,2133,-0.01551333987171256,-0.02544158977974444,23.13068446455351,-10.128440335296318,0.05915387576913995,-0.0017683655034176219,-0.006035226693615781,0,0,2.33,3.6,295.097
2022-09-01,1696.5999755859375,1707.9000244140625,1693.9000244140625,1707.9000244140625,683,-0.02152349568396763,-0.03314414623855947,16.09040351406894,-13.01747028744694,0.07009284579814368,0.0015209998793935871,-0.009458239596192963,0,1,2.56,3.5,296.349
2022-09-02,1709.800048828125,1715.699951171875,1703.0999755859375,1703.4000244140625,182,-0.011756247231194885,-0.024332874180985713,25.546460503506594,-14.079610757277123,0.061860919069426715,-0.009930925941860989,0.0077803096971216235,0,0,2.56,3.5,296.349
2022-09-06,1700.4000244140625,1717.4000244140625,1699.699951171875,1709.699951171875,697,-0.015276978187236051,-0.02829842254842368,25.3387741194354,-15.50118018681519,0.06663181146408165,-0.008439650942340907,-0.0054977331533621054,0,1,2.56,3.5,296.349
2022-09-07,1715.300048828125,1715.300048828125,1694.699951171875,1694.800048828125,651,-0.0048327982403937346,-0.01859926928534178,34.95990286603934,-15.249687847162704,0.054037631756615544,-0.018312157797451205,0.008762658315767169,0,0,2.56,3.5,296.349
2022-09-08,1708.0,1718.199951171875,1705.300048828125,1718.199951171875,1193,-0.0067746343732736835,-0.021549961376291275,34.43054535401963,-15.461204150280764,0.05454934099485632,-0.01525191281908411,-0.004255843654357938,0,1,2.56,3.5,296.349
2022-09-09,1716.199951171875,1720.0,1712.800048828125,1719.199951171875,635,0.0004080158390410959,-0.015753027129427343,39.6981563701229,-14.79659883388149,0.04530748311080308,-0.020036473779487047,0.004800908180254693,0,1,2.56,3.5,296.349
2022-09-12,1728.0999755859375,1728.0999755859375,1727.4000244140625,1727.4000244140625,68,0.007814763857198025,-0.008063623124101067,48.04246133159449,-13.157984757131999,0.03158971225687104,-0.024344728558460458,0.006933938208037338,0,0,2.56,3.5,296.349
2022-09-13,1705.0,1720.5,1697.300048828125,1720.5,432,-0.003821121581778544,-0.020266970067863023,37.018618376358695,-13.566954860469878,0.041143306280642035,-0.011184359135297568,-0.013367268047154046,0,0,2.56,3.5,296.349
2022-09-14,1696.5,1701.800048828125,1696.5,1698.699951171875,532,-0.0072387058531081004,-0.024419136363538475,34.77743358215875,-14.410826538464562,0.0427351242463776,-0.007126512536607429,-0.004985337243401777,0,0,2.56,3.5,296.349
2022-09-15,1665.4000244140625,1686.0,1662.300048828125,1685.5,1125,-0.022727127835187277,-0.041537209149042624,25.672142561596573,-17.388663352427102,0.062429341568185304,0.005494254467483448,-0.01833184532032861,0,1,2.56,3.5,296.349
2022-09-16,1671.699951171875,1674.9000244140625,1651.699951171875,1660.4000244140625,464,-0.017594821011832813,-0.03717785254282796,31.536692832919783,-19.02100671770131,0.05730599808896951,-0.002176430638639211,0.0037828309507974556,0,0,2.56,3.5,296.349
2022-09-19,1666.199951171875,1669.4000244140625,1658.5,1661.800048828125,580,-0.018311676115917754,-0.03952245092653969,30.37903711440518,-20.52189104413901,0.06013022588090141,-0.0031022006990449533,-0.003290064102798196,0,0,2.56,3.5,296.349
2022-09-20,1659.699951171875,1659.699951171875,1659.699951171875,1659.699951171875,2830,-0.019790831893026956,-0.04249331648424476,31.59420289855072,-21.98244838201299,0.06462299813828001,-0.004015604723825369,-0.0039010924201674513,0,1,2.56,3.5,296.349
2022-09-21,1664.5999755859375,1680.0999755859375,1664.5999755859375,1665.5,2337,-0.01394434273685856,-0.039015541815193164,35.56885089524255,-22.485362315897873,0.05942645956721667,-0.009822931422734639,0.002952355581262056,0,1,2.56,3.5,296.349
2022-09-22,1670.800048828125,1670.800048828125,1668.300048828125,1668.300048828125,973,-0.008085830268114144,-0.03472959827733269,41.78346920448317,-22.12854702180516,0.05227985983846155,-0.014890655009480478,0.0037246625814739698,0,0,2.56,3.5,296.349
2022-09-23,1645.300048828125,1667.0,1645.300048828125,1667.0,1224,-0.019095791518376284,-0.048811056551968476,30.950980095262395,-23.63100173986004,0.06458487186220414,-0.0024503723875671547,-0.01526214942229942,0,0,2.56,3.5,296.349
2022-09-26,1623.300048828125,1623.300048828125,1623.300048828125,1623.300048828125,1205,-0.026127096722485473,-0.06067070027407809,28.80704638872578,-26.293825217084304,0.07904358240915693,0.004089478814596332,-0.013371421228407288,0,1,2.56,3.5,296.349
2022-09-27,1626.699951171875,1636.5999755859375,1626.699951171875,1632.199951171875,888,-0.019481407120129142,-0.05780374317717014,24.002303863556264,-27.809220914358548,0.07487274329566433,-0.0028495683208070483,0.002094438638256868,0,1,2.56,3.5,296.349
2022-09-28,1660.4000244140625,1660.4000244140625,1620.4000244140625,1620.4000244140625,18311,0.0030143752078507172,-0.03773152581119081,37.906505767018054,-25.991257616101393,0.05013261076440957,-0.023946176522437544,0.020716834237260562,0,0,2.56,3.5,296.349
2022-09-29,1658.5,1662.5999755859375,1640.0,1657.0,6028,0.0022843773532481492,-0.03837568032173424,34.85565586040026,-24.42229962780675,0.04914904151198545,-0.023915396652172422,-0.0011443172645898558,0,1,2.56,3.5,296.349
2022-09-30,1662.4000244140625,1672.699951171875,1658.0,1661.699951171875,548,0.005206236559627161,-0.03555182840546828,32.00001337756849,-22.60362917514044,0.045592544456816854,-0.027167402731085907,0.0023515371806226426,0,1,2.56,3.5,296.349
2022-10-03,1692.9000244140625,1700.0,1661.9000244140625,1667.199951171875,410,0.021998728875799064,-0.01746723529563747,46.81411952861195,-18.488105268633717,0.02540952852805854,-0.04434747283922069,0.018346967969246952,0,1,3.08,3.6,298.007
2022-10-04,1721.0999755859375,1728.0,1696.0,1701.199951171875,291,0.0351858311977575,-0.0011247720025876595,55.86831547025905,-12.80343253878641,0.01061173421898561,-0.06080635094011498,0.016657777048373124,0,0,3.08,3.6,298.007
2022-10-05,1711.4000244140625,1726.5999755859375,1703.0,1724.0999755859375,418,0.026462266009298206,-0.006681697919575817,62.221044615997315,-8.97750633351393,0.01594725185195997,-0.05531855765406573,-0.0056359022192029595,0,1,3.08,3.6,298.007
2022-10-06,1711.699951171875,1723.300048828125,1709.0999755859375,1721.0,133,0.02412987170460391,-0.006422266940544986,60.976951350076575,-5.853752256582993,0.01611566444008371,-0.05561435815862199,0.00017525228090087275,0,0,3.08,3.6,298.007
2022-10-07,1700.5,1710.0999755859375,1693.699951171875,1710.0999755859375,179,0.01407963403933448,-0.012352419421344747,59.12721305340952,-4.233100554674593,0.02135619430816141,-0.048865753192496954,-0.006543174324569634,0,0,3.08,3.6,298.007
2022-10-10,1667.300048828125,1693.4000244140625,1667.0,1693.4000244140625,195,-0.008320964017490324,-0.030558344488489323,51.77076021528986,-5.5635478839308234,0.03690481413188512,-0.0287839574242561,-0.019523640794986807,0,1,3.08,3.6,298.007
2022-10-11,1678.699951171875,1678.699951171875,1661.0,1661.800048828125,167,-0.004619091283229741,-0.02290390199826836,53.188600794258555,-5.633124973346185,0.02794987142833576,-0.03503267665321009,0.006837343015591246,0,0,3.08,3.6,298.007
2022-10-12,1670.300048828125,1672.699951171875,1668.0,1668.0,149,-0.01018083533136766,-0.02665095947847138,49.88804277116008,-6.293519461439928,0.03162119186601206,-0.030250237715132012,-0.005003814015653085,0,0,3.08,3.6,298.007
2022-10-13,1670.0,1675.300048828125,1641.5,1675.199951171875,729,-0.011032615095635107,-0.02582667731471842,56.23422510771293,-6.7631370499514105,0.03190091781679336,-0.02989492979284132,-0.00017963768146656012,0,0,3.08,3.6,298.007
2022-10-14,1641.699951171875,1667.0,1640.0,1665.300048828125,82,-0.026598547606759684,-0.04069216560173214,54.50096211155717,-9.31155202382115,0.049818667819876754,-0.015128956331734294,-0.016946137022829322,0,1,3.08,3.6,298.007
2022-10-17,1657.0,1657.0,1646.800048828125,1650.199951171875,238,-0.01543105057875918,-0.030438496916361413,57.00417849935212,-9.981542173483149,0.040029918750155775,-0.024682903129870516,0.00931963774330602,0,0,3.08,3.6,298.007
2022-10-18,1649.0,1655.199951171875,1649.0,1651.4000244140625,597,-0.015968872390784063,-0.0335610427555243,47.00943324326418,-11.030890100728584,0.0451335313594091,-0.020658085776859122,-0.004828002414001165,0,0,3.08,3.6,298.007
2022-10-19,1627.5,1637.5,1627.5,1637.5,84,-0.023911906315901604,-0.04429649009691264,42.62606013161776,-13.442420355969489,0.059709990088105826,-0.010769890421727286,-0.013038204972710687,0,1,3.08,3.6,298.007
2022-10-20,1630.800048828125,1641.4000244140625,1622.800048828125,1622.800048828125,477,-0.01716404462831998,-0.040501537174610185,42.461828226582824,-14.915354178134294,0.057710251831399766,-0.015369123254417211,0.0020276797715053085,0,1,3.08,3.6,298.007
2022-10-21,1651.0,1653.9000244140625,1634.0999755859375,1634.0999755859375,224,-0.0020129024275591448,-0.02702868434079042,39.48818586566854,-14.287994495998646,0.0447299609247882,-0.027031591861057826,0.012386528432097199,0,0,3.08,3.6,298.007
2022-10-24,1648.699951171875,1662.699951171875,1648.699951171875,1662.699951171875,29,-0.0022814598488640338,-0.02666447628008821,29.123380577560866,-13.81712690801055,0.04526177821978012,-0.023207980505405665,-0.001393124668761403,0,1,3.08,3.6,298.007
2022-10-25,1652.800048828125,1652.800048828125,1637.300048828125,1648.199951171875,880,0.0017698523145141724,-0.022760059814188972,32.53873624435025,-12.96368010258675,0.0417807670881914,-0.023163929746139324,0.0024868670938793525,0,1,3.08,3.6,298.007
2022-10-26,1664.0,1667.0,1649.800048828125,1649.800048828125,89,0.00894345914809762,-0.01486581833339026,36.65361941649419,-11.253847553542982,0.03482538857918367,-0.02957899141403198,0.006776349734389342,0,0,3.08,3.6,298.007
2022-10-27,1660.699951171875,1660.699951171875,1660.699951171875,1660.699951171875,2298,0.007510650899922681,-0.015658684993438768,38.34893517267798,-10.049237940968169,0.036902032970841936,-0.02753845248462775,-0.0019832024207482313,0,0,3.08,3.6,298.007
2022-10-28,1639.5999755859375,1661.0,1638.699951171875,1661.0,626,-0.005163503640692924,-0.02683043455719569,41.27282279198598,-10.674123186507586,0.05046277130807717,-0.01663132170373721,-0.012705471311086791,0,0,3.08,3.6,298.007
2022-10-31,1635.9000244140625,1641.800048828125,1633.4000244140625,1641.800048828125,522,-0.006136072652452917,-0.02773731588340303,35.82785027886172,-11.337216014398791,0.051297239562376376,-0.016350149009248457,-0.0022566182160088655,0,1,3.08,3.6,298.007
2022-11-01,1645.0,1653.699951171875,1630.800048828125,1630.800048828125,985,-0.00036460865337865163,-0.021293558386235024,41.66116801102091,-11.001610165983266,0.039349088809202806,-0.020285260506106195,0.005562672198869079,0,1,3.78,3.6,298.786
2022-11-02,1645.699951171875,1664.699951171875,1634.0,1650.800048828125,612,-0.0010440834458793253,-0.01969780631598423,42.01182339703564,-10.557460075411655,0.0333553278597592,-0.01914247704575176,0.0004255022321428825,0,0,3.78,3.6,298.786
2022-11-03,1627.300048828125,1629.199951171875,1615.0999755859375,1629.199951171875,1427,-0.01200310026147731,-0.029264601759234905,44.936741459796615,-11.556964777451867,0.03857018955585265,-0.006769107523674997,-0.011180593601310962,0,1,3.78,3.6,298.786
2022-11-04,1672.5,1674.5,1629.0,1630.199951171875,159,0.01411576681809415,-0.001286235260951607,54.503199649322404,-8.602655094086685,0.006131524948907755,-0.030914783543825434,0.027776039953065323,0,1,3.78,3.6,298.786
2022-11-07,1676.5,1677.9000244140625,1672.9000244140625,1676.9000244140625,42,0.014830508474576272,0.001815398550530437,58.17966209513795,-5.870900725705496,0.004732939269410671,-0.033680153634345115,0.0023916292974588416,0,1,3.78,3.6,298.786
2022-11-08,1712.0999755859375,1712.0999755859375,1703.199951171875,1703.199951171875,23,0.03267326313503126,0.023388303023385282,73.2162609600417,-0.8238483877739782,-0.010393952023591396,-0.05758686409285574,0.02123470061791677,0,0,3.78,3.6,298.786
2022-11-09,1710.0999755859375,1720.199951171875,1706.0,1707.4000244140625,497,0.028606821869504518,0.02235293361427711,71.91819322222155,2.9802393230015696,-0.004122072404278933,-0.059271859228492964,-0.001168156082307914,0,1,3.78,3.6,298.786
2022-11-10,1750.300048828125,1750.300048828125,1708.199951171875,1708.199951171875,325,0.04714331368718217,0.04591687212608904,74.7138121197833,9.133530530843473,-0.015552822616509452,-0.08773238420280134,0.023507440393017776,0,1,3.78,3.6,298.786
2022-11-11,1766.0,1766.0,1757.5999755859375,1763.800048828125,257,0.04860640887332746,0.054424042949058345,77.36821179076115,15.102817120147165,-0.012230099583687034,-0.10087862068811365,0.008969862728614109,0,1,3.78,3.6,298.786
2022-11-14,1773.5999755859375,1773.5999755859375,1761.5999755859375,1762.0,358,0.04457832166379704,0.05815558790357543,77.73188769290697,20.21376259018757,-0.005639625863465414,-0.10898033151791717,0.004303496934279449,0,1,3.78,3.6,298.786
2022-11-15,1773.800048828125,1773.800048828125,1769.9000244140625,1770.800048828125,57,0.03683096481555275,0.057348896122781115,76.54742565981782,24.00366858643156,0.003336924397328137,-0.11113379549402722,0.0001128062950730424,0,0,3.78,3.6,298.786
2022-11-16,1773.0,1778.9000244140625,1773.0,1776.5999755859375,303,0.028708684822637692,0.05614548094058781,77.48413024669819,26.635600516442764,0.010945675458570725,-0.10968227870650854,-0.0004510366479320016,0,0,3.78,3.6,298.786
2022-11-17,1760.800048828125,1763.0,1756.0,1763.0,18,0.013777681348054571,0.04821880753800182,81.0133596549042,27.420900362239763,0.0226621648081057,-0.10084258927280368,-0.006880965127961103,0,0,3.78,3.6,298.786
2022-11-18,1751.9000244140625,1763.300048828125,1747.5999755859375,1763.300048828125,414,0.004063488063889504,0.042477443473324925,78.91328133272157,27.013701423640214,0.03150829890763196,-0.09416600905979998,-0.005054534397580079,0,0,3.78,3.6,298.786
2022-11-21,1737.4000244140625,1744.9000244140625,1736.0999755859375,1739.0,544,-0.007710313381031903,0.033734726557741505,72.427203681548,25.23012731022277,0.042063200026256874,-0.08344689728120666,-0.00827672800840884,0,1,3.78,3.6,298.786
2022-11-22,1738.300048828125,1741.699951171875,1738.300048828125,1741.699951171875,15,-0.008679667488024227,0.03386055033712828,72.45395722210054,23.6170141853313,0.0432149170872181,-0.08069411148357084,0.0005180294701365717,0,1,3.78,3.6,298.786
2022-11-23,1744.9000244140625,1750.9000244140625,1736.5,1736.5,39,-0.006886738663555288,0.037188778501431215,80.2469035022998,22.610533132111414,0.0412876175511977,-0.08155355439378599,0.0037967988267542108,0,1,3.78,3.6,298.786
2022-11-25,1753.300048828125,1757.9000244140625,1749.199951171875,1753.0,216,-0.0022762052753463684,0.041093932263491124,75.63451737332115,22.234397124788757,0.038409714551242806,-0.08278322226555994,0.004814043381587529,0,0,3.78,3.6,298.786
2022-11-28,1740.0999755859375,1741.300048828125,1740.0999755859375,1741.300048828125,132767,-0.008326188489135113,0.032417207299213976,69.06472134991478,20.633322933067575,0.045994694294132096,-0.0697576546630552,-0.007528701804925042,0,1,3.78,3.6,298.786
2022-11-29,1748.4000244140625,1758.199951171875,1737.9000244140625,1739.5,19416,-0.0021630087966017066,0.03633086382350089,63.010747419026835,19.80589465025264,0.04004625023219667,-0.06675639880343863,0.00476986894119702,0,0,3.78,3.6,298.786
2022-11-30,1746.0,1769.4000244140625,1745.0999755859375,1748.0999755859375,3339,-0.001949241132625451,0.03385060973066697,62.83057737663636,18.740461487948096,0.040006666568009726,-0.05821971100439994,-0.0013726975409227293,0,1,3.78,3.6,298.786
2022-12-01,1801.0999755859375,1803.699951171875,1768.699951171875,1768.699951171875,1053,0.027896015060804812,0.06475551490713036,66.40822696221107,22.087593541568367,0.010206776788698845,-0.08041938354600334,0.03155783252344646,0,0,4.1,3.5,298.832
2022-12-02,1795.9000244140625,1802.300048828125,1779.4000244140625,1802.0,1725,0.022879376061930762,0.060113441809062,60.360356549787795,24.04346906227147,0.00972043294819676,-0.06495737435111705,-0.002887097463972421,0,0,4.1,3.5,298.832
2022-12-05,1767.4000244140625,1808.0,1764.300048828125,1795.699951171875,1713,0.005758904230287678,0.041788250857842275,48.12350367983921,23.028346247297804,0.023489324616559438,-0.041996748810751376,-0.015869480267588165,0,1,4.1,3.5,298.832
2022-12-06,1769.300048828125,1779.4000244140625,1767.9000244140625,1768.5999755859375,105,0.005015722618909508,0.04111626085974584,48.65188854090632,22.122159707374294,0.018564004243210776,-0.03395430841236748,0.001075039259825994,0,1,4.1,3.5,298.832
2022-12-07,1785.5,1790.300048828125,1769.300048828125,1769.300048828125,422,0.011505835169596496,0.04868900238060771,53.428413782759094,22.452383911089328,0.009699477087303059,-0.03898537225409797,0.009156135604362126,0,1,4.1,3.5,298.832
2022-12-08,1788.699951171875,1790.9000244140625,1782.0,1782.0,713,0.010810504115959105,0.04898751650140315,58.04959448436754,22.710505715049067,0.007404715070614741,-0.03582192980367683,0.0017921877187763169,0,1,4.1,3.5,298.832
2022-12-09,1798.0999755859375,1804.300048828125,1791.0999755859375,1794.9000244140625,125,0.013556537631936837,0.05277639432154608,63.29112145922445,23.403788213119014,0.0048312790771718505,-0.04089708611700587,0.005255227075901647,0,0,4.1,3.5,298.832
2022-12-12,1780.5,1793.9000244140625,1777.699951171875,1787.300048828125,85,0.001355385585254184,0.04103203690600499,62.18201516045447,22.27626176784952,0.015469920053586918,-0.03130815402490812,-0.009788096226519438,0,1,4.1,3.5,298.832
2022-12-13,1813.9000244140625,1819.800048828125,1780.5,1780.699951171875,205,0.016395475800513374,0.05906203021820059,68.05156799706192,23.803400981733603,0.0006718212295298117,-0.05082343835662894,0.018758789336738246,0,0,4.1,3.5,298.832
2022-12-14,1807.5,1812.800048828125,1797.9000244140625,1810.800048828125,1074,0.009331075969718891,0.054261663868273025,64.96174800891836,24.21807048685423,0.00688660977877242,-0.04826972213613746,-0.0035283225800329943,0,0,4.1,3.5,298.832
2022-12-15,1777.199951171875,1801.0,1774.800048828125,1801.0,421,-0.006262608380745409,0.035793477526664355,55.17089836528324,21.849866682789525,0.024220316563275827,-0.03197402081214986,-0.016763512491355437,0,1,4.1,3.5,298.832
2022-12-16,1790.0,1791.4000244140625,1777.9000244140625,1777.9000244140625,206,0.0012249637514036079,0.04230233255591744,60.81491299781205,20.76652153845498,0.018010165861782598,-0.03837887276209679,0.00720236843338018,0,0,4.1,3.5,298.832
2022-12-19,1787.699951171875,1796.300048828125,1785.5999755859375,1791.5999755859375,79,-0.001195659429991659,0.03990699042840266,58.744974176188634,19.49761165801806,0.020080862220256013,-0.03590001296811669,-0.0012849434793994474,0,1,4.1,3.5,298.832
2022-12-20,1815.9000244140625,1821.4000244140625,1786.5,1786.5,51,0.011925347877774755,0.05448798846778537,63.95209388250166,20.530834982886972,0.006605262443539717,-0.04891488327671138,0.015774500202733632,0,0,4.1,3.5,298.832
2022-12-21,1815.9000244140625,1821.4000244140625,1814.4000244140625,1817.4000244140625,35,0.010213978147598066,0.052810404720893836,53.78711303302642,21.106370807409576,0.00832385986769995,-0.046360119032132455,0.0,0,0,4.1,3.5,298.832
2022-12-22,1787.0,1818.0999755859375,1785.0,1818.0999755859375,411,-0.0057695383506785325,0.034654856314163346,47.96896040880978,19.01134569322221,0.024111971306595217,-0.028062725396463012,-0.015914986522117425,0,1,4.1,3.5,298.832
2022-12-23,1795.9000244140625,1802.800048828125,1794.0999755859375,1794.300048828125,49,-0.0006955321402985788,0.03829415444746842,57.1428484017069,17.863264195841793,0.019135752612230696,-0.030606351503082784,0.004980427763884965,0,1,4.1,3.5,298.832
2022-12-27,1814.800048828125,1826.300048828125,1803.4000244140625,1803.4000244140625,69,0.007897479649196671,0.0471252769231004,60.50807129123745,18.267894438094572,0.008553210603684568,-0.03661695810298541,0.010523984719154278,0,0,4.1,3.5,298.832
2022-12-28,1807.9000244140625,1807.9000244140625,1803.0999755859375,1803.199951171875,434,0.004400059728311106,0.04133068328667056,55.40540301699379,17.826302002976036,0.011793731767209577,-0.02904028361346638,-0.003802085204107186,0,1,4.1,3.5,298.832
2022-12-29,1819.5,1819.5,1805.800048828125,1805.800048828125,277,0.01017110731160902,0.045957753171571414,57.14285714285714,18.20253046091534,0.004540710737415248,-0.030388467085742346,0.006416270495763099,0,1,4.1,3.5,298.832
2022-12-30,1819.699951171875,1822.300048828125,1816.800048828125,1817.0,95,0.00790390447177086,0.04376622295408659,55.23254541701684,18.305810623029856,0.005861819545474352,-0.030904353305829163,0.00010989347176426634,0,1,4.1,3.5,298.832
2023-01-03,1839.699951171875,1839.699951171875,1836.199951171875,1836.199951171875,29,0.01618424169900293,0.052715273941578045,64.17621362742415,19.77355649792844,-0.0011265042362095445,-0.043005640646133256,0.010990822957993807,0,1,4.33,3.5,300.42
2023-01-04,1852.800048828125,1859.0999755859375,1845.5999755859375,1845.5999755859375,25,0.019753338838795653,0.0577685264657517,60.31828881715069,21.74318220727423,-0.003760971520896807,-0.04959076371830052,0.00712077947705847,0,0,4.33,3.5,300.42
2023-01-05,1834.800048828125,1855.199951171875,1834.800048828125,1855.199951171875,24,0.008797029092648028,0.04527118040959891,56.82158975416387,21.602653264940955,0.007266919095960829,-0.03795151477831234,-0.00971502565070892,0,1,4.33,3.5,300.42
2023-01-06,1864.199951171875,1868.199951171875,1835.300048828125,1838.4000244140625,26,0.022246807839548324,0.059468178169345014,71.83732798643011,23.59165951401087,-0.00326600817265534,-0.054254595858664025,0.016023491149636415,0,1,4.33,3.5,300.42
2023-01-09,1872.699951171875,1880.0,1867.0,1867.0,62,0.022104547086494352,0.06178019133404518,71.21597973722021,25.55920960072922,-0.0021899687350402284,-0.05966185496692552,0.004559596729233117,0,0,4.33,3.5,300.42
2023-01-10,1871.5999755859375,1878.0999755859375,1871.5999755859375,1877.800048828125,101,0.017301065107718772,0.05862481232582093,71.65719997151484,26.72171706237691,0.003035870497754741,-0.05982148571524506,-0.0005873741734490068,0,1,4.33,3.5,300.42
2023-01-11,1874.5999755859375,1877.800048828125,1873.0999755859375,1873.0999755859375,1236,0.015630495995541463,0.0575103609926346,67.4183831370549,27.56730875384028,0.005128499715534163,-0.060004185107528224,0.0016029066248843815,0,1,4.33,3.5,300.42
2023-01-12,1895.5,1897.4000244140625,1877.199951171875,1877.199951171875,59,0.022102881608732274,0.06617783337580273,71.01371840689885,29.582890416891132,0.00031400507968091655,-0.0723319474514166,0.011149058298440373,0,1,4.33,3.5,300.42
2023-01-13,1918.4000244140625,1920.9000244140625,1898.300048828125,1899.0,512,0.028963761518266136,0.07574999142714858,85.82333885556102,32.65170545753267,-0.0033232918742868607,-0.08592819580990427,0.012081257934087208,0,0,4.33,3.5,300.42
2023-01-17,1907.199951171875,1920.0999755859375,1905.199951171875,1920.0999755859375,706,0.01817791613101179,0.0663422018169392,79.96765828214205,33.79049538221943,0.007038881021007104,-0.07825318111812823,-0.005838236603238345,0,0,4.33,3.5,300.42
2023-01-18,1904.4000244140625,1911.0999755859375,1903.0999755859375,1911.0999755859375,1027,0.013183531437869203,0.0614875879896121,76.41509094455516,34.07427685954508,0.012301174904809238,-0.07467255286542607,-0.001468082439962326,0,1,4.33,3.5,300.42
2023-01-19,1922.0999755859375,1931.800048828125,1922.0999755859375,1922.0999755859375,371,0.01884391509527816,0.06838056629891329,81.65188830154361,35.32026384427104,0.007620906585764162,-0.0808428801568203,0.0092942401517353,0,1,4.33,3.5,300.42
2023-01-20,1926.4000244140625,1928.5,1921.4000244140625,1922.0999755859375,1346,0.01618920578550868,0.06780425035549559,80.87811654860423,36.23697818219148,0.01054557141795661,-0.08233234961403454,0.002237161897270301,0,1,4.33,3.5,300.42
2023-01-23,1927.0999755859375,1927.0999755859375,1915.0,1926.5,218,0.013196628787623746,0.06565226033942681,80.93319110546075,36.598081210715236,0.014595291781370126,-0.08131209948461451,0.0003633467415926628,0,1,4.33,3.5,300.42
2023-01-24,1933.9000244140625,1936.800048828125,1931.800048828125,1931.800048828125,201,0.01351069605834287,0.06677214672025023,79.36410813723319,37.006378575925055,0.013769304442205792,-0.07968794144597846,0.0035286435131927085,0,1,4.33,3.5,300.42
2023-01-25,1941.199951171875,1941.199951171875,1939.800048828125,1941.199951171875,7,0.01363909528374239,0.06854846976232011,78.5899049493005,37.486874901702095,0.01277621103112047,-0.07848294797688486,0.003774717754618351,0,0,4.33,3.5,300.42
2023-01-26,1929.0999755859375,1937.0999755859375,1927.0999755859375,1936.5999755859375,131,0.0044623010017230715,0.059984644215088735,81.70814900311866,36.47089106573526,0.02090239534888123,-0.06855154358714471,-0.006233245358693185,0,0,4.33,3.5,300.42
2023-01-27,1928.5999755859375,1928.5999755859375,1928.5999755859375,1928.5999755859375,150902,0.00247421062859947,0.05790791029433992,76.87815683904948,35.21938360375839,0.021472651760547454,-0.06235721910685871,-0.00025918822576742606,0,0,4.33,3.5,300.42
2023-01-30,1922.9000244140625,1933.5999755859375,1920.300048828125,1928.300048828125,27220,-0.0007223265866197014,0.05305875139593457,71.45304513580598,33.38280035797152,0.024203936232085926,-0.053903905068574696,-0.0029554864896974564,0,1,4.33,3.5,300.42
2023-01-31,1929.5,1930.4000244140625,1900.5999755859375,1923.0,1910,0.001546833093020215,0.05486500704962954,73.63268657593927,32.089944866185306,0.019775409646891257,-0.05052431718244127,0.0034323030329923565,0,0,4.33,3.5,300.42
2023-02-01,1927.800048828125,1955.0,1922.0,1927.199951171875,2290,-0.0005495208215268646,0.05201466822470917,71.94725588169234,30.575717878953128,0.020262001774004442,-0.04470442515142475,-0.0008810319626199048,0,0,4.57,3.6,301.45
2023-02-02,1916.300048828125,1959.0999755859375,1911.300048828125,1952.300048828125,748,-0.006212767867919498,0.04386603934983435,59.302363669715156,28.123537557002464,0.025578383948385432,-0.03485151682302874,-0.005965348951511129,0,0,4.57,3.6,301.45
2023-02-03,1862.9000244140625,1917.0,1861.5,1912.4000244140625,992,-0.030713907540222435,0.013391863944042045,30.49891912294548,21.621986496152886,0.05228978117204054,-0.0029903339646486795,-0.027866212520694877,0,1,4.57,3.6,301.45
2023-02-06,1866.199951171875,1880.0,1863.4000244140625,1865.5999755859375,424,-0.02591033239011279,0.013776292981397124,34.74698501910078,16.54501630099776,0.05029062371914886,-0.004507701135224748,0.0017713922994071485,0,1,4.57,3.6,301.45
2023-02-07,1871.699951171875,1875.699951171875,1868.0,1870.0,297,-0.019857376882454283,0.015365260619226079,38.07434817797905,12.817532344098481,0.04725822687334441,-0.007540275369375772,0.0029471654398802727,0,1,4.57,3.6,301.45
2023-02-08,1877.4000244140625,1880.4000244140625,1872.0999755859375,1872.0999755859375,230,-0.013576836339188506,0.017088002652729747,32.1342911619429,10.205776883293765,0.04379175857945696,-0.00995776184831975,0.003045399044124819,0,0,4.57,3.6,301.45
2023-02-09,1866.199951171875,1884.5999755859375,1859.800048828125,1875.300048828125,223,-0.01621025795520443,0.009640849628766025,27.1969208659972,7.149771441596386,0.05054563861071303,-0.004955620092812187,-0.00596573617584939,0,0,4.57,3.6,301.45
2023-02-10,1862.800048828125,1863.5,1852.4000244140625,1861.5999755859375,27,-0.014584424419174125,0.006555498227695989,26.132142413732794,4.402769026046371,0.05356786254582171,-0.005999740589797642,-0.001821831761176007,0,0,4.57,3.6,301.45
2023-02-13,1851.9000244140625,1861.0,1850.0,1859.0,569,-0.016657188182339976,-0.0004781848102232322,20.461053535119007,1.3308675332425537,0.06062156306227429,-0.004592648238269047,-0.005851419437593264,0,1,4.57,3.6,301.45
2023-02-14,1854.0,1862.0,1846.199951171875,1854.0999755859375,656,-0.011579557311009974,8.415000218183779e-05,17.365251953035767,-0.9235400572069921,0.060102583555304546,-0.009271945776768174,0.0011339573185662477,0,0,4.57,3.6,301.45
2023-02-15,1834.199951171875,1842.0,1828.199951171875,1842.0,368,-0.0172314271784584,-0.01100503416545067,16.41894069176668,-4.258780212000147,0.07321637421530659,-0.004074461583364956,-0.010679637987122459,0,1,4.57,3.6,301.45
2023-02-16,1842.0,1843.699951171875,1827.199951171875,1838.5999755859375,222,-0.009107385830819738,-0.007597641235541623,20.861376240315906,-6.201100880183958,0.06821038682995517,-0.01217890064179347,0.0042525618993400904,0,0,4.57,3.6,301.45
2023-02-17,1840.4000244140625,1842.199951171875,1818.4000244140625,1827.4000244140625,35,-0.00876832212655916,-0.009218708452476531,21.45328719723183,-7.779827651226924,0.06785901412001809,-0.014712987477462929,-0.0008686078099552352,0,0,4.57,3.6,301.45
2023-02-21,1833.0,1843.0,1833.0,1842.5999755859375,862,-0.010985452143897385,-0.013706942700775585,16.792853554320004,-9.518378178365538,0.07057369593493494,-0.014272550272087247,-0.004020878241630332,0,0,4.57,3.6,301.45
2023-02-22,1832.0,1836.199951171875,1825.0999755859375,1835.699951171875,278,-0.009403101789481668,-0.014704141036331443,16.874141034169526,-10.85179094830778,0.06824158557702086,-0.016380233197875894,-0.0005455537370431252,0,0,4.57,3.6,301.45
2023-02-23,1818.0,1827.5,1818.0,1826.4000244140625,291,-0.013805636171309255,-0.022442945237828575,16.587361125402893,-12.889629546429887,0.07249110359636546,-0.01160551369460184,-0.007641921397379958,0,0,4.57,3.6,301.45
2023-02-24,1808.800048828125,1808.800048828125,1808.800048828125,1808.800048828125,404,-0.015731514103896685,-0.02768577083226683,23.712360179700752,-15.073235612271219,0.07487399808114488,-0.010157109011391044,-0.005060479192450451,0,1,4.57,3.6,301.45
2023-02-27,1817.0,1817.5,1808.9000244140625,1811.5999755859375,829,-0.00879916036497567,-0.023310466096081315,27.179995878147167,-15.958136161686753,0.06553977616096948,-0.016282752381645633,0.004533365187151306,0,1,4.57,3.6,301.45
2023-02-28,1828.9000244140625,1830.0,1808.0999755859375,1808.0999755859375,618,-0.0010541560186378852,-0.017139981441316558,31.260989795056688,-15.520285514531906,0.05355956428206254,-0.02277605363229722,0.006549270453529266,0,1,4.57,3.6,301.45
2023-03-01,1837.699951171875,1841.699951171875,1827.0999755859375,1827.0999755859375,211,0.004646813454993961,-0.01305262924478636,33.07753707120564,-14.29838232580164,0.04138929153651605,-0.025325676275687364,0.004811595297906868,0,0,4.65,3.5,301.821
2023-03-02,1833.5,1836.300048828125,1830.0,1830.0,154,0.002389111274497667,-0.015768108330910267,35.17678645736497,-13.513145079671858,0.03528344920874451,-0.019744860476043975,-0.002285439018049007,0,1,4.65,3.5,301.821
2023-03-03,1847.699951171875,1855.4000244140625,1837.300048828125,1837.300048828125,61,0.009837651621508965,-0.008784011718494302,43.765435209918856,-11.611175120079452,0.01917068006793476,-0.02283464599685911,0.007744723846127677,0,1,4.65,3.5,301.821
2023-03-06,1847.9000244140625,1853.800048828125,1844.199951171875,1853.300048828125,5,0.009533188240084381,-0.009016918743668249,48.18840419462271,-9.972746373214704,0.018143593553610178,-0.022835436206241268,0.0001082823226037366,0,0,4.65,3.5,301.821
2023-03-07,1813.9000244140625,1840.9000244140625,1813.9000244140625,1840.9000244140625,450,-0.008006375582594226,-0.027229410951172303,35.91005051809138,-11.287678308027807,0.036137133483445584,-0.006311922367220588,-0.018399263786351705,0,0,4.65,3.5,301.821
2023-03-08,1812.699951171875,1812.9000244140625,1811.5,1811.5999755859375,75,-0.007615225146753036,-0.02814088817318291,41.30961661814773,-12.284993463648334,0.03470502157227896,-0.0067908057509909305,-0.0006615983384062885,0,1,4.65,3.5,301.821
2023-03-09,1829.300048828125,1829.300048828125,1815.5999755859375,1816.4000244140625,332,0.0008535384598657147,-0.01959205305003737,45.207565595518865,-11.60214149659987,0.021400016983728933,-0.014517655179157006,0.009157664314779934,0,1,4.65,3.5,301.821
2023-03-10,1862.0,1868.5,1852.0,1852.300048828125,248,0.0157878097170582,-0.0025712436066376737,56.60146051629184,-8.32638226657923,0.002931168562679175,-0.031518704908426454,0.01787566298531673,0,1,4.65,3.5,301.821
2023-03-13,1911.699951171875,1913.0999755859375,1875.0999755859375,1890.800048828125,503,0.03754075036555742,0.022914283862403875,69.11121624537864,-1.7003482206121134,-0.014833750785191564,-0.06244820169620676,0.026691703099825492,0,0,4.65,3.5,301.821
2023-03-14,1906.199951171875,1912.199951171875,1901.0999755859375,1912.199951171875,107,0.030233570559373805,0.019025855815796546,67.63307642858302,3.071619743841893,-0.005791845289165815,-0.0630938516329486,-0.0028770205264839754,0,1,4.65,3.5,301.821
2023-03-15,1926.5999755859375,1926.5999755859375,1898.5,1903.9000244140625,564,0.0362800141117393,0.028755593441742347,75.04612829211301,8.402689244820067,-0.008164732378943594,-0.07740049416932841,0.010701933132209573,0,0,4.65,3.5,301.821
2023-03-16,1919.0,1931.699951171875,1909.9000244140625,1909.9000244140625,394,0.02746694466044922,0.023830333067329585,75.60408368398303,11.877430097764545,0.00197009698551626,-0.0755344572378449,-0.003944760553433624,0,1,4.65,3.5,301.821
2023-03-17,1969.800048828125,1985.0999755859375,1946.0,1946.0,82,0.047816146191184676,0.04962292460795176,79.63538011778978,18.516875628693697,-0.011707964705061281,-0.10505012971903113,0.026472146340867697,0,1,4.65,3.5,301.821
2023-03-20,1979.199951171875,2003.9000244140625,1968.9000244140625,1988.300048828125,389,0.04551407333282626,0.05301126370276548,79.43595179727429,24.257551651814993,-0.005249728122118364,-0.11343959984107502,0.004772008381938253,0,0,4.65,3.5,301.821
2023-03-21,1938.0,1973.800048828125,1938.0,1973.800048828125,47,0.01708258543418028,0.030282218927851236,67.4313635472612,25.192187170158604,0.02081366843012506,-0.09409024725655694,-0.020816467354640267,0,1,4.65,3.5,301.821
2023-03-22,1946.800048828125,1974.0,1946.800048828125,1946.800048828125,50,0.014560755503309264,0.034145746846192794,69.38077829312071,26.339359210191105,0.021285907059504568,-0.09737492433081057,0.004540788869001444,0,1,4.65,3.5,301.821
2023-03-23,1993.800048828125,1994.5999755859375,1990.5,1990.5,33,0.03022257485535487,0.057739060194822445,72.47001749761567,30.687264834602047,0.006072270623719625,-0.11869645166345391,0.02414218143681035,0,0,4.65,3.5,301.821
2023-03-24,1982.0999755859375,1995.4000244140625,1982.0999755859375,1991.699951171875,19,0.017860434112502876,0.05033398968565449,69.93462748619366,32.810692004383554,0.017786464819325592,-0.11052646822997801,-0.0058682279845786445,0,0,4.65,3.5,301.821
2023-03-27,1952.4000244140625,1957.199951171875,1952.4000244140625,1957.199951171875,877,0.0005175910358219293,0.0339721736923523,70.83959970641415,31.73120787577932,0.0357095224868608,-0.09250119034407346,-0.014984083314513619,0,1,4.65,3.5,301.821
2023-03-28,1972.4000244140625,1972.4000244140625,1972.4000244140625,1972.4000244140625,21,0.007349305967113005,0.043966875553799925,72.74282032855031,32.11929059125123,0.028857745390574733,-0.09807801106740982,0.010243802371392663,0,0,4.65,3.5,301.821
2023-03-29,1966.0999755859375,1966.0999755859375,1966.0999755859375,1966.0999755859375,88563,0.002110117331498012,0.03998390676903984,70.0704161029689,31.554744201514268,0.03481904396130954,-0.0913217421927024,-0.003194102996422643,0,1,4.65,3.5,301.821
2023-03-30,1980.300048828125,1984.4000244140625,1954.9000244140625,1965.9000244140625,10119,0.006204001894633132,0.04665472620757358,68.35247144055067,31.885606927433173,0.030176438212672612,-0.09320228891075356,0.007222457361536483,0,0,4.65,3.5,301.821
2023-03-31,1969.0,1986.800048828125,1968.0,1981.300048828125,957,0.0005030412596798226,0.04016659516558261,60.09158493535307,30.880032724385956,0.03781886689171038,-0.08356797439591623,-0.005706230646619459,0,1,4.65,3.5,301.821
2023-04-03,1983.9000244140625,1991.699951171875,1950.0,1968.0999755859375,737,0.007833458907556119,0.04740154425136027,63.24582815689751,30.928886419138962,0.032051720642209354,-0.08562298945415256,0.007567305441372518,0,1,4.83,3.4,302.845
2023-04-04,2022.199951171875,2027.0999755859375,1979.0,1984.5999755859375,811,0.02291463335784514,0.06655102992223598,65.35988963465604,33.66996097640185,0.014224606828928968,-0.0943600564662615,0.019305371382877246,0,0,4.83,3.4,302.845
2023-04-05,2020.9000244140625,2033.800048828125,2013.5999755859375,2022.0999755859375,525,0.018439666417224464,0.06488815955148006,66.71039951700357,35.33012539270635,0.013831159716899966,-0.08242932876492132,-0.0006428280037585887,0,0,4.83,3.4,302.845
2023-04-06,2011.9000244140625,2023.300048828125,2005.0,2022.199951171875,0,0.012980090324237597,0.05935640497280243,58.00075626996517,35.51025277992244,0.015327035821680948,-0.0662093076558026,-0.004453461275309434,0,0,4.83,3.4,302.845
2023-04-10,1989.0999755859375,2006.5999755859375,1984.0,2000.0,652,0.0011475464578139282,0.04668979207314229,51.790238705852175,33.42789566646752,0.023301164294067884,-0.04545186022250658,-0.011332595333490847,0,1,4.83,3.4,302.845
2023-04-11,2004.800048828125,2006.5,1991.4000244140625,1991.4000244140625,68,0.0063954092748435675,0.05410603167850579,63.30676969196486,32.667902110670184,0.0159764465303232,-0.04897229840487087,0.007893053860986932,0,1,4.83,3.4,302.845
2023-04-12,2010.9000244140625,2025.699951171875,2005.199951171875,2005.199951171875,172,0.007510365985988341,0.05633581949865922,62.90775905509876,32.18678951841798,0.012719747221399446,-0.04647579101907847,0.003042685274026846,0,1,4.83,3.4,302.845
2023-04-13,2041.300048828125,2048.60009765625,2015.5999755859375,2015.5999755859375,1043,0.01890259775247396,0.07104707093653527,60.25031505388581,33.868121605741635,0.0012554818475074407,-0.05867480678607751,0.015117620988104763,0,0,4.83,3.4,302.845
2023-04-14,2002.199951171875,2047.800048828125,1995.0,2041.0,718,-0.0017052363557673838,0.04971214367829229,53.87880326908826,31.68034697102962,0.01920722367610894,-0.034535303348237165,-0.019154507774933327,0,0,4.83,3.4,302.845
2023-04-17,1994.199951171875,2007.5999755859375,1983.199951171875,2002.699951171875,554,-0.006941772611761933,0.04466459919692777,58.803681439008884,28.967072291741943,0.02364475012835732,-0.02978750934842469,-0.0039956049321235865,0,1,4.83,3.4,302.845
2023-04-18,2007.4000244140625,2007.4000244140625,1996.9000244140625,1996.9000244140625,72,-0.0015369278253517498,0.049989865145490114,57.58888727728554,27.564175496329426,0.017865700163474378,-0.03571467339307945,0.0066192325571117205,0,0,4.83,3.4,302.845
2023-04-19,1995.199951171875,2006.4000244140625,1969.800048828125,2005.699951171875,61,-0.00627060163374759,0.042202054453902876,56.15220518516722,25.177692956429382,0.022640050020687034,-0.02550186228765237,-0.00607754961333562,0,1,4.83,3.4,302.845
2023-04-20,2007.5999755859375,2007.5999755859375,1998.0,1998.0,164,0.0005681538773415635,0.04719250302968541,55.815911768300765,24.010192139607398,0.015512525056137502,-0.027681255951108905,0.00621492818641034,0,0,4.83,3.4,302.845
2023-04-21,1979.5,1996.199951171875,1974.0999755859375,1996.199951171875,132,-0.011840933684270558,0.031436538904550775,52.08747312271573,20.580269605160993,0.029858930982567023,-0.014531826945483751,-0.013996800123359354,0,1,4.83,3.4,302.845
2023-04-24,1989.0999755859375,1989.800048828125,1977.4000244140625,1981.300048828125,145,-0.0070486614379185525,0.03511295880420284,51.056041236131996,18.424285391522062,0.0249080398177152,-0.018955573167041502,0.00484969718915762,0,1,4.83,3.4,302.845
2023-04-25,1994.0,1999.0999755859375,1982.300048828125,1995.699951171875,306,-0.004065644896999537,0.03624788878783942,43.374080745270355,16.91604574273856,0.020995267374985416,-0.017885939391033653,0.0024634379740611223,0,0,4.83,3.4,302.845
2023-04-26,1985.699951171875,1998.800048828125,1985.5999755859375,1997.800048828125,615,-0.006961338582955503,0.03050140621975033,41.9927191138534,14.879488894949418,0.024917297440262574,-0.012765365665378552,-0.00416251194991224,0,1,4.83,3.4,302.845
2023-04-27,1989.9000244140625,2002.300048828125,1979.9000244140625,1990.5999755859375,355,-0.002296315881601931,0.031226498473873706,44.88373254966263,13.449377675745609,0.021927820720190325,-0.01282688674949939,0.002115160067214017,0,1,4.83,3.4,302.845
2023-04-28,1990.0999755859375,1990.0999755859375,1977.699951171875,1986.9000244140625,152,-0.0015903552210175147,0.02966634075416641,50.25987473225796,12.191601427393834,0.021646438733233374,-0.012254931124678554,0.00010048302398191211,0,0,4.83,3.4,302.845
2023-05-01,1983.4000244140625,2005.0,1976.9000244140625,1980.0999755859375,210,-0.004412212621989147,0.024700491536979723,44.165759793399296,10.532759527625103,0.024355111265586277,-0.007449825677742354,-0.003366640497496798,0,1,5.06,3.6,303.334
2023-05-02,2014.300048828125,2018.0,1994.699951171875,1994.699951171875,1896,0.010748292035178509,0.038798045411970766,50.81652719285028,11.578024835450833,0.009210842749140266,-0.021736336433033493,0.015579320375974648,0,1,5.06,3.6,303.334
2023-05-03,2028.5999755859375,2035.0999755859375,2015.199951171875,2017.0999755859375,1349,0.016220647297368263,0.04406631853438403,46.69441470179865,13.405756486530663,0.0027485048034758867,-0.028968535491348753,0.007099203897717121,0,1,5.06,3.6,303.334
2023-05-04,2048.0,2072.0,2040.0,2045.0,930,0.023866898553025605,0.05171262774097471,63.28306551998086,16.23254811529023,-0.0035438361583551847,-0.04004991622583065,0.009563257738115283,0,0,5.06,3.6,303.334
2023-05-05,2017.4000244140625,2046.4000244140625,2004.300048828125,2046.4000244140625,59,0.006661522623718243,0.033881223022556174,55.94873300484963,15.821260904582232,0.011877198853008943,-0.025523502698441527,-0.014941394329071045,0,1,5.06,3.6,303.334
2023-05-08,2026.300048828125,2026.300048828125,2022.5,2022.5,3,0.009229165410534961,0.036132478670490624,54.95543187077322,16.028701522903475,0.008669161420488635,-0.0292041731226835,0.004411630963793378,0,1,5.06,3.6,303.334
2023-05-09,2036.199951171875,2037.300048828125,2025.9000244140625,2026.5999755859375,241,0.012032837489794557,0.038865865627596856,60.881109674142074,16.798298758150395,0.00570308411214415,-0.03432007216109946,0.004885704044411021,0,0,5.06,3.6,303.334
2023-05-10,2030.5,2044.300048828125,2029.5,2032.300048828125,248,0.006957699655745657,0.033831045892628565,56.30160868265384,16.75512899133514,0.009654096053918704,-0.03177180586215564,-0.0027993081762891503,0,0,5.06,3.6,303.334
2023-05-11,2014.699951171875,2038.300048828125,2014.0,2034.0999755859375,90,-0.0021050787925035517,0.0239408903319574,60.38960196696173,15.269962128010093,0.015501621740506412,-0.023428321627361068,-0.0077813586939793344,0,0,5.06,3.6,303.334
2023-05-12,2014.5,2014.5,2014.5,2014.5,115,-0.0034085468084262055,0.021959057209418605,57.93751368523688,13.916402672913364,0.015951167922001762,-0.023069566853963698,-9.924612931011545e-05,0,1,5.06,3.6,303.334
2023-05-15,2018.0,2018.0,2013.800048828125,2013.800048828125,3,-0.003382966639504116,0.021968783867275785,57.566211275736,12.976532414100802,0.014663171009346818,-0.024058616879329385,0.0017374038222883748,0,0,5.06,3.6,303.334
2023-05-16,1988.4000244140625,1988.4000244140625,1988.4000244140625,1988.4000244140625,49,-0.016743629990905867,0.0055476170656167025,50.750438171209424,9.731034501747217,0.02980559331029904,-0.010523788373916572,-0.014667976008888806,0,0,5.06,3.6,303.334
2023-05-17,1980.699951171875,1983.5999755859375,1980.699951171875,1983.5999755859375,13,-0.018225819483960442,-3.334435432057998e-05,47.491798183053774,6.463119645093457,0.03417014391720763,-0.0077703412314512384,-0.0038724970567511896,0,0,5.06,3.6,303.334
2023-05-18,1956.5,1956.800048828125,1956.5,1956.5,23,-0.025802658561970747,-0.013682912298892558,41.89970800797401,1.898653271952071,0.04856925802025069,0.00028328104224947695,-0.012217878410890615,0,1,5.06,3.6,303.334
2023-05-19,1978.699951171875,1978.699951171875,1960.0,1960.0,106,-0.012846435070922535,-0.003991707764638643,48.94569809884474,0.0718036056011897,0.03682997252015836,-0.011004892058133502,0.011346767785266998,0,0,5.06,3.6,303.334
2023-05-22,1974.800048828125,1980.5,1974.800048828125,1980.5,8,-0.012254258547707631,-0.0070823313741490024,39.91830808631552,-1.6714104636123466,0.03921217175715748,-0.010110543217579,-0.0019709417496271975,0,0,5.06,3.6,303.334
2023-05-23,1972.4000244140625,1972.4000244140625,1972.4000244140625,1972.4000244140625,1,-0.010296434755735561,-0.008894013158101306,34.72825387474242,-3.209583998578637,0.04084908266335165,-0.010373546267875466,-0.001215325275835788,0,0,5.06,3.6,303.334
2023-05-24,1962.800048828125,1975.4000244140625,1962.800048828125,1975.4000244140625,189,-0.011756388576832108,-0.014278573816166184,25.54532305941514,-5.143939276434821,0.04666669586377716,-0.007426881439504505,-0.004867154465174606,0,0,5.06,3.6,303.334
2023-05-25,1943.0999755859375,1943.0999755859375,1943.0999755859375,1943.0999755859375,1,-0.018135527117970538,-0.024333676942852284,27.25041711767203,-8.172355216850747,0.059117595019952875,-0.0016115208737494302,-0.010036719356079749,0,1,5.06,3.6,303.334
2023-05-26,1944.0999755859375,1948.4000244140625,1944.0999755859375,1948.199951171875,166036,-0.014123088523574403,-0.024077552650736366,23.552062590580775,-10.372141435502954,0.05988109718105772,-0.005799489964410783,0.0005146415586252395,0,1,5.06,3.6,303.334
2023-05-30,1958.0,1962.5999755859375,1931.0,1942.699951171875,37838,-0.0040438464864315194,-0.016983394389469688,25.47051471736954,-10.868585768248295,0.05277458066976449,-0.014572333478753162,0.007149850619113884,0,1,5.06,3.6,303.334
2023-05-31,1963.9000244140625,1973.0,1953.0,1958.199951171875,5959,0.00020373028472752737,-0.01386978276512793,29.13534280270727,-10.663022135308665,0.04873911831582293,-0.019226440475839,0.0030132913248530624,0,1,5.06,3.6,303.334
2023-06-01,1978.0,1983.0,1954.300048828125,1963.199951171875,750,0.007523313661900369,-0.007188597997253833,38.37872898363839,-9.255667707941484,0.03902772745636563,-0.026540366485688385,0.007179579108230971,0,0,5.08,3.6,304.014
2023-06-02,1952.4000244140625,1982.5,1947.4000244140625,1977.0999755859375,356,-0.0053086797929888215,-0.020093000330925957,33.060556355816786,-10.089725195259007,0.048196892681494866,-0.014218223974404245,-0.012942353683487062,0,1,5.08,3.6,304.014
2023-06-05,1958.0,1961.9000244140625,1937.800048828125,1947.5,713,-0.0014025307611426586,-0.016929103658256346,33.818761703349224,-10.181484716128125,0.04330087603029773,-0.018173194722841235,0.0028682521593483834,0,1,5.08,3.6,304.014
2023-06-06,1965.5,1965.5,1958.800048828125,1960.800048828125,164,0.00289822159920505,-0.012998987119457543,42.98835435241035,-9.53905716448844,0.036125136603626325,-0.021818346923042506,0.003830439223697635,0,0,5.08,3.6,304.014
2023-06-07,1942.699951171875,1968.4000244140625,1940.699951171875,1959.0,139,-0.007231033972008539,-0.024353276003386378,39.34976995481206,-10.745830844912234,0.04361586451293813,-0.010481518298223762,-0.011600126597875904,0,1,5.08,3.6,304.014
2023-06-08,1963.5999755859375,1969.0,1943.0999755859375,1943.199951171875,433,0.0034083911714369204,-0.013769865721515806,52.02740621812733,-9.901610774094934,0.027324337384993312,-0.019237129348046913,0.010758235929050786,0,0,5.08,3.6,304.014
2023-06-09,1962.199951171875,1969.800048828125,1960.300048828125,1965.0999755859375,49,0.001715280959267159,-0.014434425835054757,44.653274537074395,-9.239028782706328,0.024354137719848713,-0.01750973314017754,-0.0007129886084077386,0,0,5.08,3.6,304.014
2023-06-12,1955.300048828125,1963.5,1951.4000244140625,1959.699951171875,212,-0.002377573387351509,-0.017653375414471217,43.80165481661521,-9.165043320775567,0.023542802142981555,-0.012644270270538051,-0.003516411433824196,0,0,5.08,3.6,304.014
2023-06-13,1944.5999755859375,1967.5,1940.300048828125,1960.5999755859375,343,-0.007158111101797038,-0.022789528394328924,41.60627040032552,-9.856199661137907,0.022899487805603396,-0.004710634370770463,-0.005472343361623944,0,1,5.08,3.6,304.014
2023-06-14,1955.300048828125,1958.199951171875,1940.300048828125,1946.199951171875,202,-0.0012565118980551505,-0.017129951800113903,47.75045254567929,-9.431815456505092,0.014998441987378335,-0.009546644495360477,0.0055024546829809395,0,1,5.08,3.6,304.014
2023-06-15,1957.800048828125,1958.800048828125,1926.0,1941.699951171875,329,0.0010533334615783186,-0.01523570420447511,54.91640844121646,-8.79240543342803,0.012134797445399933,-0.010413523779079434,0.0012785761456397537,0,1,5.08,3.6,304.014
2023-06-16,1958.4000244140625,1962.9000244140625,1953.5,1961.4000244140625,119,0.0010529979298513363,-0.014314175064895724,54.79545253588423,-8.143383511814818,0.011853942267967255,-0.010648896869642072,0.0003064539641302044,0,0,5.08,3.6,304.014
2023-06-20,1935.5,1958.5999755859375,1931.300048828125,1958.5999755859375,193,-0.009513380866889607,-0.02509026265089311,42.88425486968365,-9.368871036324663,0.023004524663763397,-0.0003540391827831236,-0.011693231274807592,0,0,5.08,3.6,304.014
2023-06-21,1933.300048828125,1936.800048828125,1920.0,1935.5999755859375,557,-0.00900621693405004,-0.0256506676373645,40.09068304812052,-10.39773775400954,0.023552682624451874,-0.0007471605230517817,-0.0011366319668689728,0,0,5.08,3.6,304.014
2023-06-22,1912.699951171875,1921.0,1912.0999755859375,1920.0,237,-0.018055648487886863,-0.035137038029472094,29.707896401925808,-12.728649807349257,0.03585055977725861,0.005619669221215992,-0.010655406370437381,0,1,5.08,3.6,304.014
2023-06-23,1919.0999755859375,1932.5,1918.699951171875,1918.699951171875,105,-0.01251403795711972,-0.03101109029128035,38.24982253740498,-13.89926385819058,0.03288086668725002,-0.0004958687096697613,0.00334606816408467,0,1,5.08,3.6,304.014
2023-06-26,1923.699951171875,1928.5,1922.5,1922.9000244140625,71,-0.008182254877325967,-0.02753360690125507,37.810944841994214,-14.291065830105936,0.03095376694331545,-0.004437108155769374,0.0023969442157556475,0,0,5.08,3.6,304.014
2023-06-27,1914.0,1929.4000244140625,1914.0,1927.0,49,-0.011077585672695286,-0.03157353471753879,31.980424349798994,-15.20895731662722,0.03718858069896265,-0.0019743696226825606,-0.005042341018913099,0,0,5.08,3.6,304.014
2023-06-28,1912.300048828125,1912.300048828125,1912.300048828125,1912.300048828125,628,-0.01030424272562127,-0.031631096286038336,37.52057054318261,-15.890390257764693,0.03839146802368852,-0.0037578302391009987,-0.0008881667564655249,0,0,5.08,3.6,304.014
2023-06-29,1909.199951171875,1909.9000244140625,1892.5,1909.9000244140625,289,-0.009545574200106302,-0.03223846637541867,23.846172806757053,-16.490490634279467,0.03973882863919344,-0.00466649628671064,-0.0016211355839005348,0,1,5.08,3.6,304.014
2023-06-30,1921.0999755859375,1921.0999755859375,1900.5999755859375,1908.5999755859375,445,-0.0014709563760725995,-0.025474338747321315,32.05243154208223,-15.823439230891381,0.03056182168023742,-0.01105734798209775,0.0062329901102071705,0,1,5.08,3.6,304.014
2023-07-03,1921.699951171875,1929.5,1917.9000244140625,1917.9000244140625,41,0.0007498806574614838,-0.024319682395457422,34.47318068178741,-15.0726352159013,0.029610339783415665,-0.01233392499817662,0.00031230836164808373,0,0,5.12,3.5,304.609
2023-07-05,1919.5999755859375,1933.9000244140625,1914.699951171875,1923.5,193,0.0004847069501606926,-0.02479271081669797,37.44981150205166,-14.480149949292581,0.02958336692519098,-0.012100539978684197,-0.0010927697555785931,0,0,5.12,3.5,304.609
2023-07-06,1908.699951171875,1910.199951171875,1903.199951171875,1909.300048828125,81,-0.0039192061819468245,-0.0295374327515308,26.65326910986566,-14.720453754076516,0.03363726413367414,-0.00760903581287491,-0.005678279096005601,0,1,5.12,3.5,304.609
2023-07-07,1926.199951171875,1934.0999755859375,1913.4000244140625,1913.4000244140625,61,0.004505714631274503,-0.019964020498904736,36.23689711858892,-13.344960111054434,0.02375743404610656,-0.016992779049063034,0.009168544269755774,0,0,5.12,3.5,304.609
2023-07-10,1925.0,1926.0999755859375,1912.300048828125,1923.5999755859375,269,0.0035711620578417324,-0.01996920750906487,35.528588670734976,-12.21093743452252,0.021995167994360694,-0.015984787261811944,-0.0006229629333885933,0,1,5.12,3.5,304.609
2023-07-11,1931.300048828125,1937.0,1924.199951171875,1925.0,142,0.006456823702594141,-0.016174787162833527,47.87451968815252,-10.680734149702175,0.016250596190162652,-0.018383928596470294,0.0032727526379869865,0,1,5.12,3.5,304.609
2023-07-12,1956.199951171875,1958.0,1932.199951171875,1932.300048828125,132,0.01719591033314572,-0.0031462124044192514,59.423828125,-7.373822168079869,0.0034145677544253484,-0.030932163489639675,0.012892819196508976,0,1,5.12,3.5,304.609
2023-07-13,1959.199951171875,1961.0999755859375,1953.0,1961.0999755859375,121,0.016277443405311863,-0.0013711492244761665,72.37730688434914,-4.459588311616926,0.0032600548192500477,-0.03305278824601767,0.0015335855612319538,0,1,5.12,3.5,304.609
2023-07-14,1960.0999755859375,1960.5999755859375,1952.699951171875,1958.4000244140625,94,0.014066874722143692,-0.0003600652327113082,70.83335400921979,-2.053738319116974,0.0033170189071442197,-0.033769536008727556,0.0004593836445965227,0,0,5.12,3.5,304.609
2023-07-17,1952.4000244140625,1956.5,1946.5999755859375,1954.0,29,0.008450262686924582,-0.0035124960233951265,64.13798411761098,-0.759649805152776,0.006731065324232002,-0.029692588354561823,-0.00392834613937143,0,1,5.12,3.5,304.609
2023-07-18,1977.199951171875,1978.4000244140625,1963.4000244140625,1968.800048828125,83,0.018340624718670543,0.009875015747867512,77.10121379500956,2.241235920714871,-0.003428801030551342,-0.043379787503951765,0.012702277426602349,0,1,5.12,3.5,304.609
2023-07-19,1977.5,1977.5,1973.0,1977.0,35,0.015466945246094077,0.010440110873666855,78.29860191285957,4.590751584869395,8.837930395127683e-05,-0.04506943448528815,0.00015175441813419788,0,0,5.12,3.5,304.609
2023-07-20,1968.300048828125,1973.699951171875,1965.5999755859375,1973.699951171875,638,0.007658706967830563,0.006335704801745821,74.3611676904622,5.6453247144720535,0.007027198349885171,-0.04109219485144172,-0.0046523141197850615,0,0,5.12,3.5,304.609
2023-07-21,1964.300048828125,1964.300048828125,1961.800048828125,1961.800048828125,50,0.0036532962870116795,0.005029523981179457,69.04768824861056,6.088134719551363,0.010674007490743629,-0.03810877976184788,-0.002032210486598074,0,0,5.12,3.5,304.609
2023-07-24,1960.300048828125,1965.5,1960.300048828125,1965.300048828125,2,-0.0001937878969241409,0.0037039468962356977,66.52404203907929,6.046596863478953,0.013908295566841542,-0.03521631788335907,-0.0020363487759348375,0,1,5.12,3.5,304.609
2023-07-25,1962.0999755859375,1962.5,1953.0,1953.0,19,-0.0008453283368232805,0.005166960391455564,68.24038157268805,6.08872977329338,0.014171854502734954,-0.035337936138976116,0.0009181894164052018,0,1,5.12,3.5,304.609
2023-07-26,1968.9000244140625,1972.0,1966.199951171875,1966.199951171875,51,0.0019694455156580182,0.00912203840213103,76.77944436178497,6.5948066915079835,0.01191091226630531,-0.03712299152936237,0.003465699461157268,0,0,5.12,3.5,304.609
2023-07-27,1945.4000244140625,1945.4000244140625,1945.4000244140625,1945.4000244140625,194253,-0.009293910666115518,-0.0021798646679419913,58.10815408518751,5.041507334650532,0.023763674914846024,-0.023419306623685333,-0.011935598409570591,0,1,5.12,3.5,304.609
2023-07-28,1960.4000244140625,1962.199951171875,1944.199951171875,1945.5,23155,-0.0016703295074734625,0.005802721716101144,63.38883138300672,4.963663025606365,0.01572396851021243,-0.02807351875110582,0.007710496459214289,0,1,5.12,3.5,304.609
2023-07-31,1970.5,1971.5999755859375,1950.0,1959.199951171875,1025,0.002548975224612736,0.011090439092430012,64.41177262568328,5.651803992320538,0.011307775693882189,-0.03133822853540406,0.005151997276145792,0,0,5.12,3.5,304.609
2023-08-01,1940.699951171875,1965.4000244140625,1940.699951171875,1964.9000244140625,688,-0.01077563069298026,-0.0040388830766045335,44.49964132615755,3.7493258803253866,0.026319791389710426,-0.014968170383728245,-0.01512308999143619,0,0,5.33,3.7,306.082
2023-08-02,1937.4000244140625,1953.5999755859375,1933.199951171875,1948.4000244140625,652,-0.010435018616247791,-0.005310746491613507,42.28046985023891,1.9528109699585912,0.02735157899864033,-0.01165531165722442,-0.0017003796778681801,0,0,5.33,3.7,306.082
2023-08-03,1932.0,1936.5,1928.0,1934.199951171875,773,-0.011360153550484853,-0.007647074747910895,40.35689480241258,0.09225960863545879,0.028478754719043296,-0.005942521571317542,-0.0027872531981079085,0,1,5.33,3.7,306.082
2023-08-04,1939.5999755859375,1945.0,1920.0,1934.9000244140625,290,-0.006215013996058964,-0.003407621236501204,45.6043744141709,-0.7602228597183966,0.023840183037367558,-0.008538031003687833,0.003933734775329878,0,0,5.33,3.7,306.082
2023-08-07,1933.5,1941.0,1929.800048828125,1941.0,376,-0.007978245812062263,-0.006242654685454276,32.78172387654824,-1.9060664601872759,0.026523263079190316,-0.004423441572693079,-0.0031449657984733426,0,0,5.33,3.7,306.082
2023-08-08,1924.0999755859375,1933.199951171875,1923.0,1931.699951171875,555,-0.01087265102894872,-0.010880784710325199,30.36762046151594,-3.5319451151217436,0.03204619136303373,-0.00044178038735126105,-0.004861662484645701,0,0,5.33,3.7,306.082
2023-08-09,1915.4000244140625,1928.800048828125,1913.699951171875,1925.4000244140625,451,-0.012629504400194645,-0.015062525428385818,30.479678202546808,-5.459544780247143,0.038034705103141116,0.0006673702387262722,-0.004521569191967556,0,0,5.33,3.7,306.082
2023-08-10,1914.4000244140625,1927.800048828125,1911.4000244140625,1921.0999755859375,178,-0.011565456209178777,-0.015135132461587106,31.169784759898988,-6.987327483348281,0.039312124243300994,-0.0018852738122704983,-0.000522084153312008,0,0,5.33,3.7,306.082
2023-08-11,1912.9000244140625,1916.5999755859375,1911.800048828125,1913.0,57,-0.009911739129907329,-0.015390144730340156,31.76920426044572,-8.224338689671413,0.04048451542585328,-0.003927472522819713,-0.0007835353013323498,0,0,5.33,3.7,306.082
2023-08-14,1910.5999755859375,1912.5999755859375,1903.300048828125,1909.300048828125,46,-0.008026760325354782,-0.015891210048423168,30.268199233716473,-9.283262034878362,0.04224653008388746,-0.005425603707825199,-0.0012023884148516517,0,0,5.33,3.7,306.082
2023-08-15,1902.5,1907.699951171875,1895.0,1906.0,73,-0.010269270442990856,-0.019559338509897443,24.810295404763338,-10.653262571056985,0.04544621844816865,-0.003879849412771146,-0.004239493190328014,0,0,5.33,3.7,306.082
2023-08-16,1896.0999755859375,1904.5,1890.300048828125,1904.5,22,-0.011474848679518366,-0.022233738064590523,28.50912388173117,-12.115763370939021,0.04743829903793203,-0.0032739276678595605,-0.0033640075763797794,0,0,5.33,3.7,306.082
2023-08-17,1884.0999755859375,1902.4000244140625,1884.0,1893.699951171875,245,-0.015271893674774653,-0.027605466250226706,15.845979327815215,-14.080790910779115,0.053701054615633174,-0.0009862000753607257,-0.006328780209119422,0,1,5.33,3.7,306.082
2023-08-18,1886.0999755859375,1891.800048828125,1886.0999755859375,1891.800048828125,19,-0.011462454644055686,-0.026004216263830118,9.2663878844008,-15.300333388878244,0.051607707451161694,-0.005215655088750749,0.0010615147953483284,0,1,5.33,3.7,306.082
2023-08-21,1893.300048828125,1893.5999755859375,1893.300048828125,1893.5999755859375,876,-0.00559360864091759,-0.021575643411355608,20.740801022376544,-15.507087796685937,0.04602964216844586,-0.010958654669740189,0.0038174398681865007,0,1,5.33,3.7,306.082
2023-08-22,1896.4000244140625,1896.800048828125,1892.800048828125,1894.5999755859375,46,-0.0025142177260824863,-0.019306675389804993,24.628728203361774,-15.2450644193475,0.041987324695851314,-0.013707449477405287,0.0016373398330900013,0,1,5.33,3.7,306.082
2023-08-23,1918.5,1918.5,1909.5999755859375,1909.5999755859375,547,0.008945615037025656,-0.007500265422687406,43.07692307692307,-13.10308150523997,0.026290516205717474,-0.02400226890761684,0.01165364654156531,0,0,5.33,3.7,306.082
2023-08-24,1918.199951171875,1920.800048828125,1918.199951171875,1920.0,337,0.008586263044589069,-0.007384355982109447,38.137468382867404,-11.299502416313771,0.025001913858851695,-0.02381846435868315,-0.00015639761695329657,0,0,5.33,3.7,306.082
2023-08-25,1911.0999755859375,1919.800048828125,1911.0999755859375,1919.800048828125,195,0.004948222580906951,-0.010605802977056922,37.71929472327405,-10.324052437072623,0.025379739217583897,-0.019341311500602813,-0.003701374083343034,0,1,5.33,3.7,306.082
2023-08-28,1917.9000244140625,1921.5,1915.5,1915.5,99,0.008137019867645728,-0.0066749799671116826,46.501160080020725,-8.899703943548047,0.016091138957124478,-0.01990784267429551,0.0035581858170659064,0,1,5.33,3.7,306.082
2023-08-29,1936.5,1936.5,1916.9000244140625,1917.9000244140625,1674,0.01609806013234002,0.003185953271877584,60.71063423194322,-6.198581527879469,0.00589661890758148,-0.0291034365896916,0.009698094451831452,0,1,5.33,3.7,306.082
2023-08-30,1944.300048828125,1946.4000244140625,1934.5999755859375,1936.0,396,0.017617157781532923,0.007134870373279343,64.19751941471264,-3.3894523039252817,0.0026165554961724573,-0.03339889163422021,0.004027910574812887,0,0,5.33,3.7,306.082
2023-08-31,1938.199951171875,1944.4000244140625,1938.199951171875,1944.4000244140625,491,0.011560215637313768,0.003924097625556704,61.51040260889944,-1.636558824073063,0.006323438584623973,-0.030588173086411194,-0.003137426067507776,0,1,5.33,3.7,306.082
2023-09-01,1939.800048828125,1950.0,1936.5999755859375,1950.0,167,0.009565863493584882,0.00447090138902584,63.36995804683596,-0.11691587070936293,0.005513677423615274,-0.031397837621042285,0.0008255586093077749,0,0,5.33,3.7,307.276
2023-09-05,1926.199951171875,1934.4000244140625,1924.699951171875,1934.4000244140625,113,0.000774118498460078,-0.002644862676080996,60.33123817348604,-0.009888117766877258,0.012078677146653748,-0.024403412577528042,-0.0070110822321435284,0,0,5.33,3.7,307.276
2023-09-06,1918.0999755859375,1925.300048828125,1916.300048828125,1924.0999755859375,24,-0.004556597776310571,-0.006781300569337297,59.45014010772354,-0.572073678667266,0.016066033434893004,-0.020309792215399046,-0.004205158234486306,0,0,5.33,3.7,307.276
2023-09-07,1917.5,1921.5,1917.5,1917.5999755859375,41,-0.004816321900298402,-0.007127964828042074,65.90471805925156,-1.05387439359356,0.016454353287232173,-0.019964134190915306,-0.00031279682684648424,0,1,5.33,3.7,307.276
2023-09-08,1918.4000244140625,1924.699951171875,1918.4000244140625,1924.0,105,-0.004359547221267104,-0.0067246825707512866,65.54375716675753,-1.347546802245006,0.01610893165663751,-0.020346866189306465,0.0004693738795631397,0,1,5.33,3.7,307.276
2023-09-11,1923.300048828125,1928.300048828125,1921.800048828125,1923.0,50,-0.002448085848779307,-0.004333011715793739,64.76372986026841,-1.1713902255396533,0.013904293575400706,-0.022686126710562,0.0025542245369596372,0,0,5.33,3.7,307.276
2023-09-12,1911.300048828125,1920.800048828125,1911.300048828125,1920.800048828125,365,-0.008332621231179777,-0.010444846891810371,56.742070150980034,-1.9772915944963643,0.020279756052455113,-0.016523199236080414,-0.006239276085554968,0,0,5.33,3.7,307.276
2023-09-13,1909.0999755859375,1914.5999755859375,1908.9000244140625,1910.300048828125,15,-0.008063945962953258,-0.011454935751236461,44.81237511772449,-2.7616669815802197,0.02143586962006237,-0.015024444641768839,-0.0011510873154303436,0,1,5.33,3.7,307.276
2023-09-14,1910.0,1910.0,1903.0,1903.0,169,-0.005824516277508336,-0.010890560995945155,45.50443439689258,-3.27293729476537,0.02075878690399283,-0.014565067070059678,0.00047143912082781014,0,1,5.33,3.7,307.276
2023-09-15,1923.699951171875,1927.300048828125,1923.5,1923.5,8,0.0020627526255809527,-0.003950670692281965,56.44167797289251,-2.5433331754898063,0.012759612740850038,-0.018794805440871344,0.0071727493046465085,0,1,5.33,3.7,307.276
2023-09-18,1931.5,1931.5,1926.4000244140625,1928.199951171875,19,0.00656101769099356,3.313546159699793e-05,56.88254982560575,-1.3204960453183503,0.00807769037133833,-0.01981467981849737,0.0040547117669642585,0,1,5.33,3.7,307.276
2023-09-19,1932.0,1934.0,1932.0,1934.0,6,0.0065173548925403545,0.00021950936604264127,47.21191109336286,-0.30749833882691746,0.00742030869720284,-0.01766875590217188,0.00025886616619197333,0,1,5.33,3.7,307.276
2023-09-20,1945.5999755859375,1945.5999755859375,1929.199951171875,1945.5999755859375,119,0.01215247477675117,0.0071112616106590665,50.751399569016,1.5745634248389706,0.0011199276294362943,-0.022748194787496206,0.0070393248374418516,0,0,5.33,3.7,307.276
2023-09-21,1919.199951171875,1924.0,1919.199951171875,1924.0,9,-0.0016698032109671336,-0.006173638093739398,41.10489331449707,0.9251846434001436,0.014890358391247045,-0.009268178230166733,-0.0135690916659843,0,1,5.33,3.7,307.276
2023-09-22,1925.4000244140625,1925.4000244140625,1925.4000244140625,1925.4000244140625,1,0.0011907934847075862,-0.0026138915877198556,43.53680893193117,0.9004614163688984,0.011707779830983396,-0.012170048065244068,0.0032305509586958436,0,0,5.33,3.7,307.276
2023-09-25,1916.5999755859375,1916.5999755859375,1916.5999755859375,1916.5999755859375,114,-0.003037813756530084,-0.006724806581372157,45.497206473606646,0.1688315010221686,0.0161973052529311,-0.007191750308455974,-0.004570504163571409,0,0,5.33,3.7,307.276
2023-09-26,1900.4000244140625,1905.0999755859375,1900.4000244140625,1905.0,161,-0.010903772614052046,-0.014589292887585523,42.284254127182784,-1.6986106230144742,0.025682620178129903,-0.00047216547649907596,-0.008452442543166794,0,0,5.33,3.7,307.276
2023-09-27,1871.5999755859375,1871.5999755859375,1871.5999755859375,1871.5999755859375,12251,-0.02398832525023855,-0.028458961182594437,33.939839694389136,-5.439788710779567,0.044399506997208384,0.00850712114821699,-0.01515472977169885,0,0,5.33,3.7,307.276
2023-09-28,1860.4000244140625,1878.199951171875,1856.699951171875,1875.5,4654,-0.02731301556332674,-0.03309733029799107,31.07052021647533,-9.202362648399912,0.05264946131388637,0.0081062591571749,-0.005984158643926429,0,0,5.33,3.7,307.276
2023-09-29,1848.0999755859375,1872.300048828125,1846.0,1864.300048828125,1605,-0.029909514198305405,-0.03828842547172221,26.5878049948428,-13.026578458768654,0.062030170214634084,0.00756565557641032,-0.006611507561121943,0,0,5.33,3.7,307.276
2023-10-02,1830.0,1845.9000244140625,1826.699951171875,1844.0999755859375,2309,-0.03426511423997005,-0.04637434628928238,25.61489094967223,-17.318180596724687,0.07517216987492588,0.008893398559158772,-0.009793829243571639,0,0,5.33,3.9,307.696
2023-10-03,1824.5999755859375,1830.9000244140625,1816.800048828125,1825.0,310,-0.031626330124503596,-0.047841713234915956,25.13245228197283,-20.913959939018014,0.08076583388396691,0.003899322079491739,-0.0029508330131489124,0,0,5.33,3.9,307.696
2023-10-04,1818.5,1828.199951171875,1816.4000244140625,1821.800048828125,357,-0.028309141900059606,-0.04960055451264042,23.87208767306646,-23.97943798967549,0.08645865668273629,-0.00027774102852270977,-0.003343185173494634,0,0,5.33,3.9,307.696
2023-10-05,1816.5999755859375,1826.300048828125,1815.5999755859375,1826.300048828125,393,-0.02397353329982924,-0.04907976616579066,17.20763517983488,-26.25946475766932,0.08869099287785007,-0.0058824254851386195,-0.0010448305823824722,0,1,5.33,3.9,307.696
2023-10-06,1830.199951171875,1831.800048828125,1809.4000244140625,1819.0,390,-0.011610971951627875,-0.04080385747654427,20.047312144653603,-26.661659019097897,0.079966177363809,-0.017453836603142016,0.00748649992772954,0,1,5.33,3.9,307.696
2023-10-09,1849.5,1861.5,1842.5,1842.5,232,0.002444462999526669,-0.02956074741681838,28.046850536420322,-25.133326878439675,0.06662207175171078,-0.029622893342005546,0.01054532255656948,0,1,5.33,3.9,307.696
2023-10-10,1861.0,1861.4000244140625,1852.800048828125,1857.0,236,0.010836214301246167,-0.022403299193927053,27.233612009920662,-22.732117060220617,0.05844282279922369,-0.03673407718614594,0.00621789672884554,0,1,5.33,3.9,307.696
2023-10-11,1872.800048828125,1874.5999755859375,1869.0999755859375,1869.5,65,0.017179322819088384,-0.015502341266744966,36.44864211192808,-19.650457415096753,0.05031107162880471,-0.043278881907244736,0.00634070329292058,0,0,5.33,3.9,307.696
2023-10-12,1869.300048828125,1881.199951171875,1867.0,1874.699951171875,46,0.014787819780916108,-0.01663816265068768,33.35313503140138,-17.291317152790498,0.050595111982291496,-0.041982321249839555,-0.0018688594130430447,0,1,5.33,3.9,307.696
2023-10-13,1927.4000244140625,1930.0999755859375,1877.5,1877.5,43,0.0418434812461145,0.013974917299218513,52.479349496530126,-10.611179952928296,0.019245865713588398,-0.07098917402928484,0.03108113950051017,0,0,5.33,3.9,307.696
2023-10-16,1921.0999755859375,1921.0999755859375,1910.300048828125,1910.4000244140625,53,0.03334945704154569,0.010857325028011774,54.97833972748805,-5.7590970965570705,0.021670545411123034,-0.06756610504705604,-0.003268677362417427,0,1,5.33,3.9,307.696
2023-10-17,1922.699951171875,1925.800048828125,1914.300048828125,1914.300048828125,103,0.028781457471760852,0.011814210573411121,64.13944517815706,-1.7643435629543092,0.01997366783559993,-0.06797903367259638,0.0008328434783564376,0,1,5.33,3.9,307.696
2023-10-18,1955.300048828125,1957.9000244140625,1935.0,1935.0,67,0.03862234809088852,0.028632118611043374,73.478456515896,3.9861331617396445,0.004116458761003247,-0.08417072083340296,0.016955374465152717,0,1,5.33,3.9,307.696
2023-10-19,1968.4000244140625,1977.699951171875,1945.699951171875,1950.0999755859375,1945,0.03721737450652898,0.034946546738610515,79.64513602196662,9.491078697494913,0.002511879861678047,-0.09284415184976016,0.006699726517057414,0,1,5.33,3.9,307.696
2023-10-20,1982.5,1988.5999755859375,1980.4000244140625,1981.0999755859375,557,0.03633036453187815,0.04161412703321076,88.33581892610118,14.820694150340842,0.001325914042079128,-0.10235996196137304,0.007163165723966358,0,0,5.33,3.9,307.696
2023-10-23,1976.300048828125,1978.9000244140625,1972.9000244140625,1976.199951171875,127,0.026286834411243534,0.037665339595555805,87.98197736718211,18.332838993984296,0.009717111666493822,-0.10177301706401144,-0.0031273398092686033,0,0,5.33,3.9,307.696
2023-10-24,1975.0,1975.0,1970.300048828125,1970.300048828125,10,0.019575847448534946,0.03628193611361062,90.14876407816001,20.771890586116797,0.01580357675540999,-0.10282635909322645,-0.0006578195597859438,0,1,5.33,3.9,307.696
2023-10-25,1984.0999755859375,1985.300048828125,1971.199951171875,1971.199951171875,97,0.01842202105543545,0.0401659865045917,91.43986122285281,23.172035719730047,0.017537969601905196,-0.10766444936069558,0.004607582575158142,0,1,5.33,3.9,307.696
2023-10-26,1987.199951171875,1988.199951171875,1980.4000244140625,1988.199951171875,521,0.01387752610809949,0.04079699780783172,90.97075156028205,25.03571402534544,0.021886251610817847,-0.10861124608534237,0.0015624089632992888,0,1,5.33,3.9,307.696
2023-10-27,1988.5999755859375,1988.5999755859375,1988.5999755859375,1988.5999755859375,372,0.011433676746372806,0.04039140874520424,90.04027545572546,26.32223642288568,0.026264598504048577,-0.10727131458118028,0.0007045211596532486,0,1,5.33,3.9,307.696
2023-10-30,1996.199951171875,2004.0999755859375,1992.5,2004.0999755859375,157,0.01143575978266023,0.04316578153264587,89.81151716532399,27.636492918720933,0.02663767552160149,-0.106624607479111,0.0038217719396773653,0,0,5.33,3.9,307.696
2023-10-31,1985.199951171875,2001.0,1983.699951171875,1996.5,84,0.002687010584365698,0.03642197140515181,83.25440897744083,27.473742390743382,0.034358831684064374,-0.0956171004229831,-0.0055104700275854235,0,0,5.33,3.9,307.696
2023-11-01,1978.800048828125,1990.5,1977.800048828125,1990.5,41,-0.0017303460548622701,0.032192669886206,81.84993083388486,26.522606691650026,0.0376952530331661,-0.08458230591857938,-0.0032238074255301896,0,1,5.33,3.7,308.148
2023-11-02,1985.5999755859375,1990.300048828125,1979.5,1989.0999755859375,39,0.0008316680375618623,0.035015152853936235,74.12936229824464,26.0176072762697,0.03288474815531096,-0.07794919071921795,0.003436389018607322,0,1,5.33,3.7,308.148
2023-11-03,1991.5,1991.5,1989.0,1989.0,12,0.0033503852925558875,0.037297932924851375,79.28457758229348,25.796112732848087,0.02831993137489217,-0.07107664741807575,0.002971406369161267,0,0,5.33,3.7,308.148
2023-11-06,1981.5999755859375,1981.5999755859375,1977.4000244140625,1981.5999755859375,130,-0.001903920116047573,0.03138391497410087,72.91831920894563,24.53885878992469,0.0312864699474552,-0.05759851791660398,-0.004971139550119297,0,0,5.33,3.7,308.148
2023-11-07,1966.800048828125,1966.800048828125,1960.699951171875,1966.5,20,-0.00894905503211151,0.023160024203588578,55.19423235544499,22.0935647196045,0.03562604740678345,-0.04170703933169727,-0.007468675282677251,0,0,5.33,3.7,308.148
2023-11-08,1951.5,1967.800048828125,1947.699951171875,1967.800048828125,43,-0.015040623821011515,0.015042288215902904,42.51547506419786,18.70544080107493,0.039625666019342386,-0.026041245031080247,-0.007779158251110085,0,1,5.33,3.7,308.148
2023-11-09,1964.199951171875,1964.199951171875,1945.300048828125,1951.699951171875,10,-0.007478543058304499,0.021436519638087216,41.79368210850378,16.85086186093963,0.025987470489012916,-0.020590827727213448,0.00650778948084807,0,0,5.33,3.7,308.148
2023-11-10,1932.5999755859375,1959.5999755859375,1932.5999755859375,1959.5999755859375,375,-0.020674983510393905,0.0050622245710110775,34.039392482989044,12.685015785762289,0.04240200999737518,-0.003946027032898348,-0.016087962718400628,0,1,5.33,3.7,308.148
2023-11-13,1945.5,1947.199951171875,1934.0,1939.9000244140625,191,-0.011598661180153975,0.011710992802834759,40.06732373757717,10.30567946034057,0.033816836542515015,-0.007623063552763071,0.006674958386125196,0,1,5.33,3.7,308.148
2023-11-14,1961.800048828125,1965.800048828125,1961.800048828125,1965.800048828125,2,-0.002131218169002912,0.01980985096151005,42.83880820984513,9.624372223460568,0.022855339617686758,-0.01150357241070746,0.008378334015998412,0,0,5.33,3.7,308.148
2023-11-15,1960.0999755859375,1962.800048828125,1960.0,1962.800048828125,6,-0.0020467280722378414,0.018481365116178754,41.2184094460157,8.845286668426297,0.023628436273026267,-0.01028726136011049,-0.0008665884391241274,0,1,5.33,3.7,308.148
2023-11-16,1983.9000244140625,1983.9000244140625,1964.5999755859375,1965.300048828125,39,0.010158112179058761,0.030137199448062653,48.67007570157635,10.032670408823378,0.011866580386894227,-0.021897358546208858,0.012142262703212614,0,0,5.33,3.7,308.148
2023-11-17,1981.5999755859375,1984.0,1979.800048828125,1982.5,32,0.009495852208158542,0.028268019650279662,45.7409645547461,10.665144710209006,0.012995141895854642,-0.020761576095452386,-0.0011593572255760298,0,0,5.33,3.7,308.148
2023-11-20,1977.699951171875,1979.4000244140625,1969.699951171875,1978.699951171875,182,0.007709256786932598,0.025665205216448685,47.71759045310881,10.72801983968634,0.015041788970355642,-0.01880875410245173,-0.0019681189251676834,0,1,5.33,3.7,308.148
2023-11-21,1999.300048828125,2005.5,1988.5,1990.699951171875,16,0.01703108819428893,0.035921792850962635,55.71029864002296,12.378109057984148,0.005617781381953315,-0.029736280861690622,0.01092182747107362,0,0,5.33,3.7,308.148
2023-11-22,1991.4000244140625,1999.4000244140625,1991.0,1999.0999755859375,6075,0.010960461609103259,0.03094919851885884,51.60576906179071,12.89965155144887,0.010058683564828239,-0.025972142984357367,-0.003951395098846233,0,1,5.33,3.7,308.148
2023-11-24,2002.199951171875,2002.199951171875,1991.5,1991.9000244140625,63,0.01448612119347176,0.035551749521801054,52.88408007801961,14.022795507903993,0.005791995290242839,-0.031658501261274945,0.005423283431459369,0,1,5.33,3.7,308.148
2023-11-27,2011.800048828125,2011.800048828125,2011.699951171875,2011.699951171875,228,0.015276096688277287,0.03956960660954048,58.15335353334287,15.508767417785748,0.003022181850235897,-0.03715584489516381,0.004794774693022585,0,1,5.33,3.7,308.148
2023-11-28,2039.699951171875,2042.699951171875,2039.699951171875,2040.5999755859375,174665,0.024485773711984207,0.052809223448518273,68.3811887648694,18.721885569271308,-0.005653714027964021,-0.05323725647922062,0.013868128872947194,0,1,5.33,3.7,308.148
2023-11-29,2047.0999755859375,2052.10009765625,2036.0,2041.699951171875,15290,0.023816183750070635,0.05537481800655513,75.10500019554303,21.616246346978414,-0.003524127665939304,-0.0593599315348535,0.00362799656381374,0,0,5.33,3.7,308.148
2023-11-30,2038.0999755859375,2047.0999755859375,2033.0999755859375,2046.0999755859375,2506,0.015354102577922935,0.049733706599704504,69.79108162482045,22.91962021729637,0.004817927133311437,-0.05623835038746372,-0.004396463341964529,0,1,5.33,3.7,308.148
2023-12-01,2071.0,2073.199951171875,2036.0,2038.300048828125,614,0.0272868466768675,0.06501366064386763,86.8084454311054,26.304093200378702,-0.0038863201473279545,-0.07436573671680782,0.016142497820600843,0,0,5.33,3.8,308.741
2023-12-04,2024.0999755859375,2130.199951171875,2021.0,2075.300048828125,1071,0.0019106568379109702,0.03983970648751881,67.70266800173977,24.91467158770729,0.020781766420340755,-0.05289478660853079,-0.022646076491580125,0,0,5.33,3.8,308.741
2023-12-05,2018.5,2037.0,2010.199951171875,2035.0999755859375,289,-0.002875037114302982,0.035878289588255494,63.41691257859746,23.095443820637,0.024914299735006615,-0.04973966994339151,-0.0027666496978818733,0,1,5.33,3.8,308.741
2023-12-06,2030.5,2035.800048828125,2019.0,2019.9000244140625,417,0.0015092973308034694,0.040646992389918056,65.88446629270734,22.364191936799898,0.020741089763381834,-0.05410233805121126,0.005945008669804297,0,0,5.33,3.8,308.741
2023-12-07,2029.9000244140625,2034.9000244140625,2024.0,2029.199951171875,67,-0.000684277393673405,0.03865417993001549,61.59273337623839,21.48854990771565,0.022119875876744338,-0.0510375862709299,-0.0002954816970881513,0,0,5.33,3.8,308.741
2023-12-08,1998.300048828125,2033.0999755859375,1995.0,2031.699951171875,449,-0.01605197260912654,0.021044278625579557,53.66712074449464,18.0368260500652,0.03814813305588797,-0.03418981863409608,-0.015567257109156851,0,0,5.33,3.8,308.741
2023-12-11,1978.0,2004.199951171875,1977.199951171875,2004.0999755859375,651,-0.024423924418227702,0.009331984984032008,50.06146020239359,13.507559006641713,0.04657963375938806,-0.01975961353694117,-0.010158659026220707,0,0,5.33,3.8,308.741
2023-12-12,1977.800048828125,1994.199951171875,1977.800048828125,1984.199951171875,95,-0.021535303958054693,0.007709939121801776,45.17287725325841,9.789105144019004,0.045127939150661316,-0.016469881800452186,-0.00010108754897619754,0,1,5.33,3.8,308.741
2023-12-13,1982.300048828125,2024.800048828125,1975.0,1978.5,2252,-0.016155030489466402,0.008382269259627331,47.92522147169087,7.123204195878316,0.0420097933553723,-0.01692282064608878,0.0022752552780380686,0,1,5.33,3.8,308.741
2023-12-14,2030.199951171875,2040.0999755859375,2024.300048828125,2024.699951171875,236,0.0080136348112727,0.030529057387931623,55.460220488395706,8.774434076513444,0.017383717517854898,-0.036623152470947905,0.02416380021383091,0,0,5.33,3.8,308.741
2023-12-15,2021.0999755859375,2043.4000244140625,2018.300048828125,2032.5999755859375,261,0.0059878293030419935,0.023784450129636717,51.8171033104982,9.242215171847647,0.022233753815878707,-0.030714261371331018,-0.00448230509545855,0,1,5.33,3.8,308.741
2023-12-18,2026.300048828125,2032.800048828125,2024.0,2024.300048828125,100,0.00846569387976759,0.024383412667278233,47.12695001083557,9.918206600083522,0.019857832301183844,-0.03124316133316991,0.002572892635199775,0,1,5.33,3.8,308.741
2023-12-19,2038.4000244140625,2042.699951171875,2025.199951171875,2025.199951171875,498,0.013483954046070182,0.028536033278888897,48.17151014225635,11.300041736182493,0.014275620507746013,-0.03448756915748976,0.005971462909915681,0,0,5.33,3.8,308.741
2023-12-20,2034.5,2037.0999755859375,2030.300048828125,2037.0999755859375,258,0.011343743893806933,0.024773889395564377,49.22680912402463,11.942787638999334,0.01695420389036245,-0.03164085548819045,-0.0019132772602784565,0,1,5.33,3.8,308.741
2023-12-21,2039.0999755859375,2044.5,2033.0,2035.800048828125,228,0.01316702932434454,0.025373081774702523,42.20047837264955,12.677212964141518,0.01527517842993901,-0.03210120419682676,0.002260985788123726,0,1,5.33,3.8,308.741
2023-12-22,2057.10009765625,2068.699951171875,2052.199951171875,2055.699951171875,202,0.019133248899876106,0.03247448409008244,59.39639141753823,14.54405493145282,0.008451075346104184,-0.03996153917647829,0.008827483833959704,0,1,5.33,3.8,308.741
2023-12-26,2058.199951171875,2060.800048828125,2054.199951171875,2060.0,64,0.015642703564713954,0.03167193422169828,61.60139835194236,15.928673791060646,0.009896315519658814,-0.040204301380806315,0.0005346621279529451,0,1,5.33,3.8,308.741
2023-12-27,2081.89990234375,2081.89990234375,2064.800048828125,2067.300048828125,586,0.02208733073090146,0.04187200917180843,64.059069272973,18.722560184338363,0.0019888024969954205,-0.05269239402282106,0.01151489249544535,0,0,5.33,3.8,308.741
2023-12-28,2073.89990234375,2087.300048828125,2066.5,2081.60009765625,338,0.013601645919271413,0.036300192722059095,61.56675012210251,20.059963367853925,0.007930573314826782,-0.04982257083704457,-0.003842643919140354,0,0,5.33,3.8,308.741
2023-12-29,2062.39990234375,2068.89990234375,2062.10009765625,2068.0,47,0.006397300751466088,0.02945194503650652,68.84183089838373,19.96180388635912,0.014923885577009882,-0.044719182223745726,-0.005545108511265995,0,1,5.33,3.8,308.741
2024-01-02,2064.39990234375,2073.699951171875,2057.10009765625,2063.5,61,0.005249233935397522,0.02946364133721086,78.45850247357552,19.816957524659983,0.013382051263858214,-0.045405801403112,0.0009697440335054708,0,0,5.33,3.7,309.698
2024-01-03,2034.199951171875,2044.0,2034.199951171875,2034.199951171875,54,-0.00983737917450628,0.013880908651559224,65.51154096141553,17.068526720162936,0.028632893763099986,-0.030943348423717307,-0.01462892491788459,0,1,5.33,3.7,309.698
2024-01-04,2042.300048828125,2044.5,2038.0,2041.5999755859375,88,-0.006083275634396315,0.017248879926579582,66.18123829665078,15.366846253660697,0.025052931536549777,-0.034121196113112345,0.003981957452896312,0,1,5.33,3.7,309.698
2024-01-05,2042.4000244140625,2048.10009765625,2042.4000244140625,2044.5,12,-0.006416620836629919,0.01661609495064722,54.433166935617656,13.866475322331326,0.025357195944494725,-0.033940267677955945,4.895244750890981e-05,0,0,5.33,3.7,309.698
2024-01-08,2026.5999755859375,2033.699951171875,2019.0999755859375,2019.0999755859375,10,-0.013503115694533172,0.008324917328160038,51.90575126088523,11.272545765088125,0.03329980763578172,-0.026519966018791415,-0.007736020681187505,0,0,5.33,3.7,309.698
2024-01-09,2026.4000244140625,2035.800048828125,2026.4000244140625,2035.800048828125,27,-0.012124164339765818,0.007832301307114535,50.03588501023094,9.095852192111579,0.03302495838091314,-0.02466040717996558,-9.866336439545709e-05,0,0,5.33,3.7,309.698
2024-01-10,2021.699951171875,2035.5999755859375,2021.699951171875,2029.0,538,-0.01265860259696629,0.005163768320371399,43.66941995789084,6.911874436789049,0.03354329423918541,-0.018348127250350964,-0.0023194202455394386,0,0,5.33,3.7,309.698
2024-01-11,2014.300048828125,2025.0999755859375,2014.300048828125,2025.0999755859375,97,-0.013014084584883645,0.0013044124322511101,42.54063303509929,4.531707353923366,0.034994310526828554,-0.010583908970475954,-0.003660237682382439,0,1,5.33,3.7,309.698
2024-01-12,2046.699951171875,2057.0,2031.0999755859375,2031.0999755859375,390,0.004199894627853917,0.016788641708107448,52.32842633101285,5.199868289596225,0.016051451454729432,-0.02054157781691952,0.016084943433625654,0,0,5.33,3.7,309.698
2024-01-16,2026.0,2054.800048828125,2026.0,2051.699951171875,46,-0.004177924720554855,0.006033223610699569,40.626834921452485,4.012820287713339,0.02649024488825825,-0.01079924497694911,-0.01011381817839141,0,0,5.33,3.7,309.698
2024-01-17,2002.5999755859375,2026.5,2002.5999755859375,2026.5,764,-0.012680454560013375,-0.005754182640162365,35.22847341271155,1.1703981644586747,0.039488805454523136,-0.0011686139115345427,-0.011549863975351626,0,1,5.33,3.7,309.698
2024-01-18,2018.5999755859375,2018.5999755859375,2009.5,2012.800048828125,1474,-0.00402614122169657,0.0019198500909482126,32.465382391430055,0.20644467000602162,0.03141714275376026,-0.00963471540014084,0.007989613599849621,0,1,5.33,3.7,309.698
2024-01-19,2026.5,2036.0,2019.5,2023.199951171875,50,0.0006517975335489476,0.005392858492737844,36.862547671054166,0.0790591826535092,0.027335222182488725,-0.014021648999815239,0.003913615629451028,0,0,5.33,3.7,309.698
2024-01-22,2019.800048828125,2021.300048828125,2019.800048828125,2021.300048828125,12,-0.0015422984085347955,0.0015421587669095732,37.87019104436939,-0.5561142605517944,0.030830270202617586,-0.01156605476514127,-0.0033061688486922813,0,1,5.33,3.7,309.698
2024-01-23,2023.699951171875,2030.300048828125,2022.5,2030.300048828125,15,0.0005289936864222176,0.0027579732047275174,38.53520925287365,-0.7363164662901909,0.02874093726891374,-0.014129059586542755,0.0019308358498222322,0,0,5.33,3.7,309.698
2024-01-24,2013.9000244140625,2033.199951171875,2013.9000244140625,2023.199951171875,253,-0.003700426584225395,-0.002589221073502868,43.539159306303766,-1.650869998859207,0.03287180285474085,-0.010601629658432987,-0.004842578936733011,0,1,5.33,3.7,309.698
2024-01-25,2016.9000244140625,2022.4000244140625,2012.0999755859375,2012.0999755859375,548,-0.0019793040654844827,-0.0019368282968700388,41.64470868090664,-2.109270971682463,0.030088164854201627,-0.012873672689149783,0.0014896469356133757,0,0,5.33,3.7,309.698
2024-01-26,2016.800048828125,2022.4000244140625,2016.800048828125,2021.699951171875,49,-0.002152215902765797,-0.002690059687375113,41.57893511063853,-2.4523550173973945,0.025719965980768675,-0.011633356103508343,-4.9568934864074876e-05,0,1,5.33,3.7,309.698
2024-01-29,2025.199951171875,2025.199951171875,2025.199951171875,2025.199951171875,150708,0.0030708029578380386,0.0008361508892123583,49.5158957890658,-2.023128313343477,0.01738433198267771,-0.01405622816769699,0.004164965361157513,0,1,5.33,3.7,309.698
2024-01-30,2031.5,2048.5,2028.0999755859375,2032.5,26907,0.005917159763313632,0.0032415870764472125,51.6921000768713,-1.1612159940964375,0.011406673954518668,-0.015812291580426248,0.003110828056498649,0,1,5.33,3.7,309.698
2024-01-31,2048.39990234375,2055.0,2030.0,2035.4000244140625,2007,0.01199029200485553,0.010943454100872838,58.19522627675965,0.8754450241212908,0.0007662854082102922,-0.022417241768727083,0.008318928055008667,0,1,5.33,3.7,309.698
2024-02-01,2053.0,2064.5,2029.0,2040.199951171875,947,0.012542109492670154,0.012500164428715344,62.086210367081044,2.828102386765977,0.0002813025384461721,-0.025449352866852838,0.002245702926946258,0,0,5.33,3.9,310.967
2024-02-02,2036.0999755859375,2055.89990234375,2027.699951171875,2054.800048828125,888,0.0037317579417058427,0.0035872952020745393,46.33471809387613,2.977582961086455,0.008132255804806048,-0.0172133255175011,-0.008231867712646168,0,0,5.33,3.9,310.967
2024-02-05,2025.699951171875,2040.800048828125,2013.800048828125,2038.9000244140625,412,-0.0016854753622682769,-0.0017986247222335204,49.88829141307272,2.231133224619498,0.012373072856075766,-0.012057095317929884,-0.005107816187203462,0,1,5.33,3.9,310.967
2024-02-06,2034.5,2037.300048828125,2025.9000244140625,2025.9000244140625,249,0.0021180239547266,0.002112099758825001,63.32500833689415,2.322880109977177,0.00833059653942604,-0.01627850488607134,0.004344201530455782,0,1,5.33,3.9,310.967
2024-02-07,2035.199951171875,2039.5,2032.699951171875,2032.800048828125,71,0.0014121578339670717,0.0021310852912607083,57.950196610787806,2.424126565378856,0.00835053120217317,-0.016551164849795092,0.0003440408807446893,0,0,5.33,3.9,310.967
2024-02-08,2032.199951171875,2036.699951171875,2020.300048828125,2028.0,341,-0.0008161928522983573,0.0004528983618382381,52.864304099364254,2.2365090980681543,0.01009023819341601,-0.014833831063625432,-0.0014740566391389098,0,0,5.33,3.9,310.967
2024-02-09,2023.300048828125,2032.0,2020.0,2032.0,62,-0.005509889095839693,-0.003767662139037217,51.72075225296594,1.3540643529750014,0.014425807633761714,-0.009948036038032048,-0.00437944225843423,0,0,5.33,3.9,310.967
2024-02-12,2018.199951171875,2025.5,2011.5999755859375,2025.5,317,-0.007675260805473012,-0.005995958454130762,47.32749989323286,0.2404139350614969,0.01562244522947458,-0.007491402122842467,-0.0025206828118271574,0,0,5.33,3.9,310.967
2024-02-13,1992.9000244140625,2025.800048828125,1990.0,2025.0999755859375,198,-0.018251657241543887,-0.018019466164212267,41.13174944222894,-2.6530717341267973,0.029894578955081862,0.0020688542214223945,-0.012535887112236854,0,0,5.33,3.9,310.967
2024-02-14,1990.300048828125,1993.5,1984.800048828125,1990.300048828125,1916,-0.01671818232410485,-0.018520024373321415,38.728812244285706,-5.097218709900517,0.03218776420649189,0.00181207681936223,-0.0013046191751149294,0,1,5.33,3.9,310.967
2024-02-15,2002.0999755859375,2007.199951171875,1993.5999755859375,1993.5999755859375,286,-0.008395043366687208,-0.012486838288120293,44.33304062772646,-6.012756015539935,0.026441181383717385,-0.005253412413355973,0.005928717514105619,0,1,5.33,3.9,310.967
2024-02-16,2011.5,2011.5,1996.5,2005.0,32,-0.0025240580678392304,-0.0077818665437428365,44.759006775044966,-5.911676389884406,0.021465139649163554,-0.01046837956457181,0.00469508242779515,0,1,5.33,3.9,310.967
2024-02-20,2027.5,2029.0,2015.5999755859375,2015.5999755859375,1326,0.005320390976061167,0.00014009794234742825,48.57549758467547,-4.488760143118725,0.013616471091059507,-0.018109700177449697,0.007954262987819982,0,0,5.33,3.9,310.967
2024-02-21,2022.300048828125,2028.199951171875,2022.300048828125,2028.199951171875,15,0.0033489860475428767,-0.0023501689589485435,39.86019292238526,-3.737596679811986,0.01618776917791678,-0.0156191640703884,-0.0025647108122688334,0,0,5.33,3.9,310.967
2024-02-22,2019.699951171875,2033.199951171875,2019.699951171875,2033.199951171875,964,0.0028301644348932473,-0.003843190805994089,36.858697055474096,-3.313899800172294,0.01752220676381262,-0.014090965345512267,-0.0012857130957182328,0,1,5.33,3.9,310.967
2024-02-23,2038.5999755859375,2038.5999755859375,2014.9000244140625,2026.0,22,0.01189293030789408,0.004877984358745886,50.97125133973879,-1.4364840602995628,0.008902143288154264,-0.02298042050273541,0.009357837733815932,0,0,5.33,3.9,310.967
2024-02-26,2028.5,2035.4000244140625,2024.800048828125,2034.0999755859375,143,0.006619822970666358,-0.0006000775912132286,51.090362522484156,-0.7549001620091076,0.014143025332592377,-0.01775654729309295,-0.004954368540613041,0,1,5.33,3.9,310.967
2024-02-27,2034.0,2035.9000244140625,2034.0,2035.9000244140625,964,0.008558365251693005,0.0015994137716558395,49.8001596381016,0.22645360630394862,0.011744514827896754,-0.020323681206491976,0.002711363076164597,0,0,5.33,3.9,310.967
2024-02-28,2033.0,2037.0,2024.800048828125,2029.5,581,0.006062105653841396,0.0010793791098907839,49.12282580338683,0.9129677711496242,0.012312075184828495,-0.01983791109927137,-0.000491642084562427,0,1,5.33,3.9,310.967
2024-02-29,2045.699951171875,2049.800048828125,2034.300048828125,2034.300048828125,706,0.009579063722885466,0.0070890382835831055,54.99630445507429,2.453532321179864,0.00577537315866436,-0.025802709939667077,0.0062469017077595446,0,1,5.33,3.9,310.967
2024-03-01,2086.89990234375,2086.89990234375,2041.800048828125,2043.0999755859375,1210,0.02561956381872555,0.02675896520439324,68.99638309974185,6.919172648205404,-0.009165721866735723,-0.04832617501323858,0.020139782057614797,0,1,5.33,3.9,312.345
2024-03-04,2117.699951171875,2119.800048828125,2080.699951171875,2083.60009765625,805,0.035352658378755716,0.041100265796321596,75.7638724702473,12.796026683894297,-0.013748486838451871,-0.06814221443207798,0.014758757137097955,0,1,5.33,3.9,312.345
2024-03-05,2133.5,2133.5,2111.39990234375,2114.89990234375,1287,0.03769961079626702,0.04784788077662649,88.28975879142396,18.514978593484784,-0.011074304402841444,-0.07996859545910787,0.00746094781717388,0,1,5.33,3.9,312.345
2024-03-06,2150.300048828125,2150.300048828125,2125.5,2125.5,443,0.03939987706171298,0.054946747241849975,90.44488384808977,24.12481684975546,-0.008712716339007097,-0.09185935021829218,0.007874407700082076,0,1,5.33,3.9,312.345
2024-03-07,2158.0,2163.0,2147.0,2147.0,152,0.036194801600103445,0.057677235960799586,90.24263434819078,28.85930370413689,-0.0030145414127144654,-0.09864440997275528,0.003580872900073251,0,1,5.33,3.9,312.345
2024-03-08,2178.60009765625,2194.89990234375,2166.300048828125,2167.300048828125,259,0.03910107827359547,0.06651502929331239,90.77598296616945,33.88309118138295,-0.002249030158594128,-0.1106400668438756,0.009545921064064045,0,1,5.33,3.9,312.345
2024-03-11,2182.5,2184.0,2177.199951171875,2181.0,738,0.03337089849800487,0.06737287529439145,90.19708525545485,37.744078238768,0.004979748240473101,-0.11394653281056198,0.0017900955517011763,0,0,5.33,3.9,312.345
2024-03-12,2160.39990234375,2182.699951171875,2160.39990234375,2182.5,550,0.016821476019031587,0.055671431895099405,82.92792677418004,38.5759653995965,0.02087214165564427,-0.10391223839880068,-0.010126047036082442,0,1,5.33,3.9,312.345
2024-03-13,2175.39990234375,2175.39990234375,2162.5,2162.5,20,0.017064812368242418,0.06182850610159656,85.05175207371043,39.98469789996534,0.01918133612193077,-0.10705015918090938,0.006943158988170106,0,0,5.33,3.9,312.345
2024-03-14,2163.0,2163.0,2162.300048828125,2163.0,515,0.00575181209393991,0.0547607652479093,78.84973063563197,39.6435736275339,0.0280921912986776,-0.0970149972611718,-0.005700056495539285,0,0,5.33,3.9,312.345
2024-03-15,2157.300048828125,2161.699951171875,2157.300048828125,2161.699951171875,100,-0.00017145638114256175,0.05071979517949854,80.49244285177586,38.46983544451041,0.03297444682075846,-0.0896008394708053,-0.0026352062745608196,0,1,5.33,3.9,312.345
2024-03-18,2160.699951171875,2160.699951171875,2146.199951171875,2146.199951171875,21,-0.0005874475354333341,0.0511633786048604,80.29651839579299,37.3830545998253,0.03325937490128498,-0.08603853525502504,0.0015759988257531,0,0,5.33,3.9,312.345
2024-03-19,2156.300048828125,2156.300048828125,2156.10009765625,2156.10009765625,12,-0.0036733053814831927,0.04786159026399336,79.01180952643557,35.75458104907648,0.036872409779089066,-0.07970509425595523,-0.002036331949451742,0,1,5.33,3.9,312.345
2024-03-20,2157.89990234375,2185.89990234375,2150.89990234375,2157.300048828125,17,-0.0032840878591412262,0.04730256805134866,77.85505004648863,34.19887548721181,0.03672716502567987,-0.07472700052292966,0.0007419438294287151,0,1,5.33,3.9,312.345
2024-03-21,2182.39990234375,2211.60009765625,2182.39990234375,2207.0,63,0.006897472572012234,0.057591805990732936,75.85277517084583,34.54470303290509,0.0261522887898617,-0.07872278518156046,0.011353631358614003,0,0,5.33,3.9,312.345
2024-03-22,2158.10009765625,2179.60009765625,2157.5,2179.199951171875,19,-0.0033711452904733688,0.044435377167790335,61.33565326994609,32.4835327528026,0.03736118501715392,-0.0624667047602909,-0.0111344417956597,0,1,5.33,3.9,312.345
2024-03-25,2174.800048828125,2179.39990234375,2166.199951171875,2166.199951171875,79,0.004698294143173875,0.0508849313488842,61.52992607597422,31.830662880360705,0.028209081858146776,-0.06175245156223554,0.007738265333480765,0,1,5.33,3.9,312.345
2024-03-26,2175.60009765625,2182.699951171875,2175.60009765625,2182.699951171875,202373,0.004362623851649197,0.04996356586985884,57.75602308193188,31.02023410755328,0.02555326492724847,-0.05331122008913479,0.0003678723607516421,0,1,5.33,3.9,312.345
2024-03-27,2190.60009765625,2196.199951171875,2172.10009765625,2179.39990234375,31200,0.010578214358455927,0.05552573131314367,59.565789247459726,31.228357045011307,0.014817029413088139,-0.048885411074880473,0.006894649442312106,0,1,5.33,3.9,312.345
2024-03-28,2217.39990234375,2234.10009765625,2187.10009765625,2193.60009765625,2040,0.020380879191156026,0.06623193702483383,60.98527683693924,33.17341377113962,-0.0003966823593972723,-0.0496889221072291,0.012234001411838502,0,1,5.33,3.9,312.345
2024-04-01,2236.5,2264.199951171875,2230.0,2235.699951171875,400,0.025432935353022722,0.07316731781400396,64.07721388475198,35.84292852605586,-0.006618160502649633,-0.05343102349019641,0.008613736131250604,0,1,5.33,3.9,313.023
2024-04-02,2261.0,2279.199951171875,2247.60009765625,2252.0,435,0.031920618295551026,0.08248735936273335,75.9012621945087,39.48037822263086,-0.010350975044360678,-0.06438144207956142,0.010954616588419341,0,1,5.33,3.9,313.023
2024-04-03,2294.39990234375,2298.800048828125,2267.89990234375,2281.699951171875,285,0.040605526595595964,0.09559732262579627,77.9869454275694,44.54469280750982,-0.014128071206922561,-0.08161801444532472,0.014772181487726632,0,0,5.33,3.9,313.023
2024-04-04,2288.800048828125,2302.89990234375,2280.0,2301.699951171875,251,0.031939276970997306,0.09016331365486951,80.56380367588703,47.55811685643948,-0.0038492849475141415,-0.081186584672776,-0.0024406615036484114,0,1,5.33,3.9,313.023
2024-04-05,2325.699951171875,2328.39990234375,2267.39990234375,2289.199951171875,344,0.04184489287255469,0.10445837108810062,85.52755194963059,52.32067073579765,-0.008816666386784458,-0.09939157947165848,0.016121942308871873,0,1,5.33,3.9,313.023
2024-04-08,2331.699951171875,2341.800048828125,2319.0,2325.60009765625,202,0.036472318437034607,0.10400683087077348,85.68460502263098,55.934401886454,-0.0017723841353559982,-0.10473785815932518,0.0025798684808746586,0,1,5.33,3.9,313.023
2024-04-09,2343.5,2364.699951171875,2337.800048828125,2337.800048828125,211,0.033963964601526606,0.10617172210802285,87.89483932632803,59.06955808608973,0.00249972393866966,-0.11167404628305298,0.005060706383852809,0,0,5.33,3.9,313.023
2024-04-10,2329.60009765625,2358.10009765625,2327.699951171875,2346.60009765625,377,0.020894730157537234,0.09645990094071923,83.1084936304833,59.74389557022232,0.014923670493830204,-0.10555304521257497,-0.00593125766748448,0,1,5.33,3.9,313.023
2024-04-11,2354.800048828125,2376.300048828125,2330.60009765625,2341.5,283,0.02456558160831224,0.10495788484216696,83.15396771888442,61.601633059305186,0.011915339568429276,-0.11535940396440571,0.010817286278974603,0,1,5.33,3.9,313.023
2024-04-12,2356.199951171875,2429.0,2334.300048828125,2377.300048828125,584,0.01902066245753515,0.10243026817663373,91.7757030517145,62.46678560313876,0.017873606505906175,-0.11424484076724407,0.000594488837575291,0,1,5.33,3.9,313.023
2024-04-15,2365.800048828125,2384.699951171875,2326.0,2362.10009765625,1801,0.01748276404882477,0.1036914064787714,91.52182727969446,63.198559225693316,0.0197598682047601,-0.11504268506204136,0.00407439854647107,0,1,5.33,3.9,313.023
2024-04-16,2390.800048828125,2390.800048828125,2371.39990234375,2384.0,41,0.02252656774230667,0.1116753123801127,92.32895473592515,65.04597663110599,0.016023552112498195,-0.12159912424431812,0.010567249760766284,0,0,5.33,3.9,313.023
2024-04-17,2371.699951171875,2391.39990234375,2369.300048828125,2384.199951171875,37,0.01101512507083991,0.09925709926388415,85.05616756222855,64.22846422537623,0.028048450001659366,-0.10928549576106814,-0.007988998354593546,0,1,5.33,3.9,313.023
2024-04-18,2382.300048828125,2384.39990234375,2368.39990234375,2368.39990234375,128,0.011502175581020058,0.10062169096939334,84.05622599307613,63.70160657836141,0.026846575479002675,-0.1072017256286098,0.004469409231556698,0,1,5.33,3.9,313.023
2024-04-19,2398.39990234375,2399.800048828125,2377.300048828125,2379.300048828125,160,0.015204318083834682,0.10435364513929037,83.85616203367124,63.847200935042565,0.024268127207538737,-0.10850336460845077,0.006758113245871167,0,0,5.33,3.9,313.023
2024-04-22,2332.199951171875,2383.300048828125,2326.89990234375,2383.300048828125,53,-0.012837954924700327,0.0709129511858174,62.6780738248323,57.95275937246333,0.051239846426857964,-0.07363067849710908,-0.027601715254901182,0,0,5.33,3.9,313.023
2024-04-23,2327.699951171875,2330.800048828125,2294.199951171875,2327.699951171875,171,-0.014083334601802165,0.06586696097985947,56.60978444069041,52.31520248585639,0.05071226972050437,-0.0627111990552328,-0.0019295086588689836,0,0,5.33,3.9,313.023
2024-04-24,2324.5,2328.699951171875,2314.60009765625,2321.300048828125,95,-0.015225970744041764,0.06142425175230169,57.15430583266713,47.04686178336942,0.047997948459591426,-0.05085448304700269,-0.0013747266567858407,0,1,5.33,3.9,313.023
2024-04-25,2329.800048828125,2329.800048828125,2305.0,2315.0,1024,-0.011934121106895838,0.06058125478292386,50.94082136158599,42.80589376875423,0.04095062374346727,-0.04237568903573122,0.0022800812338674703,0,1,5.33,3.9,313.023
2024-04-26,2334.800048828125,2347.89990234375,2332.800048828125,2347.89990234375,717,-0.00891414855754953,0.05953415259580045,50.714637863537824,39.394241976463036,0.03473133969219778,-0.03540810108761403,0.002146106916992796,0,1,5.33,3.9,313.023
2024-04-29,2345.39990234375,2345.5,2327.89990234375,2334.800048828125,405,-0.0035517992742849316,0.061038395838207256,50.440404479426284,37.117930545271065,0.02639926029290999,-0.03146868121513987,0.004539940591891556,0,0,5.33,3.9,313.023
2024-04-30,2291.39990234375,2322.5,2291.39990234375,2322.5,113,-0.022365228138084923,0.03399070199220809,42.53318520724291,30.603806996100502,0.04848745175550788,-0.0052168856718563675,-0.02302379220960915,0,1,5.33,3.9,313.023
2024-05-01,2299.89990234375,2327.300048828125,2283.800048828125,2287.699951171875,42,-0.015723459332197345,0.03528117793090776,38.519410263714924,25.829450289530087,0.04436983836534207,-0.008411677397484213,0.0037095227207202264,0,0,5.33,3.9,313.175
2024-05-02,2299.199951171875,2324.699951171875,2292.300048828125,2321.699951171875,56,-0.012511115448676682,0.03239246530148351,38.045297116394906,21.738668157685424,0.04415772157714944,-0.007127421783881166,-0.00030433984155642246,0,0,5.33,3.9,313.175
2024-05-03,2299.0,2301.0,2277.60009765625,2300.0,194,-0.008363548025214109,0.029719898077992198,35.414820950912755,18.26995479101697,0.04483372876902139,-0.008787634509289056,-8.696554285025915e-05,0,1,5.33,3.9,313.175
2024-05-06,2321.60009765625,2325.5,2314.199951171875,2322.800048828125,9,0.0018426884489865924,0.03721301143471001,34.73080408079271,17.14695404850181,0.03464538096808325,-0.018854638162691378,0.009830403504240914,0,0,5.33,3.9,313.175
2024-05-07,2315.199951171875,2324.300048828125,2315.199951171875,2324.300048828125,25,-0.0003799649857932801,0.03171064742481155,36.79288784592312,15.56115028226759,0.03730039843703824,-0.01715955569842396,-0.002756782484130804,0,0,5.33,3.9,313.175
2024-05-08,2313.60009765625,2313.60009765625,2313.60009765625,2313.60009765625,4,-0.0006003881589070214,0.028434919885073497,33.23570869411357,14.013752745854163,0.038050675003127706,-0.017204468605959884,-0.0006910217473075075,0,1,5.33,3.9,313.175
2024-05-09,2332.10009765625,2339.5,2310.699951171875,2310.699951171875,5,0.007290928108198282,0.03390921660989506,34.0087151101166,14.117486838455534,0.029126572835396325,-0.02528463223942138,0.007996196066356154,0,1,5.33,3.9,313.175
2024-05-10,2367.300048828125,2367.300048828125,2367.300048828125,2367.300048828125,126,0.021061326570443482,0.04653046530271026,59.95466152627527,16.84585025989145,0.014443227111302602,-0.03992799933902584,0.01509367081080737,0,0,5.33,3.9,313.175
2024-05-13,2336.10009765625,2358.300048828125,2336.10009765625,2358.300048828125,14,0.008008527529406178,0.03046721819131189,52.06900408545172,16.30259643380259,0.026743784316624716,-0.02712912538715631,-0.013179550765995973,0,1,5.33,3.9,313.175
2024-05-14,2353.39990234375,2358.0,2336.0,2336.0,6,0.012763858051392159,0.03594414835272558,56.655908416175606,17.071227041609745,0.016333973249083436,-0.03300764579273348,0.007405420985537647,0,1,5.33,3.9,313.175
2024-05-15,2388.699951171875,2388.699951171875,2356.0,2361.60009765625,29,0.024041606078599374,0.049125788467631,61.91825080030036,20.294844922430457,0.0028297827988220895,-0.04810123555668537,0.014999596453186603,0,0,5.33,3.9,313.175
2024-05-16,2380.0,2392.199951171875,2380.0,2389.5,7,0.016789838585051117,0.043199872298419005,59.01117032926919,21.895177984320526,0.006290984317576597,-0.04451368159961434,-0.0036421280821004043,0,1,5.33,3.9,313.175
2024-05-17,2412.199951171875,2415.800048828125,2380.699951171875,2380.699951171875,213,0.02558648784486905,0.05496283676320474,62.26140467076376,25.46813955951984,-0.005489690663001281,-0.058348266433953806,0.013529391248686906,0,1,5.33,3.9,313.175
2024-05-20,2433.89990234375,2435.800048828125,2409.699951171875,2415.800048828125,40,0.029895230019570507,0.06208148194878647,79.67518363960271,29.708283456255685,-0.00662412086835996,-0.07029762272449047,0.008995917258572517,0,0,5.33,3.9,313.175
2024-05-21,2421.699951171875,2429.5,2421.0,2429.5,6,0.020135621202188342,0.05455630009564301,74.97954642635762,31.718562102879332,0.0035401316541325734,-0.0668922912809927,-0.005012511467758718,0,0,5.33,3.9,313.175
2024-05-22,2389.199951171875,2417.60009765625,2375.800048828125,2417.5,180,0.0032500927447537947,0.038334752699646694,66.32803475376842,30.339509052765152,0.019223432316806975,-0.05352358652433433,-0.013420324835978548,0,0,5.33,3.9,313.175
2024-05-23,2335.0,2371.199951171875,2335.0,2371.199951171875,365,-0.01962841442852815,0.013373934519872437,55.46117152084382,24.589662164431502,0.04290678984651784,-0.03135648119421591,-0.022685397739645285,0,0,5.33,3.9,313.175
2024-05-24,2332.5,2345.39990234375,2332.5,2342.60009765625,25,-0.019245069427333974,0.010801823006615134,51.76089168658447,19.605142099048408,0.04401065067025629,-0.030402948282126762,-0.0010706638115631772,0,1,5.33,3.9,313.175
2024-05-28,2355.199951171875,2359.699951171875,2336.89990234375,2336.89990234375,26,-0.010495006824701815,0.01889134960362387,56.13874830082864,17.287293228495855,0.034173294473079506,-0.03955709708156541,0.009732026225884205,0,0,5.33,3.9,313.175
2024-05-29,2340.300048828125,2340.300048828125,2340.300048828125,2340.300048828125,119317,-0.01621354775586996,0.01087460315353224,53.93689194219234,14.085712379661345,0.0400253547028939,-0.030620625721097885,-0.006326385297492965,0,1,5.33,3.9,313.175
2024-05-30,2342.89990234375,2349.5,2320.800048828125,2336.89990234375,32587,-0.013220821352255142,0.010368867762355653,51.67076590241603,11.624226099004318,0.03830991310256423,-0.029299634582792708,0.0011109060639156176,0,0,5.33,3.9,313.175
2024-05-31,2322.89990234375,2354.0,2319.0,2344.10009765625,941,-0.019285839852764,0.0003203536436088857,42.79216687209934,7.967799798215765,0.04657307114150904,-0.019245085240265417,-0.008536429567474357,0,1,5.33,3.9,313.175
2024-06-03,2346.60009765625,2347.5,2312.0,2322.60009765625,781,-0.006528256847161627,0.009099397354261123,51.74709102519731,6.902891071264548,0.03511651098291209,-0.026235664628780565,0.010202848296901212,0,0,5.33,4.1,313.044
2024-06-04,2325.5,2347.699951171875,2313.89990234375,2347.5,890,-0.010922167031904573,-0.0014118902938841551,45.415721286380425,4.3066967733402635,0.044427270633837584,-0.017151424377656193,-0.00899177396153883,0,1,5.33,4.1,313.044
2024-06-05,2354.10009765625,2354.300048828125,2326.199951171875,2326.39990234375,295,0.004128996749397904,0.00931501704709664,44.18684970659631,4.505051517934135,0.031398732761927464,-0.027099935181160772,0.012298472438722952,0,1,5.33,4.1,313.044
2024-06-06,2370.300048828125,2375.800048828125,2355.0,2355.0,179,0.011854722837030056,0.014566845825753181,48.41036449868728,5.901421835609199,0.024149712122371672,-0.031157309084657955,0.006881589779467623,0,0,5.33,4.1,313.044
2024-06-07,2305.199951171875,2385.10009765625,2285.39990234375,2379.89990234375,269,-0.014682331571509555,-0.01426520559737993,34.1715976331361,1.7350213103763963,0.05404553561811289,-0.0059368788459270416,-0.027464918497738466,0,1,5.33,4.1,313.044
2024-06-10,2307.699951171875,2309.300048828125,2290.5,2290.60009765625,69,-0.012567036505827725,-0.013957663101300047,30.207037038455212,-1.3495947285996408,0.053269919758081534,-0.009962702359298019,0.0010845046212710763,0,0,5.33,4.1,313.044
2024-06-11,2307.5,2314.10009765625,2300.0,2300.0,871,-0.01063328045277202,-0.014640958370926199,31.388537647226414,-3.7668872203848878,0.053974686957032135,-0.011729852263776602,-8.664522082846293e-05,0,1,5.33,4.1,313.044
2024-06-12,2336.0,2338.699951171875,2310.300048828125,2314.89990234375,132,0.001771112837105204,-0.0031093051544990066,41.21533312531395,-3.3443455860806353,0.0409723149752841,-0.024388425497410753,0.012351029252437806,0,0,5.33,4.1,313.044
2024-06-13,2300.199951171875,2317.699951171875,2296.199951171875,2309.39990234375,298,-0.01177180307102806,-0.018435608213893014,43.8818511069162,-5.831026598643348,0.05616151793422732,-0.01203923916239408,-0.015325363368204226,0,1,5.33,4.1,313.044
2024-06-14,2331.39990234375,2331.39990234375,2305.800048828125,2307.0,948,0.0012668952924693175,-0.005483231327733412,49.824321732173686,-5.223945513878789,0.04064944965897623,-0.025967218895915873,0.013564016969907167,0,0,5.33,4.1,313.044
2024-06-17,2312.39990234375,2320.199951171875,2309.60009765625,2320.199951171875,110,-0.005432221619118145,-0.01347621493600845,43.08338258490669,-6.204449558420947,0.045079929027245835,-0.018159781512414482,-0.008149610017955,0,1,5.33,4.1,313.044
2024-06-18,2330.39990234375,2330.39990234375,2311.800048828125,2311.800048828125,43,0.0020984260303511227,-0.005785966254739766,48.415977800017345,-5.466047319148856,0.028979456329924613,-0.02215653015816166,0.0077841207231310605,0,1,5.33,4.1,313.044
2024-06-20,2353.800048828125,2354.0,2328.300048828125,2328.89990234375,183,0.012173814303183234,0.004108946370322731,51.635182856125745,-2.9585575566447915,0.011413234461414205,-0.027425697685516347,0.010041257923518065,0,0,5.33,4.1,313.044
2024-06-21,2316.39990234375,2331.199951171875,2316.39990234375,2331.199951171875,76,-0.0015947799258631975,-0.011734304056223575,49.07328381379354,-3.943771763616496,0.023083777076169296,-0.010205969864640181,-0.015889262345370136,0,1,5.33,4.1,313.044
2024-06-24,2330.0,2332.89990234375,2322.699951171875,2323.300048828125,99,0.003194742090996409,-0.005721574516014491,47.56311375528635,-3.5858118932119396,0.016989433254097554,-0.016075289024617863,0.005871221822488115,0,0,5.33,4.1,313.044
2024-06-25,2316.60009765625,2333.0,2316.60009765625,2324.39990234375,105,-0.0029567298624462316,-0.01110548584305231,48.66327847692804,-4.333433128798333,0.02275673792437115,-0.01095505901765242,-0.005751031048819688,0,0,5.33,4.1,313.044
2024-06-26,2299.199951171875,2314.39990234375,2298.0,2307.89990234375,986,-0.01009197077178473,-0.01797476661694205,41.46719435980526,-6.257838282170269,0.029496960115481155,-0.004905769841775269,-0.007511070426863498,0,1,5.33,4.1,313.044
2024-06-27,2324.5,2329.0,2295.0,2296.800048828125,1532,0.0012965958173434514,-0.006606094429091924,43.077392009647525,-5.676011207700412,0.017758196090983294,-0.015882540708105415,0.011003848888927692,0,1,5.33,4.1,313.044
2024-06-28,2327.699951171875,2338.300048828125,2319.0,2325.39990234375,92,0.0014886523777424372,-0.004864323595586746,54.183705339308666,-4.90021313612624,0.015713073343772706,-0.01724245281626239,0.0013766191318025367,0,0,5.33,4.1,313.044
2024-07-01,2327.60009765625,2329.699951171875,2321.699951171875,2323.800048828125,237,0.0016094396083513101,-0.0044413848803698955,53.73360755232072,-4.2445167720525205,0.01584888308999272,-0.017090595514669082,-4.289793260281449e-05,0,0,5.33,4.2,313.569
2024-07-02,2323.0,2334.60009765625,2323.0,2330.699951171875,30,-0.0008258327689641228,-0.005767654539134918,52.860830131001215,-4.049383345176466,0.016828989629551785,-0.01512861270921693,-0.0019763264578318562,0,1,5.33,4.2,313.569
2024-07-03,2359.800048828125,2361.60009765625,2330.89990234375,2330.89990234375,59,0.013720773125749902,0.009744025600490303,54.26217968616786,-0.9147377811905244,0.0030289210506676484,-0.03109067027403309,0.015841605177841167,0,1,5.33,4.2,313.569
2024-07-05,2388.5,2388.5,2354.89990234375,2354.89990234375,72,0.02452248072878958,0.021493056743894026,66.2256409244134,3.8410602644880782,-0.005279400397284251,-0.04503670983795738,0.012162026687865923,0,0,5.33,4.2,313.569
2024-07-08,2355.199951171875,2383.800048828125,2352.800048828125,2381.699951171875,64,0.008560232836727386,0.0069871548304795104,54.33989983305509,4.866925946300398,0.007451964340761521,-0.03084273478419609,-0.013941824922807156,0,1,5.33,4.2,313.569
2024-07-09,2360.10009765625,2363.699951171875,2360.10009765625,2363.10009765625,9,0.009357578817320428,0.008820870290456678,59.16956706202153,6.006098197798565,0.00691276070895707,-0.03208127783479906,0.002080564956676856,0,1,5.33,4.2,313.569
2024-07-10,2372.199951171875,2377.0,2365.800048828125,2366.300048828125,19,0.012125688515925106,0.013668831730081465,58.2218679318674,7.795396986426113,0.004099792341831924,-0.0366223150405195,0.005126839123324123,0,1,5.33,4.2,313.569
2024-07-11,2415.0,2416.699951171875,2378.699951171875,2378.699951171875,72,0.025320965791683664,0.031344331099064704,61.18418763111612,12.522681733190893,-0.00710720552356885,-0.055832763177906454,0.01804234453633713,0,0,5.33,4.2,313.569
2024-07-12,2414.0,2414.0,2391.300048828125,2399.800048828125,355,0.021016698330224726,0.02983888143086954,70.57335946280872,16.00391415036347,-0.0014186393931419807,-0.05748775017357827,-0.00041407867494824835,0,1,5.33,4.2,313.569
2024-07-15,2422.89990234375,2436.0,2422.89990234375,2430.0,540,0.020671192697035646,0.03255205224209616,69.97847362231182,19.258958377559793,-0.0001990834588620793,-0.060773238939380934,0.003686786389291541,0,1,5.33,4.2,313.569
2024-07-16,2462.39990234375,2462.39990234375,2427.39990234375,2427.39990234375,93,0.031453777453676474,0.04792785391714138,78.19020681138869,24.740728545562433,-0.007409769460253784,-0.07934698917226526,0.016302778320222977,0,0,5.33,4.2,313.569
2024-07-17,2454.800048828125,2473.10009765625,2454.800048828125,2472.89990234375,10,0.022624571989340963,0.04331005620216201,81.27014063610065,28.14736097741661,0.001791268680995486,-0.07682390215051826,-0.0030863603870319167,0,0,5.33,4.2,313.569
2024-07-18,2451.800048828125,2466.0,2451.800048828125,2466.0,2,0.01747530128954655,0.040883064739120546,78.10158632293641,30.256291105195032,0.008143201776718376,-0.0758689927667365,-0.001222095462085404,0,0,5.33,4.2,313.569
2024-07-19,2395.5,2419.199951171875,2395.5,2418.800048828125,15,-0.006177419544016302,0.016288622120610642,62.124478603193566,27.07261376482711,0.032879003941419675,-0.053450911636185754,-0.02296274072391602,0,0,5.33,4.2,313.569
2024-07-22,2392.0,2402.10009765625,2392.0,2402.10009765625,18,-0.009142234964945978,0.014129129711848785,61.3780746190371,23.99055757206179,0.03475996874500694,-0.049275016870921604,-0.001461072844917588,0,1,5.33,4.2,313.569
2024-07-23,2404.60009765625,2404.60009765625,2388.699951171875,2395.800048828125,41,-0.005755543675074356,0.018844818577698555,64.02063533612542,22.307580509601394,0.03028650016277697,-0.05210309274929261,0.005267599354619623,0,1,5.33,4.2,313.569
2024-07-24,2413.300048828125,2421.0,2411.60009765625,2421.0,6,-0.003851168373165926,0.02213260735846735,60.17497525161631,21.42880449420909,0.02720416007709721,-0.05214514821483544,0.0036180449216294264,0,0,5.33,4.2,313.569
2024-07-25,2351.89990234375,2365.5,2351.89990234375,2365.5,31,-0.0266604145575152,-0.004006201115669397,43.8091871507411,15.598084483462117,0.05212401912198864,-0.023262161469089514,-0.02544240054782676,0,1,5.33,4.2,313.569
2024-07-26,2380.0,2386.89990234375,2368.699951171875,2368.699951171875,95,-0.013643218666099563,0.007666740389757088,54.26997870496243,13.093703838122565,0.03887763361664605,-0.03163813576672468,0.011947828914082192,0,0,5.33,4.2,313.569
2024-07-29,2377.300048828125,2377.300048828125,2377.300048828125,2377.300048828125,126409,-0.012896726740003701,0.006620780789068365,52.98403089624699,10.766985531474802,0.03908799644878913,-0.027482428609008888,-0.0011344332654936728,0,1,5.33,4.2,313.569
2024-07-30,2405.0,2409.300048828125,2373.800048828125,2380.89990234375,25944,0.000990577140539445,0.01813422393067921,55.39829551618698,11.031040107994613,0.0263548823849519,-0.0346999946997907,0.011651853196036122,0,1,5.33,4.2,313.569
2024-07-31,2426.5,2447.60009765625,2402.800048828125,2407.10009765625,1313,0.011130134381976476,0.027111689149140746,52.0353982300885,12.827310330533237,0.016462643826160892,-0.038189408762154244,0.008939708939708968,0,1,5.33,4.2,313.569
2024-08-01,2435.0,2455.10009765625,2430.39990234375,2446.699951171875,690,0.015382943269554373,0.030700049800524327,53.62068965517242,14.766527053826394,0.014001721386072431,-0.03954586923001486,0.0035029878425716365,0,0,5.33,4.2,314.062
2024-08-02,2425.699951171875,2477.0,2416.0,2444.0,550,0.010232659722338375,0.026728706582201278,50.48210182777502,15.375692647851338,0.01876833738465085,-0.035208914549727084,-0.0038193219006673607,0,0,5.33,4.2,314.062
2024-08-05,2401.699951171875,2449.800048828125,2367.39990234375,2442.0,334,-0.00016654128809163193,0.01646264016747453,38.95963644469628,13.763207655730184,0.028082387209833245,-0.022765281396008877,-0.00989405140087729,0,0,5.33,4.2,314.062
2024-08-06,2389.10009765625,2421.800048828125,2380.0,2414.5,163,-0.004769699587073871,0.01066723391593173,38.263680459427235,11.337902522130207,0.032637052191583915,-0.01553027636214867,-0.005246222996955541,0,1,5.33,4.2,314.062
2024-08-07,2390.5,2401.0,2384.5,2392.199951171875,130,-0.0032398333519608256,0.01076343861781946,38.98669815433931,9.420200937504887,0.03159898246910696,-0.014907913655051475,0.0005859538263479624,0,1,5.33,4.2,314.062
2024-08-08,2422.199951171875,2422.800048828125,2384.300048828125,2384.300048828125,201,0.007026130283904219,0.023587024409164048,55.262112004465166,10.339146502435142,0.018336355498941737,-0.02774099082458504,0.01326080366947302,0,1,5.33,4.2,314.062
2024-08-09,2432.10009765625,2432.10009765625,2418.5,2422.300048828125,611,0.008956647266826415,0.02697388868887647,57.70858950411594,11.731048342630402,0.014891803959961574,-0.031655172568423234,0.004087254018639186,0,1,5.33,4.2,314.062
2024-08-12,2462.39990234375,2469.800048828125,2432.0,2432.699951171875,566,0.017932843595391986,0.0387199528457338,60.40313990726517,15.104961003408334,0.004927857470335829,-0.04449080567869217,0.012458288504120008,0,1,5.33,4.2,314.062
2024-08-13,2466.699951171875,2470.0,2456.5,2461.0,510,0.017116168673238084,0.039273016664743365,59.765896382181126,17.919227399100237,0.0035674393915536137,-0.04637357498496512,0.0017462837064086134,0,0,5.33,4.2,314.062
2024-08-14,2439.39990234375,2472.10009765625,2439.39990234375,2468.0,274,0.005324553253682363,0.02696786836040296,68.28250551943944,17.742147575827858,0.013747722862544755,-0.03528162942695954,-0.011067438021862053,0,1,5.33,4.2,314.062
2024-08-15,2453.10009765625,2467.699951171875,2431.199951171875,2451.800048828125,285,0.01021711060937997,0.03162718931160951,66.25169617559894,18.494113179949636,0.00818577191761585,-0.040716118065636214,0.005616215405820579,0,1,5.33,4.2,314.062
2024-08-16,2498.60009765625,2508.0,2451.39990234375,2453.5,197,0.0258747783472914,0.04948626326688331,72.6559714144746,22.50213052585741,-0.00394287797327984,-0.06028916367973179,0.018547958986048663,0,1,5.33,4.2,314.062
2024-08-19,2501.800048828125,2508.5,2487.199951171875,2508.5,88,0.022984242592995738,0.04967078945518471,69.90132982381114,25.64114728036975,0.00018154975431044666,-0.06250071194348802,0.001280697609383985,0,1,5.33,4.2,314.062
2024-08-20,2511.300048828125,2527.300048828125,2500.699951171875,2503.5,187,0.0217632928704691,0.05183756514534885,68.33911477885312,28.566118842675678,0.0019234729016330255,-0.06732389686421995,0.0037972658943907778,0,0,5.33,4.2,314.062
2024-08-21,2508.39990234375,2515.39990234375,2503.89990234375,2511.0,96,0.015711006779944157,0.0488594875562436,66.26770181092529,30.30087269652404,0.007569484084587784,-0.06694191885113293,-0.0011548387002693339,0,0,5.33,4.2,314.062
2024-08-22,2478.89990234375,2504.10009765625,2471.10009765625,2504.10009765625,210,0.0014664692068836543,0.0350407851008336,60.82179426438498,28.961424887470457,0.019526646366028605,-0.05068151853222356,-0.011760485229024398,0,1,5.33,4.2,314.062
2024-08-23,2508.39990234375,2508.39990234375,2486.5,2486.5,94,0.010270219102078251,0.04585253476063612,71.22959220848614,29.935231591061438,0.010183108401005283,-0.05937375747599796,0.011900440179980043,0,1,5.33,4.2,314.062
2024-08-26,2517.699951171875,2523.10009765625,2509.10009765625,2509.89990234375,290,0.011762424875467683,0.047829660518215245,75.92736429781583,31.098927557758998,0.008872568491670027,-0.059692733419685874,0.003707562266860087,0,0,5.33,4.2,314.062
2024-08-27,2516.0,2523.10009765625,2506.89990234375,2515.199951171875,100,0.009080122718519231,0.04551567157638485,75.2718187521017,31.520642793651405,0.012187864172083078,-0.05727928881996173,-0.0006752000654739465,0,0,5.33,4.2,314.062
2024-08-28,2501.0,2501.0,2501.0,2501.0,2353,0.0005921156404844125,0.03765600316428232,67.01207524495723,30.295255667429046,0.019934943693089693,-0.05032279831686533,-0.0059618441971383,0,1,5.33,4.2,314.062
2024-08-29,2525.699951171875,2525.699951171875,2503.89990234375,2504.10009765625,3966,0.007547519467419281,0.04620845435968942,68.99346547701026,30.960315925068244,0.01303059232854253,-0.05908908458398635,0.009876030056727325,0,0,5.33,4.2,314.062
2024-08-30,2493.800048828125,2525.39990234375,2493.800048828125,2519.5,208,-0.004987402497536239,0.03179800163453621,56.33066846227982,28.583828863887902,0.0267504774853369,-0.045083991116064814,-0.012630123514453473,0,0,5.33,4.2,314.062
2024-09-03,2489.89990234375,2501.800048828125,2476.300048828125,2501.60009765625,206,-0.006071613155080008,0.028707423171115375,54.68495943977889,26.085044365760496,0.027776212640151503,-0.03946336081593575,-0.0015639371272799796,0,1,5.13,4.1,314.732
2024-09-04,2493.39990234375,2493.39990234375,2483.5,2490.89990234375,470,-0.0039627551244570385,0.028764438091626827,62.064327370550004,24.109244039697387,0.024311330617927205,-0.03460644958728432,0.0014056789980614326,0,1,5.13,4.1,314.732
2024-09-05,2511.39990234375,2513.300048828125,2493.39990234375,2493.699951171875,54,0.003107482853465436,0.034528177216225246,62.779434398874876,23.722400547315374,0.014460323670974258,-0.03420224464189081,0.007219058596689809,0,0,5.13,4.1,314.732
2024-09-06,2493.5,2517.89990234375,2483.699951171875,2510.300048828125,96,-0.004622589401467672,0.025513006973282005,48.72815519794265,21.721064854383258,0.019951934069886552,-0.022618887680524356,-0.007127459998324093,0,1,5.13,4.1,314.732
2024-09-09,2501.800048828125,2504.699951171875,2491.300048828125,2491.300048828125,96,-0.0010461192234720385,0.027428224934788088,50.0,20.567645458980678,0.014994594425744995,-0.02150196953544384,0.003328674083868055,0,1,5.13,4.1,314.732
2024-09-10,2512.300048828125,2512.300048828125,2512.300048828125,2512.300048828125,5,0.003362808291553412,0.03017834672199911,50.24201343836339,20.267187010058024,0.011039679706417492,-0.023892498275525722,0.004196978093800263,0,0,5.13,4.1,314.732
2024-09-11,2512.10009765625,2525.800048828125,2502.300048828125,2525.800048828125,90,0.0034392418006308576,0.02854007325716154,50.90735583243731,19.78486947642159,0.01132571085939706,-0.022213103345102476,-7.95888898574848e-05,0,1,5.13,4.1,314.732
2024-09-12,2551.199951171875,2557.0,2523.39990234375,2529.10009765625,132,0.01701805696194169,0.04260063241748648,66.93211510643286,22.30059340457501,-0.00333465061887081,-0.03365575533956913,0.015564608095077315,0,1,5.13,4.1,314.732
2024-09-13,2581.300048828125,2581.800048828125,2565.0,2568.800048828125,31,0.026741520260578074,0.05299530552745421,67.02480064496044,26.418611754998892,-0.009982463429281746,-0.044931773346355834,0.011798407899162866,0,0,5.13,4.1,314.732
2024-09-16,2580.39990234375,2580.39990234375,2580.39990234375,2580.39990234375,28,0.022860124675049175,0.050982643382280125,65.24063346021053,29.272106050680577,-0.0044284760101381765,-0.04663719350609747,-0.00034871826883653423,0,0,5.13,4.1,314.732
2024-09-17,2564.300048828125,2581.800048828125,2564.300048828125,2581.199951171875,22,0.013489233441548478,0.04264931071038655,60.97230371956975,29.88984567652733,0.004583982067020909,-0.040976034410587184,-0.006239286205599992,0,1,5.13,4.1,314.732
2024-09-18,2570.699951171875,2570.699951171875,2549.199951171875,2570.699951171875,25,0.012924051842812919,0.04346447965268901,66.47754884838216,30.543738212215885,0.004992303479103689,-0.04396221749377506,0.0024957696922693895,0,1,5.13,4.1,314.732
2024-09-19,2588.0,2588.0,2566.0,2566.0,99,0.016672162538522262,0.048649563528651664,65.26214932421684,32.088031265358495,0.002317402634206064,-0.05132051080472853,0.006729703643647111,0,1,5.13,4.1,314.732
2024-09-20,2619.89990234375,2621.800048828125,2590.39990234375,2590.39990234375,17,0.024118482661148535,0.059815485437694826,80.89170603103136,35.476993459597,-0.0039233753299081,-0.06345318683374512,0.012326082822160078,0,1,5.13,4.1,314.732
2024-09-23,2626.5,2626.5,2626.5,2626.5,9,0.021718075439032473,0.06066186729544288,83.0271341074692,38.254370564873625,-0.0004265531680580251,-0.06730999135114529,0.002519217490082548,0,1,5.13,4.1,314.732
2024-09-24,2651.199951171875,2662.300048828125,2625.5,2636.800048828125,35,0.025783872766740233,0.06866596594234474,84.60531092091442,41.96479750078288,-0.00232494561296595,-0.07837810978233278,0.009404131418951023,0,1,5.13,4.1,314.732
2024-09-25,2659.199951171875,2664.199951171875,2649.300048828125,2656.300048828125,175,0.023056466294087273,0.07019274922583514,83.8991317319333,45.03177247905069,0.00160482064594366,-0.08269685786233277,0.003017501564325231,0,1,5.13,4.1,314.732
2024-09-26,2669.89990234375,2669.89990234375,2660.800048828125,2662.300048828125,17216,0.022503556796112753,0.07264183303835436,91.84062281396652,47.775047869135506,0.004161898151630937,-0.08661811807297272,0.004023748258253246,0,0,5.13,4.1,314.732
2024-09-27,2644.300048828125,2672.10009765625,2641.699951171875,2670.0,4228,0.010261967173483794,0.060716336009316946,81.2363533612474,47.3377391579088,0.017824914684286534,-0.07723199172471827,-0.009588319582000904,0,0,5.13,4.1,314.732
2024-09-30,2636.10009765625,2662.10009765625,2623.199951171875,2660.89990234375,973,0.004990492746039981,0.0553898940897975,77.41370455466955,45.80152979884497,0.023293949381614297,-0.07126641810714689,-0.0031009911963315595,0,1,5.13,4.1,314.732
2024-10-01,2667.300048828125,2670.89990234375,2631.39990234375,2631.39990234375,153,0.012907733485856512,0.06553227404354768,80.21811074001926,46.56487720589439,0.014794992467168777,-0.0789497984713457,0.011835647363927837,0,0,4.83,4.1,315.631
2024-10-02,2647.10009765625,2657.199951171875,2640.0,2650.60009765625,72,0.0023287444503872403,0.05541795559373656,70.1555872775767,45.020895426129755,0.023918356468001674,-0.06749441746192897,-0.007573182919840549,0,1,4.83,4.1,315.631
2024-10-03,2657.10009765625,2657.10009765625,2640.0,2642.800048828125,354,0.003489643658103729,0.05734943820401118,67.40133190301162,44.095885251942036,0.021957321558553195,-0.06741295790728805,0.003777718873892999,0,0,4.83,4.1,315.631
2024-10-04,2645.800048828125,2667.0,2639.0,2656.0,114,-0.0017544098334642834,0.050395835400542766,64.32960131806291,41.967216573602855,0.02593057445279283,-0.057282177639484004,-0.004252774985064489,0,0,4.83,4.1,315.631
2024-10-07,2644.800048828125,2657.39990234375,2639.0,2648.699951171875,284,-0.0028202076651510127,0.04779579903978879,68.88788070426278,39.74142525497791,0.025275560236110394,-0.05047598068820433,-0.00037795751059988003,0,0,4.83,4.1,315.631
2024-10-08,2615.0,2639.0,2609.300048828125,2639.0,687,-0.012708325623266445,0.03404233644101011,59.36577051996329,35.16746605033586,0.03450956807284393,-0.033278203051333485,-0.011267410873396222,0,0,4.83,4.1,315.631
2024-10-09,2606.0,2607.699951171875,2603.0,2603.0,152,-0.01412608234684153,0.02884801594346153,53.9439139151776,30.465162217065426,0.03429794996549734,-0.02255197538160426,-0.0034416826003823564,0,1,4.83,4.1,315.631
2024-10-10,2620.60009765625,2628.300048828125,2602.5,2602.5,320,-0.006750262674101715,0.03302889637966944,50.1660018105079,27.598519856259827,0.026910530153748044,-0.023724302270665135,0.005602493344685433,0,1,4.83,4.1,315.631
2024-10-11,2657.60009765625,2658.10009765625,2638.199951171875,2638.300048828125,12,0.006765830631128689,0.04577883237535275,56.444285708504154,27.98962889145514,0.013381231949506413,-0.03521302149030062,0.014118903541632033,0,0,4.83,4.1,315.631
2024-10-14,2647.800048828125,2655.300048828125,2647.800048828125,2655.0,40,0.00260894543225903,0.04010441418309821,49.24913785108709,27.19531294252465,0.017023185082729177,-0.028987855045235822,-0.003687555865447112,0,1,4.83,4.1,315.631
2024-10-15,2661.39990234375,2661.39990234375,2661.39990234375,2661.39990234375,39,0.007983826978391118,0.04331800632864868,50.47412790667083,27.347956135434742,0.01075096095777084,-0.029226115836721384,0.005136284184919404,0,1,4.83,4.1,315.631
2024-10-16,2674.0,2674.0,2674.0,2674.0,6,0.011725254698070401,0.04592118199373336,50.876464165902966,28.161026756185493,0.0051159570305416395,-0.02906508411368013,0.004734387209210489,0,1,4.83,4.1,315.631
2024-10-17,2691.0,2691.699951171875,2677.199951171875,2677.39990234375,30,0.01685307405323666,0.05010208430278091,60.36394608318551,29.83324987208789,-0.00023595930823334225,-0.03236900755178603,0.006357516828721099,0,1,4.83,4.1,315.631
2024-10-18,2713.699951171875,2719.60009765625,2713.699951171875,2713.699951171875,29,0.02280648434124882,0.05655653484158941,66.18011628747502,32.614238448148626,-0.004181622099538712,-0.04142395902884123,0.00843550768185608,0,1,4.83,4.1,315.631
2024-10-21,2723.10009765625,2738.39990234375,2719.5,2721.89990234375,52,0.023329429192319895,0.05781941814779389,62.798162003921924,35.1712726538085,-0.003021063790766108,-0.04578365939908691,0.003463959410956896,0,1,4.83,4.1,315.631
2024-10-22,2744.199951171875,2746.0,2728.60009765625,2731.699951171875,93,0.026275808783494684,0.06368709420256485,72.17902890315241,38.457014005314704,-0.004684267275631101,-0.05573401727569036,0.007748467834063577,0,0,4.83,4.1,315.631
2024-10-23,2714.39990234375,2742.5,2714.199951171875,2742.5,18,0.01103252311439584,0.05011973794774974,62.00246288288215,38.21584434279475,0.00869398117274539,-0.04578496421295833,-0.010859284803718228,0,1,4.83,4.1,315.631
2024-10-24,2734.89990234375,2736.10009765625,2729.0,2729.0,27,0.014349741749488686,0.05563696200322107,67.97091586657068,39.22671319019037,0.004701261447996293,-0.05412894274131952,0.007552313858506743,0,1,4.83,4.1,315.631
2024-10-25,2740.89990234375,2742.39990234375,2725.5,2725.5,29,0.013444037427048845,0.05560759869923702,68.9995646209644,40.05030886048371,0.006303062933828517,-0.05647628351478863,0.0021938645706405246,0,1,4.83,4.1,315.631
2024-10-28,2742.89990234375,2742.89990234375,2729.5,2736.10009765625,56,0.010629852689121743,0.05439375437862849,78.40956171841954,40.39870650689045,0.008885861427059286,-0.056587126358409984,0.0007296873549778038,0,1,4.83,4.1,315.631
2024-10-29,2768.39990234375,2768.39990234375,2768.39990234375,2768.39990234375,848,0.016019800698813338,0.062019385125290136,83.60923772779543,42.24547154032143,0.004511584224140401,-0.06654373840277797,0.009296730069591863,0,1,4.83,4.1,315.631
2024-10-30,2788.5,2789.0,2774.60009765625,2774.60009765625,231,0.019114118032830765,0.06745995239177605,83.97406636749325,44.81436394034199,0.0030967553449574095,-0.07402736845180236,0.007260547018237196,0,0,4.83,4.1,315.631
2024-10-31,2738.300048828125,2787.5,2733.5,2787.39990234375,849,-0.0009594945032261659,0.0464011870914545,65.50133231537748,42.31176941450667,0.023319273664644712,-0.05591983444895446,-0.018002492799668257,0,1,4.83,4.1,315.631
2024-11-01,2738.60009765625,2756.0,2734.199951171875,2745.5,109,-0.0017568848730220145,0.04444282329672452,68.10207957542124,39.892797320274894,0.024651785267476068,-0.05407930556513042,0.0001095748540242969,0,0,4.64,4.2,316.528
2024-11-04,2736.10009765625,2737.10009765625,2736.10009765625,2736.5,16,-0.0031405291391772895,0.041680188739775886,65.58200551633104,37.343542291229824,0.02659023686059325,-0.050880358824718384,-0.0009128751591513939,0,1,4.64,4.2,316.528
2024-11-05,2740.300048828125,2743.89990234375,2740.300048828125,2743.0,23,-0.0014684573900754347,0.0415138646215304,64.33204384608483,35.25573411647292,0.024635898603083024,-0.04738162039574511,0.0015350137136695974,0,0,4.64,4.2,316.528
2024-11-06,2667.60009765625,2734.5,2659.39990234375,2734.5,427,-0.026298944151168978,0.01271554624881081,45.92336196101916,27.41878591893328,0.04987600571702636,-0.016426535667632573,-0.026529923685898793,0,1,4.64,4.2,316.528
2024-11-07,2698.39990234375,2699.10009765625,2662.5,2662.5,676,-0.013742725751553362,0.022875158485251474,47.40764886091092,23.423226469504698,0.03533899471802615,-0.022216336125685323,0.01154588527514333,0,0,4.64,4.2,316.528
2024-11-08,2687.5,2694.60009765625,2682.89990234375,2688.5,1038,-0.01580570617040294,0.01749523906878837,43.99862701585023,19.15636316438895,0.03872569271114531,-0.0163257017954475,-0.004039394729551615,0,0,4.64,4.2,316.528
2024-11-11,2611.199951171875,2671.699951171875,2611.199951171875,2671.699951171875,20,-0.0391133225526546,-0.012270230227801745,31.09720383185794,9.508459378771022,0.07166383312042901,0.008429636314074769,-0.028390715843023218,0,0,4.64,4.2,316.528
2024-11-12,2600.0,2605.5,2592.800048828125,2605.5,118,-0.03726881436105357,-0.017325310676382603,32.833132813496036,0.9477584916699016,0.07978429852987277,0.006907999772410956,-0.004289197066983941,0,0,4.64,4.2,316.528
2024-11-13,2580.800048828125,2611.800048828125,2580.800048828125,2611.10009765625,53,-0.036971797015385686,-0.02522596190481998,26.785174418390824,-7.301764046028438,0.09215581382669649,0.006449222595266197,-0.007384596604567362,0,0,4.64,4.2,316.528
2024-11-14,2568.199951171875,2576.199951171875,2554.199951171875,2555.10009765625,27,-0.03555189238115342,-0.03040107335291284,24.490387632122733,-14.686990188642994,0.10150996819162353,0.00260967915911024,-0.00488224481473154,0,0,4.64,4.2,316.528
2024-11-15,2565.699951171875,2565.699951171875,2565.699951171875,2565.699951171875,20,-0.03019377738095494,-0.031872715867233906,23.864295164067656,-20.505193118741317,0.10500832355552413,-0.004606843201389516,-0.0009734444542992549,0,1,4.64,4.2,316.528
2024-11-18,2610.60009765625,2610.699951171875,2589.39990234375,2591.699951171875,136,-0.008518667537007757,-0.015738496284238124,27.985512320794328,-21.24815873623311,0.08542769867066934,-0.025460727699518022,0.017500154865679907,0,1,4.64,4.2,316.528
2024-11-19,2627.10009765625,2627.699951171875,2619.300048828125,2621.89990234375,87,0.002055943590461038,-0.010374253072321362,27.254792673024795,-20.271870730151477,0.07640105596982362,-0.03382947865472538,0.006320385881703361,0,1,4.64,4.2,316.528
2024-11-20,2648.199951171875,2648.199951171875,2638.5,2638.5,27,0.010852080948967308,-0.003447799274060502,36.16822556005474,-17.592775052001798,0.06657716063771468,-0.04277982888957755,0.008031613844653007,0,1,4.64,4.2,316.528
2024-11-21,2672.10009765625,2672.10009765625,2655.699951171875,2659.300048828125,33,0.02100005452524302,0.004631996913586927,40.480956601236294,-13.386716609660652,0.05498864789495586,-0.051643032457952286,0.009025053593026078,0,1,4.64,4.2,316.528
2024-11-22,2709.89990234375,2710.5,2685.60009765625,2687.5,41,0.0345577569089626,0.017859359076389317,46.59383490338471,-6.923447466263497,0.03885551444741711,-0.06459808522603838,0.01414610355377599,0,0,4.64,4.2,316.528
2024-11-25,2616.800048828125,2689.39990234375,2616.800048828125,2689.39990234375,94,-0.0011984876763424773,-0.017378357379362264,36.95880386954266,-9.20750186551777,0.0728253549665469,-0.033147148873910015,-0.034355458456271526,0,1,4.64,4.2,316.528
2024-11-26,2620.300048828125,2625.60009765625,2620.300048828125,2625.60009765625,177858,-0.0006369144920365535,-0.0164777253863186,44.150370981835266,-10.612872100084132,0.06598575090552265,-0.03468401264629389,0.0013375114394267307,0,1,4.64,4.2,316.528
2024-11-27,2639.89990234375,2657.89990234375,2627.199951171875,2633.5,61653,0.004573990227332893,-0.009635450064549285,42.55913786164647,-10.029480156118098,0.049881778595966327,-0.039290380995108704,0.007480003492115639,0,1,4.64,4.2,316.528
2024-11-29,2657.0,2664.300048828125,2620.699951171875,2636.39990234375,3861,0.007676083587210534,-0.0037360848859062383,46.180814560644485,-8.094000271245932,0.03901297870181798,-0.04442132296343809,0.00647755531983174,0,0,4.64,4.2,316.528
2024-12-02,2634.89990234375,2649.800048828125,2621.699951171875,2649.0,695,-0.003321166904786527,-0.012133820092462584,53.43378169107249,-8.248330085918496,0.04269335479807687,-0.035307797168045045,-0.008317688240967236,0,1,4.48,4.1,317.604
2024-12-03,2644.699951171875,2654.699951171875,2636.0,2639.0,1062,-0.0009028930150909957,-0.008594920930741561,56.502757858921214,-7.493475417838454,0.03353562708531467,-0.03704449667275144,0.003719324904679633,0,1,4.48,4.1,317.604
2024-12-04,2653.800048828125,2658.300048828125,2637.0,2639.199951171875,249,0.0015246903488982928,-0.005203006368560838,60.94124379951787,-6.090735617928658,0.023704314816340957,-0.037318792875837795,0.0034408809408483787,0,0,4.48,4.1,317.604
2024-12-05,2626.60009765625,2655.0,2625.699951171875,2652.39990234375,573,-0.007931674854113125,-0.015158412299317843,58.386007276541534,-7.092109536349199,0.03301786415190851,-0.027623133596110766,-0.010249435025779796,0,1,4.48,4.1,317.604
2024-12-06,2638.60009765625,2643.10009765625,2617.5,2620.199951171875,571,-0.0021366748014559895,-0.010426752582810709,60.190125305517086,-6.838575033273173,0.02492670917707474,-0.030918591265651166,0.004568643704349062,0,1,4.48,4.1,317.604
2024-12-09,2664.89990234375,2677.10009765625,2630.800048828125,2632.10009765625,935,0.009527380374561986,-0.0007177502589247227,58.00646818608562,-4.464014293304444,0.013247801730953837,-0.03976654629713217,0.009967332568076914,0,1,4.48,4.1,317.604
2024-12-10,2697.60009765625,2698.199951171875,2661.0,2662.300048828125,437,0.018796558948896876,0.011077811598993112,59.921198811523055,0.05583108964310668,0.004648381175547477,-0.05188673051130146,0.012270703032313035,0,1,4.48,4.1,317.604
2024-12-11,2733.800048828125,2733.800048828125,2693.10009765625,2701.800048828125,3387,0.028061298523715677,0.024135261610750802,61.55509182300063,6.484129633131943,-0.0024514528442639107,-0.06575034315837772,0.013419317119437668,0,0,4.48,4.1,317.604
2024-12-12,2687.5,2725.10009765625,2677.39990234375,2725.10009765625,2365,0.008844037486584152,0.0064856976489717465,51.96027367630716,7.753201467147392,0.015828674921034097,-0.046779365328010775,-0.016936150413770057,0,0,4.48,4.1,317.604
2024-12-13,2656.0,2689.300048828125,2647.89990234375,2688.199951171875,1125,-0.0029431251896980047,-0.005303054819530993,43.02717951568564,6.146312431493698,0.026395788348661468,-0.030687947831318726,-0.011720930232558158,0,0,4.48,4.1,317.604
2024-12-16,2651.39990234375,2663.300048828125,2651.0,2658.300048828125,877,-0.005286124587694549,-0.007067482112523041,55.80533979349653,4.450350981619522,0.02553582115238564,-0.023133235696257887,-0.0017319644790098065,0,0,4.48,4.1,317.604
2024-12-17,2644.39990234375,2652.300048828125,2632.5,2651.800048828125,705,-0.007901115509036147,-0.009685969885054968,53.99665572150987,2.512485447027757,0.02769554523172868,-0.01871422765890234,-0.002640114753648559,0,0,4.48,4.1,317.604
2024-12-18,2636.5,2647.10009765625,2590.199951171875,2644.300048828125,566,-0.010222509350759204,-0.012803413283566233,49.413405985735736,0.3353907762993913,0.030648916420147276,-0.015291438614581184,-0.0029874083480143643,0,0,4.48,4.1,317.604
2024-12-19,2592.199951171875,2610.300048828125,2582.10009765625,2582.10009765625,238,-0.025594968711099557,-0.02929056309993714,39.779179980792236,-4.908039322683635,0.04968733908182359,-0.002048233219331166,-0.016802597696994104,0,1,4.48,4.1,317.604
2024-12-20,2628.699951171875,2631.60009765625,2604.89990234375,2605.300048828125,592,-0.011506796786744622,-0.01568200316855695,49.06458231270466,-6.04852684385105,0.03441392128465907,-0.016857686606139136,0.014080703914641779,0,0,4.48,4.1,317.604
2024-12-23,2612.300048828125,2627.699951171875,2611.10009765625,2620.0,451,-0.01572694517031907,-0.021490993071971977,45.20711503790681,-8.181396435219995,0.03762800140770887,-0.011141804843434529,-0.006238788240719106,0,1,4.48,4.1,317.604
2024-12-24,2620.0,2620.0,2609.5,2613.0,35,-0.009930914590562358,-0.01840233114079627,44.97919436459945,-9.144971703234205,0.034523953502030365,-0.013871287337311855,0.002947575327470142,0,1,4.48,4.1,317.604
2024-12-26,2638.800048828125,2638.800048828125,2627.89990234375,2628.5,84,0.0007661118388101926,-0.011191339534187175,51.858615628721715,-8.295974394697623,0.027082055416067983,-0.020124390054698002,0.007175591155772931,0,0,4.48,4.1,317.604
2024-12-27,2617.199951171875,2617.699951171875,2616.39990234375,2617.699951171875,642,-0.004772326088249628,-0.018867658109726824,46.832424009615295,-9.259349257798931,0.03567174134697567,-0.013017725988280153,-0.008185575737669981,0,0,4.48,4.1,317.604
2024-12-30,2606.10009765625,2626.89990234375,2597.0,2620.699951171875,794,-0.007109178667554728,-0.022406475531731307,40.886579837592805,-10.794068883893488,0.0399950757697952,-0.010679315889271356,-0.0042411178827413964,0,1,4.48,4.1,317.604
2024-12-31,2629.199951171875,2629.199951171875,2604.89990234375,2608.39990234375,401,0.0025395078672964754,-0.013115684500624275,39.07345050532468,-10.030751855981634,0.03083294823798736,-0.019563321321306663,0.008863762959987476,0,1,4.48,4.1,317.604
2025-01-02,2658.89990234375,2663.10009765625,2633.0,2633.0,1728,0.013304133109995913,-0.0014864070222570822,37.78136930739679,-6.94917401292696,0.01971132924525815,-0.030373560141017174,0.011296193413755873,0,0,4.33,4.0,318.961
2025-01-03,2645.0,2658.699951171875,2641.800048828125,2658.699951171875,591,0.007680471891859961,-0.005965706822487841,42.2473439314802,-5.564463650343441,0.02485217945944972,-0.025392824027620865,-0.005227689215189235,0,0,4.33,4.0,318.961
2025-01-06,2638.39990234375,2647.0,2617.300048828125,2645.5,960,0.0033999060803324268,-0.00787939170303898,46.468676093980534,-4.942667439697743,0.027467766262397247,-0.022559423563122127,-0.002495311023156921,0,1,4.33,4.0,318.961
2025-01-07,2656.699951171875,2657.5,2653.0,2653.39990234375,643,0.009284784161260662,-0.0004101317061600687,51.00799842501697,-2.939345516979756,0.020781368040171437,-0.029002071095710697,0.006936040594857751,0,1,4.33,4.0,318.961
2025-01-08,2664.5,2676.89990234375,2653.5,2655.5,999,0.01024463492854563,0.003101351801431239,53.81117178371913,-0.7140683716725107,0.017776585233159788,-0.03184302520196249,0.002935991633034929,0,1,4.33,4.0,318.961
2025-01-09,2683.800048828125,2686.300048828125,2667.89990234375,2669.699951171875,1139,0.015106724144944288,0.010817018254864287,58.59688731630649,2.577124949221343,0.009447251284492626,-0.03830936113867498,0.007243403575952323,0,1,4.33,4.0,318.961
2025-01-10,2708.5,2720.10009765625,2683.699951171875,2686.10009765625,403,0.021755457708024045,0.020580416916305605,72.75932680188853,7.096692744837583,-0.0027098403749724596,-0.045062003473098564,0.009203349997202626,0,0,4.33,4.0,318.961
2025-01-13,2673.5,2711.199951171875,2673.5,2711.10009765625,765,0.006414557246260374,0.008266008002290803,58.81891572622775,7.764767881063108,0.009360033447154973,-0.032098031974366496,-0.012922281705741168,0,1,4.33,4.0,318.961
2025-01-14,2677.5,2688.300048828125,2670.800048828125,2673.60009765625,794,0.005218510490113959,0.010237830931063662,63.493375559447166,8.518789507666497,0.00894687392323704,-0.033835777401295064,0.0014961660744343686,0,1,4.33,4.0,318.961
2025-01-15,2712.5,2712.5,2690.800048828125,2690.800048828125,930,0.015183788433008556,0.023645165903975324,67.19970873804037,11.804489762040248,-0.000132199709860204,-0.04798947007700616,0.013071895424836555,0,1,4.33,4.0,318.961
2025-01-16,2746.39990234375,2749.800048828125,2731.699951171875,2731.699951171875,1721,0.02451613857447775,0.03635776962853186,68.94365246724085,16.94849795728169,-0.005645053891681865,-0.06285547067643622,0.012497659850230436,0,0,4.33,4.0,318.961
2025-01-17,2744.300048828125,2751.60009765625,2725.5,2736.0,1214,0.01995460649030008,0.03553412620680636,74.02652784315897,20.61804885022957,0.0005881322964908371,-0.06368258953131505,-0.0007645840337501264,0,1,4.33,4.0,318.961
2025-01-21,2755.0,2755.0,2724.800048828125,2746.0,1439,0.019513225909362067,0.03888640695452906,78.19010272225057,24.111646949865644,0.0012807377237010345,-0.06598854880582444,0.0038989727732010593,0,1,4.33,4.0,318.961
2025-01-22,2767.60009765625,2768.800048828125,2753.5,2754.5,2079,0.019990007848354134,0.043093407553489844,77.2871108886204,27.579155850080497,0.002369840080951618,-0.07086969320491235,0.0045735381692377786,0,0,4.33,4.0,318.961
2025-01-23,2763.10009765625,2765.0,2745.39990234375,2760.0,2201,0.014644456870534013,0.04080426381780906,72.81091065347195,29.622598369051502,0.007970840598658307,-0.0678674022371175,-0.0016259574509376318,0,1,4.33,4.0,318.961
2025-01-24,2777.300048828125,2792.0,2759.800048828125,2759.800048828125,1593,0.016369216150789755,0.04484565185296834,78.92437190087057,32.01876626663943,0.007250218274169099,-0.0714024847347612,0.005139137443453512,0,0,4.33,4.0,318.961
2025-01-27,2737.5,2762.199951171875,2737.5,2761.10009765625,984,0.000742095674328772,0.02880813057024134,68.91946059723587,30.356286892230855,0.02352080932637285,-0.055922635810391044,-0.014330482169155112,0,1,4.33,4.0,318.961
2025-01-28,2766.800048828125,2766.800048828125,2738.0,2738.0,2307,0.008015164754583094,0.03836799231623229,70.1722493688484,31.045159802932176,0.014870063794675217,-0.06270152452732826,0.010703214183789944,0,1,4.33,4.0,318.961
2025-01-29,2769.10009765625,2769.10009765625,2769.10009765625,2769.10009765625,125692,0.005497561071568722,0.03766645292142402,69.55873894108302,31.414563730050304,0.014941947068764618,-0.05850851429000157,0.0008313028724642457,0,1,4.33,4.0,318.961
2025-01-30,2823.0,2829.5,2770.0,2772.5,40141,0.02097278675428635,0.05582837266462512,73.0463681627433,35.64568934447334,0.0007273523338690157,-0.07478331597239622,0.019464772107505413,0,0,4.33,4.0,318.961
2025-01-31,2812.5,2838.0,2804.0,2829.0,3443,0.014749480594929013,0.0503150373456196,68.0681151109407,37.716848280622344,0.008611968449614586,-0.07001640421350361,-0.0037194473963868546,0,1,4.33,4.0,318.961
2025-02-03,2833.89990234375,2848.39990234375,2780.89990234375,2818.199951171875,2649,0.019175809537968165,0.05667462495885721,79.2487370027477,40.61684423487759,0.00540222685878924,-0.07478004428856438,0.007608854166666568,0,1,4.33,4.2,319.679
2025-02-04,2853.300048828125,2853.300048828125,2816.10009765625,2827.60009765625,2187,0.022537911589371715,0.06228357188730728,80.35223372767348,43.97364085038498,0.003007784567422373,-0.07798064571016626,0.006845741611526401,0,1,4.33,4.2,319.679
2025-02-05,2871.60009765625,2880.5,2848.0,2850.0,4519,0.025274853564745844,0.06751091697302118,79.14990007139036,47.56231855138367,0.002019300475832366,-0.0817762804098134,0.006413643330515084,0,0,4.33,4.2,319.679
2025-02-06,2856.0,2871.699951171875,2836.300048828125,2865.199951171875,3116,0.01633392946413299,0.06055958513883144,71.52397007408601,48.58748766589633,0.010654341004326506,-0.07321735082739649,-0.005432545314712378,0,1,4.33,4.2,319.679
2025-02-07,2867.300048828125,2889.5,2857.800048828125,2859.89990234375,1822,0.01709766379221711,0.0627785640367408,73.31309010611498,49.7384076744861,0.010352452106230935,-0.07415116538902868,0.003956599729735721,0,1,4.33,4.2,319.679
2025-02-10,2914.300048828125,2916.10009765625,2863.800048828125,2864.199951171875,2237,0.027326764405650492,0.07785021927235983,76.54113085548371,53.82259391854359,0.001167929964287964,-0.08913074934906841,0.016391727129920985,0,0,4.33,4.2,319.679
2025-02-11,2912.5,2945.39990234375,2890.0,2925.5,2554,0.021445972982045123,0.07501679231631311,75.04316550405325,56.26549840359803,0.0060077079937737666,-0.08458279852488952,-0.0006176607754746488,0,0,4.33,4.2,319.679
2025-02-12,2909.0,2912.300048828125,2868.60009765625,2902.0,2504,0.015237279041356473,0.07173119948676912,75.30346064538419,57.25905036877111,0.00982872020198645,-0.07813396295615455,-0.001201716738197467,0,1,4.33,4.2,319.679
2025-02-13,2925.89990234375,2937.699951171875,2910.60009765625,2911.300048828125,4670,0.01748135099980851,0.07565103638499328,75.53259945785724,58.73308984048754,0.008145676651400624,-0.08031484602587347,0.005809522978257098,0,0,4.33,4.2,319.679
2025-02-14,2883.60009765625,2944.39990234375,2874.800048828125,2937.300048828125,1992,0.0002983560790921625,0.0582414789062704,74.88928409816866,55.84429771544501,0.024630785405475353,-0.06376247249706087,-0.014457023855674711,0,1,4.33,4.2,319.679
2025-02-18,2931.60009765625,2936.39990234375,2873.800048828125,2879.199951171875,4010,0.013514236083764697,0.0736676348401102,76.39334955203081,56.773656617870984,0.011686487075563997,-0.07653507675460199,0.01664585877875835,0,0,4.33,4.2,319.679
2025-02-19,2919.39990234375,2946.0,2917.10009765625,2938.699951171875,2630,0.006995185668711669,0.06691124073450107,73.33122619042206,55.88155862056465,0.01841208319742369,-0.06954236886220211,-0.004161616491367259,0,1,4.33,4.2,319.679
2025-02-20,2940.0,2955.800048828125,2924.199951171875,2949.10009765625,656,0.011713853638722516,0.07207791193468731,70.25621213837552,56.18910719786845,0.01466020636240349,-0.07358196012250115,0.007056278120620485,0,0,4.33,4.2,319.679
2025-02-21,2937.60009765625,2940.0,2917.300048828125,2938.800048828125,570,0.008057347661602824,0.06907658598180252,72.28357866245473,55.59828715325921,0.01774022567292082,-0.0691359726596009,-0.0008162933142006334,0,1,4.33,4.2,319.679
2025-02-24,2947.89990234375,2957.89990234375,2933.10009765625,2933.10009765625,415,0.008801612980022001,0.07087403405786546,71.14242557607568,55.32343208308657,0.01671592721468214,-0.06913282755372448,0.0035061970129008913,0,0,4.33,4.2,319.679
2025-02-25,2904.5,2943.199951171875,2890.0,2938.699951171875,1854,-0.005716828700533965,0.053801375925289614,58.71934208392754,51.01552285728894,0.02928837298497932,-0.04685420899913845,-0.014722312080286182,0,1,4.33,4.2,319.679
2025-02-26,2916.800048828125,2917.0,2913.0,2913.5,2050,-0.0016531717043620762,0.05650614269239994,57.85813181393352,48.040207297927736,0.02327302747818417,-0.0440561004844159,0.004234824867662246,0,0,4.33,4.2,319.679
2025-02-27,2883.199951171875,2922.800048828125,2870.39990234375,2918.5,3215,-0.012281409646331917,0.042619664813794644,54.4502559243675,42.48130318855101,0.0313096320217105,-0.02506999807007443,-0.011519506683274172,0,0,4.33,4.2,319.679
2025-02-28,2836.800048828125,2877.10009765625,2834.10009765625,2877.10009765625,990,-0.02520152482394302,0.02446689074803459,45.52391748942677,33.940502309754265,0.04762091758714617,-0.008079913658675037,-0.016093196146486743,0,1,4.33,4.2,319.679
2025-03-03,2890.199951171875,2891.800048828125,2863.39990234375,2872.699951171875,423,-0.007077108983140436,0.041901719439597376,46.52836001463017,31.12202656820682,0.026293365267777636,-0.021746928160767346,0.018823992323959926,0,1,4.33,4.2,319.785
2025-03-04,2909.60009765625,2927.89990234375,2886.10009765625,2886.10009765625,885,0.00034384159260472083,0.04683412899267712,49.60242601134013,30.106742141893392,0.018523982568904605,-0.024741387203783716,0.006712389043017186,0,1,4.33,4.2,319.785
2025-03-05,2915.300048828125,2922.0,2893.0,2916.699951171875,551,0.0024448313706719156,0.0464519556080346,50.85855201650763,29.422891563571284,0.016289913122153016,-0.02427882098291502,0.0019590153218878026,0,1,4.33,4.2,319.785
2025-03-06,2916.60009765625,2918.60009765625,2903.800048828125,2904.0,870,0.0036994590745801944,0.04475925488912099,48.67637206690555,28.655515187202127,0.016012984276058767,-0.02334692119459682,0.0004459399740508463,0,0,4.33,4.2,319.785
2025-03-07,2904.699951171875,2927.300048828125,2900.5,2900.89990234375,531,0.0007372600046338451,0.03832139170816755,53.28760422000187,26.77843636722264,0.019292420442174576,-0.016786093773154067,-0.00408014334702167,0,0,4.33,4.2,319.785
2025-03-10,2891.0,2915.10009765625,2880.199951171875,2910.10009765625,55,-0.0020263316930594463,0.03142583970416171,42.91694280841698,23.90974960432868,0.023523526284910477,-0.010707883111592547,-0.0047164772273115,0,1,4.33,4.2,319.785
2025-03-11,2912.89990234375,2916.699951171875,2880.39990234375,2884.39990234375,197,0.005242033373572045,0.03721050016434384,48.903137987746,23.13672797302388,0.01579598225173942,-0.01816125231005202,0.007575199703822255,0,1,4.33,4.2,319.785
2025-03-12,2939.10009765625,2939.10009765625,2910.0,2912.0,213,0.013503756219095355,0.044146119503884564,49.850960146597636,24.357461899659484,0.007786942531343905,-0.027054804767954653,0.008994540214519287,0,1,4.33,4.2,319.785
2025-03-13,2984.300048828125,2988.0,2935.199951171875,2937.10009765625,2366,0.02551503369053342,0.05736254198636588,56.77400025922681,28.641993566435758,-0.0029924322920357855,-0.043752221717190454,0.015378840349098422,0,1,4.33,4.2,319.785
2025-03-14,2994.5,3004.800048828125,2986.0,2994.39990234375,1800,0.02347375436981019,0.05823714146707048,56.76147481866577,32.48608720435686,-0.0020155193060881417,-0.049091498833939345,0.003417870524071498,0,1,4.33,4.2,319.785
2025-03-17,3000.0,3001.5,2989.0,2991.0,214,0.021520013300376756,0.057631014597086194,65.56894998105463,35.56637609783502,0.0004045624941495589,-0.051204554356128786,0.0018367006177992806,0,1,4.33,4.2,319.785
2025-03-18,3035.10009765625,3039.199951171875,3004.39990234375,3006.39990234375,428,0.029074227383107356,0.06707030549385523,67.95143568659036,40.37440081490104,-0.004633778881338942,-0.06529807313973282,0.011700032552083295,0,1,4.33,4.2,319.785
2025-03-19,3035.89990234375,3050.89990234375,3030.89990234375,3035.199951171875,175,0.025153522252064065,0.06437652921602965,75.73305970708057,43.745066698614664,0.0008029257115611583,-0.06740583976592017,0.000263518388773365,0,1,4.33,4.2,319.785
2025-03-20,3040.0,3047.300048828125,3034.39990234375,3047.300048828125,185,0.022278268179907523,0.06295712694970279,89.93707432561469,46.214455831383475,0.004457091422484819,-0.07037813602312222,0.0013505378267197887,0,0,4.33,4.2,319.785
2025-03-21,3018.199951171875,3037.5,3000.89990234375,3034.5,151,0.01108838939126833,0.05273068752607767,78.7252764110937,45.88346671741874,0.014790552510584582,-0.06407154614401639,-0.007171068693462179,0,0,4.33,4.2,319.785
2025-03-24,3013.10009765625,3024.300048828125,3006.0,3024.300048828125,137,0.0052680863304692075,0.04854321757149803,74.82014388489208,44.69443033095922,0.018909340001029697,-0.06272473336227836,-0.0016897003505831343,0,1,4.33,4.2,319.785
2025-03-25,3023.699951171875,3028.800048828125,3023.699951171875,3026.39990234375,74,0.005089079690096841,0.04992862130832604,75.3983017689335,44.09908323932723,0.018244557302639356,-0.06497534415697821,0.003517922794489925,0,0,4.33,4.2,319.785
2025-03-26,3020.89990234375,3033.199951171875,3019.5,3033.199951171875,83,0.0014353743601412685,0.04643175696863921,74.26706656214853,42.906723836638776,0.02166550929526196,-0.06313983779739787,-0.000926033956193284,0,1,4.33,4.2,319.785
2025-03-27,3060.199951171875,3065.0,3025.5,3025.5,124359,0.011917347625417582,0.05724209772919213,82.08834612981883,44.61862023578897,0.012285762140358085,-0.07312815660769525,0.013009384653107636,0,1,4.33,4.2,319.785
2025-03-28,3086.5,3094.89990234375,3066.800048828125,3069.699951171875,31206,0.01751853222336176,0.06357977125235863,88.34838660243088,47.54938489678807,0.006152227607450913,-0.07542810485261123,0.008594225621777918,0,1,4.33,4.2,319.785
2025-03-31,3122.800048828125,3132.5,3086.0,3091.0,3438,0.025334595960506846,0.07330419901079745,88.97142748353886,52.19942509443763,0.0007277064983004913,-0.08499825821247985,0.011760910036651584,0,0,4.33,4.2,319.785
2025-04-01,3118.89990234375,3149.5,3104.0,3129.699951171875,1721,0.021244108507151496,0.06921051055461531,86.39672159665992,54.93663094176918,0.007173524887068853,-0.08233778693797542,-0.0012489260994595908,0,1,4.33,4.2,320.302
2025-04-02,3139.89990234375,3168.60009765625,3117.39990234375,3120.699951171875,5946,0.024631066355864553,0.07357648856112393,84.91916952757484,58.130320640485024,0.006152554207661009,-0.08703724229251879,0.006733143306144385,0,0,4.33,4.2,320.302
2025-04-03,3097.0,3166.89990234375,3052.0,3150.0,5516,0.008755367722883737,0.056528538465168206,70.0587084148728,56.5478309509117,0.02210321925218616,-0.07057917317432867,-0.013662824828182485,0,0,4.33,4.2,320.302
2025-04-04,3012.0,3127.699951171875,3011.0,3110.5,3247,-0.018732684816184567,0.02578912676789135,51.7910447761194,47.88294209496735,0.04912980759149168,-0.03897045314728932,-0.02744591540200192,0,0,4.33,4.2,320.302
2025-04-07,2951.300048828125,3050.800048828125,2949.699951171875,3016.39990234375,4424,-0.03656814271650765,0.003926871123229643,38.380465492272606,35.70637560899331,0.0680916776854792,-0.014545823249144047,-0.020152706232362205,0,1,4.33,4.2,320.302
2025-04-08,2968.39990234375,3014.5,2968.39990234375,2994.0,3213,-0.02923355249240661,0.008159934303734946,41.04536780452162,27.123511256738766,0.059821176603025564,-0.016235345839759625,0.00579400712659317,0,1,4.33,4.2,320.302
2025-04-09,3056.5,3090.39990234375,2965.800048828125,2965.800048828125,2175,-0.0015842604160307488,0.03604269213303057,51.78997651291472,27.117873058670284,0.028345516850712002,-0.0398227062166126,0.029679322380616213,0,1,4.33,4.2,320.302
2025-04-10,3155.199951171875,3167.0,3072.10009765625,3073.89990234375,3456,0.02746795716382823,0.06670631807534261,62.73708160600828,34.67792045499209,0.0016704449363514938,-0.06993551362914596,0.0322918210933667,0,1,4.33,4.2,320.302
2025-04-11,3222.199951171875,3235.0,3182.10009765625,3182.10009765625,862,0.04466965645970119,0.08642509838005151,67.43370606475976,45.5505738799734,-0.008988833364351499,-0.09237667816148505,0.02123478734687345,0,0,4.33,4.2,320.302
2025-04-14,3204.800048828125,3228.800048828125,3194.5,3215.5,263,0.03627347659515214,0.0777073997646467,64.92993385459604,52.16191328374862,0.003269541629201614,-0.08793633287502949,-0.005400007016144959,0,1,4.33,4.2,320.302
2025-04-15,3218.699951171875,3218.699951171875,3214.0,3216.0,390,0.03742022062125865,0.0795876691201732,66.01360878748336,57.85612396331635,0.005966559977821353,-0.09320052409816752,0.004337213595847489,0,1,4.33,4.2,320.302
2025-04-16,3326.60009765625,3334.89990234375,3238.300048828125,3238.300048828125,1874,0.06578415288016547,0.11224718844939129,69.41126241916977,70.26549018152218,-0.012304462776625644,-0.12823248659146058,0.03352289685936416,0,0,4.33,4.2,320.302
2025-04-17,3308.699951171875,3345.0,3287.800048828125,3345.0,824,0.052907919150144186,0.10303823154137341,66.39126107736678,77.75924986163,0.0033910072208498225,-0.125747203727234,-0.005380913232397977,0,1,4.33,4.2,320.302
2025-04-21,3406.199951171875,3418.5,3342.199951171875,3342.199951171875,78,0.07050592007602914,0.13139184030096873,69.17455360918471,90.52206157839146,-0.009631820242720628,-0.1550795735241747,0.029467767231497577,0,0,4.33,4.2,320.302
2025-04-22,3400.800048828125,3485.60009765625,3361.699951171875,3422.199951171875,785,0.05392014536536349,0.12560894391304006,69.03445235827392,99.05906360167046,0.004273902722273465,-0.15467090762052052,-0.0015853157246075167,0,0,4.33,4.2,320.302
2025-04-23,3276.300048828125,3370.300048828125,3256.199951171875,3321.199951171875,331,0.005740437385843901,0.0818091273548601,58.080579735801585,94.68709580108634,0.046208535909075914,-0.11861036977675944,-0.03660903264303972,0,1,4.33,4.2,320.302
2025-04-24,3332.0,3353.89990234375,3304.89990234375,3305.39990234375,560,0.014261144848789221,0.09716134269330495,63.71382198702247,94.6260106285722,0.03418305414555045,-0.1294711767187986,0.017000869988021305,0,0,4.33,4.2,320.302
2025-04-25,3282.39990234375,3355.5,3266.10009765625,3355.5,162,-0.004690934693102656,0.07817770965254904,66.45969895858288,89.5430898327586,0.0528020102609254,-0.11253873942801045,-0.014885983690351101,0,1,4.33,4.2,320.302
2025-04-28,3332.5,3332.5,3284.5,3284.5,1300,0.0071322796095378855,0.09171807830501864,73.5076423418348,88.53689939456808,0.041745728608310224,-0.12327011849484425,0.015263252238240987,0,0,4.33,4.2,320.302
2025-04-29,3318.800048828125,3340.0,3299.89990234375,3340.0,1278,-0.0004517517007123398,0.08413869056782126,71.69928677930677,85.64673244045662,0.04986439700257583,-0.11756360263337609,-0.0041110131048387455,0,0,4.33,4.2,320.302
2025-04-30,3305.0,3318.699951171875,3268.0,3318.699951171875,207,-0.007188497459457722,0.07700329300968006,66.9485722887273,81.30546688680988,0.057099270510810894,-0.1110992764204175,-0.004158144095784855,0,0,4.33,4.2,320.302
2025-05-01,3210.0,3275.0,3198.60009765625,3272.89990234375,2131,-0.032336829765163,0.044068132782956515,53.75651479453733,69.39928485034216,0.08876905466209987,-0.08299335676977115,-0.02874432677760963,0,1,4.33,4.3,320.62
2025-05-02,3231.89990234375,3257.0,3225.0,3239.89990234375,1349,-0.0234742334004712,0.04919892462440684,50.708749852384656,61.02720526685198,0.08160284140448185,-0.08524460772596179,0.006822399484034181,0,1,4.33,4.3,320.62
2025-05-05,3311.300048828125,3315.699951171875,3239.699951171875,3242.699951171875,244,0.003393851346360744,0.07237331373535615,57.13519752058168,60.10633174843451,0.054947559910795675,-0.09742033804349914,0.024567637885936522,0,1,4.33,4.3,320.62
2025-05-06,3411.39990234375,3430.89990234375,3356.800048828125,3365.5,2357,0.03339429699904324,0.10148413603131148,61.57356724686584,66.68505070535457,0.022241916093514728,-0.10866679808457555,0.03022977442079,0,0,4.33,4.3,320.62
2025-05-07,3381.39990234375,3418.699951171875,3364.699951171875,3418.699951171875,1080,0.021055821460923024,0.08844559344242608,53.63104940336646,68.68621170345023,0.02475665731300575,-0.0819903000567207,-0.008794043752944014,0,0,4.33,4.3,320.62
2025-05-08,3296.60009765625,3390.0,3288.699951171875,3390.0,200,-0.0034853173486449128,0.058560935452544434,49.26355099747003,62.706667248784925,0.044010752981052656,-0.043986550726036376,-0.025078312869389552,0,1,4.33,4.3,320.62
2025-05-09,3335.39990234375,3335.5,3299.0,3299.0,216,0.006630567721214409,0.06791848762671428,45.359197062373354,60.40237419243704,0.02994225012835267,-0.04778113927017725,0.011769642522029056,0,0,4.33,4.3,320.62
2025-05-12,3220.0,3300.699951171875,3205.0,3300.699951171875,886,-0.02488658430334383,0.028446448295040217,39.642521777002266,48.70298002465779,0.06691330574069554,-0.013782877023692314,-0.03459852063396052,0,1,4.33,4.3,320.62
2025-05-13,3240.300048828125,3251.39990234375,3223.5,3232.0,2424,-0.016400886359579862,0.03262080254200573,47.6580784350597,40.60114541197845,0.059259224110191557,-0.01789580689795765,0.0063043629901009535,0,0,4.33,4.3,320.62
2025-05-14,3181.39990234375,3233.0,3171.699951171875,3233.0,3518,-0.03064320187482672,0.012097164771321408,40.243577625856766,29.09227589147349,0.08033038134046075,-0.0023457901183194284,-0.01817737419276233,0,1,4.33,4.3,320.62
2025-05-15,3220.699951171875,3228.10009765625,3125.0,3151.0,652,-0.018988503124378144,0.022612596025080093,45.94878719939675,22.878866049544285,0.06701045338777847,-0.017670228901504985,0.012353067842610033,0,0,4.33,4.3,320.62
2025-05-16,3182.0,3228.10009765625,3173.89990234375,3227.699951171875,199,-0.029300949131737627,0.008624984475917639,39.967999041793924,14.662906495295374,0.08106139013912605,-0.010778559900184288,-0.012016006383268829,0,1,4.33,4.3,320.62
2025-05-19,3228.89990234375,3241.0,3228.300048828125,3234.39990234375,266,-0.01251144839684213,0.021391982568736423,44.26144536442676,11.800105248074942,0.06032760992902723,-0.025606757737659254,0.01473912707220304,0,1,4.33,4.3,320.62
2025-05-20,3280.300048828125,3293.199951171875,3207.5,3219.0,356,0.00724662186234749,0.0351019116049399,48.49555600827384,13.522992249739673,0.038472325232441346,-0.039307656353973736,0.015918779782261305,0,1,4.33,4.3,320.62
2025-05-21,3309.300048828125,3317.5,3290.199951171875,3293.39990234375,979,0.018405983330767577,0.041647013156777976,56.577036282178696,17.032114632813773,0.030084677082049458,-0.047441863155004864,0.008840654686561367,0,0,4.33,4.3,320.62
2025-05-22,3292.300048828125,3328.0,3282.699951171875,3327.300048828125,1210,0.01330848419897176,0.03399695166882939,54.02667774305915,18.231203512626053,0.03415083986404066,-0.04247636652607549,-0.0051370379685032885,0,1,4.33,4.3,320.62
2025-05-23,3363.60009765625,3363.60009765625,3323.5,3328.0,47,0.03435553975106272,0.0538789518129544,53.524738706228504,24.650650792071247,0.015106565004576933,-0.06323660581226465,0.021656607165408293,0,0,4.33,4.3,320.62
2025-05-27,3299.10009765625,3341.0,3296.300048828125,3332.5,189,0.012059084429109133,0.03170064631205632,42.05013197354723,24.253914036171864,0.03389299009514537,-0.04487483336235961,-0.0191758824257805,0,0,4.33,4.3,320.62
2025-05-28,3293.60009765625,3293.60009765625,3293.60009765625,3293.60009765625,127758,0.008722521057308263,0.028092786085233107,43.56117410977093,23.227936076009428,0.034915217672500484,-0.043340707862474494,-0.0016671212867737095,0,1,4.33,4.3,320.62
2025-05-29,3317.10009765625,3328.800048828125,3242.39990234375,3283.699951171875,24370,0.011715062459741628,0.033608592225615054,51.651893634165994,24.03404524025791,0.02795017697064664,-0.050120199997336835,0.007135049581982633,0,0,4.33,4.3,320.62
2025-05-30,3288.89990234375,3318.0,3270.89990234375,3315.10009765625,2213,0.0010317631444729278,0.02320812118387234,46.18790209723027,22.14213176577732,0.03666070820077972,-0.039473139397274384,-0.008501460457109866,0,1,4.33,4.3,320.62
2025-06-02,3370.60009765625,3380.800048828125,3296.89990234375,3296.89990234375,976,0.020043170961524973,0.046473176181645516,63.06837200512855,26.924925886018627,0.014513707087240379,-0.061621097813199924,0.024841192416430236,0,0,4.33,4.1,321.435
2025-06-03,3350.199951171875,3390.0,3331.300048828125,3385.10009765625,6410,0.010161285043749038,0.03799966081246177,59.53494302969505,28.737930381630576,0.021999721156155606,-0.05605437289066388,-0.006052378179944973,0,1,4.33,4.1,321.435
2025-06-04,3373.5,3380.0,3344.0,3355.0,207,0.014336300649065251,0.04288971125157773,67.76399618911731,31.68957107095912,0.01252138812697383,-0.06127786670078441,0.006954823344193173,0,0,4.33,4.1,321.435
2025-06-05,3350.699951171875,3400.0,3343.699951171875,3371.5,731,0.00622827805117981,0.03375123923906391,62.399831216239754,31.82216804558584,0.017763186366007534,-0.05415853053492857,-0.0067585738337409,0,0,4.33,4.1,321.435
2025-06-06,3322.699951171875,3364.300048828125,3306.0,3364.300048828125,81,-0.0030903309831202745,0.02320730338709928,63.70007307567778,29.32979054085672,0.026996049862666915,-0.04605882817817073,-0.008356462950437349,0,1,4.33,4.1,321.435
2025-06-09,3332.10009765625,3334.60009765625,3290.0,3315.60009765625,1887,0.0006757281035753604,0.024386585998470225,60.840334410422116,27.792699730595814,0.023975689186293742,-0.04872589584234032,0.002829068715957783,0,0,4.33,4.1,321.435
2025-06-10,3320.89990234375,3344.300048828125,3302.0,3302.0,65,-0.0033403368285256593,0.01947401669434587,54.65807227957229,25.37823750696589,0.027716228910152935,-0.04276630166933975,-0.0033613021770798612,0,1,4.33,4.1,321.435
2025-06-11,3321.300048828125,3356.0,3321.300048828125,3328.0,2106,-0.004048204141740189,0.018355746213185076,51.47347316619261,23.22927465806697,0.028051893403394805,-0.040902306644456675,0.0001204933891842952,0,1,4.33,4.1,321.435
2025-06-12,3380.89990234375,3395.89990234375,3353.39990234375,3363.0,1818,0.011887992298286095,0.03496703632135011,59.84878296338713,26.035297496694056,0.010190949000468096,-0.05217083283490498,0.01794473628983151,0,1,4.33,4.1,321.435
2025-06-13,3431.199951171875,3444.0,3407.300048828125,3407.300048828125,499,0.02258739353795284,0.04849502102107853,57.88242675656425,31.94958939932394,-0.0002603646653937745,-0.06428844798449486,0.014877710160320134,0,0,4.33,4.1,321.435
2025-06-16,3396.39990234375,3442.0,3385.39990234375,3442.0,480,0.011438371440771821,0.03596533201449698,62.18987005709854,33.44312372535978,0.008355126454628032,-0.04676043757004238,-0.010142238669664128,0,0,4.33,4.1,321.435
2025-06-17,3386.60009765625,3398.300048828125,3376.10009765625,3398.300048828125,1477,0.007427979085318023,0.030621033204273652,61.526995212820694,33.450402681223295,0.010567834958746344,-0.0386402861706327,-0.002885350656363417,0,1,4.33,4.1,321.435
2025-06-18,3389.800048828125,3391.89990234375,3365.10009765625,3385.300048828125,0,0.007891172134225646,0.02884894266690989,59.48835730231248,33.33017115686516,0.01067157409394788,-0.03737523420825703,0.0009448860448830754,0,0,4.33,4.1,321.435
2025-06-20,3368.10009765625,3372.89990234375,3341.0,3350.0,709,0.0009212771638187221,0.019788424005050695,60.51514499311532,31.125091422852165,0.01772381312536085,-0.029968152645290794,-0.006401543117381503,0,1,4.33,4.1,321.435
2025-06-23,3377.699951171875,3387.89990234375,3350.0,3365.89990234375,30,0.0021361670885254413,0.020709723158645582,51.16582066061433,29.80856323451235,0.015106316318116264,-0.0304717657896363,0.00285022809218316,0,0,4.33,4.1,321.435
2025-06-24,3317.39990234375,3358.0,3301.0,3358.0,538,-0.015324909075999564,0.001505822729131916,45.23809017462002,23.62713624898788,0.03324285118790636,-0.013926458204944097,-0.017852399472962133,0,1,4.33,4.1,321.435
2025-06-25,3327.10009765625,3331.199951171875,3310.60009765625,3321.60009765625,373,-0.012627395232071606,0.0037984793095358835,42.98671988356834,19.288687538830345,0.029796923993963588,-0.015526295465606575,0.0029240355694371,0,1,4.33,4.1,321.435
2025-06-26,3333.5,3333.5,3332.39990234375,3332.39990234375,2058,-0.011086157333661377,0.004948925315546819,47.26464008299535,16.18033745386265,0.027100299745348583,-0.01549988123111799,0.0019235677184039623,0,0,4.33,4.1,321.435
2025-06-27,3273.699951171875,3318.699951171875,3253.800048828125,3318.699951171875,284,-0.025728032625961666,-0.013406142596267859,42.92316979258637,8.790254860218738,0.047311423993400166,-0.00029120820670335874,-0.017939117692552853,0,1,4.33,4.1,321.435
2025-06-30,3294.39990234375,3306.89990234375,3262.0,3265.89990234375,1242,-0.015559707049342305,-0.006975075751157652,44.72724541083916,4.551408421812994,0.04054590079196513,-0.006220931409589754,0.006323105807074736,0,1,4.33,4.1,321.435
2025-07-01,3336.699951171875,3354.10009765625,3310.10009765625,3310.10009765625,371,-0.0011375688753554856,0.005605604436894186,52.03294580339949,4.552869854686833,0.026747702602255462,-0.019228278067918683,0.012839986061810915,0,1,4.33,4.3,322.169
2025-07-02,3348.0,3357.5,3329.0,3329.0,39,0.003404625551115255,0.009365270823082847,53.34167302736393,5.403558691749367,0.023249568416986492,-0.02257156044114265,0.00338659423786547,0,0,4.33,4.3,322.169
2025-07-03,3331.60009765625,3362.0,3322.300048828125,3362.0,0,0.0002342073544071047,0.004840250009687018,43.08169636372108,4.700219460411063,0.027503162547125416,-0.018234407519181334,-0.0048984176653972256,0,1,4.33,4.3,322.169
2025-07-04,3332.5,3342.0,3332.5,3342.0,0,0.001574873821554928,0.004771043033714082,33.91983364371339,4.167393532106871,0.027027734107053208,-0.018847693491430662,0.0002701111530112321,0,0,4.33,4.3,322.169
2025-07-07,3332.199951171875,3333.300048828125,3299.199951171875,3305.5,254,0.0028560921242449322,0.00467936493045335,38.21585320712813,3.6785101372365716,0.027113737530627735,-0.01846777287365063,-9.003715772692988e-05,0,0,4.33,4.3,322.169
2025-07-08,3307.0,3334.5,3287.60009765625,3330.39990234375,909,-0.004416451706145519,-0.00306646658035709,36.17092569908417,1.2433089778323847,0.03511050967276555,-0.011917290566041069,-0.007562556731630865,0,1,4.33,4.3,322.169
2025-07-09,3311.60009765625,3314.0,3282.0,3289.39990234375,114,-0.0025661414266555087,-0.0015538991944247839,36.47995083418949,-0.31182156453951393,0.03375070201985027,-0.013648697598543117,0.0013910183417751298,0,1,4.33,4.3,322.169
2025-07-10,3317.39990234375,3330.5,3311.60009765625,3323.60009765625,209,-0.00033451248081599154,0.00020318417945701904,40.724436233960674,-1.0640126803341445,0.031964698826080905,-0.015512001717514453,0.0017513602235985637,0,1,4.33,4.3,322.169
2025-07-11,3356.0,3370.0,3330.5,3330.5,776,0.008795400257163945,0.011530118324696833,46.41085880468834,1.4379993659699721,0.019235536812192477,-0.026717661295394313,0.011635648035372315,0,0,4.33,4.3,322.169
2025-07-14,3351.5,3375.5,3350.0,3367.0,583,0.005716514876442312,0.00931284329665349,56.91685550836714,3.0229033980776876,0.015908122368661383,-0.023092966433352513,-0.001340882002383803,0,0,4.33,4.3,322.169
2025-07-15,3329.800048828125,3341.0,3329.800048828125,3341.0,210,-0.0005882659410507406,0.0021869000608641474,50.5222347624467,2.499138048860459,0.019824278965498862,-0.01602227526445667,-0.0064746982461211244,0,1,4.33,4.3,322.169
2025-07-16,3352.5,3352.89990234375,3329.5,3341.199951171875,10,0.006089049062007441,0.008768842228328032,53.457062136853885,3.8711226915452244,0.01113501761631757,-0.021918015379180998,0.006817211495886655,0,0,4.33,4.3,322.169
2025-07-17,3340.10009765625,3340.800048828125,3313.800048828125,3313.800048828125,667,0.0021121995613633923,0.005469135338243824,64.59987825158976,3.912758077149192,0.012239220506923302,-0.017125358632286487,-0.003698703159955241,0,1,4.33,4.3,322.169
2025-07-18,3353.0,3353.0,3338.199951171875,3338.199951171875,602,0.0053641379690597705,0.009525001191240329,63.34248677013385,4.929840596686063,0.00754810282476237,-0.020560332136665888,0.0038621304651325072,0,1,4.33,4.3,322.169
2025-07-21,3401.89990234375,3411.699951171875,3350.300048828125,3350.300048828125,53,0.017899002230209994,0.02359879955099646,64.4120481849688,9.571366511532233,-0.0048440735934641155,-0.036018332251385565,0.014583925542424714,0,1,4.33,4.3,322.169
2025-07-22,3439.199951171875,3441.0,3395.60009765625,3411.0,39,0.025005201076468517,0.034176027083052674,68.0809170104036,16.074316732968782,-0.008704104585250578,-0.049864722492665256,0.010964475704422494,0,0,4.33,4.3,322.169
2025-07-23,3394.10009765625,3433.89990234375,3388.10009765625,3430.300048828125,63,0.009082694669694167,0.01954687514472586,61.12497870609545,17.388328543582247,0.006622421618262559,-0.037420040188054955,-0.013113472364483347,0,0,4.33,4.3,322.169
2025-07-24,3371.0,3371.0,3367.0,3367.0,1175,0.0006203757976071049,0.011813393523014123,56.35104744598453,16.376924553182107,0.014371615500977594,-0.030562658183508687,-0.006805956510299027,0,0,4.33,4.3,322.169
2025-07-25,3334.0,3345.0,3326.5,3344.0,67,-0.00971571940284276,-0.0002081162185907287,50.26486921072352,12.446315448985843,0.024348391825727726,-0.01671491852038885,-0.010975971521803629,0,0,4.33,4.3,322.169
2025-07-28,3309.10009765625,3326.800048828125,3309.10009765625,3326.60009765625,533,-0.01587223724375093,-0.008200875395441946,50.30929317771593,7.238623052761341,0.03164934171360038,-0.008464843827577439,-0.007468477007723462,0,1,4.33,4.3,322.169
2025-07-29,3323.39990234375,3323.39990234375,3323.39990234375,3323.39990234375,113144,-0.01143130452260983,-0.004758527266522932,51.68955198836624,4.216755901984925,0.027225920429973596,-0.013146901552967665,0.00432135754902907,0,0,4.33,4.3,322.169
2025-07-30,3295.800048828125,3331.800048828125,3263.89990234375,3325.800048828125,19252,-0.017984828125556292,-0.013419021477260852,47.08896278197146,-0.400555746189184,0.03617676872670475,-0.006815181117830091,-0.008304704316853595,0,0,4.33,4.3,322.169
2025-07-31,3293.199951171875,3312.0,3272.89990234375,3272.89990234375,3704,-0.01738641373194658,-0.014273475540280743,40.626837890999354,-4.22095806709558,0.0374546561037937,-0.007656859433675672,-0.0007889124393861691,0,1,4.33,4.3,322.169
2025-08-01,3347.699951171875,3360.60009765625,3281.0,3286.199951171875,3420,-0.0009669045318454659,0.0018092678830774716,49.506486226320696,-2.8184703348474613,0.020759312408835474,-0.02355224561077218,0.01654925325156964,0,1,4.33,4.3,323.291
2025-08-04,3374.39990234375,3386.5,3347.39990234375,3367.60009765625,351,0.007828083885867084,0.009303364511578455,55.71794067622072,0.4423747948394521,0.01363272271888748,-0.030977972619369024,0.007975610586763882,0,1,4.33,4.3,323.291
2025-08-05,3381.89990234375,3387.199951171875,3351.199951171875,3378.5,915,0.011799667659458689,0.011435936200172577,53.92208590795334,3.5904172777013628,0.01233316498298158,-0.031860596676087115,0.00222261741851959,0,0,4.33,4.3,323.291
2025-08-06,3380.0,3383.300048828125,3361.300048828125,3380.699951171875,1492,0.011658019095398839,0.01037880384705926,55.47625270579089,5.864356730839063,0.013639247994265483,-0.030029787761739597,-0.0005617855047789222,0,1,4.33,4.3,323.291
2025-08-07,3400.300048828125,3422.89990234375,3384.89990234375,3384.89990234375,5464,0.01684222653494481,0.015799077968865684,56.362673819903165,9.19848006382199,0.00911595442805675,-0.034910768462807495,0.006005931605954196,0,1,4.33,4.3,323.291
2025-08-08,3439.10009765625,3477.0,3402.5,3438.800048828125,7657,0.025222942285770055,0.026641789066547083,55.14383787316556,14.801019560979967,0.0014471046990513013,-0.04709863877899738,0.011410772070393316,0,0,4.33,4.3,323.291
2025-08-11,3353.10009765625,3383.89990234375,3349.199951171875,3383.89990234375,1488,-0.0017237517736390904,0.0005855024802077697,39.5076839223438,12.161402134981017,0.027145948013366526,-0.0226248141337899,-0.025006541699268636,0,0,4.33,4.3,323.291
2025-08-12,3348.89990234375,3356.199951171875,3330.10009765625,3356.199951171875,1611,-0.003730570210105243,-0.0005384217167586101,43.88194270955189,9.6196760112216,0.028403563080968804,-0.020798023598626664,-0.0012526304584333792,0,1,4.33,4.3,323.291
2025-08-13,3358.699951171875,3363.39990234375,3358.699951171875,3358.800048828125,1011,-0.0026813400567280996,0.0023354972597997878,48.27294946814892,8.300439484466096,0.025465957459217172,-0.02353363602980214,0.002926348685807545,0,0,4.33,4.3,323.291
2025-08-14,3335.199951171875,3356.0,3328.89990234375,3346.800048828125,592,-0.010892880193131645,-0.004450018334515637,50.1751242972759,5.297613835476113,0.03270868023678897,-0.016817557060331355,-0.006996754798475169,0,1,4.33,4.3,323.291
2025-08-15,3336.0,3346.800048828125,3335.89990234375,3346.800048828125,1185,-0.010312210155163926,-0.004123809311438708,54.22290460655416,2.948422548790404,0.03242316992333753,-0.0175250957069293,0.00023988031897270723,0,0,4.33,4.3,323.291
2025-08-18,3331.699951171875,3347.800048828125,3331.699951171875,3333.5,646,-0.01033421728964592,-0.005460918139181043,51.34522564986068,0.731263969812062,0.03228849462130926,-0.016896929091237196,-0.0012889834616681695,0,0,4.33,4.3,323.291
2025-08-19,3313.39990234375,3343.5,3313.39990234375,3330.199951171875,1655,-0.013763405610432471,-0.010813193137198458,52.94114767140613,-2.473992532426564,0.03383186893661403,-0.011105915801535601,-0.00549270615491293,0,1,4.33,4.3,323.291
2025-08-20,3343.39990234375,3343.5,3310.10009765625,3310.60009765625,1213,-0.003748555771552268,-0.0019910294143312152,57.68522636805693,-2.56387734150303,0.022968400354185018,-0.019908595465150985,0.009054144046657164,0,0,4.33,4.3,323.291
2025-08-21,3336.89990234375,3349.39990234375,3326.5,3349.39990234375,142,-0.0038034127866165145,-0.004024044127512564,48.0617308725344,-3.123600455833639,0.02426054789977351,-0.018320860710582865,-0.0019441287880170854,0,1,4.33,4.3,323.291
2025-08-22,3374.39990234375,3377.699951171875,3349.39990234375,3349.39990234375,1240,0.00934142043522287,0.00720779067681103,50.0,-0.5350803835190163,0.01370161874736041,-0.02885686698232569,0.011237975695243652,0,0,4.33,4.3,323.291
2025-08-25,3373.800048828125,3378.0,3366.0,3366.0,1044,0.0085375362969835,0.00737393035555921,48.566398846793035,1.4512086278286915,0.014328662734848226,-0.027213292940104272,-0.00017776598298513413,0,1,4.33,4.3,323.291
2025-08-26,3388.60009765625,3396.5,3371.10009765625,3378.89990234375,905,0.011761023399000056,0.011840167292273883,51.45566795596548,4.171510652890447,0.01099334690828919,-0.030632797484547846,0.00438675932596122,0,1,4.33,4.3,323.291
2025-08-27,3404.60009765625,3404.60009765625,3382.0,3397.0,3222,0.015147033943620167,0.01650851596957906,50.73858532792886,7.531616106681213,0.007077627113321406,-0.03282815191597458,0.004721713846100206,0,1,4.33,4.3,323.291
2025-08-28,3431.800048828125,3434.60009765625,3400.0,3409.0,1035,0.020318381599363493,0.024372671246366617,48.694089006868246,12.248143651348528,0.0008972982387976189,-0.038256739351842046,0.007989176523433672,0,1,4.33,4.3,323.291
2025-08-29,3473.699951171875,3475.60009765625,3426.60009765625,3432.5,0,0.028564821247303758,0.03622629548163699,75.61592575806446,19.146291132269198,-0.005265704577312163,-0.05213992611228313,0.012209307578411543,0,1,4.33,4.3,323.291
2025-09-02,3549.39990234375,3559.199951171875,3485.699951171875,3485.699951171875,658,0.04424828709564368,0.0577245463102492,82.66537370471784,30.371373826105355,-0.015099178357528092,-0.07880679111271835,0.02179231143620708,0,1,4.22,4.4,324.245
2025-09-03,3593.199951171875,3593.699951171875,3553.199951171875,3554.800048828125,72,0.04850333869776183,0.06901977609596588,84.39426036613227,42.313862751143006,-0.014692633912427606,-0.09656750665120632,0.012340127918300414,0,0,4.22,4.4,324.245
2025-09-04,3565.800048828125,3573.60009765625,3549.89990234375,3549.89990234375,237,0.03379896146838172,0.05936334225237098,83.4397082772782,49.00255716070342,0.0007382475296626681,-0.09227454165742265,-0.007625487786955487,0,1,4.22,4.4,324.245
2025-09-05,3613.199951171875,3613.199951171875,3567.800048828125,3567.800048828125,925,0.03921651816209359,0.07166435530497642,85.41136857968542,57.465742344781575,-0.0025664893301310335,-0.10811377800291108,0.01329292211977151,0,1,4.22,4.4,324.245
2025-09-08,3638.10009765625,3641.0,3590.0,3594.5,97,0.038501743359826965,0.07672222192878587,87.18450583123118,65.42789920462428,0.00016725134430191422,-0.1183086487646426,0.0068914388411576155,0,1,4.22,4.4,324.245
2025-09-09,3643.300048828125,3670.39990234375,3627.800048828125,3647.10009765625,535,0.03204662344050408,0.0760389596015176,91.35126963638378,71.33525012328755,0.007777980823289526,-0.12063998263700518,0.0014293040412012292,0,1,4.22,4.4,324.245
2025-09-10,3643.60009765625,3655.39990234375,3620.800048828125,3625.0,136,0.024729538354797017,0.0741802582688418,90.65553000115061,75.17451470826381,0.015362008556194264,-0.12029125561864722,8.235633192543723e-05,0,0,4.22,4.4,324.245
2025-09-11,3636.89990234375,3636.89990234375,3618.39990234375,3632.89990234375,307,0.016206069558733105,0.07038163601026057,90.60639947338575,76.791307395687,0.023515397598608774,-0.11730401929857502,-0.001838894261971813,0,1,4.22,4.4,324.245
2025-09-12,3649.39990234375,3656.800048828125,3643.0,3655.5,1300,0.013536384215803268,0.07205509793617766,89.92451770870697,78.18006169613864,0.0255837760984045,-0.11729195907101715,0.00343699313581447,0,1,4.22,4.4,324.245
2025-09-15,3682.199951171875,3686.39990234375,3635.10009765625,3640.0,210,0.016758193699808577,0.07947265309931378,90.94527647006198,80.99370429735563,0.022531502079085323,-0.12183624961379351,0.008987792433232666,0,1,4.22,4.4,324.245
2025-09-16,3688.89990234375,3698.60009765625,3681.39990234375,3681.39990234375,373,0.014699630090143807,0.07917981101890376,90.74624215569878,82.80958900093856,0.025669109154740542,-0.11874288530460526,0.0018195511543968035,0,0,4.22,4.4,324.245
2025-09-17,3681.800048828125,3685.199951171875,3661.60009765625,3669.0,183,0.010284512271467662,0.07474591163476813,88.54283427284966,82.7222215908082,0.030332007932354885,-0.10972255554325745,-0.0019246533393638687,0,0,4.22,4.4,324.245
2025-09-18,3643.699951171875,3667.39990234375,3637.0,3654.60009765625,80,-0.0023027877619840975,0.06156598089862582,78.59647804908907,78.67174393119467,0.041805303424068775,-0.0928715065605692,-0.010348225637178965,0,1,4.22,4.4,324.245
2025-09-19,3671.5,3685.89990234375,3658.199951171875,3659.0,211,0.003707007168468161,0.06746284056669469,77.74971486112966,76.81941639577917,0.03403901553710814,-0.09074880983524918,0.007629620770278844,0,1,4.22,4.4,324.245
2025-09-22,3740.699951171875,3748.199951171875,3688.0,3688.199951171875,410,0.019764455609963538,0.08515477500263485,77.33637735654216,80.01295170914136,0.018071615586998956,-0.1009384349718183,0.01884786903768898,0,1,4.22,4.4,324.245
2025-09-23,3780.60009765625,3786.0,3740.0,3747.0,627,0.02679847735044065,0.09400594614754056,77.08092691521482,84.78609844959874,0.010774287611213126,-0.10311417712476449,0.010666492101799152,0,0,4.22,4.4,324.245
2025-09-24,3732.10009765625,3772.5,3732.10009765625,3769.800048828125,588,0.011195497267830071,0.07746266863083827,72.6504895111406,83.69057411862286,0.02339888582518479,-0.08174410423163825,-0.012828651205417652,0,1,4.22,4.4,324.245
2025-09-25,3736.89990234375,3756.0,3724.699951171875,3742.800048828125,1899,0.009760083567687474,0.07645913923229028,69.06007058630571,82.26140900112159,0.02036947743601286,-0.07231623257842382,0.0012860868041868478,0,1,4.22,4.4,324.245
2025-09-26,3775.300048828125,3775.300048828125,3775.300048828125,3775.300048828125,19308,0.0166775876878337,0.08480085258301019,70.2958361051942,83.26750033515327,0.009274092466896415,-0.07193669255902221,0.010275936601965352,0,1,4.22,4.4,324.245
2025-09-29,3820.89990234375,3827.60009765625,3754.800048828125,3754.800048828125,8860,0.025128489808751358,0.09495930614095877,73.46720200370727,86.74442630083922,-0.0005927479899839481,-0.07610379905167117,0.012078471360118748,0,1,4.22,4.4,324.245
2025-09-30,3840.800048828125,3865.5,3793.39990234375,3827.5,1611,0.026285072484179325,0.0979003201605048,74.77384801580656,90.06744919805533,-0.0005177271949006689,-0.07855697171178702,0.005208235492420998,0,1,4.22,4.4,324.245
2025-10-01,3867.5,3891.89990234375,3853.300048828125,3863.5,1778,0.028316936984844457,0.10283215016477477,77.58374373878588,93.77445812328233,-0.0005702179080904632,-0.08467348083342542,0.006951663932628138,0,0,4.09,4.4,324.245
2025-10-02,3839.699951171875,3888.60009765625,3823.699951171875,3856.199951171875,3418,0.015632426379906653,0.09212944481266226,71.9593846507516,93.39248733911336,0.009603849727716201,-0.07385103573945065,-0.007188118636877849,0,1,4.09,4.4,324.245
2025-10-03,3880.800048828125,3886.800048828125,3853.699951171875,3855.199951171875,392,0.02085214212264412,0.10062769973298424,72.486419127883,95.30756089857778,0.004475465903393196,-0.08232799598421907,0.010703986816393396,0,1,4.09,4.4,324.245
2025-10-06,3948.5,3960.0,3926.800048828125,3931.300048828125,1267,0.03301406477024936,0.11593832171395296,75.8257110242149,101.12241451131604,-0.003646410532588363,-0.09930154809687546,0.01744484392910639,0,1,4.09,4.4,324.245
2025-10-07,3976.60009765625,3981.5,3940.0,3959.39990234375,2903,0.03505810587657196,0.11965558070192424,78.15124679029425,106.76742254502733,-0.0014933978664406215,-0.10647828511248987,0.007116651299544197,0,1,4.09,4.4,324.245
2025-10-08,4043.300048828125,4049.199951171875,3987.199951171875,3987.199951171875,2179,0.04396300667194659,0.13383919769331695,86.18253860179361,115.29422069859675,-0.006324600554574375,-0.12297327642495096,0.016773110077421993,0,0,4.09,4.4,324.245
2025-10-09,3946.300048828125,4046.199951171875,3940.0,4011.199951171875,3130,0.013438734513722473,0.10261535746471405,72.11136015841242,112.9229745716375,0.022157082975689087,-0.09763286889437466,-0.02399030465921359,0,1,4.09,4.4,324.245
2025-10-10,3975.89990234375,4012.0,3945.5,3957.0,1697,0.015807210824585853,0.10666378483838397,70.21312576766023,112.13953102530513,0.019171264617227377,-0.10076280682287249,0.007500659643053353,0,1,4.09,4.4,324.245
2025-10-13,4108.60009765625,4111.0,4016.0,4016.0,1697,0.0420513523931072,0.13877629513858264,74.31069911934226,120.83354917176439,-0.0023760771814859117,-0.13079828091099205,0.033376140891845596,0,1,4.09,4.4,324.245
2025-10-14,4138.7001953125,4160.10009765625,4085.800048828125,4131.7001953125,2424,0.04181406956585948,0.1422794905345967,80.98140632696827,128.66922873861404,0.0014127176327016389,-0.1372960433485001,0.007326120075161535,0,1,4.09,4.4,324.245
2025-10-15,4176.89990234375,4210.60009765625,4145.0,4145.0,3287,0.04330425194220994,0.14778565859102144,81.9025476863643,136.38924800586256,0.0031694316396465405,-0.1442476928304337,0.009229880210824382,0,1,4.09,4.4,324.245
2025-10-16,4280.2001953125,4307.0,4196.60009765625,4198.7998046875,4705,0.05747141218078926,0.17038159542994136,83.45924341346341,149.1238819363325,-0.007389831475971237,-0.16368168469188482,0.024731330743833713,0,0,4.09,4.4,324.245
2025-10-17,4189.89990234375,4358.0,4182.2001953125,4354.7001953125,4060,0.027316448542034286,0.1407637861040625,73.08556583940376,150.1982996001757,0.02047283848911909,-0.13975486727043185,-0.021097212477968474,0,1,4.09,4.4,324.245
2025-10-20,4336.39990234375,4356.60009765625,4214.60009765625,4244.10009765625,1750,0.05321957007726166,0.17490994098172932,76.76601674173982,161.0150279738391,-0.00023461384308212638,-0.16884798511849253,0.03496503577998378,0,0,4.09,4.4,324.245
2025-10-21,4087.699951171875,4332.7001953125,4087.699951171875,4332.7001953125,2943,-0.009856157807810111,0.10313562836735848,59.59225684483592,147.81543127312625,0.062454231720519095,-0.11262911744589851,-0.057351710352510854,0,0,4.09,4.4,324.245
2025-10-22,4044.39990234375,4148.5,4006.0,4109.7001953125,1237,-0.020370618301138427,0.08736855131795007,58.79824020714902,132.3352256179237,0.07279798182703012,-0.09437591722212163,-0.010592765943036375,0,1,4.09,4.4,324.245
2025-10-23,4125.5,4136.7998046875,4070.699951171875,4078.39990234375,354,-0.005045315028825591,0.10461838024800792,60.167865118705286,125.16828908436946,0.051627807207552265,-0.10267858538027376,0.02005244278866991,0,0,4.09,4.4,324.245
2025-10-24,4118.39990234375,4120.60009765625,4074.89990234375,4117.5,123,-0.010159443748974165,0.09811171651161096,57.43413847489009,117.56035906317402,0.05295201650855503,-0.09231191562744584,-0.001721027186098678,0,0,4.09,4.4,324.245
2025-10-27,4001.89990234375,4078.60009765625,3971.300048828125,4060.0,220,-0.035686764846613504,0.06327294109632042,51.02752792811945,100.9665636441382,0.08159055914703223,-0.059351073531618316,-0.028287685208447266,0,0,4.09,4.4,324.245
2025-10-28,3966.199951171875,3966.199951171875,3923.60009765625,3929.699951171875,219,-0.040300042820827706,0.0502467029589617,46.78776518569814,83.96725131472567,0.0893722564933191,-0.04576878465132901,-0.008920750654199727,0,1,4.09,4.4,324.245
2025-10-29,3983.699951171875,3983.699951171875,3983.699951171875,3983.699951171875,1344,-0.03153815824476582,0.05114921621846402,51.66874365465646,71.08782141202619,0.0829979824352155,-0.0454549734634135,0.0044122838524138785,0,1,4.09,4.4,324.245
2025-10-30,4001.300048828125,4027.199951171875,3913.699951171875,3960.0,935,-0.020619035375071964,0.052140292548673,51.14559478016019,61.590978749588885,0.07534581791670902,-0.04272644524577829,0.00441802793181556,0,0,4.09,4.4,324.245
2025-10-31,3982.199951171875,4034.5,3976.60009765625,4034.5,559,-0.020313571544822533,0.04357641920009387,43.648238520553065,51.924886494479324,0.0785674055278583,-0.03365251295568159,-0.004773472977074977,0,1,4.09,4.4,324.245
2025-11-03,4000.300048828125,4020.0,3959.0,3976.199951171875,0,-0.007655342980286482,0.04489199757617013,42.96032332837684,45.203883127647714,0.07311939593101617,-0.03616219502769042,0.004545250835765735,0,0,3.88,4.5,325.063
2025-11-04,3947.699951171875,3995.39990234375,3927.39990234375,3994.199951171875,657,-0.017290824971135745,0.028070423015892108,38.51014171351082,35.22697659555524,0.087831483276053,-0.024465453350721356,-0.013149038075696118,0,1,3.88,4.5,325.063
2025-11-05,3980.300048828125,3983.5,3929.89990234375,3929.89990234375,559,-0.007592078026096381,0.03337552706350529,33.81893567228968,29.60944249774184,0.07901627168667538,-0.0341327514148092,0.008257997836581543,0,0,3.88,4.5,325.063
2025-11-06,3979.89990234375,4007.5,3979.89990234375,4004.0,650,-0.004076398673709819,0.030194227659014312,37.452210567591415,24.8388905078491,0.07869301627257189,-0.03275966097829845,-0.00010053173867952125,0,1,3.88,4.5,325.063
2025-11-07,3999.39990234375,3999.39990234375,3980.800048828125,3980.800048828125,245,0.0037923787307299426,0.03220868853486173,26.260944697290725,22.37376982622027,0.07325551443225076,-0.03670999264925865,0.004899620713705977,0,1,3.88,4.5,325.063
2025-11-10,4111.7998046875,4111.7998046875,4060.0,4060.0,189,0.029164376442815103,0.057734162193297266,52.101117937012226,29.153809709046982,0.043984012530805236,-0.063031554107389,0.02810419190086022,0,0,3.88,4.5,325.063
2025-11-11,4106.7998046875,4140.10009765625,4106.7998046875,4140.10009765625,569,0.02430820651417911,0.0534269778554846,55.82957984327943,33.73470922169963,0.04448694155130729,-0.06189945742686909,-0.0012160125097286922,0,1,3.88,4.5,325.063
2025-11-12,4204.39990234375,4204.39990234375,4102.89990234375,4115.60009765625,396,0.042910537143115185,0.07509117721308448,57.15060762928551,44.72505470166425,0.021311724006931272,-0.08409355214897606,0.023765487069725033,0,0,3.88,4.5,325.063
2025-11-13,4186.89990234375,4228.7001953125,4163.7001953125,4228.7001953125,167,0.03381012281823462,0.06722639993984844,56.09321549503032,51.430025608170126,0.020884268460598997,-0.07779748515175038,-0.004162306252134762,0,0,3.88,4.5,325.063
2025-11-14,4087.60009765625,4197.89990234375,4047.0,4197.7001953125,483,0.006671615525218237,0.039401470691487854,57.86384050984089,48.17575884351663,0.0425211243370766,-0.05473374575486749,-0.02371678497303309,0,0,3.88,4.5,325.063
2025-11-17,4068.300048828125,4099.5,4019.39990234375,4070.0,1552,0.00024343173255535222,0.03223545892850524,59.659413748915576,43.5375031089261,0.03257673759324485,-0.041949251846783386,-0.004721608857772397,0,0,3.88,4.5,325.063
2025-11-18,4061.300048828125,4063.39990234375,4035.60009765625,4037.39990234375,1375,-0.004258716123068805,0.028278237685962184,57.49034985601372,38.84898362331887,0.033796685748754066,-0.04038821804329884,-0.0017206203859069236,0,1,3.88,4.5,325.063
2025-11-19,4077.699951171875,4122.7001953125,4072.0,4086.10009765625,486,-0.002619596742461105,0.030166019072440403,57.39162722846694,36.041173003916356,0.030187366000752877,-0.04397945244846023,0.004038091780114161,0,0,3.88,4.5,325.063
2025-11-20,4056.5,4090.39990234375,4040.199951171875,4045.0,202,-0.00966046644904389,0.02264207930116081,57.15937828612295,31.739431564702954,0.033684672479982164,-0.038797476101484714,-0.005198997333235034,0,1,3.88,4.5,325.063
2025-11-21,4076.699951171875,4085.199951171875,4031.800048828125,4031.800048828125,171,-0.00660363573333094,0.025525043368206584,57.33204437080135,29.618810512765776,0.02727450529540346,-0.043294812439369,0.0049796502334216175,0,1,3.88,4.5,325.063
2025-11-24,4091.89990234375,4091.89990234375,4060.5,4060.5,591,-0.0024160209000724507,0.027231313297574986,64.90901518306765,28.832350687919188,0.024577748048449314,-0.04576836604124216,0.003728493966671742,0,1,3.88,4.5,325.063
2025-11-25,4139.2001953125,4139.2001953125,4139.2001953125,4139.2001953125,132704,0.008319069271385201,0.03676160507543086,65.94422345111823,31.660847407407346,0.01494887963225275,-0.054572585053528654,0.01155949414638835,0,1,3.88,4.5,325.063
2025-11-26,4165.2001953125,4171.0,4127.5,4128.60009765625,25088,0.015622563917245327,0.040753655699785056,67.6847039042935,35.5901727869782,0.011593701595679351,-0.05909692245583369,0.006281406738781081,0,1,3.88,4.5,325.063
2025-11-28,4218.2998046875,4223.89990234375,4140.0,4163.39990234375,3615,0.027783207394642465,0.05100364412484375,69.6322954318731,42.49898432753207,0.0041307429690347125,-0.07106758507186103,0.012748393086785548,0,1,3.88,4.5,325.063
2025-12-01,4239.2998046875,4262.10009765625,4214.89990234375,4218.5,913,0.029096142858560194,0.05325579912416064,63.67733392557083,49.10276562765239,0.004318189868421829,-0.07476606956000756,0.004978309027884764,0,0,3.72,4.4,326.031
2025-12-02,4186.60009765625,4230.5,4167.0,4230.5,366,0.013393000845855724,0.03786296120044212,57.765706416944084,49.51312744573579,0.019119078279454242,-0.0608284031728519,-0.012431229084807538,0,1,3.72,4.4,326.031
2025-12-03,4199.2998046875,4234.10009765625,4195.7001953125,4215.7001953125,1897,0.013082971908234318,0.03885465112849056,49.40544294358396,50.28346587042233,0.01653667774708687,-0.058176879808302724,0.0030334177459079292,0,1,3.72,4.4,326.031
2025-12-04,4211.7998046875,4211.7998046875,4175.0,4211.0,616,0.012821956387015868,0.039479858029855874,52.937009370554456,51.31112741830657,0.014638478551705669,-0.056594346587077723,0.0029766867290701438,0,1,3.72,4.4,326.031
2025-12-05,4212.89990234375,4255.7001953125,4194.5,4204.10009765625,533,0.009290570600196587,0.0373141392456319,69.23550894110028,51.61929023987341,0.014488929533860242,-0.05142546154659706,0.0002611941942316509,0,0,3.72,4.4,326.031
2025-12-08,4187.2001953125,4215.7998046875,4175.5,4205.5,318,0.0004850996790063693,0.028899265189862283,67.90131715819646,49.22235524869484,0.01962942658074785,-0.04003219329002502,-0.006100241550233032,0,1,3.72,4.4,326.031
2025-12-09,4206.7001953125,4219.7001953125,4177.7001953125,4190.7001953125,660,0.0023948137949317584,0.03173471624927731,71.09701397897379,48.339031762743616,0.016498457995199084,-0.043821638719030526,0.004657049840088856,0,0,3.72,4.4,326.031
2025-12-10,4196.39990234375,4234.5,4183.60009765625,4209.0,692,-0.001420643208711999,0.02741635835944288,67.53326558446383,46.27442125330617,0.020065692849390696,-0.04041166462788799,-0.002448544581386547,0,1,3.72,4.4,326.031
2025-12-11,4285.5,4286.89990234375,4214.2998046875,4224.0,528,0.016870740710870306,0.047087803510311686,78.17425321936884,51.237205182839716,0.0024833928173950454,-0.062096044673946374,0.021232508752677903,0,1,3.72,4.4,326.031
2025-12-12,4300.10009765625,4355.0,4260.0,4276.39990234375,1531,0.018358472200896973,0.04829661009725318,77.8693103080695,55.70620659100314,0.0035606948137965303,-0.06712902790015605,0.0034068597961147695,0,1,3.72,4.4,326.031
2025-12-15,4306.7001953125,4349.2001953125,4292.89990234375,4308.2998046875,854,0.01829612690075558,0.04772994118897598,77.3840455663108,59.099235922217304,0.006503840464643742,-0.06795236691359752,0.001534870702160518,0,0,3.72,4.4,326.031
2025-12-16,4304.5,4321.39990234375,4270.5,4270.5,1796,0.014946556464796283,0.04538392129162739,73.81158033930731,60.90858251379814,0.010199968852918274,-0.06517034755362404,-0.0005108772871849077,0,1,3.72,4.4,326.031
2025-12-17,4347.5,4351.39990234375,4308.5,4308.5,2169,0.02151585436620858,0.053928156031215035,75.03433126451702,65.06224628197378,0.004432729360067482,-0.0720578012404585,0.009989545824137469,0,0,3.72,4.4,326.031
2025-12-18,4339.5,4348.10009765625,4328.2001953125,4331.0,705,0.016585834179497314,0.05048018223322295,68.99689581700628,66.93691451878385,0.009419504910005608,-0.06744923071186947,-0.001840138010350767,0,1,3.72,4.4,326.031
2025-12-19,4361.39990234375,4361.39990234375,4350.10009765625,4350.10009765625,1065,0.01817414355574597,0.05366403325299526,69.08410986713068,69.3898586004716,0.006748504089675954,-0.06753857505469708,0.005046641858220902,0,1,3.72,4.4,326.031
2025-12-22,4444.60009765625,4447.60009765625,4371.10009765625,4371.10009765625,449,0.03139961742356686,0.07133803584879936,86.81502745185475,77.15796588483772,-0.005601691484055571,-0.08321173984242781,0.019076488553088078,0,1,3.72,4.4,326.031
2025-12-23,4482.7998046875,4503.7998046875,4450.39990234375,4503.2998046875,694,0.03364149615797007,0.07860004019619894,87.7094580200664,85.41206684363078,-0.006610485385916913,-0.08976892663315712,0.008594633081026481,0,0,3.72,4.4,326.031
2025-12-24,4480.60009765625,4503.39990234375,4468.39990234375,4500.7001953125,500,0.026408161969618586,0.07629995606066205,86.76151821237825,90.73012296733032,0.000564328544460736,-0.08838966365614921,-0.000490699368048908,0,1,3.72,4.4,326.031
2025-12-26,4529.10009765625,4556.2998046875,4502.0,4512.0,263,0.03176087264422032,0.08611253183310967,88.28089531628329,97.73167550906328,-0.001750036208641936,-0.0985171703118655,0.010824442919012078,0,0,3.72,4.4,326.031
2025-12-29,4325.10009765625,4379.0,4325.10009765625,4371.5,2044,-0.01527258245180883,0.036968477831414666,61.6607334702469,85.82996681088662,0.04577936543791893,-0.05397343834875869,-0.04504206036549452,0,1,3.72,4.4,326.031
2025-12-30,4370.10009765625,4403.60009765625,4338.0,4346.39990234375,1837,-0.006461246453080532,0.04685292941018306,63.245770487338966,79.1168905737295,0.03633314492286433,-0.06204426222890983,0.010404383478751278,0,0,3.72,4.4,326.031
2025-12-31,4325.60009765625,4363.7998046875,4285.0,4333.5,785,-0.017049815853893428,0.03624661783057176,59.92321008544546,69.40588337283862,0.04663321421126624,-0.048820230124994625,-0.010182833117224455,0,0,3.72,4.4,326.031
2026-01-02,4314.39990234375,4350.60009765625,4314.39990234375,4350.60009765625,589,-0.018856966702264118,0.03244207528600421,52.521366028547114,60.11313128598158,0.048828218176001074,-0.04316109303830964,-0.0025892812695673673,0,1,3.64,4.3,326.588
2026-01-05,4436.89990234375,4443.5,4384.7998046875,4386.7001953125,618,0.006770929488593861,0.0597657136126148,60.04403852331131,61.91951490698102,0.02198002228810007,-0.06661473356232482,0.028393288237711367,0,1,3.64,4.3,326.588
2026-01-06,4482.2001953125,4482.2001953125,4449.0,4449.7001953125,459,0.014269780023395129,0.06876466309506574,62.192576932940554,66.2428358165871,0.014843918938125684,-0.07323272160875877,0.010209897443217208,0,0,3.64,4.3,326.588
2026-01-07,4449.2998046875,4450.0,4449.2998046875,4450.0,972,0.006717740899371595,0.059248148317836306,59.64816959695996,66.25061635611837,0.02272842579005797,-0.060869159837264666,-0.00734023229471259,0,1,3.64,4.3,326.588
2026-01-08,4449.7001953125,4461.2998046875,4418.0,4460.2001953125,2423,0.007562925099085557,0.057089582271508024,57.21955937460333,65.53365943431345,0.022662946073314143,-0.055519169050064106,8.998958096251286e-05,0,1,3.64,4.3,326.588
2026-01-09,4490.2998046875,4490.2998046875,4473.0,4473.0,237,0.01653278718152705,0.06408486874689355,60.183665932442594,67.46383399632577,0.013327077617430428,-0.05742426019436998,0.009124122433634918,0,1,3.64,4.3,326.588
2026-01-12,4604.2998046875,4620.0,4577.7998046875,4579.10009765625,156,0.04056911511039113,0.08790005450930048,64.58857416679913,77.30127749652002,-0.004339975043963938,-0.08126035650753445,0.02538805980861092,0,0,3.64,4.3,326.588
2026-01-13,4589.2001953125,4617.10009765625,4578.60009765625,4578.60009765625,239,0.031002919507660896,0.08132821695185381,59.458406340247244,82.9232227673674,0.00428401570758812,-0.07728592171951609,-0.0032794583357990126,0,1,3.64,4.3,326.588
2026-01-14,4626.2998046875,4635.0,4608.2001953125,4610.2998046875,1313,0.03338973533950204,0.08677110327236405,59.39997620323969,89.34239975002674,0.0024510037640544367,-0.08399773334659778,0.00808411221913885,0,0,3.64,4.3,326.588
2026-01-15,4616.2998046875,4616.2998046875,4612.89990234375,4612.89990234375,4358,0.024503453195040135,0.08129260971727455,58.79909803174112,92.55580166236723,0.009049012830624693,-0.0796855946099898,-0.0021615546813174014,0,0,3.64,4.3,326.588
2026-01-16,4588.39990234375,4608.0,4588.39990234375,4608.0,352,0.012156725391450306,0.07154131618686539,53.95068652148567,91.79302403734982,0.018274990455377973,-0.07192982634364631,-0.00604378041378939,0,1,3.64,4.3,326.588
2026-01-20,4759.60009765625,4764.0,4661.7998046875,4662.2001953125,175,0.04250084072467314,0.10749106536185814,80.2702996904446,103.80632752943256,-0.0077567336623035965,-0.10708069246484636,0.03731152448701147,0,1,3.64,4.3,326.588
2026-01-21,4831.7998046875,4872.2998046875,4771.5,4863.5,1706,0.050272553263553434,0.11985125816041864,80.99072140958536,117.79500259233828,-0.009810811434506133,-0.12346036586319371,0.01516928009704066,0,1,3.64,4.3,326.588
2026-01-22,4908.7998046875,4908.7998046875,4791.89990234375,4791.89990234375,1175,0.056457888940049626,0.13292161889714005,87.5096334121593,133.55484769755003,-0.01030661903039673,-0.1427898012018433,0.015936090714126827,0,1,3.64,4.3,326.588
2026-01-23,4976.2001953125,4976.2001953125,4936.0,4949.60009765625,169,0.05896429077020494,0.14391304839457153,89.69531042699417,149.75698146006744,-0.007844695667889902,-0.1603519980081998,0.013730523408316264,0,1,3.64,4.3,326.588
2026-01-26,5079.7001953125,5095.60009765625,5052.2001953125,5081.5,180,0.06759902922947308,0.16250547579810368,89.45496046576727,169.00073889269242,-0.009637857313688287,-0.18408822342319076,0.02079900243914934,0,1,3.64,4.3,326.588
2026-01-27,5079.89990234375,5079.89990234375,5079.89990234375,5079.89990234375,34,0.057074827662765566,0.15791117577902655,88.83691268992693,182.16775352310924,0.0056443983178879565,-0.18859875994245462,3.9314727950712225e-05,0,1,3.64,4.3,326.588
2026-01-28,5301.60009765625,5301.60009765625,5301.60009765625,5301.60009765625,112054,0.0870929532774816,0.20233556900356495,94.46941985542625,208.0932904975325,-0.014422252844309957,-0.2260976299998748,0.043642630676681726,0,1,3.64,4.3,326.588
2026-01-29,5318.39990234375,5586.2001953125,5097.5,5415.7001953125,23709,0.07527793457149472,0.19944951016879323,94.56247247872565,227.3740427403418,0.0013767666530547095,-0.22962396234555893,0.0031688177867144063,0,0,3.64,4.3,326.588
2026-01-30,4713.89990234375,5440.5,4700.0,5376.39990234375,8374,-0.04881726755729365,0.060030841764309034,57.266353353214534,191.66666580533092,0.128094158879678,-0.12089839361308119,-0.11366200569716556,0,0,3.64,4.3,326.588
2026-02-02,4622.5,4855.7998046875,4400.0,4807.7001953125,3588,-0.06790153146398963,0.036860418092084804,50.600270680624575,154.21540487662787,0.14710071729003213,-0.09355178670255233,-0.019389444883695095,0,1,3.64,4.4,327.46
2026-02-03,4903.7001953125,4984.60009765625,4674.2998046875,4680.0,1213,-0.014064078631889989,0.09587484287480288,58.82386142574539,145.547732779336,0.08287769169159054,-0.13756913264547802,0.06083292489183334,0,1,3.64,4.4,327.46
2026-02-04,4920.39990234375,5082.2001953125,4897.89990234375,4923.2998046875,3886,-0.01246562622054755,0.09537732900850615,58.34705530353571,138.4303283320496,0.08087065011153713,-0.1332586425842811,0.0034055318159975645,0,0,3.64,4.4,327.46
2026-02-05,4861.39990234375,5012.2998046875,4786.0,5008.7001953125,793,-0.023377961764183396,0.07847480817535445,56.76810452623605,126.56990800061976,0.09314608522679448,-0.11342005265616263,-0.011990895287168901,0,1,3.64,4.4,327.46
2026-02-06,4951.2001953125,4958.5,4655.0,4762.0,1386,-0.0048378930438468465,0.09422464521452609,59.687073428620224,122.998719909393,0.07296419757934286,-0.11901574876376395,0.01847210572523683,0,1,3.64,4.4,327.46
2026-02-09,5050.89990234375,5065.7001953125,4979.10009765625,5017.39990234375,170,0.015789170250838428,0.11177828421972526,58.08672111112678,126.75233869044587,0.053284109408158614,-0.12680563244275864,0.020136472592168664,0,0,3.64,4.4,327.46
2026-02-10,5003.7998046875,5029.0,5002.7001953125,5013.5,281,0.007859325966558896,0.09735965709291222,54.842342342342334,124.491464262107,0.0645213554959245,-0.11192526201930668,-0.009325090294185823,0,1,3.64,4.4,327.46
2026-02-11,5071.60009765625,5111.2998046875,5041.2998046875,5049.89990234375,2681,0.026269910376541247,0.10808144089854257,54.607206983625666,126.70998813185997,0.05195845968362697,-0.11595409176357725,0.013549761304446184,0,0,3.64,4.4,327.46
2026-02-12,4923.7001953125,5078.10009765625,4892.0,5060.39990234375,484,0.004363287002303933,0.07255949482232918,48.57900704945722,115.2058765820866,0.08223516275369833,-0.08203620875469525,-0.029162374693560533,0,1,3.64,4.4,327.46
2026-02-13,5022.0,5043.89990234375,4946.2001953125,4953.0,232,0.018016991298986294,0.09000554862263281,48.433847034686764,112.72137615113024,0.06009179399808021,-0.09096594772169615,0.019964620262842958,0,0,3.64,4.4,327.46
2026-02-17,4882.89990234375,5020.0,4847.7998046875,5020.0,540,-0.01537762590271387,0.05667876748599558,45.02776375567895,98.39395205570872,0.0856967913452007,-0.054444830755295326,-0.027698147681451624,0,1,3.64,4.4,327.46
2026-02-18,4986.5,4987.0,4869.5,4872.2001953125,544,0.0038369884292705644,0.0754921507081078,41.54275285376803,94.3118588930638,0.06279445352861265,-0.06919373353776229,0.021216920217128177,0,0,3.64,4.4,327.46
2026-02-19,4975.89990234375,5014.7001953125,4975.89990234375,5014.7001953125,37,0.0005851433674890339,0.06968527064796831,40.77664770907308,89.19326689968784,0.06519102524315218,-0.06444740190162211,-0.0021257590807680637,0,1,3.64,4.4,327.46
2026-02-20,5059.2998046875,5072.7001953125,5039.5,5039.5,134,0.013323203601794719,0.08355117533094274,62.93051351785118,90.81951020409815,0.049168517385083606,-0.0784313828191168,0.016760767696405443,0,1,3.64,4.4,327.46
2026-02-23,5204.7001953125,5211.60009765625,5120.2998046875,5120.2998046875,779,0.037179231221572025,0.10994676252554712,70.94847257565439,102.65754383770582,0.024839184135548007,-0.10476701379222296,0.028739231956620648,0,0,3.64,4.4,327.46
2026-02-24,5155.7998046875,5159.0,5112.7001953125,5158.7998046875,88,0.025291200115603985,0.0950374385753766,60.891706523463476,106.86158411232554,0.03638596081188735,-0.09662678865689442,-0.009395428898871239,0,1,3.64,4.4,327.46
2026-02-25,5206.39990234375,5206.39990234375,5166.0,5166.0,1772,0.031198983236748648,0.10147562555674569,62.00468933177022,112.97402705661625,0.029577234807519098,-0.10624054366520397,0.00981420915727682,0,0,3.64,4.4,327.46
2026-02-26,5176.5,5199.2001953125,5143.89990234375,5177.2001953125,1520,0.023151109718231824,0.09110385453516281,63.55734473733636,114.09034738661194,0.03084073592992579,-0.09881138189305227,-0.005742913127032345,0,1,3.64,4.4,327.46
2026-02-27,5230.5,5280.0,5176.7001953125,5186.7001953125,354,0.027593059041746536,0.09820914898386897,62.39898832252985,117.97247474046435,0.016378166931175907,-0.10597572721460968,0.010431758910460776,0,1,3.64,4.4,327.46
2026-03-02,5294.39990234375,5405.0,5266.2998046875,5346.60009765625,72,0.034610108664045944,0.10702401600717693,61.164593394843436,124.7670399512117,0.009119540626941652,-0.11080997838772778,0.012216786606203955,0,0,3.64,4.4,327.46
2026-03-03,5107.39990234375,5303.7998046875,5023.0,5298.7001953125,1776,-0.006292154745411465,0.06454065408484377,54.210013965056014,113.75119172657105,0.038800737761551914,-0.061493273245691045,-0.03532033912232768,0,1,3.64,4.4,327.46
2026-03-04,5120.2001953125,5180.2001953125,5117.2001953125,5130.7001953125,679,-0.006386389165856729,0.06374672930066018,52.067383925281476,104.84533752270363,0.03680356078564327,-0.060210934497875596,0.002506224931178025,0,0,3.64,4.4,327.46
2026-03-05,5065.2998046875,5169.5,5054.7001953125,5169.5,1701,-0.01874258238481621,0.049272020902940916,56.540993649284225,92.29347942112508,0.04771716481129493,-0.046840546999425,-0.010722313294558417,0,1,3.64,4.4,327.46
2026-03-06,5146.10009765625,5146.10009765625,5076.10009765625,5121.0,148,-0.004763327983772842,0.06292055728927087,55.82683263339904,87.85323243396306,0.030447137496361906,-0.05545446963776578,0.015951729627923683,0,0,3.64,4.4,327.46
2026-03-09,5091.5,5160.60009765625,5077.7001953125,5155.0,639,-0.01316235023997979,0.049005225008554,60.63849973827896,79.01766666307867,0.041164015139448555,-0.04223640217543984,-0.010609995262454652,0,1,3.64,4.4,327.46
2026-03-10,5229.7001953125,5229.7001953125,5137.60009765625,5138.2001953125,4300,0.012173917185201636,0.07416303071426868,61.9802821346172,82.21924562349068,0.01692487310697716,-0.06740203433287037,0.02714331637287626,0,0,3.64,4.4,327.46
2026-03-11,5167.39990234375,5191.2998046875,5167.39990234375,5190.7998046875,633,0.0008715842537624908,0.058591033398294516,58.97626391211962,78.82080980723458,0.030275803536740472,-0.05408271349990266,-0.011912784794927855,0,0,3.64,4.4,327.46
2026-03-12,5115.7998046875,5137.2001953125,5115.7998046875,5137.2001953125,410,-0.007956472471780185,0.04463601038200788,52.7297261592466,71.14372769021429,0.04098849289445233,-0.043998708069216325,-0.009985698539191068,0,0,3.64,4.4,327.46
2026-03-13,5052.5,5117.0,5009.5,5089.60009765625,479,-0.016837804176588488,0.02884304164355649,42.01301875943583,59.268607963173054,0.052147156405998235,-0.027589030400926563,-0.012373393624492413,0,0,3.64,4.4,327.46
2026-03-16,4994.0,5010.60009765625,4994.0,5001.60009765625,130,-0.022507382174201486,0.014169953631355793,41.59395392587918,44.62264683271951,0.06480723825491641,-0.017093996036128788,-0.011578426521523966,0,1,3.64,4.4,327.46
2026-03-17,5001.0,5017.60009765625,4994.2001953125,5017.60009765625,239,-0.019094412898290693,0.012767230760406137,38.82239777223316,33.197775327860654,0.06001884993050438,-0.012810303358568838,0.0014016820184221679,0,0,3.64,4.4,327.46
2026-03-18,4889.89990234375,4949.60009765625,4821.7001953125,4949.60009765625,1461,-0.03653367067095232,-0.011545560897589457,35.67001610837484,15.005657095603055,0.08698855578765091,0.004757724486531108,-0.02221557641596683,0,0,3.64,4.4,327.46
2026-03-19,4600.7001953125,4830.2998046875,4554.0,4830.2998046875,627,-0.08514053157607784,-0.07045031098830833,24.50618494267286,-22.488493728124922,0.172900997114391,0.04217704064183554,-0.059142255016843004,0,0,3.64,4.4,327.46
2026-03-20,4570.39990234375,4686.89990234375,4570.39990234375,4686.89990234375,235,-0.0806410586946518,-0.07702400372281956,19.87354117226357,-54.02509117752106,0.1930428647581035,0.02602334113389904,-0.006586017710874081,0,0,3.64,4.4,327.46
2026-03-23,4404.10009765625,4480.39990234375,4100.7998046875,4353.0,544,-0.1016715591567144,-0.11044382299583297,20.221907424727704,-91.38366230322936,0.25095034385416465,0.03372978098955068,-0.036386269963426976,0,0,3.64,4.4,327.46
2026-03-24,4399.2998046875,4399.2998046875,4325.2001953125,4338.7001953125,378,-0.08718939470108703,-0.1110866300049934,19.268499006287,-119.99471818209531,0.2602149704064086,0.00976216329495507,-0.0010899600059736114,0,1,3.64,4.4,327.46
2026-03-25,4549.7998046875,4551.89990234375,4541.7998046875,4549.0,388,-0.04370766614860776,-0.08047439377579449,29.68074090896843,-129.03762842129618,0.21663628040754188,-0.03617771584587122,0.03420998947142473,0,0,3.64,4.4,327.46
2026-03-26,4375.5,4443.10009765625,4375.5,4441.5,1070,-0.06580666065244176,-0.1149363020740365,21.710726086864554,-148.55627324564193,0.2665320769940596,-0.01752054661538853,-0.03830933495313904,0,1,3.64,4.4,327.46
2026-03-27,4492.0,4492.0,4492.0,4492.0,74348,-0.029317123209309418,-0.09087707263479915,28.948667900257462,-152.8622625154776,0.22770540334456385,-0.05346231537219631,0.026625528511027285,0,1,3.64,4.4,327.46
2026-03-30,4526.0,4579.10009765625,4413.39990234375,4482.7998046875,10816,-0.011978067715094423,-0.08366097928473591,23.338634115081476,-151.78163003440295,0.2073622239703197,-0.06642984196910459,0.0075690115761353205,0,1,3.64,4.4,327.46
2026-03-31,4647.60009765625,4684.10009765625,4508.60009765625,4510.0,4264,0.02245505312385466,-0.05926719508056419,31.153016508792604,-139.50498277853876,0.16933649240403917,-0.09431287207747832,0.026867012297006276,0,1,3.64,4.4,327.46
2026-04-01,4783.2001953125,4789.10009765625,4668.0,4668.39990234375,1637,0.05476248109359159,-0.031912517426450036,38.632959351503764,-117.47962477041438,0.129273630760787,-0.12012084851122645,0.029176369482527553,0,0,3.64,4.4,327.46
2026-04-02,4651.5,4784.39990234375,4558.89990234375,4764.89990234375,0,0.024573014182036772,-0.057880162680916926,36.907408328518756,-109.39048949244898,0.1547846989960473,-0.09764184185319032,-0.02753390824861668,0,1,3.64,4.4,327.46
2026-04-06,4656.7998046875,4689.60009765625,4605.0,4656.10009765625,148,0.023792002049746772,-0.05584293232315118,38.59423113385485,-101.38345618572475,0.14324772231535027,-0.09895327763673331,0.0011393754030957215,0,1,3.64,4.4,327.46
2026-04-07,4657.10009765625,4676.2998046875,4608.0,4624.89990234375,327,0.018194643834745228,-0.05455870568161252,38.31465211590131,-93.93081747570432,0.1340681676038482,-0.09923323132281464,6.44848353685834e-05,0,1,3.64,4.4,327.46
2026-04-08,4749.5,4851.0,4738.7998046875,4760.0,327,0.030506194536657417,-0.03450611210059063,45.16795587723735,-79.65048647632102,0.0961170544913587,-0.11097967983349982,0.019840651995058467,0,0,3.64,4.4,327.46
