Date,Close,High,Low,Open,Volume,MA10_Dist,MA50_Dist,RSI,MACD,BB_Upper_Dist,BB_Lower_Dist,Daily_Return,Sentiment,Target,FEDFUNDS,UNRATE,CPIAUCSL
2020-03-13,60.2158203125,60.2222672728443,55.15861501655473,58.26791891565671,79400000,-0.04716951588761065,-0.14122003242486814,36.62549957583845,-3.371444083758213,0.31328051709511645,-0.07669729897507266,0.09241148767937957,0.0,0,0.65,4.4,258.076
2020-03-16,53.2102165222168,56.80401064985068,52.91664149959942,54.03390642715951,96520000,-0.13680066821009929,-0.2379446829357819,32.12295428847463,-3.92225241394501,0.48347678930343135,0.00603219785304234,-0.11634158189536337,0.0,1,0.65,4.4,258.076
2020-03-17,55.44474792480469,55.83849297321683,52.02501404698684,54.08498798539528,83194000,-0.08437100310240218,-0.20318712169438738,35.150402171663245,-4.130846151475289,0.4077484026253743,-0.054471188150691054,0.041994405372413945,0.0,0,0.65,4.4,258.076
2020-03-18,54.11226272583008,54.79660524805218,51.424970078900834,52.56257095894629,93044000,-0.0846052103557151,-0.21892303653816308,37.11920005165025,-4.353494239185309,0.4214641871578388,-0.0499825765642662,-0.02403266763484524,0.0,1,0.65,4.4,258.076
2020-03-19,55.127872467041016,57.15809373620562,52.34487397039444,53.964983044434405,74064000,-0.05126075824568648,-0.20102129086067136,36.841458234649195,-4.39730385288788,0.3677290683382643,-0.07639722814322782,0.01876856908306923,0.0,0,0.65,4.4,258.076
2020-03-20,52.972679138183594,56.45737823212612,52.66968337475193,56.08148339433845,82878000,-0.07029800198564937,-0.22852163279737736,31.529930474515538,-4.553440153641915,0.3997181885181381,-0.054036967876751295,-0.039094440478288583,0.0,0,0.65,4.4,258.076
2020-03-23,52.27445602416992,52.90821796189328,50.03000577141187,52.38553745507887,83672000,-0.06945966039771424,-0.23464798104870954,32.84662770453237,-4.679576818272039,0.40307757265759897,-0.06076035073477446,-0.013180815570839832,0.0,1,0.65,4.4,258.076
2020-03-24,56.037353515625,56.20199314271335,53.87621437902263,54.7465237525493,72468000,0.010472164290324496,-0.17597815246598603,35.34933766231438,-4.4248991708061,0.29157491174927536,-0.1292259411398969,0.07198348443291769,0.0,0,0.65,4.4,258.076
2020-03-25,54.62948989868164,56.83872770368654,53.70661738665387,55.768078303487016,90324000,-0.005193367196750711,-0.19269616880759766,37.006507417225116,-4.287247408806259,0.30430140353371127,-0.11244671364328393,-0.02512366356756668,0.0,1,0.65,4.4,258.076
2020-03-26,57.66936111450195,58.093854072789966,54.153917901971255,55.279116700352446,76562000,0.045313778536714755,-0.14441697100352788,42.299918540969124,-3.8880462172730645,0.2247164582726455,-0.16147209870602683,0.05564524255046499,0.0,0,0.65,4.4,258.076
2020-03-27,55.05794906616211,57.08073204784074,54.74751506360393,55.911395704558494,62794000,0.007397681746793067,-0.17918703904161443,43.68212043745029,-3.7392913022098,0.26644946712818357,-0.12596979507411307,-0.04528248619149622,0.0,1,0.65,4.4,258.076
2020-03-30,56.845672607421875,57.07825124528936,54.47427322697181,56.16777698755777,58736000,0.03323485520964541,-0.14871076394912863,42.06370435602761,-3.4375219973479503,0.1983030465645535,-0.146076335235577,0.03246985351945253,0.0,1,0.65,4.4,258.076
2020-03-31,57.62125778198242,58.18906316864204,56.370097362055304,56.96567688694709,65228000,0.043205023229873206,-0.1330066222135582,46.793144331107435,-3.1000489725214635,0.16152368505400244,-0.15204720937865465,0.013643697734333493,0.0,0,0.65,4.4,258.076
2020-04-01,54.65328598022461,56.00808955487203,54.22631489814813,55.7393111206098,51970000,-0.011496907065586431,-0.17297222079445868,49.347101822991625,-3.037080119905653,0.18604434880868947,-0.09280301360113656,-0.051508278645834515,0.0,1,0.05,14.8,256.032
2020-04-02,55.39366912841797,55.67831525812242,54.20846522221107,54.54914768908642,56410000,0.0014128350690394095,-0.15712802043790003,42.35437298380366,-2.8940730455512806,0.14389945539658372,-0.09633747704202442,0.013546910033209292,0.0,0,0.05,14.8,256.032
2020-04-03,54.187137603759766,55.4809447712396,53.31336271403317,55.27861844766066,51374000,-0.022544987938834086,-0.17058009349155936,51.89794522050475,-2.8452971055534846,0.14259399034380588,-0.06802249766944626,-0.02178103641882123,0.0,1,0.05,14.8,256.032
2020-04-06,58.67455291748047,59.04945270981069,55.7889027932641,56.18562539316482,63320000,0.046321686404890476,-0.09801822740447753,55.76974133973869,-2.416686847132432,0.050400025867128426,-0.1372465244002061,0.08281329319394315,0.0,0,0.05,14.8,256.032
2020-04-07,58.643314361572266,60.538652600864694,58.37999159575854,60.3516945343309,61620000,0.04092731288544355,-0.09506058151571263,58.48895624091098,-2.0558324628336067,0.03089739460865522,-0.12455609854483743,-0.0005324038165597234,0.0,1,0.05,14.8,256.032
2020-04-08,59.85530090332031,60.2470634858253,58.712247959352936,59.66189964889005,40334000,0.05267574477238922,-0.0729031010882978,58.79217436623783,-1.6530008141086512,0.009253323923958404,-0.1418358944491379,0.02066708805500661,0.0,0,0.05,14.8,256.032
2020-04-09,59.83396911621094,60.59864892090374,59.132268239290795,60.40971213758575,54028000,0.04830977389552329,-0.069658671127451,63.86094832786647,-1.3202560374227943,0.01877037240509812,-0.14281197337253748,-0.00035638927191816716,0.0,1,0.05,14.8,256.032
2020-04-13,60.02439880371094,60.228215813461446,58.63190840184953,59.582551251526766,38702000,0.042574331503663215,-0.06317497128847735,65.98411376881708,-1.0293219377410239,0.01482109681526859,-0.14513315329864737,0.0031826350535117953,0.0,1,0.05,14.8,256.032
2020-04-14,62.7429313659668,63.26461680088407,60.923466061815894,61.49028400054519,63358000,0.07874337642703672,-0.01819935092844106,64.45275006663883,-0.5727889551010961,-0.011400132225149512,-0.184728678136772,0.045290458820685275,0.0,0,0.05,14.8,256.032
2020-04-15,62.34968948364258,63.232889067237245,61.194238224724224,61.81461065144641,42236000,0.0633378061848388,-0.020929387026267402,67.4006484948701,-0.23994863219139262,0.009088875882436372,-0.1827660610709119,-0.006267508925117293,0.0,1,0.05,14.8,256.032
2020-04-16,62.35612869262695,63.14610078349134,61.4025120129918,62.83764929137025,57896000,0.049658519852792765,-0.01795319912094437,62.23684871026885,0.024071827012306812,0.02055210065539381,-0.1811972625377421,0.00010327571857549067,0.0,1,0.05,14.8,256.032
2020-04-17,63.425785064697266,63.971275807142504,62.78111177962652,63.55967676795776,51050000,0.05342136714032513,0.0015060554747490015,73.76083037222642,0.3159798537671108,0.01715510769636167,-0.1957375542676544,0.017153989423284832,0.0,0,0.05,14.8,256.032
2020-04-20,62.54059982299805,63.3176779307609,62.307029946262375,62.97401789004605,35292000,0.02450554392361815,-0.009137691249564948,67.04462913408105,0.4704687460033625,0.03802598912324743,-0.17552977618344764,-0.013956236265680988,0.0,0,0.05,14.8,256.032
2020-04-21,60.111183166503906,61.98767228700058,59.756116084668555,61.62616202853529,49648000,-0.017603796512272778,-0.04361637354014743,56.78093108501505,0.3923459653740764,0.07685591564151828,-0.12604914621337657,-0.038845432620887244,0.0,1,0.05,14.8,256.032
2020-04-22,62.404727935791016,63.469426000735105,61.35292000771885,61.546816874331455,46296000,0.01364839948514493,-0.00318920592452738,71.91488801804273,0.5096283158170678,0.04388047436307831,-0.1545678472352391,0.038155042846755194,0.0,1,0.05,14.8,256.032
2020-04-23,63.03749465942383,63.87953802477549,62.50985788688982,62.76822057097703,34202000,0.018661177029141014,0.01074342844204,71.74294194765373,0.6461855846782427,0.03857349007276997,-0.15488757268058717,0.01013972409724917,0.0,1,0.05,14.8,256.032
2020-04-24,63.306766510009766,63.36181158869509,61.69012709170987,62.23561780583257,37402000,0.017303494601498905,0.018982901120949244,77.40197826966052,0.7672913351469433,0.041562917273645084,-0.1569842525533707,0.004271614093179776,0.0,0,0.05,14.8,256.032
2020-04-27,63.02212142944336,64.1745987676371,62.73449772386327,64.07045614945028,44186000,0.007874310594953724,0.01834404212343211,67.47739969605561,0.8307239670057669,0.04908545814992323,-0.14335781824522328,-0.004496282092079307,0.0,0,0.05,14.8,256.032
2020-04-28,61.12431335449219,63.711428655001434,61.014718809711894,63.63407269606272,80700000,-0.019939232138288857,-0.007771666739340439,58.67224033442007,0.7195628610072546,0.08226384598887489,-0.11036663858459057,-0.030113363877727783,0.0,1,0.05,14.8,256.032
2020-04-29,66.55889892578125,67.45003233788705,65.79273212855323,66.69874197813101,108358000,0.06004409786693848,0.08354000581409844,68.09156992067048,1.0577988735499062,0.007991145960755265,-0.1836727019611625,0.08891037417092984,0.0,1,0.05,14.8,256.032
2020-04-30,66.78305053710938,66.94669893140887,65.5333767050034,66.02233937163489,55842000,0.05616752292118567,0.09032563181276958,68.55099277537174,1.32862495067873,0.011889626664031823,-0.17553141313573864,0.003367718140561138,0.0,0,0.05,14.8,256.032
2020-05-01,65.32608032226562,67.01760531854285,64.94622420976376,65.66180653739475,48872000,0.030030130873272373,0.06999805880231924,63.25671208541655,1.409444054359895,0.03567241871830161,-0.14315347547562002,-0.0218164669497114,0.0,1,0.05,13.2,255.802
2020-05-04,65.602783203125,65.68064612813664,64.26930683547664,64.87034202825359,30806000,0.029422683744250232,0.0773403098705033,58.145690240965614,1.4787749887158554,0.02488628189509535,-0.12294854441700565,0.004235718406712108,0.0,1,0.05,13.2,255.802
2020-05-05,66.89808654785156,67.98857626005707,66.20432703264936,66.32681171124734,39666000,0.038686418649476355,0.0998810626140853,62.32197322707997,1.6195710019505256,0.012219226316397372,-0.13481482057427552,0.01974464011253807,0.0,0,0.05,13.2,255.802
2020-05-06,66.72005462646484,67.87352315827798,66.70517819138973,67.34340449678658,31732000,0.029027586145424836,0.0976859181909765,61.713325342718925,1.6972226425001153,0.019308252497841735,-0.12478887365720465,-0.0026612408601458526,0.0,1,0.05,13.2,255.802
2020-05-07,67.90277862548828,68.23603045485314,67.07264174294407,67.50754669271235,30652000,0.03946888958133716,0.11753062683804417,61.94431400470885,1.8330676070408245,0.009911899563178672,-0.13653960472734825,0.01772666412887358,0.0,1,0.05,13.2,255.802
2020-05-08,68.64961242675781,69.25956898715928,68.03816519605402,68.52464582755636,33326000,0.04237604327983516,0.1285436327284744,66.41964351809796,1.9781856732974603,0.007583029983021124,-0.14174950197770628,0.010998574968317909,0.0,1,0.05,13.2,255.802
2020-05-11,69.60421752929688,70.19632388908829,68.2112352957633,68.27520548318408,32718000,0.04641265382522849,0.1430374825460324,77.7121230613534,2.145489571868623,0.0035857054010342464,-0.14957836211530556,0.013905469656620761,0.0,0,0.05,13.2,255.802
2020-05-12,68.19536590576172,70.13681640125114,68.16213984874989,69.833824423372,33918000,0.014448287799467054,0.12010461534249497,67.82474975170682,2.1397310771695146,0.030832133269521566,-0.1305274401906024,-0.020240894496689976,0.0,0,0.05,13.2,255.802
2020-05-13,66.8638687133789,68.69870991776949,65.8561982347185,68.24396464855478,40368000,-0.005809583127022829,0.09804507034741733,61.292580741545315,2.004618736036619,0.053951261149261506,-0.10905345158075613,-0.019524745922219866,0.0,1,0.05,13.2,255.802
2020-05-14,67.286865234375,67.31215365788991,65.62261910048919,66.12943179653402,36660000,-0.0002690154790680583,0.10543700228380898,61.64063802217856,1.9096601429659472,0.05006865671380508,-0.1100694458809885,0.006326234618719617,0.0,1,0.05,13.2,255.802
2020-05-15,68.0902328491211,68.16560628520914,66.40118989060014,66.86039957997617,41544000,0.007529385069079996,0.11757367432721055,64.38624914645685,1.8775861815602184,0.042097226639271866,-0.11813684714065895,0.011939441850170818,0.0,1,0.05,13.2,255.802
2020-05-18,68.69127655029297,69.0671676528227,67.15497035740877,67.52094887953119,47094000,0.01179905532488645,0.1257995662556488,73.18641530323936,1.879006522073027,0.03732013105527829,-0.1212401786189876,0.008827164719846126,0.0,0,0.05,13.2,255.802
2020-05-19,68.15668487548828,69.05376572383527,68.12494948842443,68.70614443587316,31586000,0.0020669981175671873,0.11416547020972818,56.99698704408912,1.8160606550023743,0.04228126363721382,-0.09936798494580801,-0.007782526423326552,0.0,1,0.05,13.2,255.802
2020-05-20,69.88043212890625,70.02275708211047,68.80234463314515,68.88862946707506,38262000,0.022658426805664277,0.13986753265325133,61.98930713747393,1.8835551479689343,0.020717238964015824,-0.11503213601804843,0.02529094917933561,0.0,0,0.05,13.2,255.802
2020-05-21,69.76093292236328,70.24244974483369,69.14799496101227,69.9711931242331,30894000,0.01814099850474093,0.13432424061287473,69.14909667825592,1.9054377325578997,0.02575336893603991,-0.10716603480835299,-0.0017100524839704923,0.0,1,0.05,13.2,255.802
2020-05-22,70.08277130126953,70.26922616998684,69.22535585205502,69.61959655312397,28544000,0.020703179651052773,0.13403992125050648,69.26887982763046,1.9265415343844126,0.024115753864356985,-0.10467049930053625,0.004613447174859564,0.0,1,0.05,13.2,255.802
2020-05-26,70.48591613769531,71.66318981840597,70.38822806626094,71.50697970634623,44590000,0.02525812007576097,0.1367850535528278,66.71436472021644,1.9532806648250869,0.02003487136044875,-0.10097884309682377,0.0057524100280332835,0.0,0,0.05,13.2,255.802
2020-05-27,70.43187713623047,70.68330099818472,69.15840585469878,70.41799195891424,31684000,0.021150153494183158,0.1296384239960039,67.4941064958713,1.9476597137449403,0.011786161371012054,-0.0780427459219593,-0.0007666638163470463,0.0,0,0.05,13.2,255.802
2020-05-28,70.33072662353516,71.63097720073782,69.38057930647166,69.42619987696052,35170000,0.01458393506822364,0.12265536613592344,62.742182182182184,1.9129912956324517,0.016813159489179455,-0.07492562360845244,-0.001436146767743618,0.0,1,0.05,13.2,255.802
2020-05-29,71.08846282958984,71.24764676163868,70.218652828686,70.4393250257835,37044000,0.01992156186579223,0.1286339333863909,62.784769221047554,1.9244751520599834,0.0110929528672178,-0.08384769821390003,0.010773899864715997,0.0,1,0.05,13.2,255.802
2020-06-01,71.15540313720703,71.48815557585249,70.53106194988158,70.70066543276502,25162000,0.01641212773673332,0.12397655363140105,58.96593054873257,1.9168811022668564,0.012107715502108716,-0.07848315764368395,0.0009416479827064617,0.0,1,0.08,11.0,257.042
2020-06-02,71.52434539794922,71.55856271044368,70.49782602311556,71.1618401370753,23442000,0.01756429716609275,0.123221338430936,71.87086477773056,1.9185178407244194,0.008931531526594693,-0.07700205519105434,0.005185021017037439,0.0,0,0.08,11.0,257.042
2020-06-03,71.37260437011719,71.85660306579962,70.99423139231902,71.54369094375163,27732000,0.01078094671513615,0.1141552835971011,85.0559085058044,1.8858320371165433,0.013924570659719568,-0.07161849740438424,-0.0021215297670712507,0.0,0,0.08,11.0,257.042
2020-06-04,70.13533020019531,71.47526126931832,69.72423054944969,71.25011707361648,26982000,-0.0070997913649510505,0.09004310473411031,69.65799095220845,1.7400326043574381,0.030851651447383197,-0.04941134036840375,-0.017335421354470082,0.0,1,0.08,11.0,257.042
2020-06-05,71.4107894897461,71.72221852046398,69.80406630546283,70.20178017806124,42642000,0.00860100495289051,0.10410693836698588,71.51414431212197,1.707718888349575,0.015205585546046512,-0.06424309694433833,0.01818568880919358,0.0,1,0.08,11.0,257.042
2020-06-08,71.80850982666016,71.85611291261435,70.64016468589004,70.72943087648002,33878000,0.01175231284414738,0.10542309329756638,70.74331980845852,1.694667668913766,0.01335147919679471,-0.06879558111470148,0.0055694712207483565,0.0,1,0.08,11.0,257.042
2020-06-09,72.00884246826172,72.78840250945899,71.52682627591334,71.66965065277674,33624000,0.01240256408501663,0.10275191999184585,76.82723369888635,1.6811108539403818,0.01435853264316221,-0.07187315146979303,0.0027898175590213015,0.0,1,0.08,11.0,257.042
2020-06-10,72.63468170166016,73.03486997129616,72.12192132758686,72.47648902737328,31762000,0.018048588528795637,0.10698284313698983,72.64390598832067,1.7012559565093568,0.01016522389881837,-0.07830495960035015,0.008691144197662704,0.0,0,0.08,11.0,257.042
2020-06-11,69.5204086303711,71.98503884464859,69.34733955056195,71.4608677491371,47144000,-0.0244931762432784,0.05569107289666879,48.675006262261846,1.449219584384977,0.05191759833660719,-0.029695460250864857,-0.04287584110412479,0.0,1,0.08,11.0,257.042
2020-06-12,70.06689453125,71.13754380958245,68.7220073373794,70.70858643432881,36676000,-0.015413549267033247,0.059032087420802834,49.91465092186028,1.2788341842506696,0.04038591173929916,-0.029968392122164303,0.007860798169131655,0.0,1,0.08,11.0,257.042
2020-06-15,70.4546890258789,70.66594045276953,68.79143400610754,68.90499734928308,30468000,-0.00898842587125004,0.06006714404363323,49.8318542698663,1.1617029138109984,0.03265027278481997,-0.029942434891462758,0.005534632257120364,0.0,1,0.08,11.0,257.042
2020-06-16,71.73064422607422,72.26125473639239,70.86380812050945,71.85610266711461,30648000,0.008666392514436174,0.07359751378199152,56.18010568825884,1.1584802203047815,0.014672040002756574,-0.04335146674287948,0.018110294968822327,0.0,1,0.08,11.0,257.042
2020-06-17,72.03166961669922,72.51071212227092,71.1683065061805,72.05150991254823,30610000,0.01196151591493925,0.0738095284076644,57.94274989739614,1.1667666856668006,0.008990781861336722,-0.040528938276716615,0.00419660793337151,0.0,0,0.08,11.0,257.042
2020-06-18,71.11820983886719,72.05298121424725,70.72743476994945,71.8982617395041,34862000,-0.002249261984325596,0.05626351299237098,50.13691587767677,1.0870938578964058,0.021926681153093854,-0.02644097836754381,-0.012681363387698874,0.0,0,0.08,11.0,257.042
2020-06-19,70.64810180664062,71.63295826897189,70.36840814054392,71.40980414439169,52784000,-0.00778294565901966,0.045928178872031544,47.74861161053178,0.9747820972958721,0.02813219311704628,-0.018112331320249052,-0.006610234330865272,0.0,1,0.08,11.0,257.042
2020-06-22,71.93843841552734,71.95282300836644,70.37784251246212,70.66645752564918,29442000,0.01015485177543014,0.06122778226054487,51.698800610962266,0.9786127596733678,0.010854562371572955,-0.03430825871529148,0.018264278528222766,0.0,1,0.08,11.0,257.042
2020-06-23,72.59896850585938,73.15537446068053,71.65775015871338,72.00487961496944,37752000,0.018585919775391833,0.06701325790401332,54.82950038698016,1.0231535677771006,0.004555400546999773,-0.04308180514269271,0.009181879741630095,0.0,0,0.08,11.0,257.042
2020-06-24,71.04779052734375,73.18462478275211,70.91389504036651,72.5642562323238,31592000,-0.0009532508019434923,0.04167211512714641,53.506631044641686,0.9226496491417322,0.026413463452228437,-0.02124834769659314,-0.021366391430071463,0.0,1,0.08,11.0,257.042
2020-06-25,71.46434783935547,71.52484484122479,70.39518156341698,70.97439400933185,23958000,0.0021648080099276926,0.044986559403227155,50.220375781517824,0.866622379953796,0.020498493891538214,-0.02543497551981186,0.005863057934945903,0.0,0,0.08,11.0,257.042
2020-06-26,67.56855010986328,71.26202286929771,67.19464153368672,71.04432444908078,97640000,-0.04913571564373224,-0.013483513136818826,36.453520173710075,0.5020744455598276,0.08704757501496874,0.017835861662351144,-0.05451386386747059,0.0,1,0.08,11.0,257.042
2020-06-29,69.28585815429688,69.32702184746623,67.02851386270075,67.45945384242283,45074000,-0.02336232925752304,0.009861538950804258,42.06896950179706,0.34773155525658694,0.06074805921753941,-0.010734228805697221,0.02541578947071277,0.0,1,0.08,11.0,257.042
2020-06-30,70.3212890625,70.61635097847407,68.77804426486243,69.27147126590755,40286000,-0.006794033147123306,0.022633793404144474,43.41897764213438,0.305443362593536,0.04436916682697866,-0.02625112993228502,0.014944332592334408,0.0,1,0.08,11.0,257.042
2020-07-01,71.50897979736328,71.83032898693156,70.12938326370785,70.3768421161721,42182000,0.010726866695760787,0.03646965470372286,56.353401272991064,0.3635753117201972,0.02719599658453122,-0.04240611733254484,0.01688949037620291,0.0,1,0.09,10.2,258.352
2020-07-02,72.89403533935547,73.81592043493603,71.95876447702986,71.99695439492824,57218000,0.02772402261891309,0.0533421162859912,58.57321003449561,0.5154657388960828,0.011075960043349172,-0.06021442206809644,0.019368973601875616,0.0,1,0.09,10.2,258.352
2020-07-06,74.36785125732422,74.88111101976311,73.24364363672055,73.79756767696199,44712000,0.0430330589140353,0.0711317578225898,61.133227291434046,0.7461633178730267,-0.0018346302581905341,-0.08198958062243872,0.020218607888937035,0.0,0,0.09,10.2,258.352
2020-07-07,73.88533020019531,75.44246001179413,73.87441879746366,74.19328600350485,42364000,0.03344364681094852,0.060948908504448694,56.42008733822992,0.8799142903731934,0.009046773642520906,-0.07754619404449539,-0.0064883017186997405,0.0,1,0.09,10.2,258.352
2020-07-08,74.56372833251953,74.9391275363047,74.00335737778137,74.42487655792402,31766000,0.040074224723453095,0.06715310063986818,57.378572654536015,1.028794654991799,0.0056022959275547025,-0.08824851160044915,0.009181770325531025,0.0,1,0.09,10.2,258.352
2020-07-09,75.31055450439453,75.83026118715777,74.16651424532147,74.87763207288506,41836000,0.04428220421878109,0.07348260090589953,62.33655438847622,1.193290536651773,0.0023266458802429684,-0.10043341305575161,0.010015944596339255,0.0,1,0.09,10.2,258.352
2020-07-10,76.31971740722656,76.43526327419461,74.42091366005153,75.04227347746796,35918000,0.05119828398128301,0.08484855706842809,66.17632210680607,1.389073347447166,-0.001246320841606067,-0.11309988301073269,0.01340001955201564,0.0,0,0.09,10.2,258.352
2020-07-13,74.99169158935547,78.17190408455957,74.71051486489596,76.8617335973757,42954000,0.022452657851751153,0.06348950014625572,58.689666792894634,1.420695161346174,0.021163193786580204,-0.09554928249615506,-0.01740082200232762,0.0,1,0.09,10.2,258.352
2020-07-14,75.4196548461914,75.51585983280482,73.68747324161508,74.0276638809234,38108000,0.019759404202666427,0.06650541146949904,58.135469620359565,1.4634193475804977,0.020562543639048792,-0.09929226690278956,0.005706808951309039,0.0,0,0.09,10.2,258.352
2020-07-15,75.22229766845703,76.18682201246635,74.27760605217841,75.53719235159814,31026000,0.010395303855609777,0.06082852390521816,63.06010031597576,1.4644719767758119,0.02755684623086808,-0.09660404388325262,-0.0026167870714451924,0.0,0,0.09,10.2,258.352
2020-07-16,75.1250991821289,75.17419293783173,73.80351767649992,74.45959427860498,26484000,0.004212046065023989,0.05700505527839285,61.6863183306526,1.4408538215177629,0.03255005452161791,-0.09498123899713815,-0.0012921499254985314,0.0,1,0.09,10.2,258.352
2020-07-17,75.22079467773438,75.54710012521701,74.29097965125972,75.22376845137862,34264000,0.0023736189892203537,0.05582584686097944,82.25406554393231,1.413563410961956,0.03464751298489932,-0.09408960545762068,0.00127381523149106,0.0,1,0.09,10.2,258.352
2020-07-20,77.55105590820312,77.8074361177033,74.51911514307706,75.12907182531544,30166000,0.029060969155217664,0.08559385601398208,83.12597543016776,1.5619628351967947,0.01155352083555622,-0.1204045014576497,0.030978949909425957,0.0,0,0.09,10.2,258.352
2020-07-21,77.15828704833984,78.70203135101997,76.99463868090396,78.60186132798782,27486000,0.01942174897155817,0.0775288544771849,78.89017054807371,1.6290980552755059,0.023046427629256988,-0.1155055292214094,-0.005064648769298463,0.0,1,0.09,10.2,258.352
2020-07-22,77.60111999511719,77.70674570726749,76.52898004749464,77.1478654526856,24482000,0.021174493824411344,0.08129794670973557,77.4720620706786,1.69845735957837,0.023859030562683407,-0.12075758880489643,0.005739279132776831,0.0,0,0.09,10.2,258.352
2020-07-23,75.2158432006836,77.87387489576915,74.81118295355448,77.65468582028785,33910000,-0.01009064435951466,0.046014878084773475,59.60368893949301,1.5431645647089738,0.05738723945746594,-0.08839237999792933,-0.030737659386664506,0.0,0,0.09,10.2,258.352
2020-07-24,74.79235076904297,75.15039166978701,73.76980375376206,74.34505124105762,29902000,-0.013681540144499611,0.03783679475280197,51.92293868161885,1.3701276275754566,0.06386204749580938,-0.07926860473339241,-0.005630362083566709,0.0,1,0.09,10.2,258.352
2020-07-27,75.84464263916016,76.24781222334954,74.9966555026243,75.0427754818971,27124000,-0.0009282993870595365,0.04994503675627049,58.43981793384491,1.30288689863319,0.04173356196801421,-0.0737630769849,0.01406951191261041,0.0,0,0.09,10.2,258.352
2020-07-28,74.56621551513672,75.67504727423581,74.41099662396583,75.62496226274747,30910000,-0.016663048486885594,0.03039980977175233,50.010187041583116,1.1333749113787377,0.05252300834740763,-0.04373051620817003,-0.016855865879752407,0.0,1,0.09,10.2,258.352
2020-07-29,75.55105590820312,76.03802830825704,74.53445675699976,74.6331436555252,22676000,-0.004107299054430657,0.04203337515730966,50.96621096827071,1.0662131873484526,0.032849472617363554,-0.04332028905114269,0.013207595239515424,0.0,1,0.09,10.2,258.352
2020-07-30,76.2879867553711,76.41295336384728,74.14568906688521,74.28454085408097,36042000,0.004067594691722654,0.049842642019447776,49.86967178850166,1.0602295316874262,0.019055108785432484,-0.042480058273987466,0.009754077402483352,0.0,0,0.09,10.2,258.352
2020-07-31,73.78764343261719,74.63414743431856,72.10405616294213,74.2389154953102,91468000,-0.027005471589809794,0.014343174834668444,45.488996681425405,0.8440015075545517,0.051850876719330155,-0.007087213525205232,-0.0327750597321651,0.0,0,0.09,10.2,258.352
2020-08-03,73.5302734375,74.27263483646993,72.982796377369,73.93889871670713,45482000,-0.025231062806175313,0.009758723973150734,42.82971940806713,0.6444428963578446,0.056541143277880464,-0.005759509371246637,-0.0034879823117297537,0.0,0,0.1,8.4,259.316
2020-08-04,73.06114959716797,74.04353160138255,72.60144805958299,73.72615502792115,37212000,-0.026160735554068684,0.002496396632027411,41.96411246259587,0.44332649409625446,0.06467619437805662,-0.0018546117390523577,-0.006380009462779723,0.0,1,0.1,8.4,259.316
2020-08-05,73.34827423095703,73.88930432200833,72.95799858052132,73.23570970460068,29134000,-0.016759969540326113,0.005646186957733026,43.48517399574801,0.30360903867678246,0.06159086379984056,-0.008501375189333095,0.003929922200405667,0.0,1,0.1,8.4,259.316
2020-08-06,74.63066864013672,74.6961294926301,72.99171836772238,73.20247794748174,33306000,0.0012160251660617643,0.022051791777236564,48.009488698330316,0.29298313287044664,0.043122622067474525,-0.0262228007529795,0.017483634381658675,0.0,0,0.1,8.4,259.316
2020-08-07,74.30437469482422,75.3814709934715,73.70433072116582,74.83350211063035,27718000,-0.0025083999026887485,0.016476963747562877,37.33695416058881,0.2552900072380453,0.04612326429015621,-0.023078879743257702,-0.004372116065124221,0.0,0,0.1,8.4,259.316
2020-08-10,74.22750091552734,74.73976174649013,73.26891681277647,73.92896585446239,20546000,-0.0013724480532399143,0.014554003073973901,38.28024607138805,0.21671668701532099,0.047137394544365,-0.023027367221311903,-0.001034579452590778,0.0,0,0.1,8.4,259.316
2020-08-11,73.42018127441406,74.9029290830015,73.30364415071575,74.08766106264545,31098000,-0.010708489773031921,0.0028985201548073665,33.75464234386784,0.11962415208516575,0.05869835685786068,-0.015054784414641956,-0.010876287510097282,0.0,1,0.1,8.4,259.316
2020-08-12,74.7442398071289,74.96392829740739,73.64135561207259,73.74648949020883,22512000,0.008228459842379994,0.020087451528161323,48.00284578482661,0.14781416690534854,0.03963771032148393,-0.03283589990781843,0.018033986156559045,0.0,1,0.1,8.4,259.316
2020-08-13,75.21089172363281,76.21856990868307,74.79235379638568,74.79235379638568,22388000,0.015999292575630715,0.025381911528827853,51.76598899439805,0.205441662831376,0.03325907114339922,-0.03879455171854791,0.006243316109817432,0.0,0,0.1,8.4,259.316
2020-08-14,74.61480712890625,75.36659681987358,74.33561289996881,75.06012408061498,21942000,0.0068219699754750425,0.01601426591610637,44.6030669345988,0.2006992869794999,0.041151522691089355,-0.03156573091709392,-0.007925508939807702,0.0,1,0.1,8.4,259.316
2020-08-17,75.19054412841797,75.56446023024378,74.63315451205264,75.1771583632833,19990000,0.012322822898226277,0.02280112331939664,52.91983929323276,0.24062431683461227,0.02786484085994871,-0.03680590094137636,0.007716122599058073,0.0,1,0.1,8.4,259.316
2020-08-18,77.15135192871094,77.23019855885632,75.45983443901895,75.68050663430974,28378000,0.03303330188857338,0.0479503291800398,56.85814840390471,0.425580169686512,0.0017191671900189903,-0.06127213898242146,0.02607785091891479,0.0,0,0.1,8.4,259.316
2020-08-19,76.59741973876953,77.79998205796244,76.36880993674055,76.98818722838891,30472000,0.021173693135127427,0.03913092776425446,51.34722165014888,0.5214503621001114,0.005616539809115287,-0.05244707200121492,-0.007179811838595507,0.0,1,0.1,8.4,259.316
2020-08-20,78.16645812988281,78.36085063108287,76.0940857567351,76.36732488551415,26382000,0.03720246647535635,0.05882752368481843,70.74714895696722,0.7157853376457126,-0.0068074960965409026,-0.07545429974344019,0.020484219918430524,0.0,0,0.1,8.4,259.316
2020-08-21,78.13275146484375,78.94156512969232,77.47518411657586,77.94578958821398,34838000,0.031515182135220476,0.055907273549955,72.2790801425847,0.8571961362308116,0.0002537712496918725,-0.07741296131442764,-0.0004312164814102015,0.0,1,0.1,8.4,259.316
2020-08-24,78.6078109741211,79.77962926395986,78.10645386630996,78.9708081393401,25638000,0.03182002284342512,0.05988063810768768,76.83414043583535,0.9961159405776527,0.0006541585954442483,-0.08591873882681336,0.006080158453028561,0.0,1,0.1,8.4,259.316
2020-08-25,79.63432312011719,79.78457814472273,78.24728090400605,78.35737106631586,25150000,0.036836939031087736,0.07106991782678912,78.38081007031779,1.1754915033154276,-0.00276561834733828,-0.10081629475145702,0.01305865324673694,0.0,1,0.1,8.4,259.316
2020-08-26,81.53263092041016,81.96208775118443,79.39282281884792,79.65664120321837,52188000,0.05225255892849467,0.09371806567474528,79.51982729027685,1.4540639595770415,-0.0120199159034221,-0.12837949850587094,0.02383780919980505,0.0,0,0.1,8.4,259.316
2020-08-27,80.75853729248047,81.72405283891463,80.27701291660559,81.65561820356022,31350000,0.034852900965155545,0.08080348431541313,76.58619614626494,1.5939971449092667,0.00629715972006205,-0.12333607156504392,-0.00949428001023711,0.0,1,0.1,8.4,259.316
2020-08-28,81.29954528808594,81.39475900573815,80.61421536614671,80.80563405926029,22418000,0.03293739397060488,0.0850868323404093,78.0585066935624,1.7286235302758683,0.008963208901818452,-0.12929250592190863,0.006699081159012632,0.0,0,0.1,8.4,259.316
2020-08-31,80.80862426757812,81.55098571536558,80.60034658249602,81.50486573387329,26422000,0.019423482285632697,0.07561732535202222,80.06874324676777,1.7752388387672937,0.02152404690223054,-0.12142724512786808,-0.006038422709109037,0.0,1,0.1,8.4,259.316
2020-09-01,82.07563781738281,82.280941701102,80.80861351008971,80.93903580626339,22652000,0.029014845191576502,0.08954182858709023,79.97576835949174,1.8926024680396836,0.013495836863680803,-0.13174795825112207,0.015679187231418368,0.0,1,0.09,7.8,259.997
2020-09-02,85.16561126708984,85.59754248382305,82.32905460313435,82.71684835469105,49522000,0.05640684863568465,0.12680129771647686,83.51261900224327,2.2094795186651623,-0.008280528834953243,-0.16436933844329102,0.03764787617712062,0.0,0,0.09,7.8,259.997
2020-09-03,80.80762481689453,84.30323151911709,79.7265559132381,84.27942619556264,63726000,-0.0009233775131017411,0.06638801010162092,66.63475131230717,2.08492011764487,0.048420272297262874,-0.11487641397987848,-0.051170729421857075,0.0,0,0.09,7.8,259.997
2020-09-04,78.41242980957031,81.07938305548198,76.26814951914791,79.7905357444449,55850000,-0.030871822754921667,0.032885386338954284,57.883810688030735,1.7725013827268157,0.07988403091294297,-0.08203888618467065,-0.02964070547490527,0.0,0,0.09,7.8,259.997
2020-09-08,75.5555419921875,77.13994312238728,75.20344864833461,75.62496788954304,54032000,-0.06264506536126245,-0.0068366657242901595,46.259172062418315,1.2796295407892302,0.119547832726121,-0.044402950497964014,-0.036434119237485074,0.0,1,0.09,7.8,259.997
2020-09-09,76.72734832763672,77.29713244236171,75.63338552792708,76.81015997905173,39242000,-0.04466206487723067,0.006597261162540506,50.29599847603369,0.9723711439134206,0.09945448831761565,-0.05169164470333537,0.01550920428273006,0.0,0,0.09,7.8,259.997
2020-09-10,75.6770248413086,78.0380120006391,75.37700663755594,76.87363960393168,33024000,-0.050819379047447745,-0.008575288781009601,44.19138289217667,0.6367739891165627,0.11380578369542615,-0.036389397051383915,-0.013689036689279233,0.0,0,0.09,7.8,259.997
2020-09-11,75.166748046875,76.30434137046228,74.03906730255125,75.78116905727127,30706000,-0.05056063072898817,-0.016203150456249128,43.22996120062135,0.3258792205417933,0.12141188673967057,-0.02995148416791434,-0.006742823142210197,0.0,0,0.09,7.8,259.997
2020-09-14,74.82308197021484,77.21183946322891,74.63860963235427,75.95472771220844,42660000,-0.047106376367122074,-0.021195370101202874,41.30905220048788,0.05117201716083741,0.12629994181219176,-0.024955002868795997,-0.004572049284955693,0.0,1,0.09,7.8,259.997
2020-09-15,76.12681579589844,76.9138141369124,75.48115874300053,75.7682830632299,23042000,-0.02468772829342422,-0.004598547781820403,42.04689903518466,-0.06063602238121746,0.10625012133281912,-0.03966254458720002,0.017424219790927342,0.0,0,0.09,7.8,259.997
2020-09-16,74.98475646972656,77.08142606699325,74.95995988574093,76.49180158810144,22128000,-0.030512005539547048,-0.019813439471587434,34.62575385026571,-0.23864835263009354,0.12438487999990176,-0.029211412329368802,-0.01500206352034772,0.0,0,0.09,7.8,259.997
2020-09-17,73.74251556396484,74.31875423371972,72.52359367520403,73.68151914994446,40008000,-0.0322807885603118,-0.03584477866817969,33.88091702389315,-0.4744932038245224,0.14594447658781598,-0.019347890909917054,-0.016566579185507524,0.0,0,0.09,7.8,259.997
2020-09-18,71.95974731445312,74.14717354274497,70.99423184511045,73.80500039329375,63056000,-0.044582589641200966,-0.05832869024213835,29.700373960465527,-0.7960797344498758,0.1790512699181691,-0.008394526871057188,-0.024175582238787796,0.0,0,0.09,7.8,259.997
2020-09-21,70.92084503173828,71.41277382224862,69.55909872730024,70.99423595541519,56908000,-0.048916101498706545,-0.07061062393617593,29.00936375265337,-1.1218382555330493,0.20145911775507436,-0.009173901424190566,-0.014437269744361325,0.0,1,0.09,7.8,259.997
2020-09-22,72.39266967773438,72.59847297958909,70.88909790425686,71.92156489906783,33950000,-0.025042850522100018,-0.05067628613944245,29.621363394929034,-1.2468671734471428,0.17766428822527414,-0.03853602216598572,0.020753061322625665,0.0,0,0.09,7.8,259.997
2020-09-23,69.891845703125,72.05844057241953,69.55910082477837,72.00934681768462,37726000,-0.049977287680045696,-0.08214022883620797,17.03764002264269,-1.5301109199475604,0.2215740943861383,-0.019844312129791986,-0.03454526522840129,0.0,1,0.09,7.8,259.997
2020-09-24,70.559814453125,71.31011340811294,69.53280322167417,69.5590904717612,34552000,-0.03417979816205627,-0.0722319281823124,23.69452932004168,-1.681303118260459,0.20462008243136656,-0.03928450496599311,0.009557177139623452,0.0,1,0.09,7.8,259.997
2020-09-25,71.36318969726562,71.70436404875389,69.8070508636011,70.66843135233466,30326000,-0.018071012795603466,-0.060739414086278316,30.294697241132212,-1.7165114807307447,0.1847885640935471,-0.056994915024022236,0.0113857335137173,0.0,1,0.09,7.8,259.997
2020-09-28,72.33515930175781,73.04578541105064,71.72123760694181,72.9961998063506,30784000,-0.0012781926422190516,-0.04722291923544586,39.93739808713729,-1.6469989588806584,0.15924052780362105,-0.07243095036367042,0.013620041489392998,0.0,1,0.09,7.8,259.997
2020-09-29,72.70012664794922,72.99667163732526,72.10404776205746,72.59549219750033,31816000,0.00853241437625311,-0.041190415964204384,36.74811435480356,-1.5446541582035849,0.14361287094623937,-0.07843278973897945,0.005045504146453661,0.0,0,0.09,7.8,259.997
2020-09-30,72.67930603027344,73.7008616762661,72.19134227406526,72.44821428907602,40924000,0.01147852724980796,-0.040331232463257816,39.41886812370637,-1.4485274928927936,0.12854162388899854,-0.07569840860386248,-0.00028639039071565175,0.0,1,0.09,7.8,259.997
2020-10-01,73.78515625,74.14072271292429,73.2347054658879,73.57489608176681,32884000,0.02680772033874651,-0.024746622057692173,45.32011887840806,-1.2684911707150661,0.0780016497866722,-0.07134906139197152,0.01521547576783333,0.0,0,0.09,6.9,260.319
2020-10-02,72.18341064453125,73.34530884042559,71.77429347982753,72.38325885946809,31222000,0.004204972943891991,-0.04515222586600567,41.76083716849816,-1.2407559105195816,0.08253302501070829,-0.04330057474845892,-0.021708236275080783,0.0,1,0.09,6.9,260.319
2020-10-05,73.53375244140625,73.6264842512072,72.40607158601448,72.53302071478075,21602000,0.01928558691941766,-0.026965801729925166,41.92979440182585,-1.0971667637721936,0.05111365426603633,-0.055963389943261325,0.01870709328940956,0.0,0,0.09,6.9,260.319
2020-10-06,71.95628356933594,73.61754863021302,71.65824787299684,73.17024916293467,26096000,-0.001976744352157104,-0.046858800455596365,40.82340343291283,-1.098002792283154,0.07032780040210578,-0.03644066062493038,-0.02145231026156713,0.0,1,0.09,6.9,260.319
2020-10-07,72.35895538330078,72.8464272920144,71.07407320039421,72.3673848593541,36108000,0.00018577435414143483,-0.040964164811610505,45.58292543199869,-1.0540229799765086,0.056218098213852055,-0.03968649254790084,0.005596061858542667,0.0,1,0.09,6.9,260.319
2020-10-08,73.5634994506836,73.79160984769521,72.67186671262658,72.67186671262658,26076000,0.012631348938781331,-0.0244853443550349,55.316326040278305,-0.9114652187487167,0.03439401256983659,-0.05375457817188559,0.01664678630312011,0.0,1,0.09,6.9,260.319
2020-10-09,74.90342712402344,74.97285301834012,73.74053771907792,74.03113521720735,32966000,0.026075641738187674,-0.006351885880225494,62.94365694975975,-0.6824987798138125,0.015211346511746217,-0.07035459635473448,0.018214572217817304,0.0,1,0.09,6.9,260.319
2020-10-12,77.5882339477539,78.76996475880563,75.83819452463318,76.26963387133897,55344000,0.0552602095838612,0.028227203121021373,65.65185233876932,-0.28115873169186045,-0.01102604137624178,-0.10785173655995961,0.035843577881757405,0.0,1,0.09,6.9,260.319
2020-10-13,77.71121215820312,78.60830053326004,77.29267433018113,78.2041397278234,39072000,0.049778082634331575,0.028716985918426786,77.4953454557161,0.046295792675323355,-0.007300534672967134,-0.1125152984839763,0.001585011079541232,0.0,0,0.09,6.9,260.319
2020-10-14,77.53121185302734,78.54334687397657,76.66140181663269,78.08464409532286,33174000,0.040526589747768474,0.025121001685306083,75.3847487319502,0.28796189662222105,0.001711634011920523,-0.11387791226092839,-0.002316272004731279,0.0,0,0.09,6.9,260.319
2020-10-15,77.1359634399414,77.92593541611845,76.42484564784411,76.59195961535212,31210000,0.03058747613947384,0.018874485414906047,71.66413658001382,0.44249003175754353,0.013371056930954594,-0.11146467669641319,-0.005097926417494847,0.0,1,0.09,6.9,260.319
2020-10-16,77.74246978759766,78.23886306630772,77.24458583838096,77.45137286175847,34194000,0.031033040597575917,0.02604224174651846,70.86495350076395,0.6068987348047159,0.013441472277709837,-0.11893447164247055,0.00786282196537913,0.0,0,0.09,6.9,260.319
2020-10-19,75.87044525146484,78.54732655155014,75.52183262164318,78.15060385030814,29734000,0.0030973944651468024,0.0009215713522078261,60.958633886583385,0.5794574567051001,0.04071431081873136,-0.09293856241692794,-0.024079818164349787,0.0,1,0.09,6.9,260.319
2020-10-20,76.91828155517578,78.04695371912739,75.40181561453903,75.53124667758806,41670000,0.010322961968857647,0.014025241379118935,63.681219131067714,0.6349424572740219,0.031055312654185575,-0.10392990797827,0.013810862717860584,0.0,1,0.09,6.9,260.319
2020-10-21,78.64945983886719,80.09501655041937,77.71468849305327,77.84907582540164,60322000,0.024596201937828327,0.035420021085291103,65.09033743521967,0.8092774922333206,0.013638861209122843,-0.1177970310420665,0.022506720752069498,0.0,1,0.09,6.9,260.319
2020-10-22,79.67448425292969,80.00971101369345,78.2274445172993,78.60036177725868,30512000,0.029751717588316486,0.04755460054103329,74.10168822523285,1.018410564138236,0.007864516560341107,-0.12497309568449708,0.013032822045599746,0.0,1,0.09,6.9,260.319
2020-10-23,80.97970581054688,81.0362377810544,79.93483669697007,80.09055499720758,30548000,0.038465675489059534,0.06310287931370323,74.02627647810112,1.274775681319369,0.0017763180120660108,-0.1373579064769977,0.016381926658900037,0.0,0,0.09,6.9,260.319
2020-10-26,78.5651626586914,80.81109596389342,77.7464289699495,80.08807542144447,35826000,0.006241502072354534,0.03033604664581796,70.23228003466099,1.2684910552440982,0.03594672945853847,-0.10629941913378889,-0.029816645141985676,0.0,1,0.09,6.9,260.319
2020-10-27,79.28868865966797,79.4434081514448,78.20316272181296,78.79526915461666,25902000,0.013460643488154607,0.03870816347754593,70.80580358165467,1.3068286382517158,0.03073641587945404,-0.11038795779991292,0.009209247158562528,0.0,0,0.09,6.9,260.319
2020-10-28,74.9207763671875,77.05364551687353,74.80572991828615,76.86520815058896,45174000,-0.0391636455653062,-0.017938997094056146,53.424572623823884,0.9735351242478174,0.08958731495534092,-0.05428995902435247,-0.05508871903820889,0.0,1,0.09,6.9,260.319
2020-10-29,77.20589447021484,78.78583097305014,75.20592187839175,75.22922779001276,55406000,-0.009946487671305784,0.011852906325215752,55.54492749256148,0.883601933469194,0.0580964758199452,-0.07860860232066953,0.0305004594697198,0.0,1,0.09,6.9,260.319
2020-10-30,80.14311981201172,83.37689856838614,79.42208175772936,82.68858716235039,99878000,0.024565054901157398,0.049803971486837996,56.078909610542,1.0373804929344743,0.022476491134304406,-0.10560448585733756,0.038044055599019355,0.0,1,0.09,6.9,260.319
2020-11-02,80.55025482177734,82.23235142341763,80.05038085259652,80.51157306203328,44228000,0.023645721965704677,0.05446923912152113,56.66488873732509,1.1785182768508662,0.021858396110407404,-0.10596435750437232,0.005080099336295163,0.0,1,0.09,6.7,260.911
2020-11-03,81.60851287841797,82.27004521249239,79.94476567921927,80.86962458150404,31432000,0.030949343937620218,0.06748405853137993,59.1927347087058,1.3600853510831712,0.011438454171804276,-0.10856128517469102,0.013137861065518619,0.0,1,0.09,6.7,260.911
2020-11-04,86.57695007324219,87.77603930665698,84.45201073795255,84.57995112111725,71342000,0.0828703290193393,0.1304207927486059,67.64673921878837,1.88318177690833,-0.028842537651103367,-0.16105933243594614,0.06088135930409977,0.0,1,0.09,6.7,260.911
2020-11-05,87.40261840820312,88.85660464736164,86.33791656920567,87.79685909810694,39758000,0.08273172886025404,0.1394547716105059,67.90965502511389,2.3374196782564525,-0.02044122952092015,-0.170726378541764,0.009536814755687795,0.0,0,0.09,6.7,260.911
2020-11-06,87.2652587890625,87.70016376285554,86.12220215146095,86.8491952834686,28622000,0.07267777680640812,0.13573720797778815,72.57789727618413,2.655709350113355,-0.00434543070179355,-0.16980917911220242,-0.0015715732736872878,0.0,1,0.09,6.7,260.911
2020-11-09,87.34905242919922,90.09981569190971,87.1571418807164,89.0628918684201,53440000,0.062238483611228274,0.13504046142799198,71.4886661196981,2.88150149907068,0.008239940380216419,-0.1729715788661473,0.0009602176318443956,0.0,0,0.09,6.7,260.911
2020-11-10,86.17377471923828,87.24789727172411,85.10262594054147,85.77953403684037,43022000,0.03924467324226811,0.11820939026174374,65.86437568747232,2.931812208723315,0.030930680612913666,-0.16081173650602856,-0.013454956605437274,0.0,1,0.09,6.7,260.911
2020-11-11,86.64537811279297,87.42244865386503,86.43858355014122,86.70339318512825,31838000,0.030363104555238152,0.1229971888975369,65.04872406299688,2.975439249575487,0.03395764710982902,-0.16349867118328368,0.00547270204991257,0.0,0,0.09,6.7,260.911
2020-11-12,86.42668151855469,87.5256006507518,86.18616905114561,86.38601724295751,26474000,0.01661513046424941,0.11979664546582613,62.33767984306113,2.9582659578300934,0.04330407773939724,-0.1573622116677338,-0.0025240422397786455,0.0,1,0.09,6.7,260.911
2020-11-13,87.88661193847656,88.12811565464587,86.08748643492731,86.68355780156224,29744000,0.024456685225268258,0.13662737026316266,72.06788590411284,3.027560352976849,0.034679737147680634,-0.16852393003357102,0.016892126300237953,0.0,1,0.09,6.7,260.911
2020-11-16,87.97439575195312,88.98157439814365,87.34459885703573,87.48395005570929,25468000,0.016681577316973877,0.13495560973329623,71.20099221387721,3.054351418591665,0.039269138058306396,-0.1612169516873302,0.0009988303285375366,0.0,0,0.09,6.7,260.911
2020-11-17,87.3609619140625,88.12861930166262,87.25335367641775,87.66841834553581,21314000,0.0029250919121471606,0.1236191378647931,87.1798952753514,2.991599253089575,0.050433438712814534,-0.14724040283409542,-0.006972867874196265,0.0,0,0.09,6.7,260.911
2020-11-18,86.31856536865234,87.52658328875724,86.21591343184126,87.11201051019275,20108000,-0.008747836937291573,0.10747966234848402,79.42038866709493,2.8251880115029167,0.06572422315175594,-0.1306632758095066,-0.011932063504927592,0.0,1,0.09,6.7,260.911
2020-11-19,87.20773315429688,87.4517188316341,85.79193672214883,85.9511206538615,20106000,0.0016872313930935046,0.11558700008686953,76.28411286261637,2.7335437223738523,0.05861119040345822,-0.1346417934606144,0.010301002824213423,0.0,0,0.09,6.7,260.911
2020-11-20,86.10731506347656,87.69320654241716,86.03888043804935,87.37781251074621,27694000,-0.009635188691334798,0.0984354980543655,69.66095298970653,2.5428085060121646,0.07440475800464082,-0.11989287284305772,-0.012618354485528727,0.0,0,0.09,6.7,260.911
2020-11-23,85.66993713378906,86.58388452691703,84.80806483367506,86.29775148895854,22530000,-0.01275910212724786,0.08984004979119964,65.02968165835573,2.329503661126793,0.07931190992885902,-0.10652829653025367,-0.005079451488704256,0.0,1,0.09,6.7,260.911
2020-11-24,87.47205352783203,87.59999391838477,85.33124637413032,85.66697261307304,27984000,0.0065022428315444835,0.10956266252309987,54.326251177225,2.2795960031359783,0.05840528571347383,-0.11690994204684328,0.021035575072602564,0.0,1,0.09,6.7,260.911
2020-11-25,87.48344421386719,87.79338256520208,86.70140982396333,87.6659416054076,19600000,0.005663523332488697,0.10619954797454859,50.42402662794365,2.2154249183752057,0.047800180647994725,-0.09219757552338531,0.0001302208599862631,0.0,1,0.09,6.7,260.911
2020-11-27,88.61856079101562,89.11397029438973,87.50377401389918,87.50377401389918,14790000,0.016151858565496804,0.1163529452612429,56.42684885129769,2.230452029991852,0.02641279321572625,-0.0829811181274899,0.012975215909120541,0.0,0,0.09,6.7,260.911
2020-11-30,87.00094604492188,88.28731141843316,86.67563180881602,88.05473655890232,32418000,-0.0013824991735392443,0.09183780762460154,48.557050991345534,2.0877666587211365,0.039217808819096936,-0.05176929790286748,-0.018253678819141306,0.0,1,0.09,6.7,260.911
2020-12-01,89.03215026855469,90.33934712767135,87.42890021723332,87.60891569180329,37350000,0.020692905522444176,0.1122726481573139,61.06332250781203,2.1142172984003196,0.009449559778828595,-0.057816473462922346,0.023346921108007512,0.0,1,0.09,6.7,262.045
2020-12-02,90.5005111694336,90.88583053694929,88.52682579597574,89.03214790983743,29424000,0.03380570684122978,0.12552445803990206,63.85242791693259,2.2279812925392974,-0.010279135323468186,-0.05992745486815318,0.016492479362227863,0.0,0,0.09,6.7,262.045
2020-12-03,90.34529876708984,91.4357808641382,90.10527814356266,90.28082916707561,24728000,0.02730725633679372,0.11790683336962723,64.14507583664869,2.2793409106374014,-0.0027041851564411712,-0.06001598626432723,-0.001715044482490935,0.0,1,0.09,6.7,262.045
2020-12-04,90.44052124023438,90.72516363204076,89.93618277474572,90.26497019974981,20544000,0.024623535414749875,0.11360618732539844,60.22642288742033,2.3012006273965966,0.001361624676516736,-0.06276250132635114,0.0010539837096561477,0.0,0,0.09,6.7,262.045
2020-12-07,90.10677337646484,90.71474746268916,89.41300629000888,90.03337488446918,22288000,0.01623775930186709,0.1043989710991386,58.37357414505626,2.265478916324355,0.008755649237070432,-0.05982262156460165,-0.003690247017517856,0.0,0,0.09,6.7,262.045
2020-12-08,89.82411193847656,90.0542124428041,88.82983471238774,89.68476829721273,19936000,0.008325712997429745,0.09623485973382197,59.930448412727706,2.1891259064273925,0.014631607746661831,-0.056810163079663585,-0.003136961045173914,0.0,0,0.09,6.7,262.045
2020-12-09,88.16433715820312,90.66914052610545,87.3778381473798,89.77601694763241,31728000,-0.011074704360494457,0.07193247998132553,57.08855144253336,1.9719541822250335,0.033640715732968424,-0.03670369425575618,-0.018478053881682333,0.0,0,0.09,6.7,262.045
2020-12-10,87.65800476074219,88.02199315546525,85.96598802674157,87.40757214922617,28688000,-0.016946637630589397,0.06190850098204016,51.78162383822235,1.738941794722308,0.039473467186435025,-0.029846485705066306,-0.0057430522792041305,0.0,1,0.09,6.7,262.045
2020-12-11,88.0125732421875,88.13704799737961,86.91861796512762,87.27864133152798,18628000,-0.012299043010112634,0.06254115602663346,58.01154671878388,1.5648498965409203,0.03504419266491019,-0.031711325698381934,0.004044907049995938,0.0,0,0.09,6.7,262.045
2020-12-14,86.89482116699219,88.75643400751298,86.73960226706616,87.81025930441976,33050000,-0.024726608449167832,0.04533384336949192,54.871834709379534,1.3214546552545414,0.04839052885885488,-0.020429607383788087,-0.012699913592113199,0.0,1,0.09,6.7,262.045
2020-12-15,87.33219909667969,87.47699842212751,86.36965738505812,87.27169452904377,21352000,-0.017943927860354498,0.04711914391781372,49.376002919316434,1.1505916126804152,0.042999505945038624,-0.02593038640199766,0.005033417686043151,0.0,0,0.09,6.7,262.045
2020-12-16,87.1393051147461,87.73042031668035,86.73614304202297,87.73042031668035,24676000,-0.016395304759545953,0.04101608609105762,48.489006295611695,0.9882248472879667,0.04532705030301735,-0.024047261259121756,-0.0022087384026601153,0.0,0,0.09,6.7,262.045
2020-12-17,86.31211853027344,87.61138514053775,85.84796015899582,87.4735246334331,34880000,-0.021276680416366756,0.027707817625576055,39.59178277257748,0.7837662027372119,0.05535048971474525,-0.014706897886438437,-0.00949269199913183,0.0,0,0.09,6.7,262.045
2020-12-18,85.60348510742188,86.7014130032397,85.04708672490963,86.59281350662172,85256000,-0.02395864867027847,0.016356137758992573,43.13012142906436,0.5581168354943458,0.06520453487554025,-0.00954235534608374,-0.008210126630167403,0.0,1,0.09,6.7,262.045
2020-12-21,86.0170669555664,86.13806852719698,84.00569107154372,84.75599010453729,33974000,-0.014648302871008455,0.018578489956466396,32.37475013357428,0.40795799906780417,0.060162850395995456,-0.01448949523095783,0.0048313669428941,0.0,0,0.09,6.7,262.045
2020-12-22,85.30594635009766,85.9203673555766,84.58986465657318,85.75771025470374,20370000,-0.017710373204786134,0.00831469751018086,16.68470591458987,0.22893552337919232,0.06947592958091517,-0.007176284488487295,-0.00826720359851485,0.0,1,0.09,6.7,262.045
2020-12-23,85.70316314697266,86.49065326644407,85.35454302432285,85.48992918586241,22974000,-0.010331723139055511,0.011099528141102249,21.1240681646902,0.11775360715303407,0.06521735380017758,-0.01454002299267128,0.004656378762212032,0.0,1,0.09,6.7,262.045
2020-12-24,85.99723815917969,86.40635530459163,85.51075748898015,85.74134982606715,9312000,-0.005027704729362196,0.012546280809139035,23.028259681557557,0.05276232211311083,0.061862062018126905,-0.019925402221093194,0.003431320401823701,0.0,1,0.09,6.7,262.045
2020-12-28,87.97091674804688,88.61757255277705,86.3770950854727,86.5303238857838,27650000,0.017856451475108805,0.033148682780866266,39.18756599635866,0.1586863899588593,0.03744485674521408,-0.04205643380797363,0.02295048807513944,0.0,0,0.09,6.7,262.045
2020-12-29,87.16755676269531,88.69046939494899,87.03614320674384,88.62898113815957,19726000,0.008243109052788621,0.021452561314452053,37.225093702213336,0.17578124325771682,0.047022554089363955,-0.033052948586593286,-0.009132108826970908,0.0,0,0.09,6.7,262.045
2020-12-30,86.10086822509766,87.66345379664646,85.69175114215045,87.52658454559963,21026000,-0.0026745460477209564,0.006539486305734551,39.47689307605453,0.10207947867486666,0.058571291317002415,-0.02305544444458401,-0.012237219640119146,0.0,1,0.09,6.7,262.045
2020-12-31,86.91366577148438,87.15467009608656,86.09294200196078,86.1514640567951,21070000,0.007003461713954875,0.013672361683494557,46.31913737681663,0.10801118273140276,0.0436121957229604,-0.031258952888635665,0.009440062140393168,0.0,0,0.09,6.7,262.045
2021-01-04,85.59902954101562,87.402120207572,84.65731177627322,87.27864427300177,37324000,-0.007408160247243651,-0.00327595799290522,39.09970243222719,0.006556366296933902,0.054496428842547254,-0.01678208588168834,-0.015125771290388612,0.0,1,0.09,6.4,262.687
2021-01-05,86.28932189941406,86.62553994719731,85.14130899599806,85.547452346587,20360000,-0.00019877368499482395,0.0032164462655465227,47.155554918391196,-0.017939684841280723,0.03920733256810896,-0.02260497117723337,0.008064254490965705,0.0,0,0.09,6.4,262.687
2021-01-06,85.4378433227539,86.48370355886428,84.10982268304107,84.31611781252735,46588000,-0.009399713073346187,-0.007711638761781781,41.43417690863541,-0.1048515237875165,0.04275455410685892,-0.011519324488344524,-0.00986771662955832,0.0,1,0.09,6.4,262.687
2021-01-07,87.98976135253906,88.1623310238462,85.6302573853082,85.6302573853082,41936000,0.017023543820690712,0.01969444336582555,53.16940272918185,0.031821852904570846,0.006955149354523664,-0.03671543536525074,0.029868708414664935,0.0,1,0.09,6.4,262.687
2021-01-08,89.1546401977539,89.23051304839001,87.33913991776798,88.12961137899272,35484000,0.026393057695116875,0.030836772142896398,60.333168590606554,0.2314642997556291,-0.0033860666031835743,-0.05100625486864912,0.013238799916136301,0.0,0,0.09,6.4,262.687
2021-01-11,87.09467315673828,88.48766315068418,86.88887738798617,88.12267587614072,34796000,0.0014124741567037886,0.004191744484754271,54.93584883932942,0.2209136972957424,0.019435086899199917,-0.028456613707124493,-0.023105550495705174,0.0,0,0.09,6.4,262.687
2021-01-12,86.15939331054688,87.67040339276643,85.11552300350571,86.55264274953645,29528000,-0.00727361598330864,-0.008638747066624488,50.455374740091,0.13552080225581165,0.0284723631883301,-0.01803223894945972,-0.010738657282842623,0.0,1,0.09,6.4,262.687
2021-01-13,86.6463623046875,87.09961684355385,85.6580252706393,85.6580252706393,23432000,-0.0010628906897319694,-0.004525388843617936,54.35108544959143,0.10591966975134426,0.02249820415470313,-0.02364388530464939,0.005651954771610734,0.0,0,0.09,6.4,262.687
2021-01-14,85.8365478515625,87.65303914635119,85.59603541168373,86.72668980185412,29212000,-0.010097504019059733,-0.01502572255892837,50.42168090600494,0.016920254351830977,0.031227628911539244,-0.015257803562727433,-0.009346202559287198,0.0,0,0.09,6.4,262.687
2021-01-15,85.67292022705078,86.66472309453243,84.8839469178489,85.74234612510028,31444000,-0.010568768976552987,-0.0178195090189905,48.96617807642826,-0.06605437168407491,0.03248393842213046,-0.014375399179196582,-0.001906269865310506,0.0,1,0.09,6.4,262.687
2021-01-19,88.49211883544922,89.45267807678509,85.93128331929772,86.43561418775866,41660000,0.018586667714159625,0.01405535020511245,51.57644737091084,0.09458311082880755,0.0030372689118481873,-0.04675851549523462,0.03290653103602614,0.0,1,0.09,6.4,262.687
2021-01-20,93.23291778564453,94.2073620261897,90.229739627473,90.5699226534727,64152000,0.0646464416956241,0.0669557722478189,64.81644176087389,0.5975442101256618,-0.028198117540135917,-0.10681471569329466,0.05357312055111718,0.0,1,0.09,6.4,262.687
2021-01-21,93.43526458740234,95.81211977776022,93.20020779390293,93.90637699930275,58634000,0.05730135757294468,0.06776354174469215,68.70637344641212,1.0009340560383464,-0.015864549282990505,-0.11524776976793775,0.0021703364708915984,0.0,1,0.09,6.4,262.687
2021-01-22,93.85231018066406,94.43896084883245,93.05589117003073,93.79776072604933,32744000,0.05502159476006314,0.07093766994779512,68.06162379094272,1.33884217003596,-0.007822289559658519,-0.12248850408107047,0.0044634709935627015,0.0,1,0.09,6.4,262.687
2021-01-25,93.9375991821289,95.30331799676104,92.19599688493652,94.8530372036717,50586000,0.050333063858560206,0.07001499546630648,73.18987104349571,1.5951312147944066,0.001771851553583388,-0.1250143393845344,0.0009087576139645837,0.0,1,0.09,6.4,262.687
2021-01-26,94.61549377441406,95.00229620820357,93.03753991216796,93.52649487258525,31462000,0.04909074837720521,0.07578338519527285,73.17137074685783,1.8318264029236815,0.0051188143979009814,-0.13269905063171947,0.007216435146174316,0.0,0,0.09,6.4,262.687
2021-01-27,90.20149993896484,93.25278160125363,89.12737718111522,92.9770605069991,82512000,-0.004313871188574734,0.02471641732262885,61.063337127531845,1.644282367970078,0.05589938272064482,-0.08938021240942393,-0.04665191354360243,0.0,1,0.09,6.4,262.687
2021-01-28,91.90045928955078,93.62569478452592,90.79955747785893,90.79955747785893,55278000,0.008590493517409847,0.04306586593202963,59.45706596882054,1.614137418489392,0.040142483461141285,-0.10482822661815248,0.018835156308216083,0.0,0,0.09,6.4,262.687
2021-01-29,90.61903381347656,91.61976549487935,89.33961486968028,90.94930432506192,44530000,-0.010665622470803587,0.027904665036514422,53.52142805510821,1.4699028768619655,0.056262634391482255,-0.08859559879562469,-0.013943624286325229,0.0,1,0.09,6.4,262.687
2021-02-01,93.87760925292969,94.99189672698161,91.47347570612914,91.47347570612914,40252000,0.01581080959703614,0.06329519249593754,65.42191960749825,1.6000909163198145,0.025803334542630313,-0.11901766536153686,0.03595906182535935,0.0,1,0.08,6.2,263.579
2021-02-02,95.16942596435547,96.6695245972113,94.53714717102395,94.87238152496506,66332000,0.022401926993335344,0.07576993937416733,70.15869710309934,1.786906343970955,0.018881731454849653,-0.12792234193194657,0.013760647738112919,0.0,1,0.08,6.2,263.579
2021-02-03,102.10014343261719,104.4675776467,99.85222011919001,102.43388711910048,97882000,0.08650827947957292,0.15024030496996177,76.83739824472144,2.4657858492116986,-0.026578715706046568,-0.19533757478442354,0.07282504226575393,0.0,0,0.08,6.2,263.579
2021-02-04,101.83979797363281,102.61686853209841,100.92088672711886,102.18642801251289,48596000,0.07413101528757499,0.143254715419759,78.33232479860823,2.94880307910573,-0.006863043100587615,-0.19440207244256646,-0.0025499029700795095,0.0,1,0.08,6.2,263.579
2021-02-05,103.58536529541016,103.9379504485251,101.6597824251192,102.13386099437315,29866000,0.08144022127453354,0.1581917909620804,80.03027816206748,3.432878323875528,-0.004201380580364006,-0.2123192919235158,0.01714032585010905,0.0,0,0.08,6.2,263.579
2021-02-08,103.37163543701172,104.8831449457621,102.32181757236562,104.13929285394818,28828000,0.06868317169477688,0.15170720194022613,77.3334559186273,3.755968759718911,0.013836631907503146,-0.212916520966038,-0.002063320989301065,0.0,0,0.08,6.2,263.579
2021-02-09,102.91887664794922,104.06539887651223,102.65158507922345,102.88961562155747,21892000,0.05494650162147654,0.1427324488101928,71.12028379573468,3.9301817190474395,0.030132190589814072,-0.20591409160334403,-0.0043799131855506435,0.0,1,0.08,6.2,263.579
2021-02-10,103.46883392333984,104.08375438993346,101.77086950936979,103.30320303558659,25102000,0.04635395000020915,0.14506265594887635,71.55154331022476,4.065756193834005,0.034485601133793904,-0.20323444670203303,0.005343599670950994,0.0,1,0.08,6.2,263.579
2021-02-11,103.5813980102539,103.8417432011322,102.59505097845204,103.6929788445471,20480000,0.03526309616161435,0.14211699711792178,71.17450048900852,4.134621579089199,0.04140115631230216,-0.1957905658715732,0.001087903310067917,0.0,1,0.08,6.2,263.579
2021-02-12,103.89282989501953,104.1144933325463,102.82861990262512,103.13608390402558,18990000,0.024780268812148027,0.14180904116547868,71.45548132158393,4.166301315277963,0.043424816136995135,-0.1859669574982097,0.003006639133551703,0.0,1,0.08,6.2,263.579
2021-02-16,104.669921875,106.37780657667602,103.73018651579002,103.73018651579002,31004000,0.02157039674833836,0.14677783212044992,71.57701227111589,4.205632647557877,0.038854724511146334,-0.17703759482752404,0.007479746011016308,0.0,1,0.08,6.2,263.579
2021-02-17,105.06265258789062,105.25208878200296,103.56156275847486,103.84074940988165,20294000,0.015597103989189256,0.1473804484057696,88.54498819240268,4.2198493021096795,0.03965043876935752,-0.1690208473419487,0.003752087570674245,0.0,0,0.08,6.2,263.579
2021-02-18,104.42739868164062,105.22977275348802,103.80851325413042,104.38723382023842,22546000,0.007190530432177,0.13696946280151007,84.3882796801965,4.1322227306518755,0.051917135851837104,-0.15918824027785838,-0.006046429350511362,0.0,0,0.08,6.2,263.579
2021-02-19,103.5843734741211,105.06067434938426,103.31758131898079,104.52559936877174,37938000,-0.002618570407347396,0.12449075216059537,86.46955485671144,3.949228702492178,0.06430454532062771,-0.14637369146774354,-0.008072835464278838,0.0,0,0.08,6.2,263.579
2021-02-22,101.87104034423828,103.16386022134958,101.5606101179122,101.83831369636844,29466000,-0.017493924494797357,0.1030061578720619,74.62498959969275,3.6241757104961465,0.0835693276438734,-0.1255100184883416,-0.016540459457534462,0.0,1,0.08,6.2,263.579
2021-02-23,102.16162872314453,102.77555788180933,98.69577487059935,99.87404002469421,34658000,-0.013540111517426354,0.10280976244932075,72.95672378448461,3.351384254565886,0.08145861406886422,-0.12091878774833585,0.0028525121361704375,0.0,1,0.08,6.2,263.579
2021-02-24,103.33642578125,103.56007930549984,100.54549736259403,100.66996455548863,22608000,-0.00259855082694229,0.11172832610167874,56.525174201155224,3.193182346383196,0.07096881833482034,-0.1242783506383837,0.011499396327060651,0.0,0,0.08,6.2,263.579
2021-02-25,99.97122955322266,103.29624888975523,99.50210731725423,101.95384362185172,41548000,-0.03181087628776095,0.07276406814956687,42.5720918073039,2.7643967380625725,0.09942821463477818,-0.07743639859944886,-0.032565440526760914,0.0,1,0.08,6.2,263.579
2021-02-26,100.26679229736328,101.98310623375514,99.23036023728218,100.66549742752122,40042000,-0.02582124614584651,0.07285676608043899,35.08911455862308,2.4205281557135976,0.08934717080906375,-0.064971635842195,0.002956478033345311,0.0,1,0.08,6.2,263.579
2021-03-01,102.63472747802734,102.96053353696968,100.88716997270484,101.5606048992847,26060000,-0.0015942976961160077,0.09460915330440203,47.22596224542313,2.312426196425207,0.05128067945389421,-0.061903246688228185,0.023616345216683765,0.0,0,0.07,6.1,264.961
2021-03-02,102.37784576416016,103.87844380430377,101.99055145272833,102.39569597381312,25564000,-0.0018676689434308257,0.08833196049204334,47.932842599405106,2.1808865053189663,0.04368339222730187,-0.04101149789701214,-0.002502873249428994,0.0,0,0.07,6.1,264.961
2021-03-03,99.74610900878906,102.94863663130721,98.88273841636625,101.7564937545508,33892000,-0.022458824720370852,0.057335199714972966,37.728463666876756,1.84303582091475,0.05984216071610524,0.00025727233849006097,-0.02570611576877302,0.0,1,0.07,6.1,264.961
2021-03-04,100.86288452148438,102.87921693682485,99.4495623869304,99.91769346862266,49216000,-0.008048885362998684,0.06572561543564409,41.595176014428176,1.6464222393211685,0.04854505465617743,-0.012482158957895185,0.011196181222436596,0.0,1,0.07,6.1,264.961
2021-03-05,103.99398803710938,104.44674319929116,100.55788705118852,102.21271269276662,53100000,0.022332582136229358,0.09465063291914673,50.26631760226986,1.7233922522612772,0.01826665855432345,-0.04143511652053214,0.031043168460624937,0.0,0,0.07,6.1,264.961
2021-03-08,99.55220794677734,104.82066100973701,99.43765332889343,103.34883204318703,36868000,-0.01909713895705208,0.04476263219510969,38.70595916904938,1.4097265600110944,0.06461152892263033,-0.0036298166087234108,-0.042711893006228574,0.0,1,0.07,6.1,264.961
2021-03-09,101.18173217773438,102.35007722648686,100.94568414890182,101.6473888421462,33920000,-0.002077691136519631,0.05842522244636578,41.878708767699266,1.2779023630252055,0.0467258152407321,-0.021100386009808295,0.01636853932790938,0.0,0,0.07,6.1,264.961
2021-03-10,100.97494506835938,102.2251105144304,100.13885303854282,102.2251105144304,27100000,-0.0017922879088577836,0.052962611447660714,42.64340579163534,1.1435624693336877,0.04847219030137476,-0.020623634639669527,-0.002043719799259436,0.0,1,0.07,6.1,264.961
2021-03-11,104.16606903076172,104.69817024362116,101.97964153853603,102.06741705146506,27702000,0.025501553317036758,0.0825829382238427,51.12674374545203,1.2798409602304588,0.017255361114170715,-0.05086052706177797,0.03160312650075703,0.0,0,0.07,6.1,264.961
2021-03-12,101.65978240966797,103.02896690019689,100.78798996708696,102.96946115627736,33818000,-0.0005431521288832987,0.05336240622579188,49.60298935111054,1.1720950792192468,0.04110456507686948,-0.028121125461374862,-0.024060489604859847,0.0,1,0.07,6.1,264.961
2021-03-15,101.87995147705078,101.90722241771358,100.55837778127369,101.41082924945039,26168000,0.0023652203222955448,0.05220307375781932,49.46924770606328,1.091884926204301,0.03712960962837323,-0.030472091050436842,0.0021657440352920165,0.0,1,0.07,6.1,264.961
2021-03-16,103.34039306640625,104.81767759960309,102.12047238189682,102.45272538765994,31900000,0.015772094906921028,0.06367720380430823,50.00739577223525,1.1331015436345808,0.020366196342715408,-0.043353997331299264,0.01433492623604593,0.0,0,0.07,6.1,264.961
2021-03-17,103.25757598876953,104.0896954073164,101.36819296395524,102.57571159931345,26382000,0.011466920916659868,0.058975217372946837,56.98066375522074,1.1458744366401703,0.01792699749890297,-0.041077278450600295,-0.0008014008383294691,0.0,0,0.07,6.1,264.961
2021-03-18,100.23853302001953,102.58960018110442,100.13141662467372,101.56952763068206,31700000,-0.017505447125537126,0.025079993746687245,49.94619823104896,0.901987954318173,0.04539207000866996,-0.013181328495106595,-0.029237980262856067,0.0,1,0.07,6.1,264.961
2021-03-19,100.51721954345703,101.01708592464301,99.32556866080017,100.65458821260705,46072000,-0.011404971066640755,0.024769406071275816,45.62012533676048,0.7228611400743858,0.040360884898037394,-0.01683587050144542,0.002780233459540371,0.0,1,0.07,6.1,264.961
2021-03-22,100.70220947265625,101.57747521012381,99.8745468228633,100.55046375333875,33536000,-0.01070450873846299,0.0240011004735613,46.52375861862659,0.5890389165422931,0.03819372547578912,-0.019546606399236173,0.001840380484452675,0.0,1,0.07,6.1,264.961
2021-03-23,101.2298355102539,102.35949880770968,100.56880265494154,101.1614008768052,28510000,-0.005568119779618309,0.02684463977937665,53.37254193328202,0.5195695772694648,0.03227027737579795,-0.025065141744116032,0.005239468333025243,0.0,0,0.07,6.1,264.961
2021-03-24,100.79344177246094,102.53256214622269,100.61838259998439,101.74705457606407,25218000,-0.009678462010748914,0.019584444168638852,49.83711711247402,0.42440897536830846,0.034483579897554927,-0.02111104547637683,-0.004310920151092801,0.0,0,0.07,6.1,264.961
2021-03-25,100.78997802734375,101.44357268903416,98.98638031979517,100.62087395330168,35616000,-0.006416682547310263,0.016540509551870072,41.19251570622872,0.34474006856611084,0.034241032076444515,-0.019986974924175175,-3.4364786600016295e-05,0.0,0,0.07,6.1,264.961
2021-03-26,100.4066390991211,101.1336246171234,99.37119076934293,100.75674230960178,27978000,-0.008971360764919823,0.00987120885625305,53.023316837082334,0.2478130040786226,0.038132887670604645,-0.016049401322556656,-0.0038033437026711026,0.0,1,0.07,6.1,264.961
2021-03-29,101.45100402832031,101.6206075032876,99.45053959162658,100.27919338600256,26492000,0.0017608013359577273,0.017180327999671025,50.99395079529582,0.2523600789139664,0.026354712412133413,-0.026253910645530676,0.010401353322544882,0.0,1,0.07,6.1,264.961
2021-03-30,101.48472595214844,102.28808372412591,100.97295690505184,101.80755821783723,27312000,0.003933337159837809,0.014302401641264397,51.906083904433935,0.2557367715955934,0.02522594399291883,-0.02666980056397381,0.0003323961566581435,0.0,1,0.07,6.1,264.961
2021-03-31,102.28064727783203,103.45792116829037,101.51100739464236,101.87797712697532,42570000,0.012785734034101447,0.019447514861133358,41.41215113579815,0.3189602488611314,0.01755590332672416,-0.03207397935001166,0.00784276962090713,0.0,1,0.07,6.1,264.961
2021-04-01,105.6160888671875,105.91214206933007,103.71431119831864,103.7549754771254,39880000,0.04027404242088276,0.050100219615663605,66.75489550504656,0.6309345501560983,-0.0070103674618447395,-0.06571038028984937,0.03261068127868971,0.0,1,0.07,6.1,266.614
2021-04-05,110.03852844238281,110.53592048261828,106.38125583923181,106.47746082606572,48510000,0.07376336363747565,0.09047054341094696,75.48171345156607,1.22095592554345,-0.029176600052343845,-0.11550823254454848,0.04187278304498232,0.0,0,0.07,6.1,266.614
2021-04-06,109.55750274658203,110.48682596318324,109.18706739203486,109.63982255502079,35240000,0.05991073583438122,0.08233460508952045,70.68333335871512,1.6309369370731588,-0.012116432278827815,-0.11528995108498048,-0.0043714297401991065,0.0,1,0.07,6.1,266.614
2021-04-07,111.03380584716797,111.30506244729017,109.74793242768109,109.74793242768109,24134000,0.0641003833457724,0.09322638978921347,73.67516134247344,2.051328724078232,-0.010924289551679251,-0.13250701867044828,0.013475143769941411,0.0,1,0.07,6.1,266.614
2021-04-08,111.59912872314453,112.65837480867786,111.23116773698662,112.27206420107896,28664000,0.05855609855491581,0.09512996542050588,90.66348070673693,2.40241552481163,-0.0029703800003133265,-0.14034571573456883,0.005091448245543306,0.0,1,0.07,6.1,266.614
2021-04-09,112.60284423828125,112.76649260885407,110.94603596033518,111.35168748380296,26146000,0.056241593598067074,0.10014269710407225,91.12415958412882,2.730174050527495,0.0007222381249908835,-0.15309587523516302,0.00899393684001537,0.0,0,0.07,6.1,266.614
2021-04-12,111.3110122680664,111.91947814319695,110.4778940603642,111.78211703998792,25024000,0.0335521480196007,0.08341211308718931,83.57022525212972,2.852799700680592,0.021218151613814493,-0.14347845382446828,-0.011472463053252668,0.0,1,0.07,6.1,266.614
2021-04-13,111.7974853515625,112.24578362522868,111.23314936962267,111.62689819177633,25682000,0.028191364005635804,0.08367938724503346,83.52732270462316,2.955170359732648,0.025351810432013143,-0.14691188609983902,0.004370394928441934,0.0,0,0.07,6.1,266.614
2021-04-14,111.17662048339844,112.44216174007808,110.88453990540746,112.44216174007808,21002000,0.013447909601494286,0.07405915995234644,82.56093044354549,2.952170455150849,0.037720693820312415,-0.14174218908161304,-0.005553477935676843,0.0,1,0.07,6.1,266.614
2021-04-15,113.32585906982422,113.8589591031954,111.63583238423234,112.1704155210859,29174000,0.022742216325867343,0.09099525313902192,84.64864094322745,3.0876263663739962,0.027310489287111186,-0.15840508047281546,0.019331749580809632,0.0,0,0.07,6.1,266.614
2021-04-16,113.2018814086914,113.77167310788025,112.61523075801729,113.5237224246354,26282000,0.01467684646283189,0.08747718333871521,85.8799245902397,3.148676211414326,0.035296409795350106,-0.15289266207258886,-0.0010939926875509487,0.0,1,0.07,6.1,266.614
2021-04-19,113.54951477050781,114.26014079100582,112.57854354901255,112.57854354901255,30290000,0.01459983937552104,0.0883681285070724,85.30574732297433,3.1883563728709987,0.0382316045892578,-0.15011366970418422,0.003070915054506518,0.0,0,0.07,6.1,266.614
2021-04-20,113.01643371582031,114.00773717593974,111.93090777210926,113.93285557478146,22288000,0.006725149821426821,0.08130364478285344,82.69872119929319,3.1405852884773964,0.04718074394368715,-0.13926088954267282,-0.004694701300704818,0.0,0,0.07,6.1,266.614
2021-04-21,112.98369598388672,113.06551638343237,111.32093263815867,112.67127568827584,23204000,0.00468846734726643,0.07900580571758087,81.7219730860584,3.0647560980036417,0.05058273409402941,-0.13170690055524661,-0.0002896723145229263,0.0,0,0.07,6.1,266.614
2021-04-22,111.7027816772461,113.50587995571698,111.09778136352259,112.83740129654701,24146000,-0.006793392644494895,0.06498616971248256,70.54155584336,2.8682385699175086,0.06253608869261927,-0.1118897885187322,-0.01133716060079415,0.0,1,0.07,6.1,266.614
2021-04-23,114.05384826660156,114.36081286616997,112.13570353718127,112.42084532744272,29066000,0.012804462021751728,0.08521112714239014,65.75353536804825,2.86913483771977,0.041648824827263946,-0.11958299229742612,0.021047520518769458,0.0,1,0.07,6.1,266.614
2021-04-26,114.54974365234375,115.27376298428891,113.92441123580916,114.28146082870616,32038000,0.014290928192558972,0.0876593010366105,69.5635197072392,2.876698954801043,0.035950339337724,-0.10985859751141812,0.004347905776778571,0.0,0,0.07,6.1,266.614
2021-04-27,113.61001586914062,114.97225396912138,113.37098650498807,114.93158969348886,44386000,0.004358108925218307,0.07674957148473541,60.53881805839484,2.7748783236000634,0.04099784703142188,-0.08827198246756048,-0.008203665527660942,0.0,1,0.07,6.1,266.614
2021-04-28,116.98512268066406,120.57247005777245,116.69650771409113,118.6444052488308,81106000,0.028911996340399333,0.10615528751571571,67.91477884940889,2.9327210696057335,0.009128381236699542,-0.09949020661299712,0.02970782800885252,0.0,1,0.07,6.1,266.614
2021-04-29,118.65729522705078,119.22262247919515,117.71954253961522,118.48224361950828,41234000,0.03874833110591491,0.11908949577868586,69.28080469404861,3.1563583977309833,-0.00630752641112426,-0.09716415227203765,0.014293890608220838,0.0,0,0.07,6.1,266.614
2021-04-30,116.71039581298828,118.1162720240264,116.36624012534263,117.43044257709242,44856000,0.018576331256176342,0.09818338738111748,66.50603185205986,3.1402947169610798,0.008500145099229976,-0.07082912575059924,-0.016407751502653944,0.0,0,0.07,6.1,266.614
2021-05-03,116.19366455078125,118.10139729687744,115.81777346888248,117.2762166409626,28242000,0.01173189567392555,0.0907329788504771,63.41439793793697,3.050701650233563,0.015365548532208772,-0.06378009754343265,-0.0044274655964239296,0.0,0,0.06,5.8,268.383
2021-05-04,114.3960189819336,115.29657305551342,111.9090738290094,114.72926326113381,44818000,-0.005115824523974847,0.07133888150100547,59.16537611940947,2.8023398955932777,0.030365250326516765,-0.043882513599474086,-0.015471115192016494,0.0,1,0.06,5.8,268.383
2021-05-05,114.78976440429688,115.79297039823858,114.46792338467594,115.47708449305684,26636000,-0.003257075911494551,0.07248962315891064,54.6304621991709,2.607228869148045,0.02713738246380191,-0.04419653495124623,0.003441950391870341,0.0,1,0.06,5.8,268.383
2021-05-06,115.90950012207031,115.90950012207031,113.71216140342943,114.3712116819427,25190000,0.0028028001929369436,0.08041305191369884,58.05690571486301,2.51397574193615,0.018758961744623045,-0.051255438622343455,0.009754665179289468,0.0,1,0.06,5.8,268.383
2021-05-07,116.63252258300781,117.59060737920674,116.34638956282501,117.22562773950987,28898000,0.0068119389165578895,0.08378617064487386,58.97345819761611,2.469941884258745,0.015039925293685436,-0.056278229769216724,0.006237818817060203,0.0,0,0.06,5.8,268.383
2021-05-10,113.64820098876953,115.59461543086714,113.29065197517465,115.45278230823058,30914000,-0.0181856589865153,0.05343514108547437,51.60921090424178,2.169229396973847,0.040790906060829024,-0.028536998208322527,-0.025587387875575907,0.0,0,0.06,5.8,268.383
2021-05-11,112.57258605957031,113.07939883944981,110.78039927471382,111.23415327092532,34186000,-0.026605570206093172,0.04154610831255222,49.00566467584318,1.8231038425327881,0.050268665047998484,-0.018099425284754313,-0.009464425480043559,0.0,0,0.06,5.8,268.383
2021-05-12,109.11070251464844,111.47764498191353,108.78192267103177,110.39707540750636,46376000,-0.05007190671375044,0.008259839110545973,44.32894013379567,1.2549850901133368,0.08674486957353378,0.00800797837279401,-0.030752456402573403,0.0,1,0.06,5.8,268.383
2021-05-13,110.53840637207031,111.05414048585153,109.43154957142508,110.39359947423983,33204000,-0.03079144621033971,0.019419527253343748,41.98493200057333,0.9094668870706073,0.07416808891811005,-0.008992580635328396,0.01308491123710076,0.0,1,0.06,5.8,268.383
2021-05-14,112.98517608642578,113.29957888960938,111.577809256897,112.00131096781348,31996000,-0.006091594556561655,0.0396598111750498,46.72425299690972,0.823581356064679,0.050901768544974475,-0.030640819822110185,0.022135018901210612,0.0,1,0.06,5.8,268.383
2021-05-17,113.50785827636719,113.55050506879931,111.85105006420112,112.25074645700623,21598000,0.0008710470360219665,0.042643848028662036,49.78231026201455,0.7886020252027919,0.04605427802918182,-0.03513294757102365,0.004626112982658803,0.0,0,0.06,5.8,268.383
2021-05-18,112.19619750976562,114.43817329757108,112.18231233154226,114.17385549892235,22204000,-0.008771993562704807,0.02820699959876257,38.81123044486702,0.6475757415769152,0.058416237780341176,-0.024716746831884125,-0.011555682456874106,0.0,1,0.06,5.8,268.383
2021-05-19,112.64400482177734,112.81707393353265,110.35988904981882,110.50816157713805,23684000,-0.0029255333391720994,0.030146645671831545,35.098077622632005,0.5654278036079887,0.05422956718862423,-0.028916449045243,0.003991287779362862,0.0,1,0.06,5.8,268.383
2021-05-20,114.4019775390625,114.65240260155116,113.24007940429303,113.61101419771367,32352000,0.013988314324059324,0.0436605061956022,44.22528652269756,0.6348604016937429,0.03804204358708768,-0.041491764078646895,0.01560644723229232,0.0,0,0.06,5.8,268.383
2021-05-21,113.76622009277344,114.99407844296304,113.52669887961433,114.92067995406296,40632000,0.010921613458600262,0.036045917501903606,43.963479974015094,0.6313085907840872,0.04375011414960045,-0.036295377336578886,-0.005557224271512173,0.0,1,0.06,5.8,268.383
2021-05-24,117.08428955078125,117.30793548139798,114.6504034623796,114.79570218885485,31832000,0.0372388380724778,0.063275782311997,56.215152358606545,0.8860207345474151,0.016787986213813087,-0.06405809493977946,0.029165682531264725,0.0,1,0.06,5.8,268.383
2021-05-25,117.17506408691406,118.22289952506421,116.78478838485907,117.62781931418124,22440000,0.033827782980449035,0.06115226614047095,55.593051754056425,1.08272570209283,0.018835142520565635,-0.06457551731294278,0.000775292197451094,0.0,1,0.06,5.8,268.383
2021-05-26,118.0398941040039,118.4703345881257,117.35306590917634,117.35603968275917,21572000,0.03331747375647877,0.06614575847270898,55.055785922270154,1.2934898153268364,0.012953116774410267,-0.07211798042083625,0.0073806660472433006,0.0,0,0.06,5.8,268.383
2021-05-27,117.1656265258789,118.47331515824983,116.84725869661128,118.47331515824983,35224000,0.019748147961631664,0.0555972503426173,51.25612873975817,1.3741356264110038,0.018019432656613908,-0.06397528261897352,-0.007406543226434081,0.0,0,0.06,5.8,268.383
2021-05-28,116.87651824951172,117.82963927117555,116.67816071964592,117.74781887099097,21482000,0.013798348588690118,0.049845130350867455,58.71345284535701,1.3985972326908467,0.02075271105367413,-0.061732860263435746,-0.002467517862871915,0.0,1,0.06,5.8,268.383
2021-06-01,118.08304595947266,118.3076907432192,116.74907000230994,117.74881041841671,23354000,0.020215100503215337,0.05734611052562163,64.76874599990595,1.498071103560065,0.012907565329119415,-0.07230419063672147,0.010323097642121803,0.0,0,0.08,5.9,270.654
2021-06-02,117.5578842163086,118.70093322748687,116.65384943203411,118.47827097273424,21158000,0.010994476444573055,0.04947572770187282,76.8691760021317,1.5170411926375493,0.020239894302787012,-0.06827771383242857,-0.004447393263756982,0.0,0,0.08,5.9,270.654
2021-06-03,116.41682434082031,116.88495540624525,115.52122648995612,116.3250837880577,18696000,-0.002056547586639396,0.036478637957329106,69.04564155347984,1.4235908599084723,0.03140459776894135,-0.05891263794933084,-0.009706366213504736,0.0,1,0.08,5.9,270.654
2021-06-04,118.69747161865234,118.96823639262553,117.15224415049533,117.49243481948021,24458000,0.01376068733949595,0.05342525116292339,68.70880784892263,1.5160835061739135,0.014980542505478072,-0.07803914001034944,0.01959035810112142,0.0,1,0.08,5.9,270.654
2021-06-07,119.13037872314453,119.23997703743203,118.07411399726047,118.49265182934205,24120000,0.012817925357603444,0.053836613958394265,68.52370852710683,1.605805849832251,0.014576632567376893,-0.08257712723082025,0.0036471468059826595,0.0,0,0.08,5.9,270.654
2021-06-08,118.93897247314453,119.98433347180782,118.75747389251524,119.61191557625074,24240000,0.00959869304710249,0.04870495772944954,73.9848902537849,1.6425324769169123,0.02015312894670052,-0.08059618545454876,-0.0016066955553362128,0.0,1,0.08,5.9,270.654
2021-06-09,119.41007232666016,119.65504166013505,118.86259530140607,119.58314141281689,17942000,0.011678251153156344,0.04953488675441479,74.02792829894226,1.6901691961164858,0.01994003368211394,-0.08230902793352413,0.003960853568177436,0.0,1,0.08,5.9,270.654
2021-06-10,120.75843811035156,120.80158431684347,119.20378994220064,119.35950068179913,25904000,0.020750986855041426,0.057802223639743425,73.24970196768302,1.815792167452031,0.009777180027437452,-0.08413591025636642,0.011291893199786296,0.0,0,0.08,5.9,270.654
2021-06-11,120.51396942138672,121.08524430564806,119.95657214998066,120.9999507112616,21958000,0.015809489580523292,0.05229934766795882,75.40818114699232,1.874020159350735,0.012810231987599018,-0.07498518544260825,-0.002024443946032517,0.0,1,0.08,5.9,270.654
2021-06-14,121.44178771972656,121.44227956527116,119.90895486343989,120.61610768688743,22098000,0.019706163189047648,0.05747825767077518,70.00973955450297,1.9722980211406593,0.009199341327815967,-0.07921581615463993,0.007698844397827864,0.0,0,0.08,5.9,270.654
2021-06-15,120.42418670654297,121.76906634678457,120.06366395354094,121.44623409294725,21562000,0.009177887638656363,0.0467240834056432,63.74967633120697,1.9456438659797612,0.019695117115131548,-0.06765965946652402,-0.008379331631152342,0.0,0,0.08,5.9,270.654
2021-06-16,119.7824935913086,120.88686840654948,118.49067266185558,120.5754393849675,26472000,0.0019325074666163263,0.03929914063719007,57.51630244490603,1.8513992068352394,0.02367664728122251,-0.05485044449348776,-0.005328606592943763,0.0,1,0.08,5.9,270.654
2021-06-17,120.74554443359375,121.51815815207105,119.51223788888802,119.70812106140869,25842000,0.0063442693854037,0.045892471889573,65.32378950008524,1.8332868008292564,0.014327691748914597,-0.054494994906431504,0.008039996608945499,0.0,0,0.08,5.9,270.654
2021-06-18,119.12642669677734,120.60619327255783,119.03121296167414,120.37212775019057,46116000,-0.007504966546750633,0.030523920719611124,58.64622767637248,1.6690436228069814,0.026552136403004068,-0.036116282078919884,-0.013409337333410876,0.0,1,0.08,5.9,270.654
2021-06-21,120.81397247314453,120.99993548875224,118.91566055698493,119.51273077628596,27414000,0.005144831823086177,0.04363969759164823,60.120582487378535,1.655961666370871,0.009948211069158863,-0.04148147444499409,0.014166006848024049,0.0,1,0.08,5.9,270.654
2021-06-22,121.32772827148438,121.39666231815684,120.07161525109758,120.75198899495656,22390000,0.007417032315645787,0.04626709004382424,63.98254364513185,1.6678242808098958,0.007868630286851065,-0.04423975996144403,0.004252453485494412,0.0,0,0.08,5.9,270.654
2021-06-23,121.12589263916016,122.08645184131146,120.83579457394919,121.09266658134959,19148000,0.00431030332762707,0.042848760373126925,68.77422337671818,1.6420109592783234,0.011027299672387596,-0.04086462296856656,-0.0016635573351591049,0.0,1,0.08,5.9,270.654
2021-06-24,121.4958267211914,122.04676934961249,121.29746921451058,121.69418422787221,21362000,0.0067620593472247185,0.044178364398514754,63.16179288547081,1.632584882465153,0.010053084410568208,-0.04304473053315484,0.0030541288404231093,0.0,1,0.08,5.9,270.654
2021-06-25,121.50426483154297,121.62774832820787,120.5685022175003,120.99993398696205,34594000,0.006006454349314044,0.042784976420673616,61.629706265352404,1.6072679492354212,0.011142956130553114,-0.04070043475628299,6.945185344453542e-05,0.0,1,0.08,5.9,270.654
2021-06-28,121.53155517578125,121.77851462630447,120.41032128479314,121.67288132884134,28526000,0.006157625923427734,0.041530058636460615,62.908677606522275,1.5712933087897056,0.011189322574420079,-0.03735895976817467,0.00022460400279866732,0.0,0,0.08,5.9,270.654
2021-06-29,121.27020263671875,122.0125716067318,120.69347211365788,121.66494274006068,23108000,0.0032911725100306217,0.037916749194912565,59.45931475439093,1.5043529371330635,0.01402790989580609,-0.033315549479457134,-0.0021504911928798,0.0,0,0.08,5.9,270.654
2021-06-30,121.08869934082031,121.2548296268427,120.35972373185534,120.99447687115277,24474000,0.0007081478209727773,0.03493328124612645,51.905630608421255,1.420284258388719,0.015076098051100262,-0.02847890000768379,-0.0014966850219765293,0.0,1,0.08,5.9,270.654
2021-07-01,121.44080352783203,121.58212967815209,120.5352855601365,120.72719613594724,18110000,0.0030416996687096303,0.03644435442220024,55.28228541612314,1.366320992143926,0.008614348272570998,-0.02364009134046327,0.0029078203740604547,0.0,1,0.1,5.4,271.903
2021-07-02,124.23072814941406,124.37602688380984,122.0507477211,122.14050574564968,25982000,0.021777398839932422,0.0579927220788785,63.11190341255551,1.5310295597177372,-0.008367943643432662,-0.04678155120308687,0.022973535587177185,0.0,1,0.1,5.4,271.903
2021-07-06,125.15560150146484,125.39164954584159,123.56127270190933,124.61853639495152,26404000,0.025721562330908707,0.0638575907981465,72.43989069456426,1.716406174251489,-0.008779134652483568,-0.055928207495763944,0.007444803438151126,0.0,1,0.1,5.4,271.903
2021-07-07,125.43726348876953,126.240621316996,125.1188956447412,126.11962731057842,24060000,0.024579161856234086,0.06428187533509908,77.76740450133596,1.8645528407594867,-0.005231787895505959,-0.058640629106712694,0.0022504944559065265,0.0,0,0.1,5.4,271.903
2021-07-08,124.01898193359375,124.56595957690325,123.005363941043,123.0093289727932,23790000,0.010606395506927269,0.05039303609475026,65.38613807417948,1.8462344315906591,0.00839218325431149,-0.04640674406284447,-0.01130670038335746,0.0,1,0.1,5.4,271.903
2021-07-09,124.48958587646484,124.70381107829633,123.53050984041758,124.00013149635579,18632000,0.011972491607709128,0.05304024737225783,78.25956216492624,1.848383748264709,0.007647361667013288,-0.05008159584062476,0.003794612208017245,0.0,1,0.1,5.4,271.903
2021-07-12,125.93465423583984,126.02788545144588,124.581337423186,125.14369092382793,17668000,0.020045767910601624,0.06395398009381204,77.68945538435642,1.9442795920106164,0.0012105088029463864,-0.061802952740358554,0.011607945750650828,0.0,1,0.1,5.4,271.903
2021-07-13,126.29765319824219,127.00777981268853,125.63612092477611,125.99713556323269,19240000,0.01905199342592379,0.06529503643871844,77.31967583001038,2.0262118131198577,0.0034191314088771606,-0.06574095334456125,0.002882439028438988,0.0,1,0.1,5.4,271.903
2021-07-14,127.18579864501953,128.266375645742,126.86594016488215,126.90908636567568,23742000,0.021343168977139077,0.07080074660605494,80.9742077883588,2.138162200761812,0.002192881851650993,-0.07272929117406052,0.007032161123241787,0.0,0,0.1,5.4,271.903
2021-07-15,125.96390533447266,127.64501069030976,125.49280054236102,127.59443383506836,24218000,0.007586321405354526,0.058451702748142494,71.0081802906794,2.1040331269817045,0.01440819290311046,-0.06132085206623738,-0.009607152084307957,0.0,0,0.1,5.4,271.903
2021-07-16,125.92919158935547,126.763792905859,125.11938685402984,126.61651165592089,20424000,0.0037050783310032744,0.0561827809629649,70.75400670730747,2.050547051025177,0.01710498369033917,-0.059362934248418854,-0.0002755848592103094,0.0,0,0.1,5.4,271.903
2021-07-19,123.55680084228516,125.17046276091699,122.49259090531656,125.05590815567551,27968000,-0.014674542843629294,0.03495764490824929,57.786102675080464,1.7960234042727024,0.03508952216165031,-0.03617153984419948,-0.018839085021735702,0.0,1,0.1,5.4,271.903
2021-07-20,125.17494201660156,126.0016057985081,123.3311794114217,124.49852570882304,26312000,-0.0017857871102318268,0.04701342628944569,63.59370750322975,1.705225274377682,0.02242882848378736,-0.04586703416882411,0.013096334344087524,0.0,1,0.1,5.4,271.903
2021-07-21,126.50346374511719,126.55007557282694,124.99046349148195,125.09956240900131,20746000,0.007951572013776392,0.05585506537202761,67.45648202168594,1.7206333130665428,0.013894324255639875,-0.053998727700968134,0.010613320103151525,0.0,1,0.1,5.4,271.903
2021-07-22,127.36878967285156,127.42979365327596,126.45385860301083,126.79603176039008,14302000,0.012144829511569326,0.06045822379064489,68.49889077080358,1.7821256303421364,0.00975457380209363,-0.05827280275942212,0.006840333870050008,0.0,1,0.1,5.4,271.903
2021-07-23,131.9246368408203,132.3054917449223,128.73649417322727,129.36131958948965,41506000,0.042190592177341786,0.09423278679227041,71.62611459231334,2.1734236515174814,-0.013678275348387914,-0.09432673239350967,0.035768944493156374,0.0,1,0.1,5.4,271.903
2021-07-26,132.93629455566406,133.13663460885186,131.2169991619108,132.2355886482273,30572000,0.04440574114089701,0.09854219062626769,71.7638698304911,2.535929854459866,-0.010182740168766323,-0.10362089736440162,0.007668451769660134,0.0,0,0.1,5.4,271.903
2021-07-27,130.8187713623047,133.29729444563313,129.0375036233096,133.1500131960715,54710000,0.024131847252110136,0.07786674308820637,63.6509487822107,2.62212597120417,0.010743564665003586,-0.08691662279323091,-0.015928856753809284,0.0,1,0.1,5.4,271.903
2021-07-28,134.97840881347656,137.16335335815197,134.16860398036314,135.1946241311871,95130000,0.05028877688997451,0.10821864302569123,74.40583915810649,2.991599694431187,-0.009210885022352568,-0.11609300845652387,0.03179694632394692,0.0,0,0.1,5.4,271.903
2021-07-29,134.66448974609375,135.54074659888502,134.43191491467985,135.03393383670254,31716000,0.04079983930020244,0.10157705121361849,72.81799974198873,3.2219391281149115,0.0010480928356200402,-0.11190064953238044,-0.0023256983849662127,0.0,0,0.1,5.4,271.903
2021-07-30,133.6221160888672,134.1953809902093,133.15448447715994,133.92808941978942,25576000,0.026639377258841225,0.0893116567222524,67.55682295367495,3.282534926827779,0.013481850766150364,-0.10048110473943062,-0.00774052357226418,0.0,1,0.1,5.4,271.903
2021-08-02,133.7490692138672,134.22711280471987,132.6972613245468,134.00941440487134,21634000,0.01963017885029015,0.08691800587072533,67.20321619709776,3.3027297770805717,0.01790315517427206,-0.09960164191397816,0.0009500906640003137,0.0,1,0.09,5.1,272.676
2021-08-03,134.51821899414062,134.61937271017896,132.22665752851483,134.02726631580427,20762000,0.018241024933442457,0.0894938470095257,67.02201708444989,3.3422706846556594,0.017969849154401536,-0.1036767106866577,0.005750692582716654,0.0,0,0.09,5.1,272.676
2021-08-04,134.01785278320312,134.53755950866824,133.38458270000555,134.24001564188015,19676000,0.008715859960833634,0.08247207151745897,69.34508549318792,3.295246220092338,0.026210296401066136,-0.09836742186420575,-0.0037196910179081444,0.0,1,0.09,5.1,272.676
2021-08-05,135.13461303710938,135.23231626590845,133.74063191754414,134.56829449236173,17870000,0.011210758184444563,0.08833473657138548,71.01831906125133,3.309937315460104,0.022083068595921695,-0.10194640022122008,0.008332921552718808,0.0,0,0.09,5.1,272.676
2021-08-06,134.6258087158203,135.35380063089553,134.10165272092112,134.9268333121691,20488000,0.005371240673365768,0.08134808625288281,77.62420388229359,3.2431389706401887,0.028883818740439323,-0.09396100989788667,-0.0037651665243555454,0.0,1,0.09,5.1,272.676
2021-08-09,135.7906951904297,136.0594850166339,134.23009186471586,134.82816095664558,17760000,0.01191345790765758,0.08745106541140885,77.10627534465615,3.246770653207193,0.024368385413280062,-0.09878613788235587,0.008652772345221882,0.0,0,0.09,5.1,272.676
2021-08-10,135.68556213378906,136.64314754338798,135.246684585336,136.21616508986884,19414000,0.007476154623393787,0.08334548087769564,75.00797917435493,3.204229070606516,0.028654331025302803,-0.0946612163165929,-0.0007742287237957335,0.0,0,0.09,5.1,272.676
2021-08-11,135.16192626953125,136.55391001908745,135.15448048294104,136.05702483389106,15352000,0.0034513829609995033,0.0762295168928206,71.62759932550716,3.0926118179089883,0.03524306873045959,-0.08785623458828781,-0.003859186312995422,0.0,1,0.09,5.1,272.676
2021-08-12,136.0693817138672,136.1745155860973,134.31538491071916,134.86086429616063,16506000,0.009135864108731845,0.08027055090061735,64.42327093851353,3.0423085719772303,0.030448301761809515,-0.0886220069371606,0.0067138392399523905,0.0,1,0.09,5.1,272.676
2021-08-13,136.5985107421875,136.72646625528014,135.90971509193332,136.12493157350525,15948000,0.01082876448130838,0.08100728517053257,63.186980434388445,3.0104367368599014,0.028055105104587898,-0.08593996924850017,0.003888670777037806,0.0,1,0.09,5.1,272.676
2021-08-16,137.1757354736328,137.22830997813796,134.18991525462013,136.39766610111587,22384000,0.012532714481240605,0.08240963214127657,75.74622714969038,2.9972053718336156,0.021162123872392746,-0.07729116309163629,0.0042257029619798825,0.0,0,0.09,5.1,272.676
2021-08-17,135.54124450683594,137.1320999211298,134.96649653381414,136.62082272063034,21716000,-0.0002868307393416965,0.06674965992009108,52.865679897821884,2.8222959873895093,0.028897090094225263,-0.053936922553044025,-0.011915306749793575,0.0,0,0.09,5.1,272.676
2021-08-18,134.3386993408203,135.98063113741676,134.21224206544025,135.38107897385382,19258000,-0.009390882274949873,0.05472860336763109,48.478881307003654,2.5571662742267733,0.03216960265789461,-0.03369794976201913,-0.00887217149577657,0.0,1,0.09,5.1,272.676
2021-08-19,134.5677947998047,135.234782779033,133.1495240793781,133.33350458588953,21782000,-0.007286615647171998,0.0540185746019704,54.77826435576389,2.338577489710815,0.022655760137512485,-0.022236689343485615,0.0017053571317016125,0.0,1,0.09,5.1,272.676
2021-08-20,136.302978515625,136.42645446339975,134.1413397760304,134.88519193745017,31194000,0.004271380435699532,0.06501620125615147,61.10022721334046,2.2790872285775663,0.009876357992793044,-0.03171109604440365,0.012894494692446523,0.0,1,0.09,5.1,272.676
2021-08-23,138.89356994628906,139.7197343782352,136.47951599303877,136.8385481592107,28454000,0.02102444437462532,0.08214986519897338,66.41745497184775,2.413162411861464,-0.003981547103923744,-0.0504601031231724,0.019006124876185915,0.0,1,0.09,5.1,272.676
2021-08-24,140.1035614013672,140.91534875374498,139.18812326737765,139.45888047774642,19268000,0.026585177389311567,0.08841211341154018,71.68058465328612,2.5872301796615034,-0.008772805149907551,-0.05584438922763828,0.008711644862652967,0.0,1,0.09,5.1,272.676
2021-08-25,140.9143524169922,141.02395074867366,140.21712723901703,140.46407912749783,15848000,0.028192288204065424,0.0912367745605363,71.04944645181224,2.758802441381931,-0.007010451570295539,-0.06453007328075167,0.005787083551018757,0.0,0,0.09,5.1,272.676
2021-08-26,140.28106689453125,141.2500479016059,140.19824011481427,140.58802387845228,20610000,0.020435583762009428,0.08289464729095654,70.41102589605231,2.8112673062784665,0.0023633556124481032,-0.06119423103911018,-0.004494116543834581,0.0,1,0.09,5.1,272.676
2021-08-27,142.82354736328125,143.3278781659032,140.33709435382934,140.49132196701825,28780000,0.03424684318044806,0.09877593843345084,73.08724569992816,3.023153977920714,-0.007093844050151463,-0.07985033294655078,0.01812418828166984,0.0,1,0.09,5.1,272.676
2021-08-30,143.40524291992188,144.77393543856923,142.98124183306933,143.21629858007987,24434000,0.03379564259517798,0.099145035126206,74.5730819408731,3.2011132211568167,-0.0033292432469152716,-0.08464138646688346,0.004072826696854381,0.0,1,0.09,5.1,272.676
2021-08-31,143.51136779785156,143.98148131585134,143.0982932268432,143.9571917138558,22448000,0.028650482449051308,0.09614458876991834,77.30345062277269,3.3125258581577555,0.002731351777473602,-0.08584939728461606,0.000740034853460303,0.0,1,0.09,5.1,272.676
2021-09-01,144.02511596679688,145.0551009489579,143.69583676431287,143.8113826192152,21936000,0.025214863717446603,0.09626756089022323,76.70358689227851,3.403048138707902,0.005361254410451298,-0.08836868223784092,0.0035798430244842194,0.0,0,0.08,4.7,273.91
2021-09-02,142.1124267578125,144.3266243252481,142.01125792514802,144.0256148889435,32342000,0.006195980929047614,0.0782639758266532,66.93469625708346,3.28260978185574,0.021958438675611227,-0.07425502384034012,-0.013280247657813549,0.0,1,0.08,4.7,273.91
2021-09-03,142.56124877929688,142.9733397187953,141.23322027346492,141.90765408612546,19850000,0.0049209308743156125,0.07822268294206286,66.67183117353026,3.1866440534790854,0.02152199552519266,-0.0743841493717417,0.003158217980819167,0.0,1,0.08,4.7,273.91
2021-09-07,143.09779357910156,143.37996157191282,142.44171705325797,142.65545041675884,20124000,0.005722524236232034,0.07875711054407268,75.09882905310617,3.1179434918752236,0.02097591472696458,-0.07603248987893894,0.003763609005946078,0.0,0,0.08,4.7,273.91
2021-09-08,142.51312255859375,143.216310341674,141.8277925519912,142.91878162510545,18344000,-8.002794286700775e-05,0.07096159386629129,78.31319188338148,2.981945722693496,0.027224728438542213,-0.06951119465708808,-0.004085814364318763,0.0,0,0.08,4.7,273.91
2021-09-09,142.36436462402344,143.12755759724692,142.0038493948319,142.66140907531098,15314000,-0.0021389647858779857,0.0664626118988261,77.15557284591526,2.8295457466715277,0.029389635002296303,-0.06457130881098479,-0.0010438192069586183,0.0,0,0.08,4.7,273.91
2021-09-10,139.72119140625,143.53219172169224,139.58432216189144,143.030327736573,36840000,-0.020281038707304806,0.043748718327708686,61.19744076776967,2.4670470957017585,0.048447431860923096,-0.043846048490720775,-0.018566255851693803,0.0,1,0.08,4.7,273.91
2021-09-13,141.16578674316406,141.77821775342676,140.09215589506022,140.7859154673757,22094000,-0.008999645309268715,0.05144157076187004,58.04759207778676,2.270162058761855,0.03796899083249522,-0.05064594569822927,0.010339128391152919,0.0,1,0.08,4.7,273.91
2021-09-14,141.3760223388672,142.18782475783476,140.5880403778888,141.82332937621524,19674000,-0.006107931166711239,0.050324873391855755,54.85019937743987,2.1068075382096367,0.036796786790884994,-0.04945802016270292,0.001489281507605078,0.0,1,0.08,4.7,273.91
2021-09-15,143.24557495117188,143.2663989340108,140.18883824930154,141.60116132377672,27408000,0.0072234757070184005,0.06136148914375589,58.22220882760373,2.10395212464789,0.023506492845069057,-0.056726834861285526,0.013223972363740177,0.0,0,0.08,4.7,273.91
2021-09-16,142.43280029296875,143.1171466443425,141.23421048693598,142.77050902430236,26190000,0.0026310687987669374,0.05268810375277332,57.49426567718154,2.012901590010415,0.02615129943222504,-0.04246571279618891,-0.005673994875445065,0.0,0,0.08,4.7,273.91
2021-09-17,139.6458282470703,142.27409944382737,139.31853152816512,141.8580435231661,53384000,-0.01527754633653853,0.029711714285268625,39.117666423855795,1.696304095222672,0.040915453130812005,-0.014004231341156786,-0.019566925877788965,0.0,0,0.08,4.7,273.91
2021-09-20,137.58238220214844,137.86058517975945,135.20454353336754,137.02895758765368,46518000,-0.026409921441812634,0.01254133185898731,31.896462569156043,1.2643211416462066,0.05452729444523329,0.003713246139969784,-0.014776281331305485,0.0,1,0.08,4.7,273.91
2021-09-21,137.89329528808594,138.8637744931468,137.14447948403443,138.60391361660336,25332000,-0.020602730355156855,0.013046342156762232,32.75278298784498,0.9362669239998525,0.053136097497635634,-0.0002617451839466805,0.002259832116300098,0.0,1,0.08,4.7,273.91
2021-09-22,139.13356018066406,139.73211352931875,137.41576307062647,138.1620970935906,25056000,-0.009415900264833013,0.020233901643917244,35.62441311185472,0.7675131902205123,0.04414501287997265,-0.010267573364942611,0.008994381416347785,0.0,1,0.08,4.7,273.91
2021-09-23,140.05841064453125,140.53497110583865,139.250588451323,139.83178336894923,20952000,-0.001191470899084499,0.02508042918039992,43.591442815629016,0.7003293823517822,0.037276537023693414,-0.01744057250170669,0.006647213387383166,0.0,1,0.08,4.7,273.91
2021-09-24,141.04922485351562,141.16378703061662,139.0914071880992,139.3864691123975,22984000,0.004922661043501609,0.030057602068275197,45.43679520193927,0.7187508443411161,0.030021478031328618,-0.02382944795539249,0.00707429282129346,0.0,0,0.08,4.7,273.91
2021-09-27,139.9156036376953,140.77500156753678,138.91933644415815,139.65029458618613,21882000,-0.0022652728940804707,0.0196959254055048,40.730392514192346,0.6345613988332559,0.037377951165390826,-0.01700975042530774,-0.00803706094094181,0.0,0,0.08,4.7,273.91
2021-09-28,134.71656799316406,137.95628643744843,134.25041949465725,137.51840770698303,45772000,-0.03475567681674188,-0.019788756435231238,32.10075743934915,0.14663165194755834,0.0807789627553051,0.01111049881839962,-0.03715836911223924,0.0,0,0.08,4.7,273.91
2021-09-29,133.2521514892578,136.02671987866174,132.76766100224003,135.8571164274214,30848000,-0.03836262099224809,-0.03158228712612265,30.27203917723577,-0.3541400549206344,0.09592142837929918,0.01125841161040402,-0.010870351922716459,0.0,0,0.08,4.7,273.91
2021-09-30,132.58021545410156,134.43141608042833,132.46120397036233,133.1609261171282,37996000,-0.03636000509015498,-0.03731592421396026,33.097024224452724,-0.7960485111982507,0.10262207635924488,0.006604826345243827,-0.005042590514648615,0.0,1,0.08,4.7,273.91
2021-10-01,135.42373657226562,135.78823199119176,132.9739823084811,133.3454089668454,35360000,-0.012662377809024778,-0.017817627294537473,37.25255331041141,-0.9063677138277626,0.07842565129856581,-0.018425718903209428,0.02144755240006746,0.0,0,0.08,4.5,276.55
2021-10-04,132.56385803222656,134.845991044881,129.97575169598792,134.845991044881,51202000,-0.02996373819248078,-0.03864849271143109,32.49609619366758,-1.2106096197790066,0.10181940313075928,-0.004919439331343819,-0.02111800052506274,0.0,1,0.08,4.5,276.55
2021-10-05,134.90798950195312,136.09964809191845,132.94224164734214,132.94224164734214,32404000,-0.010649317468624356,-0.02192858258319802,33.74522690141565,-1.2481834217879566,0.0792382341776361,-0.024844200700772163,0.01768303596864773,0.0,1,0.08,4.5,276.55
2021-10-06,136.43736267089844,136.62084377835407,133.44707765743206,133.64543520241895,24364000,0.0025486757351677147,-0.01164595590687619,38.62914320871753,-1.1413959948216927,0.06349229923388054,-0.036579822338073,0.0113364165798584,0.0,1,0.08,4.5,276.55
2021-10-07,138.08375549316406,138.89405973958108,137.51445558203253,137.75347740127893,25110000,0.016120831629263907,-0.00016929199184573737,46.903425796194526,-0.9133870904956325,0.04725412863119403,-0.047608834996448704,0.012067023211500327,0.0,1,0.08,4.5,276.55
2021-10-08,138.63966369628906,139.180678709359,138.0763113266695,138.43286154368056,26526000,0.022023790655834763,0.003278350887937626,52.229135433891614,-0.6799927123213934,0.04237606998084476,-0.051528922277411536,0.00402587691173073,0.0,0,0.08,4.5,276.55
2021-10-11,137.77529907226562,139.55856466782143,137.72074204736637,138.15020647249565,17954000,0.01725688535961881,-0.0035756494788341266,49.756894384709845,-0.5583368280634318,0.04643495393943371,-0.045558656682144476,-0.006234612815542828,0.0,0,0.08,4.5,276.55
2021-10-12,135.33050537109375,138.3634370023765,134.64714270868552,138.33665033617203,36332000,-0.0012468564234050696,-0.021480822907683144,42.53513685447655,-0.6516858541307329,0.062102385284186226,-0.029546770345895576,-0.01774478965122428,0.0,1,0.08,4.5,276.55
2021-10-13,136.45420837402344,136.86878120226152,135.39991852664056,136.27617541967604,19654000,0.004671996328714096,-0.013631939407404222,42.980255380154816,-0.6277558104554259,0.04645214372932123,-0.03561169273614392,0.008303397669641166,0.0,1,0.08,4.5,276.55
2021-10-14,139.9939422607422,140.17890644011712,137.68700521186503,138.33068721492134,31894000,0.025138285082842916,0.011081710417002233,48.13031129307227,-0.3194813543851467,0.016352850201250033,-0.05809843092847841,0.02594081874716747,0.0,1,0.08,4.5,276.55
2021-10-15,140.20916748046875,140.55630449662968,139.60120099035484,140.4536525487432,30274000,0.023129028827175414,0.011894416615869041,50.53761517830247,-0.05714600683754156,0.015451997627304754,-0.059801771938233564,0.0015373895202244192,0.0,1,0.08,4.5,276.55
2021-10-18,141.60760498046875,141.62546275603327,139.9131139513097,139.92006032333015,20396000,0.02655901250652822,0.02095811047903768,64.6606480264119,0.2605948894671144,0.00946876471051146,-0.07028892798802669,0.009973937689878865,0.0,1,0.08,4.5,276.55
2021-10-19,142.0628662109375,142.48488486692986,141.43109432493534,142.2121299993637,20164000,0.024545236226017543,0.023314934230253357,69.58575490187432,0.5428845800056763,0.010422923871141255,-0.07452245436619229,0.0032149490172617146,0.0,0,0.08,4.5,276.55
2021-10-20,140.60687255859375,142.3693139266215,140.2175881873202,142.163011218959,23288000,0.0110046286414821,0.012109467397889744,67.24181445239904,0.6417173558246816,0.02225109147875283,-0.06525641812025132,-0.01024893901677204,0.0,1,0.08,4.5,276.55
2021-10-21,140.72291564941406,140.99070660858933,139.34827557059145,140.6068703781535,26292000,0.009922549604699314,0.012134471685173358,62.89385653237693,0.7210944226904417,0.02209286038863053,-0.06623975810535723,0.000825301699047154,0.0,0,0.08,4.5,276.55
2021-10-22,136.4388427734375,139.43061082473707,134.94072652552163,138.00935869132704,50588000,-0.01927383130964044,-0.018730413538473274,58.81743077154907,0.4333174288727548,0.05105102338744277,-0.03716474773559475,-0.030443320877813318,0.0,0,0.08,4.5,276.55
2021-10-25,136.3203125,136.86877322103567,134.31388545894404,136.42246503075222,34412000,-0.01909995748172112,-0.0195436504737768,53.575893567734056,0.1934576263895167,0.04988148766928896,-0.03688152617436097,-0.0008687428816317455,0.0,1,0.08,4.5,276.55
2021-10-26,138.1665496826172,138.9346913152146,137.17078194335667,138.1219203768164,49236000,-0.00783995167970218,-0.006406573487489178,54.30902841151062,0.15060681420956712,0.0363376963669783,-0.04773927935816659,0.01354337551578877,0.0,1,0.08,4.5,276.55
2021-10-27,145.0189208984375,147.4314763034353,138.26226450047915,138.26226450047915,85782000,0.03500073808365169,0.04145106654067506,63.7217649001684,0.6619458268496032,-0.004481862308887331,-0.09277015684944254,0.04959500857161814,0.0,0,0.08,4.5,276.55
2021-10-28,144.65342712402344,145.95170251359744,143.4414441362277,145.92839660361173,36206000,0.028970390302616778,0.03728953328846332,61.9890366620834,1.0258678196844073,0.003151091031556719,-0.0872491618452176,-0.0025203178464555664,0.0,1,0.08,4.5,276.55
2021-10-29,146.83242797851562,147.02682046055673,143.46377046547764,143.8887552596137,43320000,0.03957258776073192,0.05106606166154769,67.15696929615635,1.4731245167687632,-0.002489514772468625,-0.10227076834649566,0.015063596472027818,0.0,0,0.08,4.5,276.55
2021-11-01,142.3207244873047,146.8324466906108,142.05145038269242,146.8324466906108,46924000,0.007121274270504415,0.01789312462193782,62.27999869188049,1.4468435933420096,0.028578282943623825,-0.06640210036400736,-0.030726887468421338,0.0,1,0.08,4.1,278.919
2021-11-02,144.24032592773438,145.4071801058205,143.15231836090632,143.39432146275416,33482000,0.019134834841109186,0.030833926914836378,63.30609726650162,1.562895479428363,0.017539899604946008,-0.07500706271007303,0.01348785601917668,0.0,1,0.08,4.1,278.919
2021-11-03,145.39630126953125,145.46671841466951,143.40574947129778,144.7045091916116,27494000,0.023837763670921528,0.038309780588430056,60.05129425151217,1.7282231042897536,0.013676924869056594,-0.0804264850395396,0.008014231348700829,0.0,1,0.08,4.1,278.919
2021-11-04,147.0521240234375,148.5061103237096,145.10868328164617,145.918488091667,38412000,0.030903006721990738,0.04921463836762405,62.08381879499165,1.9701468693299091,0.008575964159918424,-0.09099536405250126,0.011388341652768252,0.0,1,0.08,4.1,278.919
2021-11-05,147.6318359375,149.0952354055238,146.9822063116092,147.94672303683166,38354000,0.026909100511710617,0.0522471167203308,60.95481268791975,2.183481289564895,0.01091506730290953,-0.0947733648058036,0.00394222060995264,0.0,1,0.08,4.1,278.919
2021-11-08,147.80935668945312,149.38037183168208,147.21376959274264,148.59683920952253,23052000,0.01999250097338979,0.0527641684276342,60.55638526172744,2.339901863527956,0.015072738303010222,-0.09444383106665225,0.001202455763188448,0.0,0,0.08,4.1,278.919
2021-11-09,147.6977996826172,148.60629148213926,146.03800993877508,148.00972059814333,19530000,0.012562788916941545,0.051326754811320034,63.702993828343615,2.42688891251467,0.018393368804905025,-0.08794042189832717,-0.0007547357578338021,0.0,0,0.08,4.1,278.919
2021-11-10,144.6975860595703,146.85625857101513,143.35271371379034,146.29092366960225,29970000,-0.0077870123478078175,0.029797049435913197,56.910592400163,2.2280510246969243,0.03889947827528417,-0.06272283148755539,-0.020313191052906188,0.0,0,0.08,4.1,278.919
2021-11-11,144.57159423828125,146.3261054565842,144.40695463692256,145.28867468971785,16518000,-0.008595325393698896,0.028820352977322227,66.53016310955186,2.0368248302674203,0.04065224834628471,-0.0595870389305007,-0.00087072510827646,0.0,1,0.08,4.1,278.919
2021-11-12,147.45924377441406,147.62984607624279,144.21902587009922,145.41365059304397,22360000,0.01077235902460857,0.04857188543582563,70.3496511294041,2.0941458679384652,0.023370593923864737,-0.07618331766272399,0.019973837539436934,0.0,0,0.08,4.1,278.919
2021-11-15,147.235107421875,148.32361464376697,146.36529744247616,147.6799325584469,23508000,0.005847691088466948,0.046282594440184115,67.61107281939195,2.097310779666884,0.02761759645214673,-0.073643992422797,-0.0015199884849670386,0.0,0,0.08,4.1,278.919
2021-11-16,146.66383361816406,147.5430567260628,146.10494573454355,146.93509022325514,18904000,0.00028887545794125535,0.04169505470070029,54.225167182592166,2.030317734375558,0.03354336751306918,-0.06882171036824421,-0.0038800107780956328,0.0,1,0.08,4.1,278.919
2021-11-17,146.83340454101562,147.34170037420662,146.033028153426,146.8140636628539,19594000,0.00046479647547321913,0.04225980967404329,55.65648159219423,1.968219806874771,0.03385707153698406,-0.06716383623119088,0.001156187716278012,0.0,1,0.08,4.1,278.919
2021-11-18,148.61024475097656,149.3461667867612,146.67226728662533,147.0263355590037,35608000,0.011497635272496753,0.053937738397398446,54.71130322966749,2.038879968096154,0.024271862019704094,-0.07578576119193577,0.0121010625307989,0.0,0,0.08,4.1,278.919
2021-11-19,147.70570373535156,149.72898972518277,147.67843279309778,148.74610077592874,33682000,0.005290443172106537,0.04633777579087821,67.64362977524382,1.9988482758624855,0.02741750885479604,-0.05937108219193361,-0.006086666616697434,0.0,0,0.08,4.1,278.919
2021-11-22,145.1027374267578,148.60131822577375,144.94950861350554,148.10839815896483,30594000,-0.010602837951966496,0.027325504808177196,52.70454047359964,1.7370614806820583,0.037848952899356796,-0.028445614978658152,-0.017622652631326674,0.0,0,0.08,4.1,278.919
2021-11-23,144.5869903564453,145.45779912839131,142.93366287312807,144.95495136652673,27218000,-0.012023878242935779,0.023208797582015103,47.35580542269524,1.4710200773598672,0.033217006125018024,-0.01220551488531122,-0.0035543579635968214,0.0,1,0.08,4.1,278.919
2021-11-24,144.92222595214844,145.05066575153023,143.18955232530504,144.28102578011982,18040000,-0.00988516390798726,0.02533786434208767,42.38394913939199,1.2725617595725396,0.030842010578538307,-0.01457226603298217,0.002318573717294159,0.0,0,0.08,4.1,278.919
2021-11-26,141.0175018310547,143.37253416299765,140.67979308519273,143.16524773270095,30470000,-0.034217320239956925,-0.0020885631762286604,30.892228212237555,0.7910843811667405,0.0628492775589351,0.006671903718625377,-0.026943583673514904,0.0,1,0.08,4.1,278.919
2021-11-29,144.3375701904297,145.0982812984178,142.71398029271975,142.81961359423084,32596000,-0.009361341459036523,0.020728139196875855,41.51173852541886,0.6696920662842274,0.03778600010818092,-0.01759665642793043,0.023543661717625675,0.0,0,0.08,4.1,278.919
2021-11-30,140.7343292236328,144.80319311094968,140.44075042064517,143.81981989380787,42068000,-0.029762713954770082,-0.005196785769902461,35.457747107214686,0.27951428301318515,0.06620087281661939,0.004584437865776672,-0.024963985205258665,0.0,0,0.08,4.1,278.919
2021-12-01,139.895263671875,144.75410739029755,139.75691130496085,142.8195956469263,34020000,-0.03102577312047759,-0.011407651468607009,38.97591707689904,-0.09629991351334866,0.07598562725158045,0.004113925811100796,-0.005962053156373104,0.0,1,0.08,3.9,280.845
2021-12-02,141.7940673828125,142.68520065080236,139.06511173639353,140.09213056944827,29194000,-0.014433770023077896,0.0016339174998528827,44.10388267624411,-0.23817227956601528,0.06218537434272317,-0.012481480412316573,0.013573037864892612,0.0,0,0.08,3.9,280.845
2021-12-03,140.8374786376953,143.2163161657655,139.15091751675573,142.50321577437006,41230000,-0.015765286243692743,-0.005232920439561539,34.68800456151841,-0.42292070238511315,0.0692730762484964,-0.010059929879484905,-0.006746324178250829,0.0,1,0.08,3.9,280.845
2021-12-06,141.9815216064453,142.67329857712156,139.00114949695094,141.86795825434288,30618000,-0.003785036171713534,0.0027156566039698497,38.347483583881775,-0.471584321589404,0.058756167839519764,-0.02011513339971218,0.008123142929113758,0.0,1,0.08,3.9,280.845
2021-12-07,146.06228637695312,146.32164786424076,144.03701790710437,144.40299636708085,32240000,0.024158162782480067,0.030640433092290968,48.845496284608316,-0.17880581566521414,0.027550171744573516,-0.04706187306560935,0.028741520194572656,0.0,1,0.08,3.9,280.845
2021-12-08,146.97178649902344,147.1766061373384,145.20589435210303,146.3866264476649,24270000,0.028815034443344035,0.03526752783592578,50.25825113662963,0.12516944305210131,0.02042247074154405,-0.05268393657455422,0.0062267964211042415,0.0,0,0.08,3.9,280.845
2021-12-09,146.4282684326172,147.87779015183264,145.90906116663706,146.38115719853195,23270000,0.02393089010690176,0.029527933580423493,45.731459049493075,0.3185426980825241,0.025224124784222972,-0.04899973133685761,-0.0036981115855856395,0.0,1,0.08,3.9,280.845
2021-12-10,146.78829956054688,147.75629704872722,145.5014348041652,147.4810753999608,24458000,0.022323049781010667,0.030001426339289154,48.16624037644486,0.49513627621092837,0.02400876717613039,-0.05112136834383265,0.002458754254103468,0.0,0,0.08,3.9,280.845
2021-12-13,144.63113403320312,146.75705697342113,144.32466128723686,146.5700951293805,27070000,0.007093330254640044,0.013555106975552164,49.04022741148025,0.4557689090167685,0.0373074861406172,-0.03694997350102045,-0.014695759360942584,0.0,0,0.08,3.9,280.845
2021-12-14,142.72735595703125,143.2956569953205,140.05742162389038,142.78786052539195,38446000,-0.007540345537294966,-0.0012090737153763558,46.41779050689353,0.26786324591910216,0.0490195729704622,-0.025138457528362936,-0.013162989344568277,0.0,1,0.08,3.9,280.845
2021-12-15,145.24057006835938,145.51827360710053,140.51661343560883,142.23342665334246,36370000,0.0061954712817849115,0.014910444078996225,50.565753871168766,0.3180754532742469,0.02976580501628755,-0.04188546354181364,0.017608496244299054,0.0,0,0.08,3.9,280.845
2021-12-16,143.26095581054688,146.46645697869997,142.42981251292935,145.96410864255435,33650000,-0.008526435053372985,0.00012356312909472708,54.27986579408368,0.19587276378939578,0.04195690906930662,-0.02910122540534701,-0.013629898704478838,0.0,0,0.08,3.9,280.845
2021-12-17,140.563232421875,142.655437143821,140.141713281487,141.33187339915958,50416000,-0.027012037789097387,-0.019049194868930915,42.624515988986644,-0.11730525771005773,0.05762718930649205,-0.01186512932181144,-0.018830834775662386,0.0,0,0.08,3.9,280.845
2021-12-20,140.4462127685547,140.61235063263806,138.17895606354023,138.85239100741393,27192000,-0.026787773374855113,-0.020112918144719626,49.34817729908865,-0.37067074253761234,0.054842174373010456,-0.012544463622482524,-0.000832505423389085,0.0,1,0.08,3.9,280.845
2021-12-21,142.2964324951172,142.68968194664052,139.35077693447047,140.88905801007334,28756000,-0.011386997410778725,-0.007829951342239412,55.194640142024625,-0.4173564206392655,0.03982903584484057,-0.02605860391591944,0.013173866992138406,0.0,1,0.08,3.9,280.845
2021-12-22,145.21478271484375,145.29909260146448,141.89473474558528,141.89473474558528,26322000,0.010121459917798238,0.011124705353411254,57.08764679250628,-0.21637445381040266,0.019458873690945906,-0.04572643264671211,0.02050894859803809,0.0,1,0.08,3.9,280.845
2021-12-23,145.71218872070312,147.028306818594,145.25148836497797,145.29909901208103,26384000,0.014086566903100782,0.013281740897518322,60.29621159333785,-0.01676503256464912,0.01672626741033457,-0.04918925930280424,0.0034253124686081104,0.0,1,0.08,3.9,280.845
2021-12-27,146.694091796875,147.12800557147986,145.9631335339908,146.04892654418316,15976000,0.020987078870112946,0.019160178794841685,60.022391474365,0.2181436201580027,0.01247207523028511,-0.05423518021831066,0.006738647499516803,0.0,0,0.08,3.9,280.845
2021-12-28,145.4845733642578,147.08335898865232,144.85726596471994,147.02087190142421,18200000,0.011967761598012275,0.010016662746259357,48.600431023329236,0.30321709282128495,0.02170559420974084,-0.04640005831091815,-0.008245174824709323,0.0,0,0.08,3.9,280.845
2021-12-29,145.45281982421875,146.2085820571264,144.45358650051998,145.44240783326498,17788000,0.009832458995508324,0.009257370636965608,46.15669720038515,0.3638815870948804,0.022553666937358205,-0.04357290491278424,-0.00021826052965467913,0.0,0,0.08,3.9,280.845
2021-12-30,145.00205993652344,146.09254961389885,144.79775486353165,145.49151435657527,15688000,0.006869704622112143,0.0057194528274373945,46.37437625679601,0.371305896842415,0.02492199717709819,-0.036267408635023285,-0.003099010993668383,0.0,0,0.08,3.9,280.845
2021-12-31,143.6646270751953,145.4959875927401,143.6646270751953,144.85280491667777,18136000,-0.0026967488441834962,-0.003979322227330688,42.43511127107927,0.26620145660314165,0.034175222640860634,-0.02570540175007796,-0.009223543871815343,0.0,1,0.08,3.9,280.845
2022-01-03,143.802978515625,144.65543012836076,142.53495522830957,143.86594988262885,28646000,-0.003976380590355418,-0.0034457449055129642,47.77700775430025,0.19185762024935116,0.03209030842078892,-0.023490620296337427,0.0009630167372882692,0.0,0,0.08,4.0,282.543
2022-01-04,143.2158203125,145.28421989053714,142.5384203965496,144.20414226489285,28400000,-0.009942461255730062,-0.00844610506885815,51.410896500172775,0.08458578217013724,0.03589800436349955,-0.018201586202943834,-0.0040830740029574875,0.0,0,0.08,4.0,282.543
2022-01-05,136.6456298828125,143.3150106060316,136.55935260045507,143.23616397542605,54618000,-0.05165786105641551,-0.053977395268951345,29.887726785181243,-0.5245408008261734,0.09156891739218766,0.01625101264182143,-0.04587614982305166,0.0,0,0.08,4.0,282.543
2022-01-06,136.61834716796875,138.7928795446468,135.43909829641714,135.8754939287169,37348000,-0.04615651868169788,-0.05396347685039718,32.89316292382972,-0.9979754536361725,0.09364574550080036,0.007016749947866341,-0.00019966035406437932,0.0,0,0.08,4.0,282.543
2022-01-07,135.89385986328125,137.31362902121793,134.65360679287264,137.0131037753798,29760000,-0.04466596438879898,-0.05778958202326931,36.614444634964855,-1.4153209585918773,0.1009773747694576,0.003132387928247613,-0.005303001534609164,0.0,1,0.08,4.0,282.543
2022-01-10,137.53280639648438,137.68158591115076,132.0729417434719,133.9707545272893,44408000,-0.0268768803054838,-0.04548356714184245,42.31848980816843,-1.5954298677051781,0.08570443431579816,-0.013398521419927034,0.012060489965124432,0.0,1,0.08,4.0,282.543
2022-01-11,138.590576171875,139.06665250701528,135.57203609766782,136.87576004843805,28730000,-0.014585806767435046,-0.03704070648340707,39.8030019943319,-1.633978804526805,0.0762293267239437,-0.024098511034463612,0.0076910360742676875,0.0,1,0.08,4.0,282.543
2022-01-12,140.2711639404297,141.4390172004531,139.54120457664413,139.99296095115926,26108000,0.001051762997510931,-0.02508592347972117,35.402885496554646,-1.511496140390932,0.06279894508771262,-0.0370057247114861,0.012126277377406014,0.0,0,0.08,4.0,282.543
2022-01-13,137.4509735107422,141.67902912526233,137.27442366179454,140.37975480829834,31436000,-0.013759940874560284,-0.04378441275774578,28.549354468324836,-1.6232813678334423,0.0826833295211302,-0.0209924878269758,-0.02010527574209886,0.0,1,0.08,4.0,282.543
2022-01-14,138.337158203125,139.5883225969847,135.8755088296192,135.95533915327124,29662000,-0.0035925368047194112,-0.036673266821415425,28.192417038966,-1.6216706575446551,0.07477005670694337,-0.029845633054077107,0.006447278398603373,0.0,0,0.08,4.0,282.543
2022-01-18,134.88320922851562,136.00741694604665,134.32830144930435,135.05876027547475,34872000,-0.022188324606663833,-0.05913065971394734,25.23629509816432,-1.877456820876489,0.1044054068666153,-0.011327752474036919,-0.02496761549444171,0.0,0,0.08,4.0,282.543
2022-01-19,134.0089111328125,136.82860852545411,133.90874111772067,135.40437523941512,28648000,-0.021998836831794894,-0.06344934053506116,24.280564437476087,-2.126208143703934,0.11390672612655846,-0.011977095893027808,-0.0064818897823072374,0.0,0,0.08,4.0,282.543
2022-01-20,132.21473693847656,136.49784887181025,131.8745463034307,135.1331212999803,29908000,-0.0319624523888237,-0.07396982603806879,22.897882359028756,-2.439993495966405,0.1312625123772564,-0.008434619142251718,-0.013388469312744289,0.0,0,0.08,4.0,282.543
2022-01-21,129.28297424316406,133.75996411235568,129.02014712662628,131.506600309101,55652000,-0.04831671115656367,-0.09216204347495005,21.448357089108697,-2.891903334590552,0.15794261102232526,0.0007016517377028607,-0.02217425048976751,0.0,1,0.08,4.0,282.543
2022-01-24,129.73178100585938,130.1275124017033,123.47945498392451,124.94533645029941,76622000,-0.04066132237258606,-0.08709170174959509,22.404859200953737,-3.177205337233886,0.1513119240255962,-0.01245352171520277,0.0034715070976876206,0.0,0,0.08,4.0,282.543
2022-01-25,125.89447784423828,128.3382842647663,125.46354548795776,127.68468965184117,46960000,-0.06095566388631231,-0.11175957498723897,19.871664719900565,-3.670634732970001,0.18422624139295804,0.0033037692286671167,-0.02957874417408779,0.0,1,0.08,4.0,282.543
2022-01-26,128.17364501953125,131.9097642410679,126.09978210305361,130.04418655853962,49130000,-0.036468796246875504,-0.09321135304419097,32.67835627515713,-3.833580214415406,0.15750021111083787,-0.022374416883512705,0.01810378989071193,0.0,0,0.08,4.0,282.543
2022-01-27,127.94751739501953,131.56510941651305,127.87560201075176,130.22766790037994,31950000,-0.029174800806534104,-0.09233404812241441,32.414788930057625,-3.9355952002449044,0.15194134179818075,-0.026723667281562544,-0.0017642287108029509,0.0,1,0.08,4.0,282.543
2022-01-28,132.2578887939453,132.26335206297418,127.43177919070502,128.59615164447928,34362000,0.007500834813183597,-0.05983443021502112,43.56229193829621,-3.6268240923594703,0.10409960783781456,-0.057780021670717024,0.033688589561438054,0.0,1,0.08,4.0,282.543
2022-01-31,134.19439697265625,134.3625173657848,131.1257647038749,133.06225920242,39986000,0.025488841358677836,-0.04435139786939766,44.15077632827046,-3.1890987930949564,0.07910985981431691,-0.06937702939770955,0.014641910561024929,0.0,1,0.08,4.0,282.543
2022-02-01,136.5157012939453,136.6634819687619,133.26705377749363,136.46660753981268,68644000,0.041927994656741935,-0.026142957875807765,46.51875223051877,-2.624633341624275,0.05160642575326588,-0.08138501545115732,0.017298071854386476,0.0,1,0.08,3.9,284.5
2022-02-02,146.78683471679688,150.30425741715118,144.32964959852964,150.01019426294275,123200000,0.10949992286987499,0.047265143626406526,58.48587307448178,-1.3331283035593913,-0.015133403984167782,-0.15007494394576257,0.07523774427042484,0.0,0,0.08,3.9,284.5
2022-02-03,141.91705322265625,148.4480810526987,141.49603343553346,144.51112229924576,71518000,0.06488190470764503,0.012981680120173113,55.52174009831972,-0.6945456344820684,0.02397671714062318,-0.12251107098759102,-0.033175873732382954,0.0,1,0.08,3.9,284.5
2022-02-04,142.11839294433594,143.68742564570832,139.36316498296367,142.26865554288074,57998000,0.05622008275282563,0.014776428070117614,54.75554903930261,-0.1702552392079042,0.02776147246489453,-0.12511959563409014,0.0014187140805679288,0.0,0,0.08,3.9,284.5
2022-02-07,138.05996704101562,143.06757616212872,137.76142430297742,143.06757616212872,54974000,0.01974626560492538,-0.013235182484993991,53.93547835857404,-0.08129525526416614,0.0592801534282866,-0.09913904662093746,-0.028556654907503032,0.0,1,0.08,3.9,284.5
2022-02-08,138.25631713867188,138.8523885484705,135.8908729676065,137.8868730262489,54284000,0.011956613582283929,-0.011441609109047169,55.351729346206085,0.004992435163075015,0.05829571740144117,-0.10041507022437043,0.001422208782636547,0.0,1,0.08,3.9,284.5
2022-02-09,140.43133544921875,141.35620183871598,139.03785374463664,139.80799308806806,40144000,0.018736469338622094,0.004671392057139635,60.25449469548806,0.24604559135156023,0.04358964920751643,-0.11472211592491847,0.01573178250050833,0.0,0,0.08,3.9,284.5
2022-02-10,137.48367309570312,140.3246936120616,136.82611353380625,138.55830248421256,39330000,-0.009499009298933143,-0.015959029205449306,60.23059143688298,0.1969598069868539,0.06359116707572857,-0.09539604669455776,-0.020990061399661974,0.0,0,0.08,3.9,284.5
2022-02-11,133.18177795410156,138.0158184054632,132.30650460553775,137.46389194059492,39958000,-0.04113024762427861,-0.0458329032319396,53.92648462933371,-0.18691339498775505,0.09626568930341503,-0.06770157855481967,-0.03129022555723393,0.0,1,0.08,3.9,284.5
2022-02-14,134.4150390625,135.18269632695234,132.1641423533614,132.1641423533614,34302000,-0.03240483737388253,-0.03597804614239274,60.308374264743755,-0.38715888196188075,0.08396248887869141,-0.07692841790783236,0.009259983815679718,0.0,1,0.08,3.9,284.5
2022-02-15,135.4886932373047,136.9763973849014,134.7081419187358,136.4427979327925,26680000,-0.023954481129324894,-0.027531715486199725,59.115817135642274,-0.4539866782453714,0.07562090258157005,-0.084044299376867,0.007987604529173797,0.0,1,0.08,3.9,284.5
2022-02-16,136.60894775390625,136.9540871557712,133.81800399557383,135.52638804007637,25022000,-0.00861542355986832,-0.01873432062754069,60.55835236018173,-0.4118059682742228,0.06787259052333351,-0.09072453724304266,0.008268250950206335,0.0,0,0.08,3.9,284.5
2022-02-17,131.45254516601562,135.98954027468156,131.39254001045595,135.12617731893766,38950000,-0.038735916229123396,-0.053786943809066456,49.03811982578668,-0.7854024165528131,0.10983069411779024,-0.05570617645218081,-0.03774571631412904,0.0,0,0.08,3.9,284.5
2022-02-18,129.33404541015625,132.97099324127743,129.1292409403073,132.37292423632954,45620000,-0.04530252315244191,-0.06666629022220111,44.22005763103075,-1.2381528632036805,0.1279859499585152,-0.04017525637486331,-0.016116080165537006,0.0,0,0.08,3.9,284.5
2022-02-22,128.7493896484375,131.09697591573786,127.17241181915688,128.77367925061782,44990000,-0.04304131968958488,-0.06850866142701334,40.36636991997795,-1.6254010760364395,0.1335714335850571,-0.03704294010577626,-0.004520509351305213,0.0,0,0.08,3.9,284.5
2022-02-23,126.54212951660156,130.9685427450542,126.48212435927555,130.56934576146136,32786000,-0.05118611160615912,-0.08178802595335415,18.60746848459638,-2.086355315114133,0.15273629164452843,-0.01912648031421793,-0.017143849286300084,0.0,1,0.08,3.9,284.5
2022-02-24,131.6033172607422,131.90979005724103,123.92924660861584,123.92924660861584,54456000,-0.006662129162330557,-0.043254292237912585,34.101340865223364,-2.0199841973077923,0.10704444181497329,-0.052882723598049935,0.03999606900464414,0.0,1,0.08,3.9,284.5
2022-02-25,133.3572998046875,134.16264009522365,130.67149031409218,132.45723763350745,36406000,0.0097217313686456,-0.029180341570849713,37.11168405783959,-1.8050454354375915,0.09064377986827525,-0.05944282615176477,0.013327798876605845,0.0,1,0.08,3.9,284.5
2022-02-28,133.94993591308594,134.63873167161665,131.5056295866077,131.95938366728677,38864000,0.013619370465148009,-0.023260403533662228,43.26725946677985,-1.5687999873144634,0.08581592080544713,-0.06233843712734674,0.004443972015528264,0.0,0,0.08,3.9,284.5
2022-03-01,132.9625701904297,135.13858587625842,132.1264932248051,133.77287444721637,26496000,0.007254904111713325,-0.029001778903761766,41.54724470647512,-1.44459355441208,0.09379094215768558,-0.056213778945391535,-0.007371154871600005,0.0,1,0.2,3.7,287.674
2022-03-02,133.4683837890625,134.15371378545083,131.9806796935572,133.5244239122076,23520000,0.012636504159840108,-0.02429685970145125,38.25592551719595,-1.2904684147325156,0.08869310007988288,-0.06112104781592529,0.003804180363754961,0.0,0,0.2,3.7,287.674
2022-03-03,132.8018798828125,135.32105186734134,131.9350362852021,134.8950682854782,24604000,0.010498460329538939,-0.02808297849457605,41.445145949948866,-1.208177310186045,0.07727204997922679,-0.05005474262100973,-0.004993721264380913,0.0,0,0.2,3.7,287.674
2022-03-04,130.8252410888672,132.75430495921202,129.26910212432648,131.83788309122372,30430000,-0.004066538697179219,-0.040938794520926775,45.29410115680561,-1.2876164077343049,0.08485021519974932,-0.03548202062754114,-0.014884117571901445,0.0,0,0.2,3.7,287.674
2022-03-07,125.34253692626953,130.65512671280234,125.25971770982827,130.41015738314775,45112000,-0.04289645664577775,-0.07844666878987805,34.51133811037312,-1.7725480394937563,0.12526933603848814,0.0003578378369093717,-0.04190861118974243,0.0,1,0.2,3.7,287.674
2022-03-08,126.06259155273438,130.17411000501144,124.64431332771989,125.21509629053482,40428000,-0.035419242276006103,-0.07046684556212175,33.71100655199618,-2.07483999685806,0.11623330671993592,-0.01226446301121857,0.005744694850786436,0.0,1,0.2,3.7,287.674
2022-03-09,132.32630920410156,132.63922887603567,128.83565901257037,130.17409924594682,37026000,0.008046793555458216,-0.022209011227876996,43.71631103417457,-1.7883637405887214,0.05777270587431582,-0.05787740325167486,0.0496873622397882,0.0,0,0.2,3.7,287.674
2022-03-10,131.34393310546875,132.1795256255445,129.83937018372987,130.1899727829365,27102000,0.0007609102729571954,-0.02743558711597951,49.818395110802456,-1.621902502199248,0.054485845880181225,-0.04655127501176878,-0.0074238910201718245,0.0,0,0.2,3.7,287.674
2022-03-11,128.80592346191406,132.698752456179,128.56888416798853,132.39426221843516,31526000,-0.015161887491591381,-0.043871672382070806,49.12916997527227,-1.6754632413833974,0.0685896605653111,-0.027827543979544893,-0.019323386954741784,0.0,0,0.2,3.7,287.674
2022-03-14,124.91854858398438,129.34000556632407,124.2480949884942,129.18231231398767,38812000,-0.038243160599494,-0.06995468817793933,44.30368804309501,-2.0084371641530367,0.10319414922277692,-0.00553988549477652,-0.03018009400071675,0.0,1,0.2,3.7,287.674
2022-03-15,128.138916015625,128.79004377353704,124.68992141435149,125.93513042039176,30920000,-0.009771845931888358,-0.0437677032232954,52.304914708001995,-1.989530588708874,0.07238460120627184,-0.03234616573718216,0.02577973782232612,0.0,1,0.2,3.7,287.674
2022-03-16,132.18798828125,132.24004824775446,127.6792471066061,129.66136979641874,35576000,0.022530208903734975,-0.011838632575436913,50.86935746911861,-1.629042115661889,0.03570182043759641,-0.060649119732811785,0.031599083178846854,0.0,1,0.2,3.7,287.674
2022-03-17,132.74188232421875,132.9814035170428,131.1014338034284,132.05753605900716,28264000,0.026862471841944263,-0.006141714157757514,49.05105865357241,-1.283858264511764,0.02565712965048411,-0.061758982749765316,0.0041901995042867846,0.0,1,0.2,3.7,287.674
2022-03-18,135.0096435546875,135.1271719338952,131.17433810969047,132.33078043484574,44566000,0.041035588030242556,0.011085045720860283,51.55374815538689,-0.8178801830945304,0.012341549500903751,-0.07879636207306674,0.017083991809983434,0.0,0,0.2,3.7,287.674
2022-03-21,134.98585510253906,135.92658166615294,132.99332054198618,135.04734336733472,26832000,0.033169723432974786,0.011154135865422835,53.05280980155516,-0.4453747230889178,0.016707349698931985,-0.07863445071241383,-0.0001761981701611237,0.0,1,0.2,3.7,287.674
2022-03-22,138.72146606445312,139.89378371835335,134.9858461376951,134.9858461376951,35496000,0.0515730764026123,0.03869689400134453,57.22214646692443,0.1495472351090541,-0.001152750917709826,-0.10577588375848984,0.02767409191930814,0.0,0,0.2,3.7,287.674
2022-03-23,137.1420135498047,138.44425402347676,136.70513365586095,137.56551524552734,25154000,0.035818808639399145,0.026930614922897115,55.8208662609752,0.4879537284248556,0.014822452429448784,-0.09221962094980754,-0.01138578303313631,0.0,1,0.2,3.7,287.674
2022-03-24,140.41151428222656,140.45812610885343,136.62133716164368,138.05894880404426,26396000,0.053299320108659405,0.051126254693497665,62.425923618404525,1.008341167900511,0.0010128346421593465,-0.11690493494329984,0.023840256153410788,0.0,1,0.2,3.7,287.674
2022-03-25,140.5116729736328,140.87070507937713,138.59203769066454,140.7526772850465,24126000,0.04487551879414158,0.051838170836201236,72.85118318216433,1.412550924434953,0.008385958471834308,-0.12052941978771897,0.0007133224929469772,0.0,0,0.2,3.7,287.674
2022-03-28,140.29598999023438,140.83850330776082,138.66545356262523,139.74553147376514,35050000,0.03147671507929394,0.04977647271504992,71.77241662620906,1.6959365535348638,0.01660175461250733,-0.12131960142380771,-0.0015349826732111715,0.0,1,0.2,3.7,287.674
2022-03-29,141.3373565673828,142.6148082235357,140.87418935059165,141.47820601311636,34318000,0.029146479456596538,0.05709396616002172,66.40494958631218,1.98170739669294,0.017039143963506934,-0.12979594720144486,0.007422639643662743,0.0,0,0.2,3.7,287.674
2022-03-30,140.7749786376953,141.55056596107124,140.43925249315063,141.29220332405055,19884000,0.018682110524088868,0.051960703469993035,67.43621440738261,2.138156314785391,0.027365288919152627,-0.1273925330833357,-0.003978975858511813,0.0,0,0.2,3.7,287.674
2022-03-31,137.92752075195312,140.9430935807132,137.88487396414888,140.88853656508715,37524000,-0.005654027912694023,0.030079413355672015,66.6733234300033,2.0092161621230105,0.051504590167267335,-0.10859148086953832,-0.020227016997605318,0.0,1,0.2,3.7,287.674
2022-04-01,139.00164794921875,139.31951637020538,137.17375319145697,138.356482806623,25942000,-0.0007860890687857252,0.03704999318790781,78.69344783976064,1.970982985179404,0.047122041197955856,-0.1133404432550357,0.0077876205662923415,0.0,1,0.33,3.7,288.561
2022-04-04,141.79953002929688,142.53396895874045,139.16034726925992,139.20795791982718,25942000,0.014358158195060556,0.05595201540630234,78.32021389264624,2.1417597448431707,0.02949905674267199,-0.12226757196718445,0.020128409420730575,0.0,0,0.33,3.7,288.561
2022-04-05,139.43853759765625,141.81835862566132,139.23175060773136,141.69786404034355,21418000,-0.0030425156102648386,0.036871200404081705,66.16257680397504,2.0628104053623133,0.04626729959094259,-0.09714959163742337,-0.01665021337625605,0.0,0,0.33,3.7,288.561
2022-04-06,135.42869567871094,138.2181411119585,134.40614115921403,137.61264137354576,32468000,-0.03052448274251091,0.005627919159863522,55.1897032947924,1.6575742694388111,0.07737552982448213,-0.06825656071247614,-0.028757056607374487,0.0,0,0.33,3.7,288.561
2022-04-07,134.77459716796875,136.04013849416,133.1272020827794,134.89509176328988,26234000,-0.03129796028094697,-0.00020920406895906442,49.515814302023244,1.2690130365114385,0.08218780434544837,-0.06077254077830369,-0.004829836892869199,0.0,0,0.33,3.7,288.561
2022-04-08,132.19491577148438,134.5578779659387,131.87554910979466,134.47208496943966,25142000,-0.04412564702547439,-0.01996349356587061,44.79850302721795,0.7443364829426855,0.10126127866997184,-0.037836028950631255,-0.01914070938211998,0.0,0,0.33,3.7,288.561
2022-04-11,127.76750946044922,131.0097100260204,127.61378123728949,130.742917857672,36884000,-0.0676934684737409,-0.05215531812043825,30.098208951499885,-0.02840076740534414,0.1351724013408287,0.001984567032066253,-0.03349150218975505,0.0,0,0.33,3.7,288.561
2022-04-12,126.66759490966797,130.52125019058332,125.7496824779024,130.52125019058332,32710000,-0.06571853306120322,-0.05926447689161063,30.631972735565284,-0.7212405058610898,0.14701232753508034,0.007541023375847713,-0.008608718722201703,0.0,1,0.33,3.7,288.561
2022-04-13,128.82920837402344,129.2656039537595,126.69385742711057,126.9507369724858,27928000,-0.041327909009579396,-0.04211695944602245,27.66844618977487,-1.0834079960318377,0.13001457251428192,-0.014219431692074123,0.017065244397330037,0.0,0,0.33,3.7,288.561
2022-04-14,125.69116973876953,129.40993832117093,125.56322179244722,129.40993832117093,31598000,-0.056084469114266476,-0.06250824131096604,24.421372588728758,-1.6051387926128484,0.16372086523230298,-0.0007117820944071295,-0.024358130231953212,0.0,1,0.33,3.7,288.561
2022-04-18,126.62991333007812,127.16151517107208,125.14766477730133,125.95896028482899,20808000,-0.04011648677265915,-0.05334765648181311,26.98813358300839,-1.9207245286033867,0.1581512279715993,-0.0177946434555875,0.0074686518811117875,0.0,1,0.33,3.7,288.561
2022-04-19,128.9432830810547,129.26461711503015,125.95844660693362,126.64477542409657,26490000,-0.012961606280947224,-0.03415090404393506,29.987316185709957,-1.961547395428596,0.1379909195961921,-0.04072066922896221,0.018268746223859766,0.0,0,0.33,3.7,288.561
2022-04-20,126.99041748046875,130.3218916355038,126.45485065417712,129.81904388797793,31696000,-0.018558473632999364,-0.04719877807255219,28.698623192335717,-2.1269614570001636,0.15429357128969515,-0.03400912720091537,-0.01514515183670595,0.0,0,0.33,3.7,288.561
2022-04-21,123.7913589477539,129.03204110665789,123.50571776803207,128.1905009821093,36446000,-0.03459960373889606,-0.06918068520903956,28.390118624556948,-2.487516043952297,0.18574443094844323,-0.021451676192850898,-0.02519133802522433,0.0,0,0.33,3.7,288.561
2022-04-22,118.65481567382812,124.37404857874347,117.95014478551222,123.97534345046293,56884000,-0.06287674408128492,-0.104872262148527,22.332329914738466,-3.1514068100661063,0.23902411648261615,0.0006243116236913123,-0.041493552680794576,0.0,1,0.33,3.7,288.561
2022-04-25,122.06512451171875,122.26695521347695,117.53953279206783,118.12469276013913,46128000,-0.028167431709581518,-0.07699779606204663,23.60473782990148,-3.3635882516048525,0.19935076871725152,-0.03738667274317271,0.028741427969221744,0.0,0,0.33,3.7,288.561
2022-04-26,117.67739868164062,121.50575793064277,117.53953815889362,121.29202455748772,73054000,-0.05551333299062688,-0.10808451420081161,22.39079544759366,-3.8415137976416815,0.24100110096739058,-0.01764674095211072,-0.03594577769555207,0.0,0,0.33,3.7,288.561
2022-04-27,113.35758972167969,116.28092257156352,111.81236253154168,113.53115064455416,91820000,-0.0803601728501289,-0.13807447030552716,22.216058479406357,-4.516779099204257,0.2851055486876912,-0.0017067803738271927,-0.03670890934331039,0.0,1,0.33,3.7,288.561
2022-04-28,117.55094146728516,118.66870208583143,113.17956960106591,115.46071897101857,48884000,-0.037534304186841255,-0.10374507964350264,30.09213983356875,-4.659847454349375,0.22855455890048518,-0.04636721245664037,0.03699224512360533,0.0,0,0.33,3.7,288.561
2022-04-29,113.17411041259766,116.95337579484945,112.88153042406998,115.77759257193108,42676000,-0.06377533092599066,-0.13402117159629914,28.89184280821773,-5.0679832873372845,0.27096589602704113,-0.02625785217872732,-0.0372334836289302,0.0,1,0.33,3.7,288.561
2022-05-02,115.6273422241211,115.78850866046761,111.67699010622513,112.47539163673035,35534000,-0.034695138133211616,-0.1131017844616763,35.91020063519544,-5.134293629786484,0.23165513547723723,-0.05478761794714071,0.021676616697756446,0.0,1,0.77,3.6,291.298
2022-05-03,116.37217712402344,117.47109620573961,115.08333000535104,115.4760799985851,24968000,-0.018172790621422717,-0.10561023203396781,37.951903718154185,-5.068318679521866,0.20166072881684902,-0.06057618186407195,0.006441684860823305,0.0,1,0.77,3.6,291.298
2022-05-04,121.25879669189453,121.84742986414153,114.1723618582886,116.07216443085974,49916000,0.028026689544831312,-0.06697936451533844,41.67195840733797,-4.569054480259041,0.13213286600173227,-0.09232459812490384,0.041991304868888024,0.0,0,0.77,3.6,291.298
2022-05-05,115.55046844482422,120.04680658084364,114.06276441808895,119.21865224731681,45840000,-0.013475823364528017,-0.10939539724929662,39.44152557317823,-4.581189289944689,0.1731312015044392,-0.04975708953628184,-0.04707558051705363,0.0,0,0.77,3.6,291.298
2022-05-06,114.7977066040039,116.60775134383856,113.08090065435618,114.24031691379543,39710000,-0.016664435768637863,-0.1128991967174709,37.632436048155704,-4.598538711730271,0.16444281394203705,-0.044546942636809646,-0.006514571952425774,0.0,0,0.77,3.6,291.298
2022-05-09,111.5887222290039,114.13368999515002,111.08240885566522,112.3216628968711,40802000,-0.03549664620408536,-0.13478579182508496,32.19360346612646,-4.815713921542567,0.1863121379349169,-0.02392009606089641,-0.027953383999816617,0.0,1,0.77,3.6,291.298
2022-05-10,113.45726776123047,115.29706511899676,111.97501939704058,114.56065130362705,39900000,-0.015755957037314004,-0.11749337535390734,36.09043935064663,-4.781927745217416,0.159739205307589,-0.0455728281851879,0.01674493170010405,0.0,0,0.77,3.6,291.298
2022-05-11,112.67127990722656,115.41064030425353,112.30828274140973,112.30828274140973,37534000,-0.021992135672542518,-0.12083181915760338,37.974097210132406,-4.763662076960486,0.16142601868747622,-0.04493360431997335,-0.006927611333440664,0.0,0,0.77,3.6,291.298
2022-05-12,111.91899108886719,113.35809330514908,108.92424196384515,110.46451302431396,53836000,-0.023749608445253464,-0.12375509942272199,41.952344734447195,-4.7550762645261955,0.1573099199965938,-0.04170035982642792,-0.006676846299951578,0.0,1,0.77,3.6,291.298
2022-05-13,115.09920501708984,116.90875017939355,112.67375572924637,113.594142514748,35038000,0.0023077560322916657,-0.09635142156589004,41.631426286302144,-4.440468305928562,0.11669612864065404,-0.06874374699701133,0.028415319842344466,0.0,0,0.77,3.6,291.298
2022-05-16,113.50688171386719,115.21774018982312,112.95593896031963,114.01319515330374,25990000,-0.00972995138951422,-0.10642287442083968,44.62896025235254,-4.27039990322821,0.1206032459441341,-0.05548274982023648,-0.013834355354463423,0.0,1,0.77,3.6,291.298
2022-05-17,115.51824951171875,115.94175125327278,113.92839273794735,115.88273735100042,23054000,0.008569236997245816,-0.08917960536506933,52.95853772380573,-3.9280389097941395,0.08096467704178159,-0.06342298552020692,0.017720227773694752,0.0,0,0.77,3.6,291.298
2022-05-18,110.98223114013672,114.45404021864253,110.64104923458649,114.05731760057398,35126000,-0.02226137987219784,-0.12285860023305688,41.08924765726038,-3.9768910054373094,0.10669738891192468,-0.021119693188857574,-0.03926668202431405,0.0,0,0.77,3.6,291.298
2022-05-19,109.47915649414062,112.08362994881233,109.0983015778271,110.51807047133238,34144000,-0.030316678074406057,-0.13160190847907877,44.56377891028408,-4.089748134690893,0.11025744803183955,-0.009119176525324974,-0.013543381048973235,0.0,0,0.77,3.6,291.298
2022-05-20,108.01525115966797,111.26390609492667,104.92926089526213,111.03330620451212,48962000,-0.03750073787910647,-0.14003107062817174,38.464869909363635,-4.248340919224276,0.12471274118452698,-0.004948293734274269,-0.013371543783779583,0.0,1,0.77,3.6,291.298
2022-05-23,110.5740966796875,111.22819067129875,107.84961307045138,108.68917821993014,37184000,-0.013807823292305864,-0.11709555605881687,41.6716419873228,-4.120055954863119,0.08646550835317039,-0.026147646861466263,0.02368966875091605,0.0,0,0.77,3.6,291.298
2022-05-24,105.10134887695312,105.58584704950131,101.0493357437059,104.90497385041874,76780000,-0.055580064788791364,-0.15812970926297498,27.175775890777686,-4.409168061580459,0.14539172987734933,0.010243605424066807,-0.049493940869242636,0.0,0,0.77,3.6,291.298
2022-05-25,104.93769073486328,105.62699334651613,103.0051614939558,104.12490462445021,40258000,-0.05045201790301749,-0.15630471533305199,32.22358363786276,-4.598488816792596,0.1519272926211,-0.0009537963715744383,-0.0015571459723265901,0.0,1,0.77,3.6,291.298
2022-05-26,106.90889739990234,107.75886699890704,104.36243908840518,104.81073736570944,37948000,-0.02820960427405823,-0.13694809923101425,37.304440883255594,-4.537165357519314,0.12665343678349036,-0.025294311534601297,0.018784543963517697,0.0,1,0.77,3.6,291.298
2022-05-27,111.39581298828125,111.39730365863458,108.24386241128829,108.58554373009294,37914000,0.015996168726343716,-0.09761620793741119,49.70181369446995,-4.079483735853117,0.08047373394154589,-0.06535169876446889,0.04196952449706037,0.0,1,0.77,3.6,291.298
2022-05-31,112.82946014404297,114.78628645360023,111.15975811404779,111.8222815933293,50012000,0.02970808868703931,-0.08270637201956668,49.016351741753596,-3.5600464103176392,0.06416837264181989,-0.07713086590445008,0.01286984777347544,0.0,1,0.77,3.6,291.298
2022-06-01,112.95840454101562,116.14159882441551,112.32166882859197,113.91351567650608,36606000,0.03329883184281256,-0.07835708618292402,50.4593236077249,-3.1022233525434046,0.059292700012170074,-0.07754558856497183,0.0011428256131691406,0.0,1,1.21,3.6,294.957
2022-06-02,116.65831756591797,116.93304735382672,112.02065295107872,113.06551449385536,37992000,0.06163190527545334,-0.04472971211994406,56.928276363269724,-2.4130273440096346,0.015542845920002962,-0.10059199919606936,0.0327546501735414,0.0,0,1.21,3.6,294.957
2022-06-03,113.60206604003906,115.36797293293287,112.58794875322683,115.11109338679681,26136000,0.029954553978571413,-0.0661560374016735,47.80341718271712,-2.089363614669992,0.04042516032771391,-0.07567124747987257,-0.026198316499395524,0.0,1,1.21,3.6,294.957
2022-06-06,115.8628921508789,118.3686786203438,115.21177191367441,115.74783813274163,33542000,0.043030866984366256,-0.04371182447727957,53.39020433202961,-1.6316197083150143,0.021659913065045767,-0.0943247829902767,0.01990127635568717,0.0,1,1.21,3.6,294.957
2022-06-07,116.18919372558594,116.72625878645412,114.10889140185589,114.53387621473067,31590000,0.040707684095320204,-0.03715285358769447,51.01466792937685,-1.2283647306150698,0.023344023938816,-0.09746208699551985,0.002816273343859921,0.0,1,1.21,3.6,294.957
2022-06-08,116.23332977294922,117.59854920159584,115.64419719383626,115.80437236671298,26108000,0.03082473435090073,-0.032930339541694796,59.18976195104861,-0.8949049382614618,0.026187573512234105,-0.09864857843283267,0.00037986361681374703,0.0,0,1.21,3.6,294.957
2022-06-09,113.8941650390625,117.32927476403499,113.83515114216875,115.37393150433296,25798000,0.00211970263894908,-0.048045174218842315,57.50686754027384,-0.8100489550664207,0.048182406544070515,-0.07998180468194746,-0.020124733055966404,0.0,0,1.21,3.6,294.957
2022-06-10,110.25028228759766,112.3504249488664,109.46130149167207,111.52326180460535,41452000,-0.03278529369272783,-0.07377541813147341,53.53795972945567,-1.0250151255567772,0.08248557796568591,-0.050747530220676525,-0.03199358588927792,0.0,0,1.21,3.6,294.957
2022-06-13,105.52037048339844,107.89969964994525,105.24911389802193,105.91113796225396,47252000,-0.06948402328976046,-0.10865845893167456,42.51466326030632,-1.5590697321100464,0.13014614210447092,-0.016413894736537628,-0.042901584522575864,0.0,1,1.21,3.6,294.957
2022-06-14,105.84072875976562,107.03981794977923,104.93273646839161,105.66171211229965,33706000,-0.06087122382593667,-0.1009154406293842,51.29239090717541,-1.9341657609859197,0.12629857578789283,-0.026207267326906362,0.0030359851363257473,0.0,1,1.21,3.6,294.957
2022-06-15,108.86474609375,110.5101436125187,106.7869179368398,107.65523726592659,39698000,-0.030517534861294833,-0.07002373409298389,56.240260333835806,-1.9647704890353737,0.08998508299039669,-0.05434129416529745,0.028571395618866235,0.0,0,1.21,3.6,294.957
2022-06-16,105.16432189941406,107.75788407901256,104.27616231851945,106.34208771365974,51684000,-0.05378593556837377,-0.09634299506866134,47.37220732745791,-2.2615485394594828,0.1293128156918897,-0.02757289770813772,-0.033991023973447554,0.0,1,1.21,3.6,294.957
2022-06-17,106.26522064208984,107.80846549966309,104.18491071395393,105.16431896946578,51376000,-0.03752703371549175,-0.08228365727838854,41.39412958465433,-2.3804733397839044,0.11805352710077988,-0.04111190532741685,0.010468367244632182,0.0,1,1.21,3.6,294.957
2022-06-21,110.62964630126953,111.56739902352787,107.70977872020165,108.03657603615589,47416000,0.006774759452506455,-0.04059098897815305,46.64042397207698,-2.0983608277413026,0.07447938482824189,-0.077111530908684,0.04107106382321879,0.0,0,1.21,3.6,294.957
2022-06-22,110.57361602783203,112.41737098859431,109.47767062090766,109.6502478770662,30774000,0.011433696004789079,-0.037467294065640366,46.34979957581962,-1.857889213876831,0.07502362186600389,-0.07664408897777887,-0.0005064670756057543,0.0,1,1.21,3.6,294.957
2022-06-23,111.32191467285156,111.8183154317785,109.59469700214912,111.31150268168844,28362000,0.022873805381906274,-0.0281709373033089,41.02066989405091,-1.5886196619429853,0.06710440403881088,-0.07656994028788607,0.006767424923782794,0.0,1,1.21,3.6,294.957
2022-06-24,117.0079345703125,117.11108593640661,112.02660588324883,112.0687608319365,41164000,0.07205219869464115,0.02319311534198153,55.26495677304125,-0.9059639281581156,0.02006859383357983,-0.11594873282780958,0.051077273636289666,0.0,0,1.21,3.6,294.957
2022-06-27,114.88398742675781,117.60747238809732,114.23534152789627,117.30348914348141,36420000,0.04814224243550135,0.007076125631135486,48.48033053317235,-0.5302269980044372,0.041097753489863977,-0.09483312495901729,-0.018152163366992546,0.0,0,1.21,3.6,294.957
2022-06-28,111.08934783935547,116.34788803372125,110.9311551773519,114.85323751449626,35792000,0.008398389549175574,-0.023688430205587793,42.85258476800869,-0.5325100312323343,0.07656278045017637,-0.06409264765507722,-0.03303018699469795,0.0,0,1.21,3.6,294.957
2022-06-29,110.78585815429688,112.23289804690751,109.96365128893204,110.63758563635704,24716000,0.0011494698402849883,-0.02363656527082356,42.420489076861635,-0.5524402454613409,0.07855146241911087,-0.062412957734422764,-0.0027319422695456508,0.0,0,1.21,3.6,294.957
2022-06-30,108.06979370117188,109.97901690144941,105.87493689608415,109.09829563062534,43170000,-0.022692976947808134,-0.04405633074705985,41.980191363030876,-0.7784255805571547,0.10465803573055976,-0.042372491522909936,-0.02451634620496601,0.0,0,1.21,3.6,294.957
2022-07-01,107.84614562988281,108.35444147045118,105.85559392220435,107.04823602503195,35476000,-0.027075080834630203,-0.04279271127429241,46.345427525194005,-0.9644495430221411,0.10058233915588459,-0.042191148397226035,-0.0020694780995648143,0.0,1,1.68,3.5,294.913
2022-07-05,112.33455657958984,112.4476205204141,104.8647923311928,106.22257357959492,39342000,0.007898094972614409,-0.0009231770125583997,60.43498569605633,-0.7411540584465968,0.05542205999628231,-0.08040375813838639,0.041618649637334304,0.0,1,1.68,3.5,294.913
2022-07-06,113.63282775878906,114.64198891272858,110.5622056578975,112.37324154606672,37432000,0.016806731466541394,0.01152692218005739,61.585528814369916,-0.4541954615530699,0.04025156719813249,-0.08976064738179207,0.011557184349407112,0.0,1,1.68,3.5,294.913
2022-07-07,117.8093032836914,118.21247285733529,113.8921848578157,114.13666235926765,40936000,0.04739707683748271,0.04949989965200721,62.85837939239115,0.10897180536773021,0.006422601149217524,-0.12370363490364329,0.03675412825040181,0.0,1,1.68,3.5,294.913
2022-07-08,118.3751220703125,118.7039018756293,115.943218437379,116.28886476021137,38238000,0.0458691852878071,0.05440939910508468,70.87249111732461,0.5940944184934835,0.005598825710275029,-0.13006970236756799,0.004802836200962668,0.0,0,1.68,3.5,294.913
2022-07-11,114.728271484375,117.03074427714583,114.38510706026808,117.03074427714583,31196000,0.015694231408022046,0.021676125301659688,62.37563494817216,0.6764890752723005,0.03855004486771639,-0.10267672704388417,-0.030807576137250714,0.0,0,1.68,3.5,294.913
2022-07-12,113.08586120605469,116.01514988128118,112.75807259184327,115.26236882686607,29960000,0.0027501705702706893,0.007851654080051224,53.90242394636456,0.6023155325945595,0.05524308293054683,-0.0887465192859524,-0.014315654346313322,0.0,0,1.68,3.5,294.913
2022-07-13,110.44070434570312,113.25990236152596,110.28994990879096,110.78535185551783,43722000,-0.020141274669155468,-0.015242905898163336,49.80488310794632,0.32632869938488795,0.07879829000869452,-0.060747136087401364,-0.02339069475300537,0.0,0,1.68,3.5,294.913
2022-07-14,109.46279907226562,110.18235402261737,107.48464911605639,109.30708832837976,37004000,-0.027676140426650613,-0.022888334425366353,47.28905810906246,0.02837131594770881,0.08649427931279978,-0.04710555759192672,-0.008854572951440542,0.0,1,1.68,3.5,294.913
2022-07-15,110.86122131347656,112.21305491483179,109.99091960031427,111.0824004559861,46770000,-0.01769006715708696,-0.009430836398548532,39.755993732005074,-0.09383934774207603,0.07274659093830901,-0.05728218642711966,0.012775319588600231,0.0,0,1.68,3.5,294.913
2022-07-18,108.13624572753906,112.74812973437768,107.48165988903675,111.71665403211723,43164600,-0.04208153771361683,-0.03150791772766689,38.97519306251396,-0.4058960187676348,0.09688883943788092,-0.027887495110801446,-0.02458006103173105,0.0,1,1.68,3.5,294.913
2022-07-19,112.87706756591797,113.08534523356836,108.66190591539453,109.94133235969358,36530900,-0.000565559446794966,0.011436276821662324,52.833268120123215,-0.2675740500563677,0.04906629057769646,-0.06110516337971904,0.04384119132750297,0.0,1,1.68,3.5,294.913
2022-07-20,112.96633911132812,114.45404329391755,111.55798096785527,112.24231974638516,35600400,0.000815469939105163,0.012568520322815033,53.47936098577187,-0.1490314834828581,0.0489497849284682,-0.06049115626759754,0.0007908740662316838,0.0,1,1.68,3.5,294.913
2022-07-21,113.40272521972656,113.61101046049744,110.1992065063923,113.34321947485182,32676200,0.008619213475777116,0.016149600494969135,59.17735961225479,-0.019646461326715325,0.045822325110015535,-0.06252075773096169,0.003862974686365428,0.0,0,1.68,3.5,294.913
2022-07-22,107.01551055908203,111.41910930762468,105.62698529534984,110.09009735008293,48901200,-0.03847487396634973,-0.03997500490725911,48.82073678361489,-0.42757393585605996,0.11045907922515016,-0.012808364023175636,-0.05632329071694542,0.0,0,1.68,3.5,294.913
2022-07-25,106.62870788574219,108.96936280799288,105.42862755501386,107.52133180810117,34690900,-0.0349270523256903,-0.0424068008577414,40.83155757490611,-0.7731586498323111,0.11012404201363861,-0.014597949425739186,-0.0036144543096516824,0.0,0,1.68,3.5,294.913
2022-07-26,104.15911865234375,106.32124889141323,103.2169090921242,105.72616877091382,47991000,-0.04960010140313692,-0.0632796994837673,35.32941121428635,-1.2321092489186185,0.13731126576538863,-0.0023973418267594186,-0.023160641091559686,0.0,1,1.68,3.5,294.913
2022-07-27,112.13322448730469,112.97626293838638,107.12462478286679,108.36437830874573,59858500,0.021581958934139066,0.008971019200426127,42.13528649767254,-0.9415337912951429,0.05700696124280085,-0.07298178584933657,0.07655696340496543,0.0,1,1.68,3.5,294.913
2022-07-28,113.2837142944336,113.40272578477607,110.54633651373639,111.44888067205848,32816600,0.0284832474716039,0.019364026906472872,43.05787852730791,-0.6113682624881562,0.04784097117193858,-0.08176025619826781,0.010260026075136652,0.0,1,1.68,3.5,294.913
2022-07-29,115.36650848388672,115.75331099431166,112.13322903844622,112.15306933310434,37223400,0.04312590666258558,0.0381340420255778,50.90900516553554,-0.17957558221304737,0.0323994719809947,-0.09548900801948447,0.018385645301493003,0.0,0,1.68,3.5,294.913
2022-08-01,113.91846466064453,115.76321838407448,113.4027229923445,114.35486029276694,26034300,0.02467571991079825,0.024562294860962883,51.19243231454312,0.04525650426479899,0.04665322975555218,-0.07979184302877455,-0.012551682826081545,0.0,1,2.33,3.6,295.097
2022-08-02,114.18624114990234,115.39624164424568,112.78780328963215,113.06550683255934,20236000,0.025876271401472195,0.026101834904638,55.75623625970981,0.242252343192348,0.04556793736842443,-0.08169737314814195,0.0023505977723234928,0.0,1,2.33,3.6,295.097
2022-08-03,117.11206817626953,117.6476425585004,114.53338259160023,114.76149298206536,28499000,0.0482582303611018,0.050676168451103225,61.09151661407092,0.6272324089205199,0.02359636206283431,-0.10581858414028732,0.025623288733414018,0.0,1,2.33,3.6,295.097
2022-08-04,117.22117614746094,117.80633617133454,115.93182947198484,116.51699706271334,21602900,0.045660925582077606,0.05040222977019607,59.58020548417496,0.9304107896411011,0.02165925991550179,-0.10616824932440483,0.0009316543793520538,0.0,0,2.33,3.6,295.097
2022-08-05,116.50707244873047,117.1418256153438,115.04912116805919,115.27723913427396,19159500,0.030565174700290982,0.041873553437995356,63.42238602090317,1.1003751998266864,0.024723196597088805,-0.09909499666145996,-0.006091934257954734,0.0,0,2.33,3.6,295.097
2022-08-08,116.3384780883789,119.1651147158916,115.9219151378597,117.41953956981935,19138300,0.020310633981299845,0.03824884546444484,56.50393940088995,1.2075491881796268,0.028226630959621336,-0.09842379574404217,-0.0014470740428719209,0.0,0,2.33,3.6,295.097
2022-08-09,115.67396545410156,116.3583118525418,114.7615086340848,116.17978703411632,19086500,0.004340161135011142,0.030705987650963724,54.97993678783174,1.2247466134918028,0.03655598329825316,-0.09342959005974778,-0.005711890383958251,0.0,1,2.33,3.6,295.097
2022-08-10,118.71878814697266,119.92878873304059,117.43936923676468,117.80633141765588,30930400,0.02491646784456604,0.05645800167964551,58.92142926831392,1.467154992144998,0.0172275051752238,-0.11696431022697296,0.026322454503206805,0.0,0,2.33,3.6,295.097
2022-08-11,117.8658447265625,120.49412374035786,117.58814114476164,120.28584605400722,24293700,0.013543488870380862,0.04792848598445559,72.36304946657638,1.5723153009471673,0.029377950748588885,-0.10823405401333659,-0.007184569803342478,0.0,1,2.33,3.6,295.097
2022-08-12,120.68254852294922,120.68254852294922,118.48074539699118,119.27419055535846,19096300,0.03304230722181671,0.07149971025869191,76.32849136778975,1.8614820531284835,0.014131808606404159,-0.1296888321003085,0.02389754048699344,0.0,1,2.33,3.6,295.097
2022-08-15,121.07929229736328,121.29749013245304,119.62134091458636,120.13707506100795,19494800,0.03012411550360614,0.07417898373260712,84.36744838051128,2.0984728061796005,0.017628273969150447,-0.12867037482481591,0.003287499139435379,0.0,0,2.33,3.6,295.097
2022-08-16,120.702392578125,121.42641192061868,119.65108407641937,120.5238677790755,19041200,0.021255829274796675,0.06948786037316457,75.17476091129399,2.2301690276202493,0.027417740007990375,-0.12607831162351388,-0.0031128338470350903,0.0,0,2.33,3.6,295.097
2022-08-17,118.57003021240234,120.2957650012785,118.40141798211481,119.13535751738875,22847000,0.001978023859763668,0.05009022362707256,64.68320266773131,2.137831815499055,0.049197334776297105,-0.10893817479191752,-0.017666280843128046,0.0,1,2.33,3.6,295.097
2022-08-18,119.1849365234375,119.82960983443398,117.74682554009155,118.45100459562921,17987700,0.005505684369469884,0.05497621561263543,61.547655139984656,2.090177445452497,0.047421892003977104,-0.11232157583058658,0.00518601800078522,0.0,0,2.33,3.6,295.097
2022-08-19,116.24919891357422,118.17329866159419,115.8028907047583,118.08403247971835,21809500,-0.019048303064680087,0.028987378589789264,56.466702285383825,1.794831819752261,0.07065002154568646,-0.07873799678230607,-0.024631783977885235,0.0,0,2.33,3.6,295.097
2022-08-22,113.30353546142578,114.68214057418322,112.91673302356456,114.25566512130368,21456600,-0.04145001069055814,0.003018521649032974,47.86775031790789,1.308000050502315,0.09235137484158835,-0.042762551360539656,-0.025339215062792797,0.0,0,2.33,3.6,295.097
2022-08-23,112.92666625976562,114.06724098148526,112.50019075744802,112.54978392368335,15870400,-0.04241268731552326,-0.0007911879364526261,38.46994875476733,0.8816095251683294,0.08046629145982842,-0.016273462397091425,-0.0033261910153585816,0.0,0,2.33,3.6,295.097
2022-08-24,112.758056640625,113.83911800192885,111.94477869138811,112.5696116974473,17734600,-0.03898496419074853,-0.0035593613022882,37.745061070442176,0.5240457020815512,0.08147067603417033,-0.013637078459596382,-0.001493089495378963,0.0,1,2.33,3.6,295.097
2022-08-25,115.69380187988281,115.76322777545683,113.17462177828163,113.30355342238907,16956800,-0.01213545226233727,0.020606446535502292,48.00972536050938,0.4721215782696788,0.05327328799494506,-0.03582807585146361,0.026035791381314954,0.0,0,2.33,3.6,295.097
2022-08-26,109.43551635742188,114.17634005588431,109.28675199221415,113.77961742600252,37245700,-0.056511828499663394,-0.03469896149630495,36.98576148509767,-0.07317647013559281,0.11923578409069725,0.008161382878582904,-0.054093524638065715,0.0,0,2.33,3.6,295.097
2022-08-29,108.52305603027344,110.040513040239,107.90814316272662,109.08838330000286,21191200,-0.05413934949176575,-0.04331439142548634,36.64317794332495,-0.5723592239562834,0.13427122324029425,0.00604139877772091,-0.00833788113329037,0.0,0,2.33,3.6,295.097
2022-08-30,108.0469970703125,109.59420698279374,106.91634250859858,109.26691024996742,27513300,-0.04778550868900327,-0.047810217706019585,27.950835151095177,-0.9949104241949698,0.1443118183229003,-0.00025091450297055163,-0.004386708017401708,0.0,0,2.33,3.6,295.097
2022-08-31,107.33289337158203,109.94133184491908,107.24362719051874,109.74297432432968,28627000,-0.044617488042673986,-0.05355347577321779,28.112119472005176,-1.3715965835491204,0.15520651572459138,-0.005991885736697346,-0.0066091952399728315,0.0,1,2.33,3.6,295.097
2022-09-01,108.8404312133789,109.54461025492617,106.47994340226887,107.39240011242691,28360900,-0.022195324508959988,-0.03996677335373693,23.975637694708638,-1.5308309081014926,0.13919877063870664,-0.027452725006780452,0.014045441191805397,0.0,0,2.56,3.5,296.349
2022-09-02,106.9659194946289,109.83222868726963,106.38075953474187,109.6834567691589,24160700,-0.030953838545372644,-0.055775425134676246,20.875944080341526,-1.7876754771741474,0.16059888131270167,-0.020765596040847798,-0.01722256791756982,0.0,0,2.56,3.5,296.349
2022-09-06,105.93443298339844,107.14443336265451,104.91287751899961,106.420421704151,25068300,-0.033848491422737784,-0.0630489764735218,20.3267987883396,-2.0508184313072917,0.1732708004392147,-0.022423111005451652,-0.009643132280859446,0.0,1,2.56,3.5,296.349
2022-09-07,108.55281066894531,109.07847249571734,106.02371813346193,106.18240264265648,23167000,-0.006003026806535562,-0.03881392139834606,30.258021503345674,-2.024739979643684,0.14384211066974523,-0.051434613014027714,0.024716965124618406,0.0,0,2.56,3.5,296.349
2022-09-08,107.49158477783203,108.70158540495544,106.28159171756349,107.15437545780347,24238300,-0.010950869565730126,-0.04760379559935093,27.353101192933593,-2.0658903808548104,0.15029036819856284,-0.04767000898138716,-0.00977612541373718,0.0,1,2.56,3.5,296.349
2022-09-09,109.74297332763672,110.08018262294702,108.12633003878351,108.17592320190764,23197700,0.015323924105501362,-0.027476332660354704,37.05606069437159,-1.8949898663679363,0.12151463601730894,-0.06943147634057689,0.020944788882385046,0.0,1,2.56,3.5,296.349
2022-09-12,109.95125579833984,110.70502802301867,109.02887891863624,110.0801874345021,22966800,0.016765765751273903,-0.025955377428546453,42.51554329125999,-1.7228829999034048,0.10846583507054433,-0.07003001586438226,0.0018979116784205718,0.0,0,2.56,3.5,296.349
2022-09-13,103.46485900878906,107.41223714705868,103.23674105474096,106.91633578916247,38172900,-0.038720275233285674,-0.08270550294758681,33.4029417542928,-2.085840805687056,0.16704762994854686,-0.01784318519800355,-0.05899338522742659,0.0,1,2.56,3.5,296.349
2022-09-14,104.13928985595703,104.41699341820953,102.8102777889331,103.7128143662537,26395100,-0.028928642344529076,-0.07538255826542976,35.14532916653188,-2.292638440009142,0.14556191596010493,-0.026180989796282878,0.006518453256778578,0.0,0,2.56,3.5,296.349
2022-09-15,102.0664291381836,104.40707676995653,101.51101442821535,103.17724342441045,34188300,-0.043560601118369284,-0.09192169944214527,25.792845706423677,-2.593888855325929,0.15930144712844274,-0.013047616880673513,-0.019904694190257755,0.0,0,2.56,3.5,296.349
2022-09-16,101.95732879638672,102.28461796293107,100.11257502049808,101.23330943767259,42797200,-0.038380521457448226,-0.0903264605250295,33.002745763523066,-2.809054434702361,0.145921044267376,-0.014267476343220583,-0.0010689150459958219,0.0,1,2.56,3.5,296.349
2022-09-19,102.22511291503906,102.48298375828159,100.71757600878111,100.91593353936474,23036800,-0.03152451543988675,-0.08530124813902223,35.25316808462898,-2.924257743156616,0.13274095162202557,-0.020390190176080583,0.0026264332521610534,0.0,0,2.56,3.5,296.349
2022-09-20,100.31092834472656,101.53084904223219,99.6960079229227,101.24322534010722,26517100,-0.04456917280169298,-0.1001073465908107,33.02873784457796,-3.1338903551823876,0.15073909055620288,-0.011031703384023797,-0.01872518910204979,0.0,0,2.56,3.5,296.349
2022-09-21,98.46617889404297,102.03666739252802,98.45625874751293,100.83658693545453,31487300,-0.053042225791470596,-0.11433348690690226,31.467693345911684,-3.40957808026927,0.16962442087862561,-0.0045156693128033795,-0.018390313808521075,0.0,1,2.56,3.5,296.349
2022-09-22,99.31912231445312,100.41010377703378,97.98019017551985,98.00994304598551,34298600,-0.03727281377176949,-0.10487070348570204,29.539663454050455,-3.518676075444006,0.153543589727617,-0.02055965584429461,0.008662298364680021,0.0,0,2.56,3.5,296.349
2022-09-23,97.93061065673828,98.84307502364526,96.67102437480322,98.81331458217939,31625400,-0.03973698049657692,-0.11554635871644722,30.16982993564065,-3.6748173027582283,0.15473064265399405,-0.009642690143075644,-0.013980305356693479,0.0,0,2.56,3.5,296.349
2022-09-26,97.36527252197266,99.06125428806656,96.99831035340091,97.29584663330873,27072700,-0.033350776434110815,-0.11850329872409181,30.80004526577747,-3.8003701120853464,0.1594511574249382,-0.014304912688375158,-0.005772843965481056,0.0,0,2.56,3.5,296.349
2022-09-27,96.70075988769531,99.18026655148238,96.07592693248836,98.61493933481309,30072800,-0.033457340352560205,-0.12270291294667204,20.896228712741447,-3.9084381915052404,0.16582597181280592,-0.018164264239914227,-0.006824945045240671,0.0,1,2.56,3.5,296.349
2022-09-28,99.22986602783203,99.87453174796886,96.31396358421772,96.84953796570939,32466300,-0.003287507586122638,-0.09752339848481045,31.076788869751937,-3.7468142517634107,0.13163025745852264,-0.04759231325981876,0.026153942772258798,0.0,0,2.56,3.5,296.349
2022-09-29,96.62141418457031,97.83141465127956,95.17338319605307,97.83141465127956,31047200,-0.024150904368728614,-0.1186263742056929,20.429160581544522,-3.785568699556208,0.1596192327507158,-0.030405333148035337,-0.02628696326698754,0.0,0,2.56,3.5,296.349
2022-09-30,94.86593627929688,98.08929527552542,94.77667009540615,96.25446166796625,32941500,-0.034969082655980414,-0.13170329030056624,18.21982015807292,-3.9128296103609017,0.17592110435966452,-0.02203724887255409,-0.01816862152234755,0.0,1,2.56,3.5,296.349
2022-10-03,97.8314208984375,98.47609418773558,95.72879638211501,95.9668344859771,27982000,-0.00033444424954686314,-0.10305259594553837,36.06477060411044,-3.731381925728158,0.13463593497369264,-0.05537799452936477,0.03125974122481523,0.0,1,3.08,3.6,298.007
2022-10-04,100.80682373046875,101.00518123961032,99.5571502356858,99.61666354191142,28850800,0.02954726451033035,-0.07478552374971939,42.599094594507584,-3.3093451158313343,0.09651645771148712,-0.08371622957170421,0.03041357065763295,0.0,0,3.08,3.6,298.007
2022-10-05,100.59854888916016,101.09445024273644,97.99011049341637,99.01166607108686,22176900,0.025187480671294254,-0.07609323829219324,46.445693924511964,-2.9575906781438306,0.08852458163919051,-0.07946407473824299,-0.002066078799045079,0.0,0,3.08,3.6,298.007
2022-10-06,100.58863067626953,102.08625491156727,99.76543259746941,99.85469877759263,22324000,0.02376192320890077,-0.07422118337165898,46.66985700644651,-2.64908605388257,0.07961460890420273,-0.0772185641381076,-9.859200754036568e-05,0.0,0,3.08,3.6,298.007
2022-10-07,97.87109375,99.70592728808386,97.49421143647145,99.03150112865876,27502800,-0.0038360376191798667,-0.09666956037231791,40.53469698889619,-2.593974709290464,0.0916630453501177,-0.045797605567639205,-0.027016342781477354,0.0,0,3.08,3.6,298.007
2022-10-10,97.05782318115234,98.2876565416277,96.21479230959145,98.18847777441846,18225100,-0.011804533162585023,-0.1011379911863701,42.57247304590427,-2.5861116247541247,0.07648113283427731,-0.02675717988918726,-0.00830960948413495,0.0,0,3.08,3.6,298.007
2022-10-11,96.38339233398438,98.43642374055914,95.52052121037734,96.6313430235072,26507100,-0.018354061984638632,-0.10447540450412297,44.97607056744206,-2.6042804822304504,0.07835630318047337,-0.02163684636031342,-0.006948753073816483,0.0,1,3.08,3.6,298.007
2022-10-12,96.76026916503906,97.94051680156004,95.9469912522471,96.50240591070916,21876400,-0.012030669440616974,-0.09805306276989038,43.682653318003666,-2.5587726833915383,0.06500087744344783,-0.023918334342140822,0.003910184337035494,0.0,1,3.08,3.6,298.007
2022-10-13,98.24796295166016,98.96206203302697,93.60632648962917,94.37001872764498,34574500,0.0014961364468227501,-0.08095346414993215,50.77966731995076,-2.3752821949594534,0.04396875672957761,-0.037679326211040594,0.015375048038401173,0.0,0,3.08,3.6,298.007
2022-10-14,95.76846313476562,99.86461299357255,95.58002577343595,99.17034658633813,25410700,-0.024676078337182918,-0.10053757447595105,46.41423280443223,-2.4022479550004476,0.06617357646451807,-0.014402496070106161,-0.025237162607783414,0.0,1,3.08,3.6,298.007
2022-10-17,99.1505355834961,100.10266544468307,98.0198809004081,98.04963377624901,28419200,0.008412866398348087,-0.06572699042457117,54.90278769830061,-2.1262039767292578,0.02373361223945695,-0.04505034859370646,0.03531509578441505,0.0,1,3.08,3.6,298.007
2022-10-18,99.94396209716797,102.62183412414964,99.15052441894925,102.28461724659432,24060700,0.017375253074895413,-0.055332032060678105,51.535834609394115,-1.8224066766885016,0.014956623755765133,-0.052348732294371036,0.008002241329334137,0.0,0,3.08,3.6,298.007
2022-10-19,98.81330871582031,100.1919139812081,98.10912964670428,99.19019861679422,23811100,0.007697080997464391,-0.06303251598717297,55.03420432881014,-1.6538152534969726,0.026867696514247884,-0.04145172120050818,-0.011312873310429739,0.0,1,3.08,3.6,298.007
2022-10-20,99.1505355834961,101.48127084891942,98.57528809438662,99.18028845933702,25323200,0.012621194739071964,-0.05633291374546574,60.52635623664737,-1.4759797700594248,0.02316835976064638,-0.04467513357221205,0.003412767693526275,0.0,1,3.08,3.6,298.007
2022-10-21,100.30101776123047,100.47954257381622,96.91897403600436,97.04790568020596,32458700,0.021835170544855877,-0.04218073666284916,56.66134765857318,-1.228053337004937,0.014022569122165138,-0.05585994904884622,0.01160338843319253,0.0,1,3.08,3.6,298.007
2022-10-24,101.67961883544922,101.9077368068661,99.16044640435987,100.9655271818657,27176400,0.03102530030925145,-0.025478981320543694,52.57614210340238,-0.9098401959333415,0.005357017300670086,-0.0695006419414559,0.01374463694377015,0.0,1,3.08,3.6,298.007
2022-10-25,103.6235580444336,103.96076735839142,101.87798302852408,102.05650783204726,40611400,0.04307897976920993,-0.003513578084731805,58.09881479762666,-0.49508728302740224,-0.004756568160665114,-0.08902227991099848,0.019118277893333868,0.0,0,3.08,3.6,298.007
2022-10-26,94.1518325805664,97.50412305253043,93.91380204631294,95.6395366616455,88114100,-0.049768809888558425,-0.0899504599280414,38.56186093930906,-0.9200756386029951,0.09748227083390734,-0.004887687833585282,-0.09140513646332937,0.0,0,3.08,3.6,298.007
2022-10-27,91.46406555175781,94.64775198416893,91.04751014569034,93.74520770416706,60710900,-0.07053143759667849,-0.11127285744813009,38.60270327198186,-1.456967296823862,0.13669424930806628,0.011754748546355649,-0.02854715574982203,0.0,1,3.08,3.6,298.007
2022-10-28,95.50067901611328,95.7585498263694,91.37477631943048,91.51362808644829,43697300,-0.029246731512881933,-0.06775959840566467,47.51501113568391,-1.5389962421842256,0.08822043821628354,-0.029917227462349063,0.04413332646000989,0.0,0,3.08,3.6,298.007
2022-10-31,93.73527526855469,95.242812042702,93.20962104840368,94.637811790529,31675000,-0.04191804574978241,-0.08095316370114398,45.91617026864087,-1.726555444283946,0.1103237245592482,-0.017624480618753113,-0.018485771679808916,0.0,0,3.08,3.6,298.007
2022-11-01,89.7283935546875,95.2428142728165,89.62921479576478,94.66756687746879,47161400,-0.07319575985373722,-0.11615348633707019,40.24758930767006,-2.173464979294124,0.16394228517719867,0.009861222723570597,-0.04274678558725453,0.0,0,3.78,3.6,298.786
2022-11-02,86.25708770751953,90.43257644134617,86.16782152387951,90.19454589639709,57038300,-0.09734403449166462,-0.14585900553610284,34.23729921879921,-2.775752232659727,0.21957975616337538,0.025079270649996023,-0.03868681595254775,0.0,0,3.78,3.6,298.786
2022-11-03,82.74610900878906,85.81077606951776,82.65684282083558,85.61241853361773,61288000,-0.11896083679182916,-0.17572640718812604,33.33333984298716,-3.4960752791251224,0.28338363552829654,0.034954962872654746,-0.04070365452906888,0.0,1,3.78,3.6,298.786
2022-11-04,85.87028503417969,85.92979077856455,83.02380838038178,84.69995747119829,51124900,-0.07142856023192257,-0.13949209198860343,32.89032371451033,-3.7713676094685695,0.23998484406614273,-0.01996871817222173,0.03775616839045304,0.0,1,3.78,3.6,298.786
2022-11-07,87.7646255493164,88.17126831965837,86.1380696016579,86.56454509810828,34078900,-0.036445024554036184,-0.11667231904462318,34.74153408769405,-3.7929584527242355,0.21315770449910204,-0.051647909858608315,0.022060489427544017,0.0,1,3.78,3.6,298.786
2022-11-08,88.17127990722656,89.57963821850713,86.87201295416122,88.17127990722656,30429000,-0.01527472912310964,-0.1089289961075105,36.421167400023364,-3.734210093929164,0.206844860902214,-0.06461797359981007,0.004633465423738992,0.0,0,3.78,3.6,298.786
2022-11-09,86.60420989990234,88.70683431006073,86.56453688459513,87.72494420662868,31769100,-0.024553818406041115,-0.12095617811994121,34.478493026198905,-3.7706355103414637,0.22789384237834098,-0.05863116108661873,-0.01777302097659328,0.0,1,3.78,3.6,298.786
2022-11-10,93.16996002197266,93.61626826753488,90.8590576182188,91.49381082236977,51620100,0.047385525856495296,-0.05158617778453106,42.220303409848334,-3.232440194256128,0.13686719013141244,-0.1259241754359164,0.07581329048159491,0.0,1,3.78,3.6,298.786
2022-11-11,95.61970520019531,96.1354392923686,93.15011094483498,93.91380328731896,33090500,0.07478093039092282,-0.02402233223251454,43.539861587924364,-2.578519004254062,0.10760924118888447,-0.1483414929778721,0.026293294294050584,0.0,0,3.78,3.6,298.786
2022-11-14,94.91552734375,95.99659635796955,93.73528712723771,94.31052701503693,30179500,0.06545240452881133,-0.028820744382305096,40.464808615146275,-2.092976487766535,0.11090655388436503,-0.14156487819360394,-0.007364359207874593,0.0,1,3.78,3.6,298.786
2022-11-15,97.63306427001953,99.31912590340235,95.91724219824151,97.4545394739204,41640800,0.08631836297970566,0.0006851582430715994,54.47362466229081,-1.4719305278785697,0.07654125853295995,-0.1643815277968891,0.028631110233709123,0.0,1,3.78,3.6,298.786
2022-11-16,98.03970336914062,98.82322847399864,96.83962291238991,97.09749375411836,29105200,0.07672698444602559,0.007023191857911555,58.97642272866454,-0.9361434741574897,0.07095889894278504,-0.16751930316806926,0.004164973230753821,0.0,0,3.78,3.6,298.786
2022-11-17,97.55372619628906,98.46618297666177,95.99659606811966,96.17512087878868,26052600,0.054244993162384667,0.004081319291483508,53.103470228150854,-0.5444664005675293,0.07396694502557292,-0.16268195692634813,-0.004956942505443429,0.0,0,3.78,3.6,298.786
2022-11-18,96.63134765625,98.08929899123865,95.5800391036644,97.96035978371822,28342300,0.032272434044631926,-0.0027206417581185486,54.492317494941915,-0.3049722076375616,0.07856793060748735,-0.15283668588158916,-0.009455082609383214,0.0,0,3.78,3.6,298.786
2022-11-21,94.81634521484375,97.5933960537091,94.57831466395251,96.49249435141179,21647400,0.005310456673711979,-0.018385744430261166,58.468139464601805,-0.25864535998250915,0.08802364957236533,-0.13266798152320305,-0.01878274996083895,0.0,1,3.78,3.6,298.786
2022-11-22,96.25444793701172,96.42305256748666,93.27904005725065,95.16345899428316,23438500,0.011886028333244848,-0.002007399384995316,67.846992237276,-0.10468142617691001,0.05582959008518376,-0.13734404488055388,0.015167244834309646,0.0,1,3.78,3.6,298.786
2022-11-23,97.65290069580078,97.95044455619234,96.29412816473291,96.29412816473291,18868100,0.014800452546755273,0.013855833788806478,78.78203109325472,0.12869602324573748,0.04528932514099714,-0.15069251826613647,0.014528707906612315,0.0,0,3.78,3.6,298.786
2022-11-25,96.66108703613281,97.83141448608896,96.60158129749476,97.43469190584294,9701400,0.0008625331774293194,0.004686237472346788,72.70443708447682,0.2309559435521038,0.06037592566946854,-0.1409626262988983,-0.010156520211904163,0.0,0,3.78,3.6,298.786
2022-11-28,95.26265716552734,96.78011416235111,94.82626153412802,96.24453976932135,26237500,-0.013252495842488407,-0.008469021332395547,66.11251159112163,0.19688647897402234,0.07567522662169231,-0.12833532110789864,-0.014467350962882541,0.0,0,3.78,3.6,298.786
2022-11-29,94.40969848632812,95.33207527119987,93.33854978773114,94.94527283562661,20061700,-0.02157495078646456,-0.01574564782749405,63.153431227772835,0.09990787016363356,0.0859519475401435,-0.12030414757007604,-0.00895375695554168,0.0,1,3.78,3.6,298.786
2022-11-30,100.16216278076172,100.21175594756679,93.64601867914251,94.04274131301841,43647500,0.035327676398446334,0.04425820961456665,74.29790359638966,0.48167496800019194,0.03297392504080326,-0.16979937022837477,0.06093086183583818,0.0,0,3.78,3.6,298.786
2022-12-01,100.16216278076172,101.4118364290716,99.42823082654697,100.19191565410281,28687100,0.033061260542074755,0.043889053330702546,66.38770953077123,0.7752910706584544,0.038618144163502774,-0.16156102662758567,0.0,0.0,0,4.1,3.5,298.832
2022-12-02,99.61666870117188,99.94395785152076,98.08929158774455,98.23806351073277,21480700,0.02525366829766852,0.03813953357608273,60.28584958930424,0.9529817536210601,0.040480455689732256,-0.13620922279287642,-0.005446109233721685,0.0,0,4.1,3.5,298.832
2022-12-05,98.66455078125,100.54897014150208,98.18848208415297,98.58520473725795,24405100,0.013334008254119272,0.02805992032732761,59.526231877764474,1.0053854830866413,0.04749929990833501,-0.11188431370340102,-0.009557817304431393,0.0,0,4.1,3.5,298.832
2022-12-06,96.1850357055664,98.9620789139917,95.62962101039767,98.48601782310948,24910700,-0.013518554779074184,0.0024705570291237954,46.27552145760873,0.837189077250585,0.06962693164516892,-0.07536012384182858,-0.025130759285378446,0.0,0,4.1,3.5,298.832
2022-12-07,94.16175079345703,96.08584288669229,93.94355298868143,95.6197019736811,31045400,-0.032192334213197345,-0.01809708267350077,40.791332575562954,0.5344690047349729,0.08570694899775878,-0.04222677172620673,-0.021035339824615584,0.0,0,4.1,3.5,298.832
2022-12-08,92.94182586669922,94.79649955511114,92.68395505775045,94.59813448405295,32213300,-0.0400828704188455,-0.02954558878041306,39.41736334540244,0.1938883953049384,0.085066587674665,-0.007945431510003135,-0.01295563130972055,0.0,0,4.1,3.5,298.832
2022-12-09,92.06904602050781,93.48732417745734,91.98969998883905,93.00133540862666,28225400,-0.044565705854465405,-0.03774395031945438,39.5072906248355,-0.14478128238121712,0.09696182797638725,-0.0013460945715902737,-0.009390603617398074,0.0,1,4.1,3.5,298.832
2022-12-12,92.54511260986328,92.79306329851202,90.85905095379364,91.9500324704772,29420000,-0.036909380292153064,-0.03229890777758791,44.433636880046876,-0.37049402235903983,0.09310827408490564,-0.011594980636465623,0.005170756187149239,0.0,1,4.1,3.5,298.832
2022-12-13,94.84609985351562,98.71413232006631,94.25101968178204,96.958644678424,40593700,-0.01341172115635866,-0.007618991536497841,46.68846668984443,-0.35955779609750493,0.06659823145442972,-0.03565610848267732,0.024863411786557155,0.0,0,4.1,3.5,298.832
2022-12-14,94.29067993164062,96.0759277719066,92.83272878989905,94.41961155521665,28733600,-0.013162070501831281,-0.012083286500246532,41.76784083118669,-0.3911990052319396,0.07151950702190339,-0.0321588714038194,-0.0058560122422831595,0.0,0,4.1,3.5,298.832
2022-12-15,90.11520385742188,92.8724144565508,89.2721729828965,92.36659290509361,40107000,-0.046839698043056516,-0.0537525492329699,36.134493707707705,-0.7446174285059328,0.12344624972964269,0.0016141486251920224,-0.044283020095368,0.0,0,4.1,3.5,298.832
2022-12-16,89.5201187133789,90.58134735770545,88.786179227131,90.01602009048204,58011800,-0.042913017417932985,-0.05781109328828898,37.407583629788455,-1.060497715456151,0.1330008315691768,-0.0027881710011881497,-0.0066036042595486455,0.0,0,4.1,3.5,298.832
2022-12-19,87.71502685546875,89.81764358437222,87.48690892157741,89.52010733603768,29493000,-0.05110357830848984,-0.07483162511649533,35.90815450147521,-1.4398927583933698,0.1609485757196115,0.002936735419379447,-0.020164091422729347,0.0,1,4.1,3.5,298.832
2022-12-20,88.29029083251953,88.4489829286173,86.72324800125995,87.38775412824421,23453800,-0.0366529455325031,-0.06703855536452201,18.046006751928232,-1.6748405487544602,0.15654363696516557,-0.01414891884958265,0.0065583286886370384,0.0,1,4.1,3.5,298.832
2022-12-21,88.84568786621094,89.48044099017838,87.59601434290138,88.349786515183,24745600,-0.024937154434796983,-0.05967173087123168,20.425121936532776,-1.7955247744266103,0.14933028268408163,-0.028667127741548445,0.006290578821910975,0.0,0,4.1,3.5,298.832
2022-12-22,87.04061126708984,87.81421619968995,85.61241288884075,87.43733387958731,27658300,-0.03852050954914572,-0.07687711062669217,19.163461793888175,-2.0136108363568894,0.17210365648083306,-0.01965383951401675,-0.02031698602907195,0.0,1,4.1,3.5,298.832
2022-12-23,88.4985580444336,88.81593460502073,86.35626058532988,86.39593360126003,23003000,-0.018544607237089377,-0.059469631718005234,25.676319516270766,-2.045225405928889,0.15023418373420921,-0.04246769563276701,0.016750190010384358,0.0,0,4.1,3.5,298.832
2022-12-27,86.67363739013672,88.21093460263191,86.29675508801945,88.07208282991216,20097300,-0.03248311463719183,-0.07708009831346758,26.50662168039699,-2.1922649595724835,0.17447140542624617,-0.032235328751011955,-0.020620908347236733,0.0,0,4.1,3.5,298.832
2022-12-28,85.31488037109375,87.31832642526183,85.23554189153839,86.26701779431262,19523200,-0.03740913435375238,-0.08886377653067726,27.406315991291237,-2.390874685916927,0.19451903172594684,-0.028825189120536464,-0.01567670470464866,0.0,1,4.1,3.5,298.832
2022-12-29,87.7249526977539,88.12167532237186,85.9000392181079,85.9099593646084,23333500,-0.0028297495152725897,-0.06067340613388756,37.4403228626805,-2.3269776798045854,0.1485825662977502,-0.056564452292052834,0.028249143832553836,0.0,0,4.1,3.5,298.832
2022-12-30,87.50676727294922,87.57619316857544,85.8603709383056,86.26701373187004,23986300,-0.002351826219593221,-0.06073538983695397,38.65880427818927,-2.2678027638342684,0.13578357345701536,-0.05301150652964416,-0.002487153518981322,0.0,1,4.1,3.5,298.832
2023-01-03,88.38947296142578,90.30365276991351,87.7943851962897,88.85561394606133,28131200,0.009012380235800121,-0.04906399939555805,39.87436274189039,-2.1251814754453306,0.10724602780042597,-0.057975623752567276,0.01008728485790411,0.0,0,4.33,3.5,300.42
2023-01-04,87.35798645019531,89.90691916874918,86.55462109181812,89.60937532240884,34854800,-0.002355961295490435,-0.05753651230262133,30.551248943823282,-2.0715063817294066,0.10296382430902795,-0.042439287851716315,-0.011669789135190567,0.0,0,4.33,3.5,300.42
2023-01-05,85.49340057373047,86.85217316940673,85.19586426604603,86.75299440017858,27194400,-0.020521317716216236,-0.07442004189335952,28.605891169331684,-2.1545882285733455,0.1160354131655681,-0.023077245375360274,-0.021344194758058932,0.0,1,4.33,3.5,300.42
2023-01-06,86.6240463256836,86.97118333274179,84.16437980636358,86.07855936732152,41381500,-0.00503529482282133,-0.05871456746875093,40.033932192241764,-2.1049331684967143,0.09359464208930204,-0.03665608825794735,0.013224947707841439,0.0,1,4.33,3.5,300.42
2023-01-09,87.29846954345703,89.31183536259933,87.13978504764104,87.63568639320383,29003900,0.002414246005029113,-0.04997107233511664,43.68654478408641,-1.9882416462952364,0.0790241996416594,-0.04444093749832128,0.007785635125352908,0.0,1,4.33,3.5,300.42
2023-01-10,87.69519805908203,87.94314874861813,85.12643254757823,85.2752044746708,30467800,0.007899478591271342,-0.04487016909015913,49.938747815872965,-1.8425107812579427,0.06929816960219821,-0.04890681330083877,0.004544507111061247,0.0,1,4.33,3.5,300.42
2023-01-11,90.76978302001953,90.8491290549015,88.28036360214634,88.44896825112974,26862000,0.03834801334196079,-0.0103635632710773,56.634797080454106,-1.4620708669658171,0.0295718971849915,-0.07957178371460219,0.035059900986438075,0.0,0,4.33,3.5,300.42
2023-01-12,90.38298797607422,91.1169275086837,89.0143028128799,90.73012501545803,30258100,0.02796361536694794,-0.013859827751180847,54.151069879512114,-1.1781990758896796,0.021776672784657777,-0.06836951116577696,-0.004261275405494813,0.0,1,4.33,3.5,300.42
2023-01-13,91.36487579345703,91.43430168612433,89.39118279204233,90.10528201196577,26329200,0.03484693937644408,-0.0035026125807845494,62.21976826012266,-0.8640383985785149,0.0007419920012167045,-0.07153020184212609,0.010863635285466966,0.0,0,4.33,3.5,300.42
2023-01-17,90.54167175292969,91.49380146174484,89.3118384915669,91.30535652243567,32602400,0.022009742933608727,-0.013403219159822009,55.988380803728155,-0.6737232227377206,0.010727190721495293,-0.0635040064863949,-0.00901007124869635,0.0,0,4.33,3.5,300.42
2023-01-18,90.37307739257812,92.03930646438202,89.89700870055337,91.38471295870488,29116700,0.01782774000727365,-0.01687443832506163,62.009097226797145,-0.5303872564775389,0.014118522739196216,-0.06231890128340507,-0.0018620637004762575,0.0,1,4.33,3.5,300.42
2023-01-19,92.2872543334961,92.84266148471706,89.88708578674498,89.97635197425116,37000400,0.03364778606410925,0.002549276658990569,71.84590972611666,-0.2593448231636728,0.00036221200839978786,-0.08409151710439002,0.021180831682900747,0.0,1,4.33,3.5,300.42
2023-01-20,97.21649169921875,97.49420279530663,94.24108377138869,94.32042979884237,63191100,0.07474520246140562,0.05393300041923875,75.68440476677117,0.34918137254629755,-0.028934429609386827,-0.14277514381343276,0.05341189746430208,0.0,1,4.33,3.5,300.42
2023-01-23,98.97200012207031,99.21995081656387,96.70077085248677,97.1470790758333,40005100,0.07941765493161206,0.0704577974783176,78.64222411886486,0.9620081935431699,-0.024779522931320793,-0.16912772271171783,0.018057722431323642,0.0,0,4.33,3.5,300.42
2023-01-24,96.89912414550781,98.79347100071968,96.40322277819845,97.29584675272618,33078500,0.045859324500557436,0.045709320574995986,70.06545062563256,1.265822483162026,0.00790001786484266,-0.152997146682783,-0.020944064725435974,0.0,0,4.33,3.5,300.42
2023-01-25,94.43946838378906,95.37176548216979,92.99143713393819,94.78659786716852,42330000,0.011945339646218557,0.01888619750446628,65.64421851719513,1.29321643867317,0.03972569223460528,-0.13022156527766332,-0.02538367382996387,0.0,1,4.33,3.5,300.42
2023-01-26,96.72059631347656,96.77018947539196,94.59813913338816,95.70896088534776,30114000,0.029821644322238456,0.04324895509219716,74.35458901731369,1.481911749334472,0.023814735557304515,-0.14895811317797975,0.0241543918948941,0.0,1,4.33,3.5,300.42
2023-01-27,98.5554428100586,99.49765240364174,96.5123239826297,96.5123239826297,33879800,0.04030571502507044,0.06220593696253869,75.11487301176385,1.7592315936046248,0.014581053436679042,-0.16119476086296378,0.018970587098483094,0.0,0,4.33,3.5,300.42
2023-01-30,96.14535522460938,97.48428734322064,95.60978086379407,96.68092958542469,27226200,0.00977058799264752,0.03656302343723893,67.3541089545292,1.7641990534544618,0.04522747332906328,-0.13662412388289766,-0.024454129743946007,0.0,1,4.33,3.5,300.42
2023-01-31,98.02977752685547,98.06945054380512,96.02633935545113,96.07593251835176,29870700,0.021528091488058385,0.056881633260225224,69.15442330589123,1.8983103916532684,0.032429453760238675,-0.14978060259649859,0.019599722709888745,0.0,1,4.33,3.5,300.42
2023-02-01,99.60675048828125,100.36052269702401,96.78011416406397,97.90084854753133,35531100,0.028068967322948037,0.07340816326547397,67.34140108125588,2.1075486234423977,0.025458941517891534,-0.1613546023717008,0.01608667285808907,0.0,1,4.57,3.6,301.45
2023-02-02,106.85682678222656,106.9659256907038,104.74428963661705,104.93273458159672,69883800,0.08655970432287893,0.14900603835289536,75.46765099892221,2.825817727370321,-0.02057420244813465,-0.22355052522094404,0.07278699745152606,0.0,0,4.57,3.6,301.45
2023-02-03,103.92108917236328,106.92625024321528,101.73912618609937,102.08625562934304,65309300,0.04955273202001654,0.11525505525627543,68.30537310630581,3.1221712304886466,0.017440239573625303,-0.19422966513219608,-0.02747356157081371,0.0,0,4.57,3.6,301.45
2023-02-06,102.0564956665039,103.5045266483121,101.04485271151285,101.56059433437012,31999600,0.027520317200866885,0.09388246922394658,66.29245018849,3.170034222715188,0.041306346592296754,-0.16966385707559872,-0.017942397647187525,0.0,1,4.57,3.6,301.45
2023-02-07,106.75763702392578,107.29321136487101,102.27469235924704,102.37387111123238,49010200,0.06428831599129332,0.1420421913304861,70.54724151873523,3.5464277953056467,0.008189390289008162,-0.20073845986603833,0.04606410720571952,0.0,0,4.57,3.6,301.45
2023-02-08,98.5554428100586,102.29453587919534,97.23634332555855,101.2134745048074,94743500,-0.02149609744023681,0.053871904249104,56.78985614084036,3.1466018217810756,0.08979290915106454,-0.12089896163236206,-0.07683004647273117,0.0,0,4.57,3.6,301.45
2023-02-09,94.23118591308594,99.21003262732542,92.86249320969232,99.18027975409596,119455000,-0.06211122752580343,0.007854138059008838,46.723296824472754,2.45253417755994,0.13815207811223446,-0.07523253348978479,-0.043876388494409224,0.0,0,4.57,3.6,301.45
2023-02-10,93.79478454589844,95.95691481547425,93.47740797269714,94.6675682304884,54980700,-0.06201026875383765,0.003318559786021733,44.147974521765676,1.8459872341061043,0.14123575866685545,-0.06508050405622423,-0.004631177703632194,0.0,1,4.57,3.6,301.45
2023-02-13,93.83447265625,94.4196327331756,93.07078018839977,93.9634043087449,50076100,-0.05943974857462825,0.005103751147659722,46.368999796796324,1.352901503916982,0.1392659610743315,-0.06135696924145171,0.0004231377100945011,0.0,1,4.57,3.6,301.45
2023-02-14,93.90388488769531,94.0724895395363,91.50372404324449,93.65593419962755,54726100,-0.05483513113628179,0.007197612299681481,49.327341627281335,0.9567002522440049,0.13583313078247095,-0.05587961210341467,0.0007397306073173571,0.0,1,4.57,3.6,301.45
2023-02-15,96.14535522460938,96.32388001154781,93.37822481049062,93.7154340931221,50169000,-0.028890879403700026,0.03200774363432755,49.27681384502764,0.8141903497213434,0.1057422881721229,-0.06827575517774215,0.023869836051988225,0.0,0,4.57,3.6,301.45
2023-02-16,94.72708129882812,96.87929141683016,93.96338895576008,94.58822952133472,42462600,-0.03134855951022957,0.0176444316652375,45.13608448359857,0.5801201089393118,0.12061865409546405,-0.05007110232625666,-0.014751351456011141,0.0,0,4.57,3.6,301.45
2023-02-17,93.57659912109375,94.77667968384696,92.445944456455,94.07250055529865,34284100,-0.032882915406744984,0.00584862788683126,46.62849745373912,0.29834433222315226,0.13502715416749694,-0.042912898568436574,-0.012145229874707564,0.0,0,4.57,3.6,301.45
2023-02-21,91.03758239746094,92.3368416794246,90.96815650224582,92.23766291009657,33629300,-0.048285530978293294,-0.020785424219612374,40.97774701058455,-0.12836274523428415,0.16805899736754756,-0.026311709000454105,-0.027133030559778892,0.0,0,4.57,3.6,301.45
2023-02-22,90.89873504638672,91.35496346106115,89.8672591479185,90.94832065004488,30884000,-0.03371701995834515,-0.021848975041431327,38.33068364105547,-0.47229072571842323,0.17180499686444486,-0.03338738049000867,-0.0015251651836274416,0.0,0,4.57,3.6,301.45
2023-02-23,90.14495086669922,91.18634677544837,89.02421648917793,91.1665064831145,41206400,-0.03308516667765699,-0.02955850223766681,22.883801354931634,-0.7964986709079227,0.1842508465366262,-0.03271598282098675,-0.008292570620513473,0.0,0,4.57,3.6,301.45
2023-02-24,88.39937591552734,89.15314812025682,87.85388894602733,88.70683991186095,36585100,-0.04584000760581927,-0.04750001190760319,23.803137037969876,-1.18067898109679,0.21114893463336282,-0.02654208036799615,-0.019364090105868703,0.0,1,4.57,3.6,301.45
2023-02-27,89.13331604003906,89.42093974612138,88.60765422535826,89.13331604003906,27502300,-0.03305288383447801,-0.0384080178331178,27.323366076465618,-1.4096719893339014,0.20102989396080936,-0.04498231939829999,0.008302548710446223,0.0,1,4.57,3.6,301.45
2023-02-28,89.3217544555664,90.48216943962086,88.58782252932733,88.59774267568118,30142000,-0.026241566474416486,-0.03534086819172721,13.647648679430162,-1.5579857035022826,0.19926094919310727,-0.0554012483719042,0.002114118759395156,0.0,1,4.57,3.6,301.45
2023-03-01,89.61930084228516,90.28380689652273,88.93495449477956,89.24241850559551,31111200,-0.018412889585092827,-0.032023736774965686,22.208534107291825,-1.6326951899813906,0.19352660449431458,-0.06616943562960402,0.003331174902825751,0.0,1,4.65,3.5,301.821
2023-03-02,91.24585723876953,91.52356081097336,88.85560886814189,88.92504232804767,32204400,0.004794623206752615,-0.014822601473644352,38.84359021001113,-1.5428682638283107,0.16715558798899238,-0.08688390733809075,0.018149621579249375,0.0,1,4.65,3.5,301.821
2023-03-03,92.88232421875,92.96167025066717,91.69215644055474,91.72191687766424,35160100,0.024897326507212762,0.001728508350189823,46.87074167802219,-1.3243641236947923,0.1235956522743134,-0.09502106481643495,0.01793469894965427,0.0,1,4.65,3.5,301.821
2023-03-06,94.35018920898438,95.1833074213031,93.22945486919875,93.2492875940104,32639300,0.040206354488156286,0.01623098980718998,51.610841509552664,-1.020984309569286,0.08956564106135308,-0.10269487684256742,0.015803491165631955,0.0,0,4.65,3.5,301.821
2023-03-07,93.09062194824219,94.88578279800367,92.76332517115746,94.20144393401961,27835500,0.024001891439991995,0.001748360682801035,47.63556527193794,-0.8721367231817965,0.08993142485350132,-0.0858085469362751,-0.013349917698122105,0.0,1,4.65,3.5,301.821
2023-03-08,93.47740936279297,95.1733911604508,93.229458674828,93.3484777291188,34103300,0.02534811689928459,0.0045189925711314445,41.30574120972205,-0.7147245272937113,0.04622856906841038,-0.06460516227304974,0.004154955745873545,0.0,0,4.65,3.5,301.821
2023-03-09,91.563232421875,94.74691844025844,91.14667706997915,93.27905456209555,28813500,0.0027915769984817387,-0.016698641025710444,40.012504479647944,-0.7359487505624145,0.05547991339025902,-0.04006612250494727,-0.020477428225346928,0.0,0,4.65,3.5,301.821
2023-03-10,89.8870849609375,92.02938263914514,89.65897455457669,91.41446217961779,35941000,-0.017166780416031476,-0.035364637010986695,38.7272279711099,-0.8779003041318987,0.07298003208450744,-0.024817146995114486,-0.01830590092336082,0.0,1,4.65,3.5,301.821
2023-03-13,90.36315155029297,91.81118269560834,88.687002437022,89.35150848107031,37335600,-0.013288270799145142,-0.03130526830112506,47.642141280011685,-0.941134524967012,0.06522228064198564,-0.03164747925810417,0.005296273536541385,0.0,1,4.65,3.5,301.821
2023-03-14,93.19970703125,93.58650950422467,91.6822500116025,91.80126150060728,36050200,0.013394013728579944,-0.002068699931278558,56.767774234736805,-0.7536738958017395,0.03191679893135723,-0.06091541646762468,0.03139062142358218,0.0,1,4.65,3.5,301.821
2023-03-15,95.3221664428711,96.13544442535732,91.88060956204423,92.45585699442236,50622100,0.030084794964757536,0.01895205093445012,64.09291603497331,-0.42890115469336365,0.011618835399198554,-0.08301621945356606,0.02277324123893898,0.0,1,4.65,3.5,301.821
2023-03-16,99.49764251708984,100.3605135550846,94.71715400007437,95.41141283511351,65492000,0.0657033981309014,0.061066203655072086,76.68102692475024,0.16352459602374836,-0.020773548948940363,-0.12818954576016015,0.04380383105036967,0.0,1,4.65,3.5,301.821
2023-03-17,100.78699493408203,101.99698789396676,99.27945056518114,99.43814263216196,61028500,0.07045040651111409,0.07174646203514257,77.28756295909629,0.7286666209208761,-0.018527788448696587,-0.1481027398952471,0.012958622781145124,0.0,0,4.65,3.5,301.821
2023-03-20,100.39026641845703,100.91592061736439,99.05133434132713,99.29928500623465,32960400,0.05944035224198714,0.06415628038345293,75.66700470110844,1.131489959740037,-0.0022059752722692542,-0.15039215004022236,-0.003936306622540631,0.0,1,4.65,3.5,301.821
2023-03-21,104.0599365234375,104.23846131049126,100.39026959348749,100.42002246352078,42110300,0.08560010347126185,0.09899309277660526,78.95786370995305,1.7269350345997623,-0.016684270517175706,-0.18854813655460123,0.036554042895794,0.0,0,4.65,3.5,301.821
2023-03-22,102.52265930175781,105.71625799716358,102.48298628129344,103.41527577821408,43427400,0.059564052572278904,0.07928700640286165,72.69467708666329,2.051139858648156,0.011493855609453112,-0.17847669140535802,-0.014772997880249994,0.0,1,4.65,3.5,301.821
2023-03-23,104.734375,105.42864150563719,103.60372040435178,104.19880057571585,40797800,0.06788561403132655,0.09862903968741445,73.31259397988492,2.458204835085496,0.006040550028078324,-0.19780197856287624,0.021572945076779426,0.0,0,4.65,3.5,301.821
2023-03-24,104.57569122314453,104.62527682377592,102.98880066584036,104.12937541633211,30393300,0.05053412060682877,0.09379643985298168,71.20535099785364,2.736458121205075,0.0194594925654572,-0.19300856568131208,-0.0015151069250708415,0.0,0,4.65,3.5,301.821
2023-03-27,101.6201171875,103.90126672624382,101.0944628976051,103.7624149352095,31120900,0.009428355212658354,0.060390355970510276,66.52575644517185,2.687505836874635,0.05423236272476752,-0.16237223109271273,-0.02826253406576007,0.0,0,4.65,3.5,301.821
2023-03-28,100.20182800292969,101.61018605507579,98.92240158084621,101.60027347597008,32057900,-0.011535230165464079,0.04366595003743009,62.52771316072027,2.505386182440617,0.07113166201918909,-0.14163536951749844,-0.013956775723387715,0.0,1,4.65,3.5,301.821
2023-03-29,100.55889129638672,101.64987292821645,99.82495929924386,101.44159523579167,28779600,-0.013111055878186468,0.04520394962498315,67.79130134574103,2.3626321155394265,0.0687067452383042,-0.13518289496151167,0.003563440912940141,0.0,0,4.65,3.5,301.821
2023-03-30,100.06298065185547,100.33077163663715,98.96207897409658,100.0828209446528,33086200,-0.018522490938672656,0.03795869150978035,71.11109633823719,2.184303355121031,0.07513100483575613,-0.12321306527513863,-0.004931544472478344,0.0,1,4.65,3.5,301.821
2023-03-31,102.87970733642578,103.03839184898722,100.21175539436457,100.46962623998861,36863400,0.007038542485373561,0.06483674734645256,73.66840770998847,2.244390889686329,0.05049974363822652,-0.14230549994675176,0.028149538083124037,0.0,1,4.65,3.5,301.821
2023-04-03,103.50453186035156,103.67313650572234,101.09445096214598,101.5506793026603,25035400,0.010075525979420723,0.06991121015482064,71.26481733033319,2.3157344655171954,0.04959124332342205,-0.14407178391201414,0.0060733505188010906,0.0,1,4.83,3.4,302.845
2023-04-04,103.86157989501953,104.71453082187777,103.18715375673288,103.47477744759011,24420100,0.01375610501139004,0.07251780089804483,69.00659750594849,2.373722757432077,0.0502751068367953,-0.1409358151344253,0.003449588421400751,0.0,0,4.83,3.4,302.845
2023-04-05,103.61363220214844,105.23026792467863,102.81027441388282,104.9128913544011,28290500,0.010260189693472185,0.06847569638832819,61.10220496144106,2.3723249051428184,0.055876216128385295,-0.13218515888497057,-0.0023872898248006313,0.0,1,4.83,3.4,302.845
2023-04-06,107.53125,108.27510204632019,103.47478047282404,104.39715731293522,48711500,0.045606597351788014,0.10588863499286401,65.93250759061608,2.6567111995580035,0.02317404611718729,-0.15471795141361275,0.03780986839847822,0.0,0,4.83,3.4,302.845
2023-04-10,105.5674819946289,106.70804904814693,104.2583027310059,106.10305636159114,27067400,0.025522409620477315,0.08372053030825,61.387447206686666,2.6925912053003174,0.03877075538834577,-0.12070417549904787,-0.018262300543991583,0.0,0,4.83,3.4,302.845
2023-04-11,104.48641967773438,105.85511233488984,103.82191364187591,105.67658753468932,26311800,0.01220215115030053,0.07131815213719926,51.058611873875584,2.6037789314680992,0.040663361343764255,-0.08923477781505885,-0.010240485957120127,0.0,0,4.83,3.4,302.845
2023-04-12,103.78224182128906,105.87494628290851,103.48469796190201,105.70634162712136,24370300,0.0019053954937263814,0.06243426664668533,53.26140809322914,2.448350239131358,0.039738437157033485,-0.06487225743390586,-0.006739419903727173,0.0,1,4.83,3.4,302.845
2023-04-13,106.54936218261719,106.6088679220058,104.9723919871335,104.9723919871335,24843600,0.022704496514564104,0.08886235992638142,54.56811677468612,2.5194131416044456,0.009912449694327632,-0.0757970802425345,0.026662753788774918,0.0,1,4.83,3.4,302.845
2023-04-14,107.9775619506836,108.04698783654497,105.96419612699583,106.01378928840569,26578000,0.02859894527151705,0.10157293513038673,58.0478296182655,2.660308409751295,0.002206589660562673,-0.08582000704301633,0.013404113725416611,0.0,0,4.83,3.4,302.845
2023-04-17,105.10134887695312,105.28979383922241,103.66323020910507,103.80208956915179,37571200,-0.0009143956050004792,0.07261437867224801,58.26661468312747,2.5109380366371283,0.030530519160169984,-0.057594980691528845,-0.02663713665848577,0.0,0,4.83,3.4,302.845
2023-04-18,103.64338684082031,105.66666534841484,103.2169113578442,105.61707218442865,26596400,-0.014903701573807208,0.05779506945873148,58.1570374185186,2.248990624202179,0.04403518234324145,-0.040207396383901466,-0.013871963126179443,0.0,0,4.83,3.4,302.845
2023-04-19,103.32601165771484,104.11945689106093,102.22510999070306,102.73093151613256,20905700,-0.01742007581186051,0.054282702856129586,56.57087388209342,1.9928139688079511,0.04693153288584452,-0.03765910898023375,-0.0030621846002861774,0.0,1,4.83,3.4,302.845
2023-04-20,104.42691040039062,105.37904011363008,103.01855233915232,103.05822535639409,27820800,-0.007718484736465707,0.06602270962668243,60.07326858844377,1.8572166146378066,0.036472969904729834,-0.04655935272390343,0.010654613731948759,0.0,1,4.83,3.4,302.845
2023-04-21,104.54592895507812,105.13108893118996,103.92108839505883,104.6054346972307,25800100,-0.0037615206562075488,0.06593399221486568,54.393295002432055,1.7393088672757244,0.035137662833897305,-0.04766968126717394,0.001139730690405072,0.0,1,4.83,3.4,302.845
2023-04-24,105.10134887695312,105.7559348210195,103.84175502418775,104.62528018111423,23542800,0.0019762488790555257,0.06922690836849817,54.22576330976736,1.6714168211755123,0.030144135972966064,-0.05267900933535304,0.00531268818811359,0.0,0,4.83,3.4,302.845
2023-04-25,102.99871063232422,105.8154342829649,102.98879048643646,104.96248334111876,46664100,-0.01667445604063493,0.04587755250481569,47.90965714813788,1.4314457362413862,0.05076606548952258,-0.0315940755251907,-0.02000581597759088,0.0,0,4.83,3.4,302.845
2023-04-26,102.85987091064453,105.4782297846258,101.78872203487352,104.05995143064801,53347600,-0.017134458273120757,0.042556803719841496,48.1642721582609,1.216045897184756,0.050104192552858313,-0.02562259483725874,-0.001347975337043783,0.0,1,4.83,3.4,302.845
2023-04-27,106.70806121826172,107.48167377000753,102.69126435820809,103.59380098496241,50089200,0.019481879650114803,0.07876089012383419,47.988384133484026,1.3404054108142986,0.013067164439039575,-0.055831409147789245,0.03741196905603883,0.0,0,4.83,3.4,302.845
2023-04-28,106.46011352539062,106.47003367253913,104.22855712885315,106.16257721263207,36139800,0.01858971450341922,0.07401438063872763,52.380977576697646,1.4027834997159374,0.013523223946473865,-0.045720080174893936,-0.0023236078890416234,0.0,0,4.83,3.4,302.845
2023-05-01,106.32125854492188,107.10478367534759,105.94437619998563,105.96420892683281,26681700,0.01607522830038124,0.0701102030275435,55.153214802421815,1.4245923344622753,0.01596007386030862,-0.042350053868546324,-0.001304291117777523,0.0,0,5.06,3.6,303.334
2023-05-02,104.4566650390625,106.3212514798493,102.85986201062076,106.26174573640694,30997200,-0.0025193058408207645,0.04904575530226439,51.77823535517635,1.2767018559817416,0.033949770065223824,-0.0241985067853005,-0.01753735359586217,0.0,1,5.06,3.6,303.334
2023-05-03,104.54592895507812,106.60887287386203,104.09961318837087,104.66494043938329,21795400,-0.0028285362151348136,0.04710117058107558,43.84899571902807,1.1534047068146833,0.03303844819638258,-0.0243485687798091,0.0008545545272984345,0.0,0,5.06,3.6,303.334
2023-05-04,103.83184051513672,104.73437715411653,103.11774126807067,104.62527823765616,23419500,-0.009077163755553033,0.03726185449343643,36.68794421454196,0.9866958430922921,0.04005826326259039,-0.01734375473039224,-0.006830380169544847,0.0,1,5.06,3.6,303.334
2023-05-05,104.70462036132812,105.01207680519784,103.25658919423994,103.9607682679493,26639300,-0.0008990700174891785,0.04294686987689462,48.537985388850906,0.9144625519165999,0.027696859026339473,-0.0245425897122902,0.008405705242836126,0.0,1,5.06,3.6,303.334
2023-05-08,106.88658142089844,107.07502636899285,104.29798314719713,104.3178158732233,26511400,0.018186933026479356,0.06077425904413304,61.346291820053125,1.02150786356043,0.008563315219496326,-0.04506692075726211,0.02083920510900583,0.0,0,5.06,3.6,303.334
2023-05-09,106.47002410888672,109.2470748463162,106.31133960304034,107.50149988087897,36360100,0.010876174939618632,0.05301669182534871,60.923497453166675,1.0605045145903063,0.01410708645656574,-0.04106557136678487,-0.0038971899603692517,0.0,1,5.06,3.6,303.334
2023-05-10,110.83395385742188,112.01420151452291,107.04526777320253,107.08494078998831,63153400,0.044402228867619624,0.09153239307056432,68.14606673592756,1.427091676794987,-0.014368877525271655,-0.08391290754755838,0.04098740265215084,0.0,1,5.06,3.6,303.334
2023-05-11,115.61445617675781,116.95338849067711,113.47216598785796,114.4540486758181,78900000,0.08038227655007173,0.13281227270036391,74.80001340195682,2.0793913002722206,-0.032840896076563895,-0.13623358403135336,0.043132110269075374,0.0,1,5.06,3.6,303.334
2023-05-12,116.54673767089844,117.06247174670034,115.15821237424916,115.7235396119098,41102300,0.07892460442786978,0.1363130390485108,75.21851891947867,2.641125525602945,-0.02277188608780254,-0.15359598055594367,0.008063710412781866,0.0,0,5.06,3.6,303.334
2023-05-15,115.55494689941406,117.50879963545604,115.05904549704219,115.15822426414559,36266800,0.06067646203179846,0.12168415955942796,79.09016767530149,2.972015178770974,-0.0009728420962879713,-0.15069663300931413,-0.008509811525441169,0.0,1,5.06,3.6,303.334
2023-05-16,118.53035736083984,119.76019074124378,115.47560285342378,115.5351086013426,45035600,0.07411208427714173,0.1451903967172899,82.08778154659095,3.4347447708679653,-0.008630961883231408,-0.17687663720381877,0.02574888000265152,0.0,1,5.06,3.6,303.334
2023-05-17,119.84944152832031,120.67263963270652,117.91542917883902,118.62952837460274,33323600,0.07121006471875468,0.151978356798266,80.01816634896468,3.8633658974567453,-0.002657570854180818,-0.1890338301892782,0.011128661018584562,0.0,1,5.06,3.6,303.334
2023-05-18,121.8231430053711,122.29920412469264,119.83953735220288,119.95854884860573,35234200,0.0716187070809577,0.1646032793925686,82.52839279939288,4.312599480304343,-0.0006855069955691759,-0.20602305784036773,0.01646817416820756,0.0,0,5.06,3.6,303.334
2023-05-19,121.75370025634766,124.93738598095622,121.1487000105305,122.53722528891174,41353400,0.05518301686594751,0.15725938618739743,82.77168800777412,4.609877088250826,0.014936991671100278,-0.20648948146948432,-0.0005700292022541298,0.0,1,5.06,3.6,303.334
2023-05-22,124.02493286132812,125.39361788753433,121.73386343823515,121.93222852186562,35253000,0.05913538405515139,0.17124641042989044,90.8488775068165,4.97143363176005,0.013121098563983828,-0.22253327592700273,0.018654320979144545,0.0,0,5.06,3.6,303.334
2023-05-23,121.55534362792969,123.60837503480265,121.20821417591823,123.14223409458985,34046300,0.02484339066664295,0.14120128540197902,82.297560955823,5.00104564430373,0.04302834683733436,-0.20079590274286624,-0.01991203846213463,0.0,0,5.06,3.6,303.334
2023-05-24,119.90895080566406,120.91067367529489,118.87747506501967,120.12714861556921,34182600,0.003286163574707102,0.12012686096983326,79.48342764911786,4.835917786323293,0.06240468767252953,-0.1806593779365072,-0.013544388696765886,0.0,1,5.06,3.6,303.334
2023-05-25,122.46781158447266,124.29272508219533,120.96026710936242,123.49927982509996,42317000,0.018853960517232777,0.1382576057601089,80.67830574303535,4.855559580388018,0.049170000434482906,-0.19387367505003622,0.021340031428977557,0.0,1,5.06,3.6,303.334
2023-05-26,123.58855438232422,124.23322775152575,121.44625658316629,122.16035584955227,35635900,0.022189489383726294,0.14355313132285416,79.94309998399687,4.905018421943836,0.04850913754399803,-0.19617802128181439,0.009151325424628265,0.0,0,5.06,3.6,303.334
2023-05-30,122.65623474121094,124.62992750841212,120.99992609351675,124.610087217516,35076700,0.008554705257272054,0.13035184220536053,78.49155161359897,4.813497503963518,0.062425366256583396,-0.18269684693327043,-0.007543737733424094,0.0,0,5.06,3.6,303.334
2023-05-31,121.8628158569336,123.04305607346541,121.49584608754014,121.74379679384124,37325800,-0.00070748380352577,0.11861292348490002,72.20447765274828,4.6236457341053665,0.0712616820251998,-0.16501131382119694,-0.006468638842137553,0.0,1,5.06,3.6,303.334
2023-06-01,122.70584106445312,123.40009998321423,121.6148595206051,121.8132170497212,30772700,0.003854127505221709,0.12250880609983483,66.96723316478341,4.489460224598631,0.06466763447685323,-0.1567142169568171,0.006917821499457633,0.0,1,5.08,3.6,304.014
2023-06-02,123.6480484008789,125.11591981661117,122.74551182311099,122.97362222070807,26980100,0.0100543453687362,0.12677301104684385,66.98291569218688,4.408329026328488,0.05464565881962671,-0.1452046878492371,0.007678585862354037,0.0,1,5.08,3.6,304.014
2023-06-05,124.9770736694336,126.38543183753264,122.82485583017811,122.99346805796284,32305500,0.018229761922070334,0.1346978027432397,72.17549818588478,4.400546439120291,0.04067511359666693,-0.13531849148671568,0.010748453256988366,0.0,1,5.08,3.6,304.014
2023-06-06,126.26641082763672,127.23837332481472,124.33239841304952,124.97707174019685,26638300,0.02685916334125441,0.14190637798030492,69.7768256281509,4.447153399778273,0.028506022255640317,-0.12725709710516733,0.010316589437943113,0.0,0,5.08,3.6,304.014
2023-06-07,121.4958267211914,127.98220950527097,121.11894443175632,125.92918585387761,52539000,-0.01188969384454541,0.09482712171600598,53.57756143916131,4.052429598072763,0.055759607602738764,-0.06749001309041475,-0.03778189365782736,0.0,0,5.08,3.6,304.014
2023-06-08,121.13878631591797,122.21985523958173,120.24616233464845,121.22805249747213,29389200,-0.01577788722186262,0.08750619972387476,48.400528948821204,3.668509668702498,0.04954231278044613,-0.046905925595060204,-0.002938705097194627,0.0,1,5.08,3.6,304.014
2023-06-09,121.2280502319336,122.74550718830598,120.9106736630639,121.2478829569892,23778300,-0.014059527348556164,0.08428368100073867,48.77259366148255,3.333032091485407,0.04575437869174743,-0.03996198727705943,0.0007368731248704741,0.0,1,5.08,3.6,304.014
2023-06-12,122.62650299072266,123.03314578873348,120.66273759761951,121.7834720869418,28306400,-0.0019050547470837575,0.09238255793328864,46.595880847750934,3.1437677471704575,0.03175451090054718,-0.043878551234025245,0.011535719300224123,0.0,1,5.08,3.6,304.014
2023-06-13,122.81494140625,124.13404093411759,122.17026807883049,123.95551612909149,22278300,-0.0005004079497670473,0.09018913324047563,53.44923113178771,2.9746894279666805,0.0243876294199385,-0.03365039529808188,0.0015366858789211957,0.0,0,5.08,3.6,304.014
2023-06-14,122.65623474121094,123.03312459969855,120.45443159668147,122.09090752033342,30592300,-0.0024361353010443746,0.08509095799304935,58.19037203902716,2.7956607039951678,0.023666623632243863,-0.02698977293100357,-0.0012922423218367785,0.0,1,5.08,3.6,304.014
2023-06-15,124.06460571289062,124.43157546435972,121.39666138886585,122.13059332494937,35246300,0.007904334908890575,0.09364096790000143,55.11107138723115,2.7358853344763077,0.012321102037038711,-0.03491280326613377,0.011482261579700115,0.0,0,5.08,3.6,304.014
2023-06-16,122.51738739013672,125.07624019452584,122.26943671297158,124.89771540429278,45535600,-0.0037502027027190047,0.07641465612761121,46.66249240503079,2.5344497760925435,0.025179916902832788,-0.02223314676429206,-0.012471069519492617,0.0,0,5.08,3.6,304.014
2023-06-20,122.09091186523438,123.5488630569753,121.13878217339122,121.9223072208865,26097500,-0.004882664617866739,0.06993044587610142,48.181254982661315,2.3137264360436234,0.028741587528394362,-0.018522130811715394,-0.0034809387792795743,0.0,0,5.08,3.6,304.014
2023-06-21,119.56182098388672,121.65452532950529,119.11550521954592,121.39665450345422,30306300,-0.020141745494474846,0.04520340224573602,43.34096394799524,1.9126769518973248,0.05074931621823475,-0.0017405831959474436,-0.020714816874652375,0.0,1,5.08,3.6,304.014
2023-06-22,122.14051818847656,122.22977680974192,117.8559303300752,119.01633780765464,26952200,0.00046314190994706895,0.06446065240559971,48.51331829891736,1.7823755438651006,0.028592391942564636,-0.022364348845850632,0.021567898375664418,0.0,0,5.08,3.6,304.014
2023-06-23,121.337158203125,121.78347403002785,120.06765175362015,120.38502836599636,34913600,-0.006278714385320879,0.054233545220794994,43.87813219902007,1.595889877272029,0.03440225732550782,-0.013714142004892158,-0.006577342206063763,0.0,0,5.08,3.6,304.014
2023-06-26,117.36993408203125,120.99993578775403,117.30050819204033,119.77010249354858,33969900,-0.03572246848261484,0.017850613577674507,32.31906031056991,1.115122375241242,0.07418657712684099,0.010459441389125464,-0.03269587140365038,0.0,0,5.08,3.6,304.014
2023-06-27,117.36002349853516,118.10387557545451,115.14829999374557,116.1202700370029,39535900,-0.03161388989070305,0.016111125633116286,27.990262289221775,0.7249541447645242,0.0763710158498444,0.003143842906597096,-8.443886054465555e-05,0.0,1,5.08,3.6,304.014
2023-06-28,119.19485473632812,119.4031324056984,115.89214976448287,116.1301803056411,27091400,-0.013527261979832386,0.02948481319747314,43.34866968100662,0.5573735028786331,0.05976462414778433,-0.015164836448691371,0.015634209870585725,0.0,0,5.08,3.6,304.014
2023-06-29,118.12371063232422,119.07584040154654,117.33027294139967,118.26256241740738,24090900,-0.018711206267344745,0.017687780588702757,41.62999065555952,0.33427890047906317,0.07034149406701999,-0.010366719623448617,-0.008986496156846657,0.0,1,5.08,3.6,304.014
2023-06-30,118.71878814697266,120.08748080780242,118.708875567441,119.1849366580173,29532200,-0.009368395128644619,0.02010898916883332,43.224436149085726,0.2031508068846506,0.06454444662285018,-0.018253689562873033,0.005037748234143269,0.0,1,5.08,3.6,304.014
2023-07-03,118.91714477539062,119.20476846528122,117.84599604756099,118.26255136387671,14467900,-0.0047232567347310515,0.019275209071046802,39.28977544331761,0.1139233328951832,0.06089142734056276,-0.021992251196376225,0.0016708107580445386,0.0,1,5.12,3.5,304.609
2023-07-05,120.75198364257812,121.60493460466255,118.25264406620929,118.26255664547801,27584800,0.01176722471064893,0.032134758148992824,44.56065800918748,0.1890864086859807,0.04033193014108997,-0.03591301951101279,0.015429557030259389,0.0,0,5.12,3.5,304.609
2023-07-06,119.12543487548828,119.31387982882194,117.42945299604987,118.81797842897954,24745200,-0.0014963477323096002,0.01579643079656405,41.359270576646104,0.11606684950994861,0.04606432322350303,-0.02027140866837496,-0.01347016188077188,0.0,0,5.12,3.5,304.609
2023-07-07,118.50059509277344,120.05772509699975,118.42124905726847,119.1155079508008,21709500,-0.0036940290340953053,0.00780399029650212,35.840492503257934,0.0076903250442228455,0.051099849993542355,-0.017152775191728614,-0.005245225617584781,0.0,0,5.12,3.5,304.609
2023-07-10,115.49542999267578,117.34018375745839,115.18797355416356,117.33027117785484,35315200,-0.024167469594031165,-0.01986036539659327,33.36467429260527,-0.3170359664970448,0.08088977950462166,0.0010939243886440692,-0.025359915684346812,0.0,1,5.12,3.5,304.609
2023-07-11,116.17977142333984,116.74509867791642,114.40444362500358,115.33674061449469,23078800,-0.017397313832660743,-0.015635252624446615,36.165279894234125,-0.5132468674921,0.07503792141505514,-0.009663094986092226,0.005925268477787071,0.0,1,5.12,3.5,304.609
2023-07-12,117.95509338378906,119.3436186532648,117.43935931808012,117.82616175907532,30404400,-0.002884175938956606,-0.002536300429982983,46.10200311029785,-0.5195032646747109,0.056142082828313684,-0.025813188948964862,0.015280818155341658,0.0,1,5.12,3.5,304.609
2023-07-13,123.51911163330078,123.80673533006852,119.46263457450904,119.93870320943425,44297900,0.040347489838876205,0.041485440185367345,52.921370440345314,-0.07463142758123809,0.009689039561136245,-0.07024786214042761,0.04717064850610675,0.0,1,5.12,3.5,304.609
2023-07-14,124.39189910888672,125.74075145445121,122.47771949840582,123.77698624657505,33283100,0.04219640349795794,0.04533040871111417,56.45429453974398,0.3443894562576162,0.005446880611541501,-0.07821834359108146,0.007066011599703215,0.0,0,5.12,3.5,304.609
2023-07-17,123.62821960449219,126.05813341949313,123.18190380773267,124.90764611490182,25716200,0.03155496614279219,0.035591491041607214,65.29330916092871,0.60783720300293,0.010907329257078829,-0.07212684780406271,-0.006139302558006987,0.0,0,5.12,3.5,304.609
2023-07-18,122.74552154541016,123.65797834178053,121.95207624700235,123.57863229856872,26193600,0.020928470754901844,0.024949703376446312,62.62207446846555,0.7369005531130597,0.018481510685755875,-0.06557284629247274,-0.0071399399093987626,0.0,0,5.12,3.5,304.609
2023-07-19,121.0296859741211,124.1538660880998,120.80157558357863,123.57861868845079,37224000,0.0064246507124531135,0.007874312965954776,54.32444319613385,0.6927450632889531,0.031857945935261985,-0.05213976337610435,-0.013978803867432998,0.0,0,5.12,3.5,304.609
2023-07-20,118.22288513183594,123.0727999886977,117.25092267132642,120.42468845421087,37906800,-0.016176979105991342,-0.01735460593273496,50.216063531554184,0.4263514349733555,0.056198826302627465,-0.0306115121363194,-0.023191011524935412,0.0,1,5.12,3.5,304.609
2023-07-21,119.0361557006836,119.99820552210508,117.75673688752023,119.63124336904816,72937900,-0.009850423657577802,-0.012657364555690153,50.68491165861308,0.2776560571985982,0.04667137377291822,-0.037531052408904454,0.006879129772046522,0.0,1,5.12,3.5,304.609
2023-07-24,120.53379821777344,121.99174960669664,119.98831119460458,120.66273743006377,29686100,-0.0015772805471980361,-0.0018413431732729215,53.30363618561903,0.27746271634862296,0.03294625482351159,-0.049436171718711036,0.012581408633992375,0.0,1,5.12,3.5,304.609
2023-07-25,121.20821380615234,122.14051081744289,120.02796610605938,120.36518297759501,52509600,-0.00015544883080766743,0.002814531923210049,50.978725298638956,0.32794880431292484,0.028313710462421947,-0.052673408764235166,0.005595240491471198,0.0,1,5.12,3.5,304.609
2023-07-26,128.21035766601562,129.90633205152977,127.26814799253995,129.00380296662527,61682100,0.04873330764335958,0.05870340303570414,65.836794091181,0.9223417018887261,-0.01458262516589357,-0.10921275386536833,0.0577695491087904,0.0,1,5.12,3.5,304.609
2023-07-27,128.33926391601562,132.14779780312753,127.73426366088836,130.59066029279523,44952100,0.04566490497228224,0.05753503396417841,67.45247704038132,1.387806246121741,-0.0045304568932185195,-0.1140242312105409,0.0010054277388087396,0.0,1,5.12,3.5,304.609
2023-07-28,131.4932098388672,132.64370465595107,129.49969176817697,129.7079618698937,36591200,0.06519904595679894,0.08121421074828883,78.22891085184803,1.988267814553197,-0.012932399546382154,-0.1405824728551237,0.02457506632510742,0.0,1,5.12,3.5,304.609
2023-07-31,131.63204956054688,132.43540728957092,130.69975264360772,131.64196213896054,28055500,0.05945453449971644,0.08026263963518981,77.80156160647637,2.4471321230075205,-0.0010736920980611243,-0.14457865241900344,0.0010558698951057544,0.0,0,5.12,3.5,304.609
2023-08-01,130.47166442871094,131.5428132938943,129.6087856815379,129.70797201734953,23166800,0.04362530077445015,0.06922195034169448,73.0292566108823,2.6861873157183425,0.016755683039353778,-0.1370599228281591,-0.008815369324642996,0.0,0,5.33,3.7,306.082
2023-08-02,127.32762908935547,129.02360314650636,126.51434365192316,128.3888500556574,26273300,0.013371583594968862,0.04250401710515737,57.69230058020093,2.5920632109623654,0.04578905599440474,-0.11451458903285078,-0.024097457123139154,0.0,1,5.33,3.7,306.082
2023-08-03,127.39705657958984,128.32935355941024,126.37550098690372,126.92099551059741,20089500,0.0065746224823814495,0.04249680325163063,56.27328440741024,2.4943184476427547,0.04860223531242511,-0.11188746502029707,0.0005452664966034693,0.0,0,5.33,3.7,306.082
2023-08-04,127.05985260009766,130.43197594152576,126.86149507419762,128.2202600170075,26147200,-0.002413939426467304,0.038801616306521985,57.293416886624826,2.3624130484141403,0.05363625866832274,-0.10504524542819156,-0.0026468741786158656,0.0,1,5.33,3.7,306.082
2023-08-07,130.45179748535156,130.53114351104958,127.96237835561729,128.1012301171621,22746300,0.016303385061494365,0.06469766417400884,64.79995358150622,2.5027287743559725,0.029058577054571186,-0.11966883715924197,0.026695646310322507,0.0,0,5.33,3.7,306.082
2023-08-08,130.3228759765625,130.43197488498015,128.4781222465879,129.54927103822243,23535200,0.008140292225342917,0.06228339572361696,69.00612370425594,2.5738572851551,0.03152478111961149,-0.1093938256164058,-0.000988269316898771,0.0,0,5.33,3.7,306.082
2023-08-09,128.59713745117188,130.95761750800182,127.94254405878128,130.58074278541653,24912900,-0.0055070787365906985,0.04736142733396284,72.19868117918097,2.4625872926143586,0.04512320770380284,-0.08892228816924667,-0.01324202303286326,0.0,1,5.33,3.7,306.082
2023-08-10,128.6269073486328,130.9675625582551,128.38886922887625,130.2435507528464,20857800,-0.005498079358681181,0.04658601606242754,71.2341484459168,2.3497210818159147,0.04702609657304977,-0.08730691107009012,0.00023149735718064335,0.0,0,5.33,3.7,306.082
2023-08-11,128.4979705810547,128.86493278064867,127.11936527043054,127.60535409901688,19591100,-0.004188854905509905,0.04440920556315389,68.77048537711795,2.224230136548016,0.04991224785415053,-0.0850312142585162,-0.001002408984526526,0.0,1,5.33,3.7,306.082
2023-08-14,130.25343322753906,130.29309867147586,127.90286598134887,128.32933382192084,24695600,0.01049491165976893,0.057379990820974135,70.28470706834975,2.2406005741739676,0.038961275980965146,-0.09547510183667349,0.01366140366689339,0.0,0,5.33,3.7,306.082
2023-08-15,128.71615600585938,130.3427118640274,128.22025464503122,130.0253428626258,19770700,-6.933869102091393e-05,0.044041495734112035,51.50259786060672,2.105260704781969,0.052574256890594494,-0.08123811749374225,-0.011802201167275372,0.0,0,5.33,3.7,306.082
2023-08-16,127.64498901367188,129.21203890604806,126.82179862311632,127.64498901367188,25216100,-0.008635104795014118,0.03490514783728843,48.046833079350094,1.8897844008412932,0.060487110667151185,-0.0674253984263368,-0.008321931181185516,0.0,1,5.33,3.7,306.082
2023-08-17,128.85499572753906,130.90803443349202,128.23015522856085,128.7359842548602,33446300,-0.00036939371234984077,0.04427716527669069,41.666578302777104,1.7959526823262593,0.04565475851427859,-0.06305757646710818,0.009479468980467365,0.0,0,5.33,3.7,306.082
2023-08-18,126.41517639160156,128.19050420505582,125.34402761585469,127.4565647289768,30504800,-0.018806290245724715,0.0236879388187003,35.612671208089054,1.5073416432174724,0.058738790781493376,-0.032040250271193844,-0.01893461190357293,0.0,1,5.33,3.7,306.082
2023-08-21,127.31771087646484,127.6747604625636,125.52255036686307,126.13747078000077,25248700,-0.009391378096232474,0.02996580062545941,41.17639274449094,1.3360412536117394,0.04439932639803673,-0.02673938742590118,0.007139447261201193,0.0,1,5.33,3.7,306.082
2023-08-22,128.02191162109375,129.21207199508038,127.2681469154346,127.4565767415667,22054900,-0.002125787997597343,0.03452543326194234,52.24942986231169,1.2427815632800616,0.029428235616137437,-0.017544400441971662,0.005531050941625759,0.0,1,5.33,3.7,306.082
2023-08-23,131.28494262695312,132.31642609894942,128.80543542234216,129.11289189432017,27819700,0.021168722011597547,0.05941099910962292,60.4367093766602,1.4158508711710454,0.00642601346801443,-0.0422047716808692,0.025488066570330314,0.0,0,5.33,3.7,306.082
2023-08-24,128.71615600585938,133.14951538235977,128.50788590918833,132.85197153912117,28500700,0.001118528241682425,0.0376937323834513,53.97050383580355,1.3303939788482921,0.026576789180604823,-0.02286280138942318,-0.019566498409440358,0.0,1,5.33,3.7,306.082
2023-08-25,128.81533813476562,129.68811421046675,126.20689221900474,128.47811371877063,26762900,0.0016426941512952943,0.03746304409608922,45.341660230955874,1.2561913529372646,0.022939414879496977,-0.02284704386310062,0.0007705491834431033,0.0,1,5.33,3.7,306.082
2023-08-28,129.93606567382812,131.45352258706555,129.0732021716326,130.23360950918428,20543300,0.010606646977368411,0.04550045419623188,48.95775773602779,1.273142588140857,0.011511312866301925,-0.029975429435048995,0.0087002646989911,0.0,1,5.33,3.7,306.082
2023-08-29,133.46688842773438,135.45049370622965,131.1559864622425,131.1559864622425,43075600,0.0342468765754046,0.07202144357131889,61.95810033677402,1.5535757973653546,-0.009192846177860084,-0.05944798211234514,0.027173539044728967,0.0,1,5.33,3.7,306.082
2023-08-30,134.7661590576172,135.16287409396253,132.9709985475354,133.67517000710467,28315800,0.03858386687594822,0.08025773492203794,64.19071629712815,1.8592293785163179,-0.009889842358313198,-0.07185149471745705,0.00973477875440465,0.0,1,5.33,3.7,306.082
2023-08-31,135.0537872314453,136.8687881952977,134.67689731971456,134.89509514927343,30053800,0.03585208352662185,0.07988130106755904,65.04323456748627,2.1004584559227055,-0.004447070205766259,-0.07571024739580683,0.0021342759624480845,0.0,0,5.33,3.7,306.082
2023-09-01,134.54794311523438,136.3331908056176,133.74458543798855,136.3331908056176,21543700,0.0255749983558378,0.07370617887571788,60.45386437703964,2.225166510649643,0.004379993475226344,-0.07175413404240608,-0.0037455011560990625,0.0,1,5.33,3.7,307.276
2023-09-05,134.65707397460938,135.30173975827023,133.47682618982745,134.32977722585983,19403100,0.02069671194007581,0.07229747254191626,65.54225274523486,2.3062198242388376,0.008132990999151228,-0.07395044745127999,0.0008110927365239107,0.0,0,5.33,3.7,307.276
2023-09-06,133.35780334472656,135.41082715108524,132.57427070368973,134.9050132008134,18684500,0.006776280563217823,0.059253996155344935,64.76923161888561,2.2397959048751943,0.02040606446162027,-0.06510350215339528,-0.009648736538919622,0.0,1,5.33,3.7,307.276
2023-09-07,134.15122985839844,134.46861399155742,131.8601680068501,132.49492113945962,18844300,0.010579425683919293,0.06272140260902553,63.993671896544214,2.225522916095457,0.01773288568260176,-0.06985462843303723,0.005949606950415021,0.0,1,5.33,3.7,307.276
2023-09-08,135.26206970214844,135.53977327338907,133.7446126401159,133.80411838628038,23558300,0.013947629860305231,0.06880050064686927,75.14079608979729,2.2775922951444443,0.013759369322002822,-0.07697265123695961,0.008280504360060892,0.0,1,5.33,3.7,307.276
2023-09-11,135.79762268066406,136.35302976641478,134.6768807966762,135.4207328151726,20763400,0.012661913680415979,0.0700435636305521,74.61125004483915,2.3351540998633027,0.014218787563975618,-0.07969489764626794,0.003959372939471795,0.0,0,5.33,3.7,307.276
2023-09-12,134.23057556152344,135.74803250189984,134.08181120803886,135.14303224154853,18405500,-0.0022191458944121863,0.055116415625246086,67.15995421661748,2.228634329385528,0.028307816959846195,-0.06823680927364639,-0.011539576969072818,0.0,1,5.33,3.7,307.276
2023-09-13,135.58938598632812,135.77781583177648,133.05035775884392,133.98265493971294,20749500,0.006293694106007644,0.06301112443612152,63.29653050373873,2.2281762601422486,0.02124057258078177,-0.07574328617947543,0.010122957598299953,0.0,1,5.33,3.7,307.276
2023-09-14,136.96795654296875,137.5630290724014,135.1232029476824,136.47205520158755,24751000,0.014866543993255734,0.07109560728925436,77.51311068737243,2.312396492345812,0.014753778558295075,-0.08203107511996431,0.010167245368156053,0.0,0,5.33,3.7,307.276
2023-09-15,136.273681640625,137.38451092876176,135.36122499467155,136.84892900879936,38919600,0.008810455001728543,0.06281587265334138,73.9184134446939,2.296645155083638,0.022677323061399548,-0.07466399686737855,-0.005068885598259909,0.0,1,5.33,3.7,307.276
2023-09-18,137.0770721435547,138.019281780227,135.49018160432044,135.49018160432044,21861300,0.012861465161366846,0.065992790398321,73.37653061122549,2.322219900709257,0.017376226557459483,-0.07300191761737458,0.005895419374141175,0.0,0,5.33,3.7,307.276
2023-09-19,136.908447265625,137.2754245802509,135.5000891528616,136.29353439301667,20353700,0.0099354311784429,0.061147410354400446,64.44614958931344,2.3023414929091928,0.018688507903906238,-0.06491416890640829,-0.0012301464810474672,0.0,0,5.33,3.7,307.276
2023-09-20,132.64370727539062,136.9481276445737,132.52468065263594,136.9481276445737,29927500,-0.02100866423084193,0.025475159952616427,42.86674003501578,1.920322553184974,0.048397354132035116,-0.028321195760722593,-0.031150305736504902,0.0,0,5.33,3.7,307.276
2023-09-21,129.37075805664062,131.14607838789655,129.00379586795694,130.36256084439935,31503900,-0.04178416950842685,-0.0015904689611518216,34.09226616323619,1.3380459812137246,0.07632606711913013,-0.0066236383002504316,-0.02467474172713524,0.0,0,5.33,3.7,307.276
2023-09-22,129.18231201171875,130.94771974828387,128.5376462586181,129.68812598105728,26397300,-0.03885177526382613,-0.003915472074842614,34.709010170163694,0.8515652676104253,0.07737090581476881,-0.004288425728325156,-0.0014566355469554093,0.0,1,5.33,3.7,307.276
2023-09-25,130.03526306152344,130.0947688069164,127.90289313849301,128.76575671410941,20094600,-0.028339774000166983,0.0017895257215386775,37.36443344254581,0.5287566410667637,0.06904838548363312,-0.008625897358499153,0.006602692245725628,0.0,0,5.33,3.7,307.276
2023-09-26,127.51607513427734,129.29139523509036,126.1771354911184,128.70623529835885,25718700,-0.04235912044497492,-0.018206389747206318,35.02797549841439,0.06885732247229726,0.0931229211130884,0.006107163606789872,-0.019373113630371086,0.0,1,5.33,3.7,307.276
2023-09-27,129.4699249267578,129.82697452376246,127.51608742320651,127.51608742320651,22746500,-0.023196695598223786,-0.00419410539792247,38.675669709924634,-0.13638469380666152,0.07766928157336793,-0.013206163915861534,0.015322380260081037,0.0,1,5.33,3.7,307.276
2023-09-28,131.2254180908203,132.20730825142687,128.72607094890918,128.77566411264445,22513100,-0.005644058261539688,0.007727596708381182,40.53046655025998,-0.155593261065178,0.062439659272047456,-0.02829250513033884,0.013559080729023343,0.0,0,5.33,3.7,307.276
2023-09-29,129.7873077392578,132.9511609153293,129.29140636705122,132.18746856469267,30859800,-0.011683687203699781,-0.005083293714709813,36.47327533333288,-0.2835906194571294,0.07347606250703496,-0.020847285073064294,-0.010959083784874646,0.0,1,5.33,3.7,307.276
2023-10-02,133.07017517089844,133.31812586216128,130.09476687574428,130.1344474612235,22288000,0.01641629151229589,0.017892216215442996,47.57565710824553,-0.11876048553696705,0.04619152043294434,-0.04531201700628594,0.025294210110559545,0.0,0,5.33,3.9,307.696
2023-10-03,131.34442138671875,133.1594221035501,130.75926143877368,132.84205311611007,22989400,0.007516500493455883,0.0030325398877865486,41.265220823210186,-0.12593363991544493,0.058715871655371545,-0.03406862778737654,-0.012968749623748166,0.0,1,5.33,3.9,307.696
2023-10-04,134.1314239501953,134.45872070934675,131.44363154646038,131.70149484137792,26752300,0.02772219978226813,0.022298112692976328,44.48309448852548,0.09220649935215874,0.0371577330465435,-0.05400214590110351,0.021219040245879617,0.0,0,5.33,3.9,307.696
2023-10-05,133.96282958984375,134.3793850061725,132.35609854547656,133.96282958984375,19832600,0.022831618383580964,0.020118647487958958,45.411691636495846,0.24861410679184814,0.03834133167216858,-0.052830547776981374,-0.0012569340978155763,0.0,1,5.33,3.9,307.696
2023-10-06,136.45223999023438,137.02748746801123,132.9114964978089,132.9114964978089,27597600,0.03608769813812948,0.03779306028742157,48.83721788712078,0.5669079154234566,0.020678642664461427,-0.07051893960937657,0.018582844271149757,0.0,1,5.33,3.9,307.696
2023-10-09,137.28533935546875,137.8010810398745,134.49837595767463,135.8174754746164,19278100,0.036706374212060036,0.043210115777869304,50.68445055800731,0.8762809864734606,0.016275303409591272,-0.07686623949900272,0.006105428282408454,0.0,0,5.33,3.9,307.696
2023-10-10,136.92828369140625,138.57467986983306,136.20427192955205,137.36467931785276,27786600,0.026712612989670776,0.039660076936934706,59.06797444636702,1.080198114676051,0.021433343842116336,-0.07499689465910066,-0.0026008287974434996,0.0,1,5.33,3.9,307.696
2023-10-11,139.3978729248047,139.95328001705715,137.44402038931838,137.44402038931838,25884300,0.037506674799476725,0.05697829192926591,71.96865656073987,1.4246565657648205,0.008180435858290367,-0.09349518711817213,0.018035640021342392,0.0,0,5.33,3.9,307.696
2023-10-12,137.83082580566406,140.0623819353228,137.12663921258442,139.89377728823808,24765500,0.020824864253536548,0.043434242782177473,67.86882113933916,1.5532894103529316,0.020680903486703213,-0.08360088992292439,-0.011241542544813021,0.0,0,5.33,3.9,307.696
2023-10-13,136.23402404785156,138.8523826583463,135.50008457709373,138.23746980650327,23420500,0.004203632020217301,0.02996773383801454,62.42542305384221,1.5089886280211715,0.03260622741809551,-0.0728507696472241,-0.011585229562971144,0.0,1,5.33,3.9,307.696
2023-10-16,137.95977783203125,138.4854321140924,136.85887610034075,137.03739334313434,28501900,0.013272406080908504,0.041298724299385484,71.62218898132807,1.594750554812407,0.020754576175423155,-0.08487408312417795,0.012667568151503161,0.0,1,5.33,3.9,307.696
2023-10-17,138.5746612548828,138.75317845969838,136.0554741619693,137.49360004694836,23515800,0.012412232887469234,0.04465880505144288,69.95649416845265,1.6928196815593708,0.018253436086001842,-0.08976043664724485,0.004456976029638016,0.0,0,5.33,3.9,307.696
2023-10-18,136.8291015625,139.56647145456625,136.2538542039491,138.30687783957188,23375000,-0.0023069955128451353,0.030488865703610545,62.287955532981194,1.6111161480621092,0.03363660418509746,-0.07748253679841655,-0.01259652866242389,0.0,0,5.33,3.9,307.696
2023-10-19,136.620849609375,138.5151967823289,136.25388737880166,137.36470178510663,26066000,-0.005752423649365149,0.027678459605670183,65.83915779704765,1.5121304187415774,0.036353591745212396,-0.07191102327207341,-0.0015219858257263796,0.0,0,5.33,3.9,307.696
2023-10-20,134.48846435546875,136.73984579212933,133.97272266731449,136.2042789444492,26335700,-0.01986996521663512,0.010747097492357732,53.47259219186997,1.2472404348456507,0.05188766761846337,-0.05235239716414584,-0.01560805147972033,0.0,1,5.33,3.9,307.696
2023-10-23,135.38108825683594,136.53158318839846,132.85198797694417,133.93304944521964,26317900,-0.011993524793042979,0.01640403401577903,60.30389733610755,1.0966984460351625,0.04464335166000921,-0.05434312629656188,0.006637178182121728,0.0,1,5.33,3.9,307.696
2023-10-24,137.67213439941406,138.21762892713875,136.2935292113691,136.70017196237376,44814300,0.004181320770168544,0.032454475184348096,59.27270983520084,1.1490159710641024,0.025065778141489047,-0.06050978738905615,0.01692294080419643,0.0,0,5.33,3.9,307.696
2023-10-25,124.5803451538086,127.25820957616193,124.04477075596701,127.10944521580694,84366200,-0.08138191908045055,-0.06514580699571633,35.346872692168276,0.13255202981551406,0.1410578875721324,0.026022787019292264,-0.09509396583932961,0.0,0,5.33,3.9,307.696
2023-10-26,121.27764129638672,123.31083999813282,120.27591838168972,122.25952391827924,57061100,-0.09468495234785292,-0.08905887486205027,26.88813544511399,-0.9287969729492431,0.18580995777899578,0.03208344666107358,-0.026510633385581905,0.0,0,5.33,3.9,307.696
2023-10-27,121.16853332519531,122.2991877911494,119.22460095273298,121.87271233000152,44566500,-0.08521161337471167,-0.08882628231829802,24.899536931198412,-1.758457403324968,0.19634987029354992,0.0164276218323436,-0.0008996544624805258,0.0,1,5.33,3.9,307.696
2023-10-30,123.43976593017578,124.37206291068779,121.74378418278033,122.20001252709248,28940100,-0.057735148499355016,-0.07133129441626018,30.17489255779833,-2.207255909879308,0.17845603310932595,-0.014194294935389085,0.01874440948199707,0.0,0,5.33,3.9,307.696
2023-10-31,123.06288146972656,124.34230786737872,121.6842763149313,124.03484388332474,26292300,-0.049355707839634215,-0.07357359072807675,24.417473152840373,-2.563789615165632,0.18578867951452263,-0.021628331573673058,-0.0030531851515531727,0.0,1,5.33,3.9,307.696
2023-11-01,125.41346740722656,125.45314042926547,122.70584986305431,123.05297934732572,30082400,-0.022578427537761438,-0.0555072754131861,31.01879171901102,-2.6263970346615793,0.16366423132994576,-0.04701744519273372,0.019100689902813883,0.0,1,5.33,3.7,308.148
2023-11-02,126.44493865966797,127.92272273406017,125.889531505127,127.3673155795192,27124600,-0.006661700631765777,-0.04704452457944128,34.77320763360048,-2.5632353741327307,0.15338934492892747,-0.05995463383087891,0.00822456530200344,0.0,1,5.33,3.7,308.148
2023-11-03,128.041748046875,128.4682159884043,126.81190712180837,126.970599202535,26393100,0.01100286505333722,-0.03491202537141369,34.51050135904987,-2.357158277312905,0.1356132891854326,-0.07485436904105526,0.012628495882345492,0.0,1,5.33,3.7,308.148
2023-11-06,129.18231201171875,129.27157062977093,127.61526180428386,127.9921517032279,19052700,0.025025596000927745,-0.02636912338196763,35.56844483374347,-2.0778545002464455,0.1209652126597799,-0.08467349742682473,0.008907750653530666,0.0,1,5.33,3.7,308.148
2023-11-07,129.89639282226562,130.82868972418774,128.81533157799734,129.6385295842965,29757300,0.03709030292077792,-0.02098133119759062,38.999030996959334,-1.7783837897348178,0.1103116112758494,-0.0906274852035049,0.005527698021708272,0.0,1,5.33,3.7,308.148
2023-11-08,130.75927734375,131.1262546701782,129.70796879855988,129.89641375169958,26425800,0.03885462926386398,-0.014075443760593642,40.88804033946404,-1.4546551653724293,0.09518985257852233,-0.09544017231936916,0.0066428674633409734,0.0,0,5.33,3.7,308.148
2023-11-09,129.1724090576172,131.46347122727005,129.00380438860708,130.8783111759331,23747800,0.01985056627958948,-0.02521816113919115,41.5934821635395,-1.3110321444338808,0.10186306270213083,-0.08424967850002818,-0.012135798838663892,0.0,1,5.33,3.7,308.148
2023-11-10,131.50311279296875,131.71139801314916,128.34918755672095,129.0335338225466,26913300,0.029849115578109323,-0.007097735693153066,44.134363549583966,-0.9976413640188468,0.07818848338024065,-0.09993196356424203,0.018043355793666116,0.0,0,5.33,3.7,308.148
2023-11-13,131.00721740722656,131.50311876629735,130.1741067560777,130.69976098599605,18324800,0.01992116826187573,-0.010312784084654643,39.34008343587509,-0.7802967507156495,0.07513078559833658,-0.09469307116446869,-0.003770978307737094,0.0,1,5.33,3.7,308.148
2023-11-14,132.524658203125,134.58760942147106,132.22712953091224,133.0899929477425,32395200,0.024190390910841266,0.0014733027097624538,70.17630679979615,-0.4800708306404431,0.055206010866074955,-0.10200999873684635,0.011582879370543253,0.0,1,5.33,3.7,308.148
2023-11-15,133.51649475097656,133.92313755134404,132.47511386601616,133.76444546334056,23861500,0.025434063984290826,0.008944296433736718,85.21695414600306,-0.16025933581681784,0.043145591405599475,-0.1069400782804907,0.0074841660510553965,0.0,1,5.33,3.7,308.148
2023-11-16,135.80755615234375,136.09518745195533,133.21896525810197,134.08182888951592,28013200,0.03558333472861121,0.026000327707881108,87.42403106943969,0.2748942757445718,0.024365203362893367,-0.12142216244419919,0.017159388475860515,0.0,0,5.33,3.7,308.148
2023-11-17,134.20083618164062,134.94468829125762,132.55443988026462,134.88518254388185,37240600,0.018547849560648484,0.01402446023896477,78.47777200338065,0.48452250052153545,0.03628784141819325,-0.11077613508915532,-0.011830858431034375,0.0,1,5.33,3.7,308.148
2023-11-20,135.13311767578125,135.53976041427174,132.52467173584012,132.5941051889177,27815500,0.02101221125247862,0.021171345967205532,81.03015558325873,0.7176095479503601,0.02880910408796912,-0.1167649771352438,0.0069469127068535474,0.0,1,5.33,3.7,308.148
2023-11-21,135.84722900390625,136.05549911438757,134.84551363674532,135.17279523893023,22635300,0.02181345937646351,0.026316964684019187,79.2873755220045,0.9490158642997244,0.020505572914316556,-0.11985588456613633,0.005284502721518924,0.0,1,5.33,3.7,308.148
2023-11-22,137.35476684570312,138.2771361292862,136.34312381394363,136.34312381394363,17813900,0.028052679408125353,0.03742958389544738,79.82653560542127,1.2397615426734774,0.01706698716680836,-0.12797757587678507,0.011097302851525326,0.0,0,5.33,3.7,308.148
2023-11-24,135.5695343017578,136.997732830458,134.8752753318926,136.89854649174416,12514300,0.00985561962521946,0.024162212610571446,70.37045295200437,1.311013691253578,0.03190772889437272,-0.10739993824113066,-0.01299723762736782,0.0,0,5.33,3.7,308.148
2023-11-27,135.2918243408203,137.28534253189412,134.88518155844346,134.914934431914,23436500,0.00495078368045582,0.022215893115860197,67.34241472658366,1.3297441960634444,0.03296988361144755,-0.09407257537712477,-0.002048468797712033,0.0,1,5.33,3.7,308.148
2023-11-28,136.07533264160156,136.1249258052487,134.309924978467,134.964518417708,18730000,0.006979817434008432,0.028291455537179582,67.47063010980003,1.3917673996541282,0.027630851112709943,-0.09061180736071318,0.005791246474786904,0.0,0,5.33,3.7,308.148
2023-11-29,133.8834686279297,137.15640583938017,133.73468912413915,136.44232172928395,23967200,-0.010235586095841204,0.012190775141797524,58.21603327712776,1.2496509295858118,0.04035679380223181,-0.06354388224700755,-0.01610772482507805,0.0,0,5.33,3.7,308.148
2023-11-30,131.44361877441406,134.43886735166274,130.2038653225059,133.94296597089948,38988300,-0.026781357701561134,-0.00607471163273507,55.71639468416694,0.9294331834730656,0.05599673896694861,-0.03790269197131141,-0.01822368271841024,0.0,0,5.33,3.7,308.148
2023-12-01,130.7790985107422,131.02704917414542,129.59885093154966,130.7790985107422,31442300,-0.028082964031034566,-0.011310131730365873,48.010902746395445,0.6149483393200512,0.058094222062693414,-0.026431643141552625,-0.005055553627234977,0.0,0,5.33,3.8,308.741
2023-12-04,128.21035766601562,128.9641223780541,126.85158504794954,128.81535800518807,36669900,-0.04291226614329787,-0.030587345849459168,43.101809234419186,0.15663532179382855,0.07912180546348987,-0.006622622492541559,-0.01964183018523835,0.0,1,5.33,3.8,308.741
2023-12-05,129.916259765625,131.05682698082634,127.1987145294908,127.89297349238338,27384800,-0.026386124908618552,-0.01767115400493937,43.62588782063711,-0.06814348822845773,0.06450844952469036,-0.018657862645747612,0.0133054936485959,0.0,0,5.33,3.8,308.741
2023-12-06,128.95419311523438,130.75926618523522,128.81534134061891,130.36255115310777,23576200,-0.028577882606178724,-0.025157584994610138,38.834913026625635,-0.32022173613202654,0.0730548127243514,-0.012671742601994027,-0.00740528285009312,0.0,1,5.33,3.8,308.741
2023-12-07,135.80755615234375,137.42419963070353,133.59584004786453,133.93304938270325,56767100,0.024242823883153505,0.02566831918993756,50.0,0.032637334552021,0.02119915017852674,-0.06107357441038252,0.05314571687471359,0.0,0,5.33,3.8,308.741
2023-12-08,133.8834686279297,135.28189910781614,132.9313312582846,133.09993592227912,32260100,0.011017225734755658,0.01073110686679656,49.373058422310066,0.155233472490238,0.035330276343722364,-0.04351625414428677,-0.014167750152691783,0.0,0,5.33,3.8,308.741
2023-12-11,132.19737243652344,132.2469655972193,130.2832005300675,131.29484350017327,31138000,0.0006229403129258275,-0.002360826132470754,44.36832655316892,0.11501213540668687,0.0484818589435178,-0.030738304726935246,-0.012593759399018967,0.0,0,5.33,3.8,308.741
2023-12-12,131.43370056152344,131.90976162921305,130.18401944998905,130.7295139721899,29032800,-0.0016498850122289685,-0.00787889358633632,41.549546370054756,0.021269318484741007,0.05445326975978006,-0.024661494181537055,-0.005776755323686045,0.0,1,5.33,3.8,308.741
2023-12-13,131.48329162597656,132.4056608757626,130.49148892278734,132.28664939416652,30104800,0.000550942934745652,-0.007525365108214084,38.093310782000266,-0.048462311494716914,0.05409381733012059,-0.025859625152410224,0.0003773085916416452,0.0,0,5.33,3.8,308.741
2023-12-14,130.85845947265625,132.6238671868591,128.62690324736187,132.28665787823815,38722400,-0.0037602389588860083,-0.011753483804797606,39.97464640370537,-0.15238723825066813,0.05898499952721807,-0.023097481657456835,-0.004752179121722433,0.0,1,5.33,3.8,308.741
2023-12-15,131.51304626464844,132.41557523506742,130.10467308952005,130.54106870618423,50847100,0.0006640683590669938,-0.006442394427489056,42.08555978830568,-0.1798555451711934,0.0513566419005717,-0.02886791691104583,0.005002250482162962,0.0,1,5.33,3.8,308.741
2023-12-18,134.68679809570312,136.02572254525143,131.34441299342456,131.5427856233193,32258000,0.019787354567668548,0.017806236351113894,47.35647383432288,0.05385012162957992,0.02696971929289471,-0.05177799143214645,0.024132600690185857,0.0,1,5.33,3.8,308.741
2023-12-19,135.52984619140625,136.34313174933595,134.96452646649996,135.71829114427823,25476800,0.021827405181738774,0.024448820029047857,53.304106944574585,0.3035908753714125,0.02099492920617519,-0.05779693423112204,0.006259322425231861,0.0,1,5.33,3.8,308.741
2023-12-20,137.2059783935547,140.5384359860807,136.9382025676404,137.83081892143701,49107200,0.028068544618094143,0.037074902624528075,61.93015820865346,0.6295055347380014,0.010344520973063242,-0.07013899670914271,0.012367255252258458,0.0,1,5.33,3.8,308.741
2023-12-21,139.26893615722656,139.5367271291243,138.03909533601887,138.34656689160218,27488300,0.04082659005567478,0.05268834013869566,66.61492575108936,1.042244356873823,-0.0013164676692216457,-0.08584337196928916,0.015035480143252844,0.0,1,5.33,3.8,308.741
2023-12-22,140.33018493652344,140.8260863411753,139.5565799559633,139.61608570312794,26532200,0.04372919469651761,0.060309348722999936,75.20622656011496,1.4383958226293032,-0.0018864058728635105,-0.09634684767442234,0.007620139914753077,0.0,1,5.33,3.8,308.741
2023-12-26,140.3599395751953,141.510419346836,140.032642827964,140.4293579031904,16780300,0.0376508739399845,0.05987334538473711,73.34807006771393,1.7347525168601976,0.004365372948692044,-0.09939097948201356,0.0002120330610646537,0.0,0,5.33,3.8,308.741
2023-12-27,139.21937561035156,140.91536531809038,138.74331443055428,140.42937642319166,19628600,0.023328871446110754,0.05106088100961506,72.76731173130511,1.8561863910209695,0.01619626434645909,-0.09335690464854106,-0.008125993558387834,0.0,0,5.33,3.8,308.741
2023-12-28,139.08050537109375,139.98304957042203,138.60444425438513,139.62599994946305,16045700,0.01663092181171108,0.049932263047750544,60.33833245612513,1.919095801650343,0.02160402723319877,-0.09310802403838762,-0.000997492185617066,0.0,0,5.33,3.8,308.741
2023-12-29,138.54493713378906,139.20944320132398,137.64239294340334,138.48543138650385,18733000,0.007057893788416241,0.04561832824565322,66.14006576611608,1.903790371655873,0.02906677966680227,-0.08799021541305811,-0.0038507786254852183,0.0,0,5.33,3.8,308.741
2024-01-02,137.03736877441406,138.30687494126533,135.36121989360225,137.4142586199099,23711200,-0.007884215847353543,0.03417547638817359,66.96798062232799,1.7498414577026153,0.04182154247884535,-0.07482407307690146,-0.010881439557182682,0.0,1,5.33,3.7,309.698
2024-01-03,137.78123474121094,138.48542134501582,135.9563213328076,136.1249259824603,24212100,-0.004728515327355262,0.03927267864956128,72.28402825840541,1.6686247337777047,0.035848952213393404,-0.07252465911658817,0.005428197968551096,0.0,0,5.33,3.7,309.698
2024-01-04,135.27197265625,138.01927043379123,135.2323072061994,137.28533097133266,27137700,-0.02267227581972939,0.020362314447684136,61.341990511455045,1.385808675676941,0.053830010661072326,-0.05012731255576492,-0.018211929147492256,0.0,0,5.33,3.7,309.698
2024-01-05,134.61737060546875,136.03565627670122,134.04212324747374,135.62901355461221,22513900,-0.025579310182504308,0.015892791390945276,61.23284822905629,1.0962174845023185,0.05592022397301144,-0.03826727831857538,-0.004839155058710576,0.0,1,5.33,3.7,309.698
2024-01-08,137.701904296875,137.87050896561743,135.1430511234635,135.17280399831742,21404000,-0.00212019404383168,0.037116339983858784,66.14900822833245,1.102896959853723,0.03336552134926106,-0.0595324756794614,0.02291334080834395,0.0,1,5.33,3.7,309.698
2024-01-09,139.79458618164062,140.33016810931971,137.0175356218485,137.36467261696302,24759600,0.013438120419980975,0.04994902676392915,64.12500611848424,1.26249912696386,0.021098485311569014,-0.07258468124855724,0.015197189141654466,0.0,1,5.33,3.7,309.698
2024-01-10,141.11370849609375,141.82780775984716,139.75494343237068,139.84420205691225,21320200,0.022442365071847145,0.05669062691697422,65.04538151223467,1.4783852359442449,0.01519115039229825,-0.07857338712428039,0.009436147353654611,0.0,0,5.33,3.7,309.698
2024-01-11,140.9153594970703,144.02962003416567,139.4871608829634,142.31380523452594,24008700,0.0197521225022003,0.052450848155508885,60.859512224757566,1.6148563671498835,0.01845164048433671,-0.0723793217076441,-0.0014055969553725678,0.0,1,5.33,3.7,309.698
2024-01-12,141.4806671142578,142.0261616954496,140.6574840861167,141.5005074082221,18785500,0.022067806118036937,0.05377387881700355,57.09738957396468,1.7484710363641227,0.01581233115246177,-0.07044959311652857,0.004011682042362796,0.0,0,5.33,3.7,309.698
2024-01-16,141.3219757080078,143.16672938152487,140.29049239931624,140.83598692471,22670500,0.018877380409442198,0.050103392134904244,53.37832359306684,1.8205701546361013,0.01581961242594534,-0.06086838707010527,-0.0011216472857160653,0.0,0,5.33,3.7,309.698
2024-01-17,140.31033325195312,140.67729541881693,137.76139297479475,140.19132176728564,20968600,0.009202428334262732,0.040442417350917984,49.841620913249564,1.7756100068774572,0.01976940089409458,-0.04445302999558456,-0.007158422821266552,0.0,1,5.33,3.7,309.698
2024-01-18,142.30384826660156,143.02787513950906,140.8260719176682,140.8855776587382,25746400,0.02022233654749556,0.05299766630779928,59.339200209936116,1.8791767867891735,0.0074676770046455,-0.05447057480944436,0.014207898794372564,0.0,1,5.33,3.7,309.698
2024-01-19,145.18008422851562,145.24950254806373,143.19647882633325,143.5535284040744,34271900,0.03350158041898944,0.07174337293869795,65.84228339529022,2.168347055342366,-0.005701209515505032,-0.0733464189412896,0.020211933808884197,0.0,0,5.33,3.7,309.698
2024-01-22,144.79327392578125,147.17359422579068,144.64449444846355,145.89417546961977,32200400,0.023334957223993667,0.06654209626830768,66.35502895243238,2.33933778797541,0.002520398226496624,-0.07119617942215846,-0.0026643482457657797,0.0,1,5.33,3.7,309.698
2024-01-23,145.83468627929688,145.97353807473283,144.30731652950118,144.69411904062358,21636100,0.024804733833387,0.07183267098337295,73.60297904499271,2.5297213954415554,0.0019170416330552592,-0.07988231302109275,0.007192408357652225,0.0,1,5.33,3.7,309.698
2024-01-24,147.48104858398438,148.62163069280544,146.88597608407127,147.32235653052467,25233500,0.03080619467584406,0.08102355131800716,74.82227326222961,2.781387352714148,-0.0011254852628896654,-0.09344720236104588,0.01128923678372673,0.0,1,5.33,3.7,309.698
2024-01-25,150.62509155273438,151.79542676635216,148.3141891335314,148.83985855855067,29149100,0.04582865026911374,0.10098278951436146,88.053049820056,3.197671660304195,-0.009509812801026052,-0.11802039932969613,0.021318284613087712,0.0,1,5.33,3.7,309.698
2024-01-26,150.9424591064453,151.28958097989496,149.77212402167038,149.86139776851957,26115500,0.0407861857444931,0.10009654909939376,91.14999726918245,3.512696701472123,-0.0006337566370109633,-0.12306686906019486,0.0021070032252881177,0.0,1,5.33,3.7,309.698
2024-01-29,152.2516326904297,152.51942366682596,150.18868118167268,150.81352174869434,27784300,0.0420739382712294,0.10645645841051826,90.28004599421946,3.823915960352082,0.0020521854190934915,-0.13323574462852325,0.008673328841563022,0.0,0,5.33,3.7,309.698
2024-01-30,150.2184295654297,152.360711695651,149.950638624012,151.54744142716578,36331800,0.021935173365395695,0.08903688842536239,78.95313245669132,3.861978481293903,0.02234016048963325,-0.12045831830324194,-0.01335422871381664,0.0,0,5.33,3.7,309.698
2024-01-31,138.95155334472656,142.81957751562527,138.72342784548118,142.44268767661725,71910000,-0.05383871537758989,0.0068965365339607124,46.131961903514025,2.9490062452657924,0.10458817174379746,-0.04711479251491171,-0.07500328856650496,0.0,1,5.33,3.7,309.698
2024-02-01,140.00286865234375,141.88728767351694,139.63589137319994,140.95499074150428,40466500,-0.04518399653673166,0.01366240897568153,48.41592210069588,2.2839733071589023,0.09577339939695009,-0.052163235159069656,0.007566056530573517,0.0,1,5.33,3.9,310.967
2024-02-02,141.21287536621094,141.45089833217304,135.38107056080497,138.11844060532798,62499600,-0.034319009585356296,0.021523883082544402,49.5452934373018,1.8334326712052302,0.08411354343330205,-0.053807348421930856,0.008642728006323042,0.0,1,5.33,3.9,310.967
2024-02-05,142.50221252441406,144.27754793012062,141.60959609870966,141.64927668377285,38505400,-0.023972729083041266,0.029859273211278223,51.92992314041421,1.562404280486163,0.07081587306181808,-0.05334642630479565,0.009130450427126124,0.0,1,5.33,3.9,310.967
2024-02-06,142.91879272460938,144.16845883237673,142.0162485243668,143.4642721698212,29128200,-0.01916059531172562,0.03203989782468658,54.350007837485165,1.3654863916991928,0.06633959080515707,-0.05110042445540584,0.0029233244369728517,0.0,1,5.33,3.9,310.967
2024-02-07,144.3469696044922,144.4263156427516,142.7501665270815,143.57336464859975,25208900,-0.0072237860790379145,0.04103331351546326,53.472699866069526,1.309573536011186,0.055720255058044656,-0.05726619787385827,0.00999292572135535,0.0,1,5.33,3.9,310.967
2024-02-08,144.71395874023438,145.13051412482938,143.91060084610757,144.63461269549572,22563800,-0.000636827065914262,0.04226355577587374,49.13384219301131,1.2801187392662712,0.05337287355851178,-0.057498981453788435,0.0025424097003750035,0.0,1,5.33,3.9,310.967
2024-02-09,147.77862548828125,148.2150211661504,144.9817341712347,145.47763559904774,26829500,0.022761702232365427,0.06254476334143008,55.04529334947981,1.4869282118685305,0.033556639016411885,-0.07442934496241818,0.02117740938555923,0.0,0,5.33,3.9,310.967
2024-02-12,146.32066345214844,148.11582406905052,146.161971374684,147.20336732419403,21564100,0.01684519930610036,0.05018360455797152,50.80990634289739,1.5157087107472478,0.04464790831556826,-0.06269176170129472,-0.009865851920841107,0.0,0,5.33,3.9,310.967
2024-02-13,143.9502410888672,145.46769798615009,142.51213022242555,143.73204328748068,27837700,0.004748834917439237,0.031318936742470785,44.254387642048066,1.3318909790571638,0.06156023155647398,-0.04514148402164682,-0.016200188731760767,0.0,1,5.33,3.9,310.967
2024-02-14,144.74366760253906,145.31891490169372,142.90882681844735,144.88251935518286,22704200,0.0062188790594390145,0.03493251449553114,39.636441267207175,1.2359892760708533,0.0549411475950858,-0.0465127092810834,0.005511810940157069,0.0,0,5.33,3.9,310.967
2024-02-15,141.5996856689453,142.34353774622787,139.30862369230854,141.9666478509511,37590700,-0.016728728188399145,0.01051787074668323,35.02862295841969,0.8959652887029108,0.07859601724361885,-0.02607110770009804,-0.02172103267568848,0.0,0,5.33,3.9,310.967
2024-02-16,139.36813354492188,142.01624520205476,138.9912436385364,141.8178876690081,31468900,-0.030983371047720858,-0.00674742264112892,29.94754694199574,0.44133874410565,0.09711160920807016,-0.01589203933278509,-0.015759583882415718,0.0,1,5.33,3.9,310.967
2024-02-20,139.9632110595703,140.915348438827,138.34658273143967,138.51518739713623,25144700,-0.02512484443932127,-0.0040692101155490185,33.29027150828766,0.12759092550018636,0.09300825430575126,-0.024088296897684353,0.004269824812259682,0.0,1,5.33,3.9,310.967
2024-02-21,141.3814697265625,141.52032149117545,139.5267884940164,140.29048076624125,23223300,-0.014190769986074235,0.00522525155025344,55.830562314782334,-0.006539476615841977,0.08132595453100895,-0.036310015964426415,0.010133081802392807,0.0,1,5.33,3.9,310.967
2024-02-22,142.90882873535156,143.8113727064956,141.6294100783797,143.74193926238937,27191900,-0.0025407450132698206,0.014782424579546375,56.81708679923913,0.010287730138145434,0.06756237155152721,-0.0476022362788136,0.010803106034638299,0.0,0,5.33,3.9,310.967
2024-02-23,142.77993774414062,143.49402183711422,142.2542683371376,142.4923064572686,19493800,-0.002093303227715574,0.012345710533979044,53.87260184815784,0.013072297610733585,0.06205487438138057,-0.04576584812509463,-0.0009019106261770604,0.0,0,5.33,3.9,310.967
2024-02-26,136.44229125976562,141.27236509008048,136.26375892182784,140.9748212826553,53641800,-0.03877199061144548,-0.03327640789262243,38.0148658721704,-0.49046227417835553,0.10574620896514374,-0.0064293313771817484,-0.04438751399186036,0.0,1,5.33,3.9,310.967
2024-02-27,137.74156188964844,138.10852404072233,135.9662266066363,136.8886109742461,33099200,-0.02371812802665816,-0.02493550116852339,40.106073321696456,-0.7757345833195473,0.08345102975126,-0.014470586458221404,0.009522492021254658,0.0,0,5.33,3.9,310.967
2024-02-28,135.26206970214844,136.87869796321857,134.30001978259713,136.76959905068048,37328600,-0.035351934914561324,-0.043084278806304215,33.309018694051574,-1.1881924976516132,0.09558830546507782,0.00026134711117140546,-0.018001045969599505,0.0,1,5.33,3.9,310.967
2024-02-29,137.3249969482422,137.7217119413849,135.28187084580713,136.1546619911694,42133000,-0.015430632334508908,-0.02928828750057938,37.22116401111095,-1.3332386331504438,0.07989730017285428,-0.016716433989187155,0.01525133580046778,0.0,0,5.33,3.9,310.967
2024-03-01,136.01580810546875,137.73162236788295,135.79761032253668,137.29522680201885,31151100,-0.020897258837406032,-0.03872318689613337,28.341705719069935,-1.5361218819459737,0.09202720667414997,-0.011918989559637622,-0.009533507168158706,0.0,0,5.33,3.9,312.345
2024-03-04,132.2569122314453,134.54797432652032,130.8287137478375,134.54797432652032,55999400,-0.04305690733918303,-0.0648561532647858,26.12784350209847,-1.9774252732953528,0.1280996813762968,0.004355999205696492,-0.027635727981770608,0.0,0,5.33,3.9,312.345
2024-03-05,131.58245849609375,132.1477932825311,129.59885315483893,130.7989410451295,40194800,-0.0421284882329675,-0.06888452690509163,27.724072957450275,-2.3544436098131882,0.13718698615625244,-0.002099744343637795,-0.005099572672400576,0.0,0,5.33,3.9,312.345
2024-03-06,130.3228759765625,132.48501385237356,129.77739656818326,132.0287779261609,35318600,-0.043598514507435474,-0.07662861778436052,24.455295733670212,-2.723476597420074,0.15079811226559764,-0.004740218662626342,-0.009572571708474698,0.0,1,5.33,3.9,312.345
2024-03-07,133.2784423828125,133.83384943472205,130.531144857788,131.7014646980678,37738200,-0.014946652608657945,-0.05474309766720489,35.16086179713949,-2.7457965570417855,0.12241008698591944,-0.0322477246120053,0.022678799743350853,0.0,1,5.33,3.9,312.345
2024-03-08,134.30001831054688,136.95804250148979,132.90157275617153,133.10985799917378,39370400,-0.0011359025908770305,-0.04667826968053821,40.554495134830155,-2.6504993396378893,0.10923018988316169,-0.042721239008275166,0.007664974991230311,0.0,1,5.33,3.9,312.345
2024-03-11,136.54150390625,137.95978992775838,135.01413409372148,135.01413409372148,32437800,0.015460344434633323,-0.03039858226691149,43.9916489426406,-2.366823189141286,0.08038103179722632,-0.056026019763768656,0.016690136188366456,0.0,1,5.33,3.9,312.345
2024-03-12,137.3646697998047,138.23746099222168,135.90671866415707,135.90671866415707,27563400,0.021868660946773696,-0.02431539681360321,42.79614101168457,-2.051931795515486,0.06469262157661658,-0.05898854337731465,0.006028686296877694,0.0,1,5.33,3.9,312.345
2024-03-13,138.6440887451172,139.93343524438993,137.85065871514112,137.86057129371812,23347200,0.028798009420370405,-0.015241709644659584,42.28284651177174,-1.6797762658917748,0.04936463757027266,-0.065996535312987,0.009314032110127934,0.0,1,5.33,3.9,312.345
2024-03-14,141.9269561767578,142.412929758554,139.308597953836,140.03260960451834,42753400,0.04957414235772313,0.007376054949652011,48.61463916084817,-1.1071775086381592,0.020919940501388373,-0.08541311754874453,0.02367838009794876,0.0,0,5.33,3.9,312.345
2024-03-15,140.02272033691406,142.0063260544533,138.88215310281325,141.33190737467106,49475400,0.032432708107382247,-0.006456063070777567,56.79343467594048,-0.797847694496653,0.03312949263813304,-0.07242700916099269,-0.013417013167478786,0.0,1,5.33,3.9,312.345
2024-03-18,146.46942138671875,150.9027808454485,145.96360743742733,147.39180580449582,69273700,0.06876634780998209,0.03763823073898674,63.85393985046177,-0.032136244179184814,-0.002857863253598005,-0.11788965055510338,0.04604039283262762,0.0,0,5.33,3.9,312.345
2024-03-19,145.8247528076172,147.57032014783982,144.882543249734,146.9454947247472,24070400,0.053117873866161784,0.03143333271009109,67.80343478860229,0.5167198059609177,0.008493493589793285,-0.11691354467190057,-0.004401386808236651,0.0,1,5.33,3.9,312.345
2024-03-20,147.52073669433594,147.639748173652,145.53713132595888,146.78679725990156,21311500,0.05229645925615035,0.04198189496669404,67.40018541087258,1.0761388469661028,0.004816586872212765,-0.13082170751916902,0.011630288096261765,0.0,0,5.33,3.9,312.345
2024-03-21,146.3900909423828,149.13737364463717,145.6958169152109,148.24475722928597,24755600,0.034555320815454864,0.03303331780459538,67.81344600256031,1.411972464726432,0.016866555816177353,-0.12601978058449437,-0.007664317419291522,0.0,1,5.33,3.9,312.345
2024-03-22,149.5341033935547,150.3374611918101,147.75876801352786,147.89761979182254,29211800,0.045518257951759726,0.05396717952853566,80.30622109972795,1.9098035292790883,0.004333332442280638,-0.1487255369487294,0.02147694854844584,0.0,0,5.33,3.9,312.345
2024-03-25,148.83984375,149.14730017654827,146.60828759558476,148.71090455162476,19229300,0.03179193411166478,0.047903200309708724,80.25046005049856,2.2226954341660985,0.01850399769180447,-0.14591130895994606,-0.004642818111715186,0.0,1,5.33,3.9,312.345
2024-03-26,149.43492126464844,151.011884033954,148.7505749332153,148.98861304571224,22149100,0.027321166325949015,0.05091576671099692,84.30056561166518,2.4899793729621535,0.02350088771722469,-0.1505401582765736,0.003998106284281988,0.0,1,5.33,3.9,312.345
2024-03-27,149.63327026367188,150.3969625890798,147.679417711027,149.94072668288968,22879200,0.020971583223470463,0.05108196081597368,82.5761618951635,2.686836745183598,0.030220656223401383,-0.1501383810972233,0.0013273269550706512,0.0,1,5.33,3.9,312.345
2024-03-28,149.6927947998047,150.1886962178925,148.9390300924469,149.61346389057567,24485400,0.015994224007372954,0.05011590459264102,81.88178108990465,2.8151989029952063,0.037156635913005324,-0.1495598457339001,0.0003978028150284363,0.0,1,5.33,3.9,312.345
2024-04-01,154.21543884277344,154.46338956853498,149.3754358331209,149.45478188140993,31730800,0.03670385333627641,0.08003789429739945,83.44605422961799,3.244466227751161,0.01846424163804458,-0.17442317684742056,0.030212837224511846,0.0,0,5.33,3.9,313.023
2024-04-02,153.29302978515625,153.43188156405296,150.90278153856184,152.24172129726563,24586000,0.025797549187950766,0.07235926514587118,80.02994130836153,3.4702303183027254,0.03156910085182168,-0.16270908674899381,-0.0059813016422928245,0.0,1,5.33,3.9,313.023
2024-04-03,153.65008544921875,153.80877752671594,151.47803493131784,152.34091364414047,24705000,0.022830808672257445,0.07352677804537065,79.31037977037695,3.636047304690834,0.03393282268021994,-0.15505344778474225,0.00232923613397773,0.0,0,5.33,3.9,313.023
2024-04-04,149.2960662841797,153.5013153792841,149.21672024838048,152.2417216532487,34724700,-0.007326549911677403,0.04260170635100346,63.81556889790584,3.3771952973314967,0.06072293634477936,-0.11434013628423319,-0.028337238813173737,0.0,1,5.33,3.9,313.023
2024-04-05,151.24993896484375,152.16239579697978,148.37371667079992,148.80018464435562,23459200,0.002425636966725576,0.05569076706931999,71.00962782205862,3.291768949312825,0.04602387145302742,-0.11290279258508173,0.013087234843448092,0.0,1,5.33,3.9,313.023
2024-04-08,153.58067321777344,153.9972285874499,151.35902944578888,151.52763410967862,20702000,0.015150294607076347,0.07151667842903925,65.73059155743465,3.3732539566622677,0.030164033412030614,-0.1138258346347354,0.015409819460961538,0.0,1,5.33,3.9,313.023
2024-04-09,155.3162841796875,157.2602086877456,153.91783896293688,154.81045519753619,31079500,0.022246395233018215,0.08296490960894101,70.02923063349783,3.5371071422122213,0.020677739827890212,-0.113665926656839,0.011300972482735538,0.0,0,5.33,3.9,313.023
2024-04-10,154.86009216308594,155.32624070054823,153.41205338281176,154.92952562487014,22838600,0.015617418797052713,0.07939140951629212,66.3427953236403,3.588781845894715,0.023569741488183606,-0.09964262260813811,-0.002937180856540378,0.0,1,5.33,3.9,313.023
2024-04-11,158.1033172607422,158.37109317006315,155.1775014856246,155.6238098015387,27166400,0.031159439804183647,0.10078708303629275,73.83936368571361,3.847088737243638,0.005711362025926561,-0.10894247069508199,0.020942936636255904,0.0,0,5.33,3.9,313.023
2024-04-12,156.43704223632812,158.90663651169768,155.85188225072014,156.66516776322655,25353700,0.01582365118991795,0.08654017014909565,64.94838343432394,3.872702240059539,0.01858800563310933,-0.09234049996167593,-0.010539152835522536,0.0,0,5.33,3.9,313.023
2024-04-15,153.59056091308594,157.93466141742405,153.32276995678504,157.5577715629048,27136500,-0.002255120817874469,0.06476010110666608,59.41053967870151,3.621566705197324,0.03201701148362914,-0.061236745688197355,-0.018195698937736426,0.0,0,5.33,3.9,313.023
2024-04-16,153.13433837890625,154.3740918150493,152.17228850176252,152.92606827651122,20779500,-0.0051162429345051825,0.059845538031119444,57.368589012992935,3.34714285942826,0.03502435450349563,-0.054020346058538636,-0.002970381327260463,0.0,1,5.33,3.9,313.023
2024-04-17,154.195556640625,155.792359485905,153.3128529021601,154.3443209821668,21763100,0.001423397580209249,0.06546568939442456,58.78529024948374,3.1786499315192316,0.02734465981407966,-0.05454579861566622,0.0069299823472182,0.0,1,5.33,3.9,313.023
2024-04-18,154.7311248779297,155.65350920539763,153.35251980958253,154.0666189232005,19883000,0.0013670213633169418,0.06742388745854722,59.52730495962771,3.053139264121711,0.024286365677403228,-0.053655973108388426,0.003473305255824677,0.0,0,5.33,3.9,313.023
2024-04-19,152.82688903808594,155.07828562000708,151.0515686940003,154.91959354072858,32615600,-0.011964880483187564,0.05305531759961639,47.08570960088953,2.768106232479454,0.034445852607003696,-0.03504941724371337,-0.012306740750098188,0.0,1,5.33,3.9,313.023
2024-04-22,154.99891662597656,156.3477688326678,152.79711353661722,153.04506419862878,26446200,0.0011594437153843614,0.06651005522490852,53.40187576795299,2.686511542534703,0.02079065915699922,-0.04588641364983325,0.014212339213090619,0.0,1,5.33,3.9,313.023
2024-04-23,156.96270751953125,157.66689417461689,154.99894218995382,155.67337597138751,21151600,0.012766816300229349,0.07865914158764364,56.20818477453951,2.7486242465648445,0.009847951809195265,-0.05447708874979847,0.012669707223137872,0.0,1,5.33,3.9,313.023
2024-04-24,157.8256072998047,158.2620030164986,155.88166687099877,156.19905107721684,22779100,0.01638969144290088,0.08287674604739304,68.39186350738844,2.8348000028887554,0.006896857738160686,-0.05690041077690788,0.005497482770970175,0.0,0,5.33,3.9,313.023
2024-04-25,154.7212371826172,155.2072260039545,149.63328396324783,150.08951991120836,57109700,-0.0014273748917331122,0.060010227261292015,57.13118726376443,2.622369147322587,0.026122116561600538,-0.033711922722681774,-0.019669622504860373,0.0,1,5.33,3.9,313.023
2024-04-26,170.54046630859375,173.2778513670398,168.2593171377913,172.94062695716943,64665300,0.09074177904817517,0.16427391186400636,72.41737066533068,3.6879829754062143,-0.04125361646724295,-0.13892646609855994,0.10224342445830592,0.0,0,5.33,3.9,313.023
2024-04-29,164.7880096435547,168.16014784427256,163.85572783432124,167.6741590817137,45610000,0.046455888948853684,0.1214514401770509,61.317849499380266,4.021951876261738,0.001627472181190288,-0.11186501270025095,-0.03373074314591096,0.0,0,5.33,3.9,313.023
2024-04-30,161.44566345214844,166.72206177178046,161.26714620693434,164.25246727701446,33562900,0.01984822353246886,0.0954137251245517,57.361413199210766,3.97114830609317,0.026525858556202292,-0.09259061937144884,-0.020282702598544144,0.0,1,5.33,3.9,313.023
2024-05-01,162.5167999267578,165.7500714576766,161.7531075684998,162.95319556004813,33493200,0.02124637553312264,0.09931691993092877,55.18522475725127,3.971536472099814,0.024541711240451927,-0.09789702372176184,0.006634656216249812,0.0,1,5.33,3.9,313.175
2024-05-02,165.25418090820312,165.36327982367402,162.54656344896563,163.43917993284745,24294500,0.03162616179891643,0.11423486606965634,60.1045922524931,4.144947489888722,0.013049452362629846,-0.10866228984572543,0.016843680054486665,0.0,1,5.33,3.9,313.175
2024-05-03,165.86911010742188,166.5832093530068,161.71345384411,166.18647914228734,34662400,0.027102475014686423,0.11492899512094988,64.82994949958479,4.28262913521786,0.015231258313484363,-0.10909058158757233,0.003721111295576396,0.0,1,5.33,3.9,313.175
2024-05-06,166.72206115722656,166.76172661144676,164.6690220425713,166.08730795373265,21871300,0.024943824267830067,0.11706685788935571,66.25538006467212,4.4097361589191735,0.016714923307459578,-0.11244386056772267,0.005142314016469252,0.0,1,5.33,3.9,313.175
2024-05-07,169.84620666503906,170.35202057689946,167.00965043305126,167.11874933173186,28039700,0.035944903495121534,0.13292791864220443,67.8426284764371,4.708287615047169,0.007860614371266133,-0.13006189815056404,0.018738644940733407,0.0,0,5.33,3.9,313.175
2024-05-08,167.99156188964844,168.75523914384442,167.35680870759575,167.61467198559197,19569100,0.018318729347056396,0.11605297346247734,64.67624101138587,4.740590880756798,0.025148275526134994,-0.11880171739608467,-0.010919553705713625,0.0,1,5.33,3.9,313.175
2024-05-09,168.56680297851562,169.2908147525702,166.80138015076668,168.00146814371737,15346700,0.013301246299203902,0.1149407508968555,67.94845338222916,4.757764057495848,0.027872382401006632,-0.12182398676316425,0.0034242260884809195,0.0,0,5.33,3.9,313.175
2024-05-10,167.2675323486328,168.45770778843482,164.8277059911993,166.65261946945532,29799900,0.007473127795750544,0.10198218155808728,64.27420007697782,4.613353771844942,0.04009565909809346,-0.11276685320466742,-0.007707749135210218,0.0,1,5.33,3.9,313.175
2024-05-13,167.75352478027344,167.89237656675422,162.65565899989346,162.9135222794407,31327600,0.008598795099161258,0.10058150020193478,63.00192642377573,4.486406605020306,0.040081949027000796,-0.10989401290427087,0.0029054797713383707,0.0,1,5.33,3.9,313.175
2024-05-14,168.94369506835938,169.84623930052865,167.41632532705881,168.37837530926814,25127100,0.01119597920080004,0.10307982536891604,63.2914324907561,4.430761792397959,0.035443001355870384,-0.1094950379812211,0.007094755771271277,0.0,1,5.33,3.9,313.175
2024-05-15,171.0958709716797,171.2347227383607,169.11226565697544,169.23129226677884,26948400,0.01884592632416348,0.11139729827074793,70.0315688242181,4.508355965196301,0.0265627269192955,-0.11496313648185519,0.012739012855433662,0.0,1,5.33,3.9,313.175
2024-05-16,172.75216674804688,173.6844635980281,171.27439058404832,171.86946305398715,27867900,0.024136192090574115,0.11600454520927529,54.14034426220143,4.649898003364541,0.02149535812355919,-0.11779187785603948,0.009680512843242894,0.0,1,5.33,3.9,313.175
2024-05-17,174.6167755126953,174.82506073205244,172.26620802954864,172.75218165186905,24479300,0.02984953082826132,0.1220572466578309,71.53420396679361,4.856546191093798,0.014024312808080438,-0.11817044231094599,0.010793547772792289,0.0,1,5.33,3.9,313.175
2024-05-20,175.46974182128906,177.30458297385175,174.63663113812171,174.74573004665857,22554400,0.029568400363355823,0.12160386526677085,84.48785415378335,5.031147682551904,0.013200204607762856,-0.11489586579901441,0.00488479017029908,0.0,1,5.33,3.9,313.175
2024-05-21,176.3921356201172,176.68966435582567,174.36884941504044,175.44991084467418,16989400,0.03102057715518785,0.12178486828545586,84.3735352197435,5.184189978244092,0.012670977760929285,-0.11327838941668977,0.00525671143784745,0.0,0,5.33,3.9,313.175
2024-05-22,174.93418884277344,175.69786612928917,173.7737813421162,175.19205213168274,17880000,0.018366278194141276,0.10722198418325639,75.60343053173241,5.128712376069558,0.023027146863477777,-0.09802451918375679,-0.008265372898957457,0.0,0,5.33,3.9,313.175
2024-05-23,172.12738037109375,176.78885054238378,171.53229263275466,175.61853049301604,21024900,-4.601518309567472e-05,0.08485843888657715,64.83310934654205,4.802895204248159,0.032767288840043866,-0.06626209493975187,-0.01604493947265151,0.0,1,5.33,3.9,313.175
2024-05-24,173.55555725097656,174.32916213437795,172.22653015180546,173.54562953855606,16579400,0.004581122671328965,0.08951596758471739,65.76657137626565,4.606820131794734,0.026294340078012103,-0.07423413542248533,0.008297209176156395,0.0,1,5.33,3.9,313.175
2024-05-28,174.95399475097656,175.8168734132129,172.94063642860604,173.01998246270298,20572200,0.008472497627481238,0.09349906260405054,62.80460002264513,4.512256953869212,0.021305832997499455,-0.079038120843469,0.008057578346383654,0.0,0,5.33,3.9,313.175
2024-05-29,174.45806884765625,175.39036570001613,173.2877490601961,173.9919204214763,23388700,0.0024275539192983057,0.08659774459578223,67.3957928837128,4.347186221567341,0.02368496899544161,-0.0684372816293269,-0.002834607486534968,0.0,0,5.33,3.9,313.175
2024-05-30,170.6991729736328,173.78368015073974,170.38178882747087,173.76383985817733,22931500,-0.01894725653910356,0.05990159589373218,54.897481851768,3.868461775009081,0.04308515836877302,-0.03998832430126507,-0.021546127954138128,0.0,1,5.33,3.9,313.175
2024-05-31,171.0859832763672,171.64139042387083,168.05106912485823,170.4512300886902,37638900,-0.015781670015046424,0.059203699007590135,59.15361790414097,3.480164392026154,0.03934117126822938,-0.037364465526289706,0.0022660350135037532,0.0,1,5.33,3.9,313.175
2024-06-03,171.75048828125,173.09934068848278,169.75697011042396,171.12564767729586,27459100,-0.010327044697039139,0.059989159366152796,59.500240457325894,3.189291748858949,0.03406907727735719,-0.03641367350473769,0.0038840411830196597,0.0,1,5.33,4.1,313.044
2024-06-04,172.3654022216797,172.42492310208857,170.480982952228,171.85958824102724,26879600,-0.0050038897826704875,0.06079473346537127,58.3615912323079,2.9741078356555875,0.029481091989977587,-0.035678271397915046,0.0035802747729178908,0.0,1,5.33,4.1,313.044
2024-06-05,173.97213745117188,175.20196327061797,172.5042583714889,173.76385219874723,22068500,0.005676042989592403,0.06738123058592994,57.22120448031186,2.8997960947787362,0.021136537360303204,-0.043376056620943834,0.009321680620254513,0.0,1,5.33,4.1,313.044
2024-06-06,175.28128051757812,175.6978358202856,174.30931814459407,174.45808249066545,23251000,0.013040512179039584,0.07201336534437346,56.46228320386518,2.9129616011580595,0.014665687919474252,-0.04751786103617071,0.007525015704159532,0.0,0,5.33,4.1,313.044
2024-06-07,173.0299072265625,176.41194296176616,172.87121516107322,175.5986726101232,19661400,-0.0004926895707453027,0.05522415373672884,46.023889467055824,2.710483583212863,0.027399422757482816,-0.03207672957580086,-0.012844345296700643,0.0,1,5.33,4.1,313.044
2024-06-10,173.77459716796875,175.8101292272444,171.54047994095143,173.73488619485127,23726700,0.0036820178023007355,0.05666195887255558,45.72941629628263,2.580363723074953,0.02116421406313751,-0.030647690892203202,0.004303822115740763,0.0,1,5.33,4.1,313.044
2024-06-11,175.3732452392578,175.59169348463175,172.54337230776866,174.97607487552963,21540600,0.012670223064693897,0.06364594524301774,47.51768778494509,2.5765395907839945,0.01059241116382154,-0.03387595967107274,0.00919954986138638,0.0,1,5.33,4.1,313.044
2024-06-12,176.5349884033203,179.13650434238232,174.8668546571235,176.99174796777623,27864700,0.018157492813937207,0.06768188320063266,53.95712380354621,2.636855869560634,0.004194863435409893,-0.03618664312799037,0.006624403639663212,0.0,0,5.33,4.1,313.044
2024-06-13,173.92355346679688,175.49240210344783,173.64553119205647,174.8668444097431,20913300,0.0012342189880408872,0.04931474222507147,54.48338640137724,2.445742977716378,0.018825248965231262,-0.0196418740378083,-0.014792732931543484,0.0,1,5.33,4.1,313.044
2024-06-14,175.5420379638672,175.8101362841722,172.92067425165644,172.99018739624864,18063600,0.007965754939458686,0.05573592128495397,54.91174508697214,2.3972488146107764,0.010449954185209165,-0.02810961134191439,0.009305723490632856,0.0,1,5.33,4.1,313.044
2024-06-17,175.98887634277344,177.10096546528717,173.57602172386774,174.2214424940307,19618500,0.008078159188306969,0.05528309636327258,52.685194569906436,2.3675809641745786,0.00888364963496137,-0.030796846434540136,0.0025454779042626274,0.0,0,5.33,4.1,313.044
2024-06-18,173.8540496826172,176.13781719186318,172.87104771224654,175.88958192240335,21869900,-0.004998742766892559,0.03995357650185952,48.55560299059692,2.1470563795277826,0.020444668365592413,-0.01899744740600771,-0.012130463609519526,0.0,1,5.33,4.1,313.044
2024-06-20,175.05551147460938,176.03851342488448,173.7547611134038,174.13206841253606,20160100,0.00125664606509067,0.04467343129901632,61.869091894759336,2.0456559347408927,0.012207424947204063,-0.02526031745357455,0.006910749529191573,0.0,1,5.33,4.1,313.044
2024-06-21,178.36199951171875,179.57338876304848,175.3633134017814,175.75055979188994,57759000,0.01837416714395432,0.06142811885276012,67.1029063115345,2.206664250933784,-0.002575539767407256,-0.045389698370035286,0.018888225850512308,0.0,0,5.33,4.1,313.044
2024-06-24,177.9549102783203,179.61312014493922,177.40878962737892,178.88827736336933,18298000,0.01320075809702055,0.05650929682646721,64.76268275769425,2.2751888418573003,0.002761119987768069,-0.04298616526769325,-0.0022823764844130956,0.0,1,5.33,4.1,313.044
2024-06-25,182.73092651367188,182.98908571292054,178.15346801046124,178.35205317535076,23130200,0.03511497223602749,0.08148774069085049,70.58696246424712,2.6839408695677776,-0.013120442145015248,-0.07330575931674144,0.026838350388207255,0.0,0,5.33,4.1,313.044
2024-06-26,182.58200073242188,183.20754327614856,181.19187420519867,181.3408244497642,19839000,0.030065041154457864,0.07691069322031671,68.15112382971934,2.9617218446877587,-0.004739792498734673,-0.0759477213220267,-0.0008150004166856961,0.0,1,5.33,4.1,313.044
2024-06-27,184.10121154785156,184.73669324083986,182.7210240356858,182.87988309562385,18848900,0.034221227131822095,0.08191910343674534,68.43073920904027,3.2667953022697134,-0.0043554111140186175,-0.08693239154115903,0.00832070417311348,0.0,0,5.33,4.1,313.044
2024-06-28,180.86419677734375,183.8231718610113,180.6755507145743,183.0188920765721,29156600,0.012090551238821912,0.059574693794402576,65.72337675860084,3.210361131476958,0.016007922832495546,-0.06751431996891105,-0.017582799935384696,0.0,1,5.33,4.1,313.044
2024-07-01,181.69827270507812,182.58198955820285,180.0202000494524,181.73798367721864,16006100,0.013267275380376227,0.061108274257945634,65.84591968010702,3.1960969847038996,0.014134603504908062,-0.06874484229169107,0.004611614363682959,0.0,1,5.33,4.2,313.569
2024-07-02,183.93243408203125,184.26010649747855,180.27840257277563,180.76494921712109,17372500,0.02120263979724643,0.07026727586087365,66.69253664897627,3.326722313060827,0.006583253559050538,-0.07820039003169459,0.012295996784622565,0.0,1,5.33,4.2,313.569
2024-07-03,184.50830078125,184.77638393795382,182.7011409192061,183.545146815405,10242100,0.018375886685257678,0.0699437448526935,65.91359123304224,3.4370908134142155,0.008108623906259894,-0.07916319283550338,0.0031308599926531677,0.0,1,5.33,4.2,313.569
2024-07-05,189.25457763671875,189.51273686548802,184.48845737897847,184.54803142014995,20967500,0.03644980992580102,0.09337205961066367,78.19577821306498,3.8630131105556416,-0.006700999506131699,-0.10465412717785774,0.02572392047063432,0.0,0,5.33,4.2,313.569
2024-07-08,187.6956329345703,188.82758504993222,186.45445670495957,188.55948674203475,21035900,0.022684768575190764,0.08063600035877538,72.40112543086767,4.028329713437472,0.008423875437330825,-0.09747838651427451,-0.008237289272552739,0.0,0,5.33,4.2,313.569
2024-07-09,187.64599609375,190.00920064999954,187.38783687416534,188.96660951335545,15121400,0.017044000102948452,0.07626985671679155,71.80531540258835,4.107984743055084,0.01362194124198061,-0.09438177928475472,-0.0002644538929555962,0.0,1,5.33,4.2,313.569
2024-07-10,189.83045959472656,190.3964432565855,187.69564243220248,187.8147905079295,15952500,0.02493989891241047,0.08639516756432092,79.82940462556195,4.297837085505137,0.008478626616765399,-0.10286601340093203,0.011641407471786325,0.0,0,5.33,4.2,313.569
2024-07-11,184.26010131835938,189.51275347336664,183.7735546876896,188.50988833991096,25625800,-0.006036370432580033,0.05217109728715448,64.77532025375365,3.953244533064833,0.04013692870511531,-0.07209283674168802,-0.02934385919024518,0.0,0,5.33,4.2,313.569
2024-07-12,183.7635955810547,185.78918852634615,183.18768799095292,183.77351953652854,22898400,-0.008534128921087406,0.04666815801858166,59.53047472128668,3.5986060980281422,0.043824328115960466,-0.06652918784056211,-0.002694591687252168,0.0,1,5.33,4.2,313.569
2024-07-15,185.21328735351562,186.91122316515236,183.61465170436622,183.61465170436622,16474000,-0.003051876646443612,0.052204777984169184,62.352098624633406,3.3953906439019477,0.03558688893658557,-0.06767279865354539,0.00788889533793169,0.0,0,5.33,4.2,313.569
2024-07-16,182.62171936035156,187.34811338839907,182.0755987428797,186.03743905754484,18290700,-0.01748988785920352,0.03543872033110409,49.79922720568145,2.990747577608772,0.04929107356838612,-0.049573803851566824,-0.01399234380100145,0.0,0,5.33,4.2,313.569
2024-07-17,179.7421875,182.2543270659603,178.63008325599765,181.67841945681636,20734100,-0.03079691498181045,0.017511476103543457,45.25548152363005,2.4099306954694555,0.06473822000760632,-0.03089662594112668,-0.015767740389463936,0.0,0,5.33,4.2,313.569
2024-07-18,176.43568420410156,181.21172786784336,175.22429500298105,180.64574423979403,25315700,-0.044466847585875574,-0.002303705705500489,37.914828756841644,1.6636444913231685,0.08257969293084338,-0.009159555454820004,-0.01839581092167597,0.0,0,5.33,4.2,313.569
2024-07-19,176.40589904785156,179.01732353591333,175.87964153783852,177.61728826175099,18881900,-0.03793358425143039,-0.0032116160455548143,42.18044714357057,1.0576123873900656,0.0816851210426989,-0.007149397856939752,-0.00016881594210582662,0.0,1,5.33,4.2,313.569
2024-07-22,180.38758850097656,181.41031651236526,178.95775104592673,179.3152104096892,24100300,-0.012281965440649694,0.017861168820626144,47.929734818449,0.8883759958127087,0.057253154288489705,-0.027385682267751277,0.022571180865357254,0.0,1,5.33,4.2,313.569
2024-07-23,180.50672912597656,182.31388893241848,180.25849388780003,180.76490347036915,36352700,-0.007750777348728447,0.017162856940234922,44.20157536606418,0.7551635337983669,0.0557074986316242,-0.025766111330571675,0.0006604701908266009,0.0,0,5.33,4.2,313.569
2024-07-24,171.41140747070312,174.9462749610045,170.60712769523397,172.37456144038464,49585200,-0.04811007157008392,-0.034540542468468306,32.794149131085675,-0.08336378112127818,0.11834506247177728,0.01270405278209722,-0.050387715180001735,0.0,0,5.33,4.2,313.569
2024-07-25,166.09918212890625,172.19583973492487,166.0098210682456,171.30219882616154,44852000,-0.06821290622343218,-0.06428679935610818,20.025662175785897,-1.1631468752771923,0.16504090661159612,0.024240471621197607,-0.030991084083507148,0.0,0,5.33,4.2,313.569
2024-07-26,165.82115173339844,166.90345381803442,162.90190268589552,165.97008682721892,41336900,-0.06031430058604508,-0.06552431054338391,20.71254217730936,-2.0180546087985647,0.17321078523788683,0.008717374173114315,-0.001673881785233866,0.0,1,5.33,4.2,313.569
2024-07-29,168.33328247070312,169.22692328878654,166.80416003394157,167.6382268176297,20293800,-0.03686537552026111,-0.051071874292785764,25.742030398790547,-2.464458448224917,0.15859659518085817,-0.01667466702530174,0.015149639904465273,0.0,1,5.33,4.2,313.569
2024-07-30,169.08790588378906,170.02127279088597,167.25097423676394,169.03827095768605,18959700,-0.024997799472443568,-0.04642396783560558,22.97535428268344,-2.7259221703984906,0.15443238959350628,-0.02952753372989037,0.004482912719397936,0.0,1,5.33,4.2,313.569
2024-07-31,170.32908630371094,173.01996298271357,168.80988784082692,172.01709806342805,25729100,-0.012480768910419857,-0.03895952607686284,29.5420516141465,-2.8006964813908723,0.14435078742754465,-0.042916527020529886,0.007340444684287073,0.0,0,5.33,4.2,313.569
2024-08-01,169.5546112060547,172.82139580223534,167.6878923021726,169.0482167160951,24531400,-0.013033501139108734,-0.04269031537226457,29.302821590855544,-2.8891450635325384,0.14696981149257232,-0.04475621783364854,-0.004546933905788086,0.0,0,5.33,4.2,314.062
2024-08-02,165.4835662841797,167.3204982165653,163.50760805366414,165.26511803151652,29130100,-0.03056731382600896,-0.0645232179737945,23.300149708326884,-3.250273375918084,0.16848038022402492,-0.028915012133957668,-0.024010228285254787,0.0,0,5.33,4.2,314.062
2024-08-05,158.1258544921875,163.26928160754815,153.83634209310054,154.4023257364845,53630700,-0.061429922291569246,-0.10441435877655456,20.63789058827703,-4.083108482978275,0.22135277873611825,-0.0009320215298594105,-0.044461888012233275,0.0,0,5.33,4.2,314.062
2024-08-06,157.17262268066406,159.4365420774317,155.30590392172098,158.2052897951303,49004600,-0.05398545558196586,-0.10830269149538543,21.63707815225925,-4.765124754295357,0.22446735443225455,-0.009968504137632074,-0.006028310895676681,0.0,1,5.33,4.2,314.062
2024-08-07,157.8180694580078,161.82954505412678,157.35138590349095,160.11176109982324,25138600,-0.042264575426739684,-0.10303914413972116,24.926472159704602,-5.193675938994488,0.20792927323110924,-0.02277167755915886,0.004106610720972403,0.0,1,5.33,4.2,314.062
2024-08-08,160.88623046875,162.5345161798724,159.07908571101373,159.37695589283805,25578800,-0.020546585843812987,-0.08413667061182407,30.67982668589002,-5.225494639095643,0.17639827210193854,-0.04744065324581022,0.019441126236552808,0.0,1,5.33,4.2,314.062
2024-08-09,162.5146484375,162.63379650679866,157.9371899119943,158.88048081312152,28602300,-0.008637432161554747,-0.07360701841145686,26.365511416304585,-5.060971735524248,0.15432490220117528,-0.05977481281620413,0.010121549644152461,0.0,0,5.33,4.2,314.062
2024-08-12,161.14439392089844,163.73597062856854,160.69757348531624,163.1898651801224,15895300,-0.012666402019198946,-0.08041625456645655,25.216056037850237,-4.983705185782384,0.14998929885040482,-0.052564909182957614,-0.008431575428897609,0.0,1,5.33,4.2,314.062
2024-08-13,163.00120544433594,163.56717396094234,161.81960317762199,162.25649966122157,18551700,0.0024487648076118255,-0.06896111021544812,36.7862788711743,-4.718252637126028,0.12394201606939763,-0.06244725742467887,0.011522656657537489,0.0,0,5.33,4.2,314.062
2024-08-14,159.23794555664062,162.06783350679044,156.5967339743886,161.25361460284537,40591100,-0.013969376128791306,-0.08915433751352501,38.668395756639825,-4.756710800734169,0.14044667567115773,-0.04310922689617923,-0.02308731323450519,0.0,1,5.33,4.2,314.062
2024-08-15,160.161376953125,160.49897323710096,158.48330433720005,159.3670211694173,31524300,-0.0024491010387777475,-0.08259144545166515,40.84776584903659,-4.658970267080974,0.12624102553526545,-0.05115724391851827,0.005799066254317475,0.0,1,5.33,4.2,314.062
2024-08-16,161.80967712402344,163.89484419906685,159.9925932186499,160.33018953302678,24208600,0.010128616053957179,-0.07185672185161071,39.14770889843652,-4.397810914921166,0.10573191913272567,-0.06080692178022179,0.01029149600393886,0.0,1,5.33,4.2,314.062
2024-08-19,165.4934844970703,165.5133475605536,163.1004929084528,164.1132970310061,22416200,0.02839551604432753,-0.049659235934851435,44.55151868402306,-3.8492164079441125,0.06467850587966988,-0.07427239312485759,0.022766298274134344,0.0,1,5.33,4.2,314.062
2024-08-20,165.9998779296875,167.44957853320707,165.642433695725,165.72185564699794,18341500,0.02591479329632723,-0.0459810193669211,43.28820463809121,-3.3351441254262966,0.040910718138676624,-0.0653155421991942,0.0030598995129995643,0.0,0,5.33,4.2,314.062
2024-08-21,164.67926025390625,165.67220118965227,163.5075820711663,163.984189478023,22902000,0.01345567348194711,-0.05258028181247697,42.567357890216556,-2.9997220192376233,0.04290227896189184,-0.05555218509971834,-0.00795553401756488,0.0,0,5.33,4.2,314.062
2024-08-22,162.6437530517578,166.4069931043409,162.15720646482643,166.07932072756,22493300,-0.00015251419686364179,-0.06291827047198564,45.3841216363687,-2.8651186983866808,0.054437472131395895,-0.04433997818706475,-0.01236043445306989,0.0,1,5.33,4.2,314.062
2024-08-23,164.45089721679688,165.00694179876172,162.67353934579646,163.55725630307884,13955700,0.009754934827641405,-0.05118511020229795,62.54431931941019,-2.5828496822936415,0.04205984098099664,-0.05488445614520882,0.01111105794800471,0.0,1,5.33,4.2,314.062
2024-08-26,164.98707580566406,166.36726315289178,163.29907918080005,165.20552403193696,14190400,0.010662531191114296,-0.04710895917679799,65.75892895607188,-2.2894924781824386,0.035831625221986484,-0.05714236909258242,0.0032604175346051534,0.0,0,5.33,4.2,314.062
2024-08-27,163.51751708984375,165.26510295168842,163.29908400819048,164.66933228950003,11821900,0.0013437422729866565,-0.05428290111792006,61.12398005588213,-2.1507928855888565,0.040330299315489294,-0.04726483931088322,-0.008907114139966255,0.0,0,5.33,4.2,314.062
2024-08-28,161.70045471191406,164.4310425767687,160.38976526426643,163.87498286647468,16407400,-0.011274512955104407,-0.06324379359072375,51.67076940996268,-2.1625654983422464,0.043868006095141056,-0.033742228543125335,-0.011112340807690413,0.0,0,5.33,4.2,314.062
2024-08-29,160.6380157470703,164.7984415304893,159.11881702129344,163.15015560870546,19699800,-0.018057029509124106,-0.06797149999758567,46.05762123134465,-2.231897400135523,0.0423778064236557,-0.024508056197273843,-0.0065704142065438065,0.0,1,5.33,4.2,314.062
2024-08-30,162.22669982910156,162.50472208741948,160.54862717284777,161.47205499845862,22123800,-0.008598496233422015,-0.05735059820089148,52.25300199095114,-2.134049904681774,0.029666146074956833,-0.033564971557907046,0.009889838807102036,0.0,0,5.33,4.2,314.062
2024-09-03,156.2491912841797,160.707501683565,155.37539838425428,160.57841450941874,38945300,-0.039703225497886914,-0.08974487310146707,38.002771969703545,-2.5099073929704048,0.07068635933602722,0.0005770954455258438,-0.03684663838455016,0.0,0,5.13,4.1,314.732
2024-09-04,155.3456268310547,157.87762958096508,154.8590954051368,155.554151121504,19353800,-0.03896357568160751,-0.09261843678391357,42.301644833932194,-2.8478589154632346,0.07873521706982935,0.0033996119517803467,-0.005782842430727464,0.0,1,5.13,4.1,314.732
2024-09-05,156.1300506591797,158.32444181781332,154.87893528354047,155.19668368087028,18688700,-0.028975114238121304,-0.08519378030770747,41.982626196171154,-3.017606396477987,0.07456390182471273,-0.003971232980006853,0.005049539173562323,0.0,0,5.13,4.1,314.732
2024-09-06,149.85462951660156,156.7158543463593,149.48724625472917,156.18959691408133,37912100,-0.0605315365303467,-0.11858271250230093,29.919841959796926,-3.616814156265292,0.12894929285967843,0.020991481244619695,-0.040193550928109945,0.0,0,5.13,4.1,314.732
2024-09-09,147.85618591308594,152.51924546184443,146.3747353094781,151.63435601744013,39260500,-0.06331532679993912,-0.12661330311263727,18.597849214646033,-4.204481672547018,0.15204361107127812,0.01704204437852376,-0.013335881647181469,0.0,0,5.13,4.1,314.732
2024-09-10,147.8064727783203,150.40148807942415,147.4883027750186,149.58618882434916,31118800,-0.05332658151049835,-0.12348377676683837,17.072269492382006,-4.62095633938668,0.15776145338622524,0.003029842258448354,-0.000336226275949314,0.0,1,5.13,4.1,314.732
2024-09-11,150.29214477539062,150.63018908340467,146.67304380954099,149.05925855823048,29607700,-0.029182894967522233,-0.10541111532783141,25.014839405830188,-4.696306459345038,0.13851555141292202,-0.02191767979528589,0.016817071338941503,0.0,1,5.13,4.1,314.732
2024-09-12,153.8018798828125,153.931138367879,151.7735836501272,152.91699025153633,29621500,-0.0014167621851246517,-0.08122440884072506,35.3928417838721,-4.421843422716449,0.11223403578027484,-0.047471060015459636,0.02335275148722582,0.0,1,5.13,4.1,314.732
2024-09-13,156.55596923828125,157.47068534964538,154.318887339598,154.53761027887018,29591200,0.01916573164975822,-0.061638376213132666,37.35293628779071,-3.9367174662581874,0.09164795342835715,-0.06551066874403015,0.017906734024104143,0.0,1,5.13,4.1,314.732
2024-09-16,157.15252685546875,157.34143843484944,155.70091765708278,156.4068328344505,18379800,0.026439849475989968,-0.054423928704056226,37.47388996042447,-3.464181508502321,0.08551574180042058,-0.07003321839168807,0.0038105070032783406,0.0,1,5.13,4.1,314.732
2024-09-17,158.40528869628906,159.628222536102,157.47068317745328,158.107008079676,20715600,0.033167288094768814,-0.043514764774181265,41.76935877965362,-2.9545477593289604,0.0717408939867907,-0.07667270903139646,0.007971630274659525,0.0,1,5.13,4.1,314.732
2024-09-18,158.89248657226562,159.57852752922,157.6894419945441,158.9422025434275,23677300,0.03395302497978069,-0.03722983830186787,45.27694920839756,-2.482727210647141,0.06242857338284351,-0.077950770352875,0.0030756414762809214,0.0,1,5.13,4.1,314.732
2024-09-19,161.20909118652344,162.8496118323656,160.41368126049775,162.77008449382728,26587700,0.045572072121064455,-0.01979310765134299,50.92167283151014,-1.8999736809339822,0.04386670616808698,-0.0900588070854652,0.014579698916123318,0.0,1,5.13,4.1,314.732
2024-09-20,162.65077209472656,162.78996770160265,161.1295575441582,162.5612924555598,40896400,0.0462394492877035,-0.00842147712657716,50.6876838475456,-1.306742396533565,0.034620729401757415,-0.09812640101935305,0.008942925598005358,0.0,0,5.13,4.1,314.732
2024-09-23,160.9207763671875,164.5398774216767,160.74180191250147,163.40642311261095,24150900,0.02648509836902614,-0.016228197822532375,58.78584493991096,-0.9650737571456602,0.04234505749818143,-0.0872259443166691,-0.010636258932306353,0.0,1,5.13,4.1,314.732
2024-09-24,161.35821533203125,162.28288368359324,159.7674107357338,162.09397212944717,23332100,0.02045421294992708,-0.010668370261050232,61.509665652714155,-0.6514912446787662,0.03563186976105584,-0.08806199307718988,0.002718349828524369,0.0,0,5.13,4.1,314.732
2024-09-25,160.56283569335938,161.87524922923666,160.37392412147798,160.5429462723237,18869200,0.008871145275247018,-0.012874906386238751,58.48195125141533,-0.46183162637592545,0.037875323835343505,-0.08249797863148495,-0.004929278853482599,0.0,1,5.13,4.1,314.732
2024-09-26,161.7957000732422,163.13795527115403,161.34828673099906,162.7004790534292,20319300,0.011536915519600193,-0.0030955377938454882,78.31229667619853,-0.20962671419499657,0.030057348780886346,-0.08952088340827098,0.007678391917774308,0.0,1,5.13,4.1,314.732
2024-09-27,163.00869750976562,164.7486500925775,161.69628402203105,161.87524329123835,21101300,0.015025678692977515,0.0060429545485763975,87.3165148129693,0.08712196366593616,0.024613273748448856,-0.09706260369869281,0.0074970931611553215,0.0,1,5.13,4.1,314.732
2024-09-30,164.89781188964844,165.19607736347226,162.32267031989335,162.38233858584195,20413900,0.02186057312754057,0.019149721320758307,88.59468377180409,0.4693231066682415,0.01584413411626168,-0.10875615210354987,0.011589040393195305,0.0,1,5.13,4.1,314.732
2024-10-01,166.03125,168.18878935347016,163.63508311957565,166.72722798963838,28338100,0.024045024829248963,0.027979163583806668,87.85284818023551,0.8538367505109932,0.016124858560352746,-0.11616421147419628,0.00687357883869355,0.0,0,4.83,4.1,315.631
2024-10-02,164.90773010253906,166.55820300060364,163.78421304270756,165.46451248473383,17760200,0.013355772185540377,0.02299895561161168,80.17297058869863,1.0557380266529037,0.02830745414580305,-0.10960387780690231,-0.006766918260634247,0.0,0,4.83,4.1,315.631
2024-10-03,164.90773010253906,165.6832505879078,162.9788660133771,163.46605818338855,15073100,0.011057831237542337,0.023825086628206836,76.68370694874947,1.2018915845800109,0.03300327326727407,-0.10897691464406124,0.0,0.0,1,4.83,4.1,315.631
2024-10-04,166.10084533691406,167.26412612073125,164.5299148711692,167.09510397311843,19047400,0.016223308266065134,0.031232296630320483,77.53988193912868,1.3978798713439176,0.028562418498706162,-0.108575555137665,0.007235047342129652,0.0,0,4.83,4.1,315.631
2024-10-07,162.04428100585938,167.5127039344141,161.81560574950586,166.7570727731855,22463100,-0.009276196468660297,0.0065192634538208,59.551205289738114,1.2119011195067912,0.0503254233681241,-0.07351853724461097,-0.02442229792886652,0.0,1,4.83,4.1,315.631
2024-10-08,163.4362335205078,163.78421492779364,161.93489332497202,162.99875730912473,23072700,-0.00203382428509516,0.015783165819575413,61.385174066277244,1.1634193792700955,0.03529987330847497,-0.06576582513705574,0.008589951499726745,0.0,0,4.83,4.1,315.631
2024-10-09,160.93069458007812,163.89358090449505,158.8228712424478,162.51156208330087,31181800,-0.01755369841207566,0.001226039231983368,49.30897009463455,0.9123047171213727,0.044207855509901105,-0.03739938154720123,-0.01533037617460331,0.0,1,4.83,4.1,315.631
2024-10-10,161.14944458007812,162.13376610989224,159.4790821511072,159.94638493252756,14144100,-0.015829998675514687,0.003733468918660533,46.03257297467308,0.7226159679493378,0.03840521554577136,-0.02976138238082335,0.001359280779659855,0.0,1,4.83,4.1,315.631
2024-10-11,162.3027801513672,162.9589793006072,160.3142629412503,161.19915249290503,15344300,-0.008358847795800737,0.011831182126117916,53.76690764294917,0.657768463966363,0.029122512936091798,-0.031211455204234663,0.0071569317182222925,0.0,1,4.83,4.1,315.631
2024-10-14,164.01290893554688,165.27560646204375,162.46185274166893,162.70048027253844,19016100,0.0026318181587104486,0.02268002741618791,56.76641257000622,0.7358866078576796,0.01720644364124007,-0.035944362003840304,0.010536657367081315,0.0,1,4.83,4.1,315.631
2024-10-15,164.51004028320312,166.71728049354707,163.68480379630955,164.83813228183462,20247200,0.0066069243529527704,0.024963792486864065,60.21615191769071,0.8283613111997283,0.01379823687950815,-0.03481244384655224,0.0030310501221071373,0.0,0,4.83,4.1,315.631
2024-10-16,164.21176147460938,164.84808640066018,162.7999160190336,163.58537367338423,16406000,0.005209879875826697,0.02220878195928967,56.57114636808446,0.8675786659964331,0.01481288809326075,-0.028993132591801907,-0.0018131343721043969,0.0,0,4.83,4.1,315.631
2024-10-17,161.9945526123047,165.4148047545223,161.82553046438127,164.77847983302945,21453400,-0.006591070656398637,0.00788271804966667,47.38461707973371,0.7115462151718646,0.02852517052043642,-0.015040760676302795,-0.013502131896000136,0.0,1,4.83,4.1,315.631
2024-10-18,162.48175048828125,163.76435267205474,162.14370618061358,162.25307524146882,19757700,-0.0013871170752563298,0.010713256557703676,43.28355423286371,0.620054567564722,0.025421165408129144,-0.018078168279169794,0.0030074954257415243,0.0,1,4.83,4.1,315.631
2024-10-21,163.12802124023438,163.5555451703661,161.68633408506915,162.01444125458505,20946500,0.001917519169451461,0.014655938223273102,41.704583306447255,0.5928612903352928,0.0211220056862462,-0.020378503681991546,0.003977497472860803,0.0,1,4.83,4.1,315.631
2024-10-22,164.19186401367188,164.81825178422423,162.04426180421996,162.04426180421996,16568100,0.007983738384908618,0.02088601482310351,47.94755110451194,0.6496647127193853,0.01484205290099077,-0.025336084857563772,0.006521520737818642,0.0,0,4.83,4.1,315.631
2024-10-23,161.84542846679688,164.86798338254357,161.00030251118483,163.81405642655295,18280500,-0.006978812318909244,0.006441371587800736,42.261346100307016,0.49958518848077915,0.028828890265200708,-0.009686578168565886,-0.014290814961937515,0.0,0,4.83,4.1,315.631
2024-10-24,161.78575134277344,162.3922496608961,160.08556255879625,161.89512038935888,22412500,-0.007732362651912099,0.005751572461401305,38.43281811652179,0.3715476688448973,0.02921197392504888,-0.00933101993849935,-0.0003687291299406814,0.0,1,4.83,4.1,315.631
2024-10-25,164.3211212158203,164.63927607521566,162.48173675810202,162.73030140529735,19828900,0.006571591110082825,0.020984823586487712,56.6453342596675,0.46925093912994953,0.013859224906088569,-0.024345048545888585,0.015671156773721107,0.0,1,4.83,4.1,315.631
2024-10-28,165.76280212402344,167.78114595500233,163.00870143582344,167.78114595500233,32138600,0.014315539242827571,0.029436789588868043,56.77082038146868,0.6554573807298425,0.005938810909618164,-0.0332061171593656,0.00877355812531011,0.0,1,4.83,4.1,315.631
2024-10-29,168.7057647705078,169.4017578152597,166.13063905270113,166.76696384727845,42169000,0.029680160303127538,0.04729561684464431,72.06536114135166,1.0286422696717636,-0.007241035691802919,-0.05285399970927749,0.01775405946795261,0.0,1,4.83,4.1,315.631
2024-10-30,173.4583740234375,180.97496713171114,173.06066145323211,179.64264898550226,68890800,0.05274601316402046,0.07580276094628188,77.78272196131321,1.688426698339498,-0.02054122542692447,-0.08777601855623922,0.028170994982860798,0.0,0,4.83,4.1,315.631
2024-10-31,170.12759399414062,175.80481742033143,170.01822493850247,172.13600066532192,44769000,0.027459376515688146,0.054432389243451715,66.08086860591936,1.9204072404191663,0.003670963077005391,-0.07188439218519163,-0.019202186392262788,0.0,1,4.83,4.1,315.631
2024-11-01,170.30654907226562,171.33064938867685,167.91039737420323,169.0935675366594,31796500,0.023702471670775556,0.05453986440658218,63.80281049128716,2.0945490133471196,0.0067891092712967175,-0.07456293486905884,0.0010518874329767947,0.0,0,4.64,4.2,316.528
2024-11-04,168.26832580566406,169.74976136503125,167.04537684162395,168.954351474997,21492700,0.008335272943762635,0.04142682973951485,57.720550205534025,2.0445220618854876,0.021353503755787675,-0.062023518798907086,-0.011967967630749698,0.0,1,4.64,4.2,316.528
2024-11-05,168.76548767089844,169.5509454173123,167.87064568266655,168.45725471097936,18242100,0.008550334464717643,0.04401552220410959,59.27878483745578,2.0216873961506394,0.0209727867658794,-0.06425695438829897,0.0029545778318882387,0.0,1,4.64,4.2,316.528
2024-11-06,175.49658203125,175.92412112315387,172.50386907265272,172.80214969030013,33695500,0.04028899505390433,0.08404869295895273,73.23748443383269,2.517711212185276,-0.007854187724887073,-0.10217914403181887,0.03988430604649196,0.0,1,4.64,4.2,316.528
2024-11-07,179.71224975585938,180.0403569286527,176.1726914135067,176.39142952870222,25352900,0.054077249838690486,0.1076243492265338,76.28144436717469,3.213934576429864,-0.016166495008363185,-0.12787225916459294,0.02402136654637932,0.0,0,4.64,4.2,316.528
2024-11-08,177.32603454589844,179.86138194143007,177.05758046511664,179.6128172813832,22006200,0.03220770885466515,0.09067374311446003,70.56450668266186,3.5324293370641726,0.005868300500333293,-0.11645991642011616,-0.01327797750683457,0.0,1,4.64,4.2,316.528
2024-11-11,179.31454467773438,179.513393363608,177.44533365392132,177.55470270682915,17450400,0.035613398239384024,0.10059093166923115,71.33239429586396,3.900334253068678,0.004917873258273054,-0.12792869446172547,0.011213864545768226,0.0,1,4.64,4.2,316.528
2024-11-12,180.5772247314453,181.44223994675815,178.36003251435403,178.7875715603005,25134900,0.03580415567710712,0.10504087810556507,77.25688423350553,4.244857205754926,0.008148770010354363,-0.13538669323848695,0.007041704597807286,0.0,0,4.64,4.2,316.528
2024-11-13,177.85299682617188,179.92105669289288,177.5149373462163,179.42392735486908,23184000,0.01761259997849146,0.08538011954680687,71.69716613539003,4.2490908291681535,0.02939560284310979,-0.12027791576372744,-0.015086220919193538,0.0,0,4.64,4.2,316.528
2024-11-14,174.57191467285156,177.79331777453538,173.31915438556513,177.25640967199746,31007500,-0.0036940948222384555,0.06296409960116642,63.56935561537939,3.9422463358034463,0.05026309181653841,-0.09805881665788391,-0.018448281512664866,0.0,0,4.64,4.2,316.528
2024-11-15,171.4996795654297,173.1402002652983,170.236966835199,172.73255057874763,32504600,-0.021893790437898197,0.04151198951931226,57.2798569943724,3.411836637722786,0.06853186788358176,-0.07609764339674742,-0.01759867910699875,0.0,1,4.64,4.2,316.528
2024-11-18,174.2935333251953,174.43272892051993,171.90730361382492,172.4243223269658,20135300,-0.009363884614947646,0.0550910089880482,57.11757882592214,3.1802636797466164,0.0519254284631349,-0.08502295237668063,0.016290722914731326,0.0,1,4.64,4.2,316.528
2024-11-19,177.0973358154297,177.8430297605378,172.56351905656155,172.72260407260165,23434900,0.0018279036373231791,0.06827552464397489,54.877377865638195,3.186254709843837,0.03750257615997348,-0.09445285235165667,0.0160866696356603,0.0,0,4.64,4.2,316.528
2024-11-20,174.96963500976562,176.65987170014589,172.78226898861567,176.32182739630647,18997100,-0.009913223547666994,0.05230805043056483,56.70616608522103,2.984906823458573,0.04826185083015491,-0.07408301643767772,-0.012014301603506583,0.0,0,4.64,4.2,316.528
2024-11-21,166.66758728027344,173.1302686962832,162.76014278127062,172.9015782767723,59734400,-0.049878055937720274,0.0008287762095322183,45.885808114213276,2.1308679844968594,0.09677644375413735,-0.02133070570721928,-0.04744850573088766,0.0,0,4.64,4.2,316.528
2024-11-22,163.8140411376953,165.5042928911672,162.9589781366054,164.89779453956643,38604600,-0.058896148828066465,-0.017163320333565834,45.05517103529117,1.2098325296688017,0.1163116343359768,-0.005022374382496277,-0.01712118228350845,0.0,1,4.64,4.2,316.528
2024-11-25,166.6874542236328,167.6618386099698,164.65917328191838,165.13641317917185,33135300,-0.035391058437927836,-0.001066591763807494,47.80872481061703,0.7036544277025882,0.09654979405633368,-0.021100909766480484,0.017540700821379707,0.0,1,4.64,4.2,316.528
2024-11-26,168.14901733398438,168.84501052303654,166.61786569467208,166.66758166120195,20486700,-0.019883981299533185,0.006516875660940812,41.283313227974496,0.4156492178402402,0.0871744098612268,-0.03009657715007565,0.008768285034761458,0.0,1,4.64,4.2,316.528
2024-11-27,168.25839233398438,168.5069570042289,167.0553478258637,168.0297170852908,19266500,-0.013730685464374566,0.006043542515098113,34.94508236241711,0.1939924384000733,0.08620152449163956,-0.03355135239559371,0.0006504646993135133,0.0,0,4.64,4.2,316.528
2024-11-29,167.97999572753906,168.4572356311654,166.20027942100947,167.53258236969043,14257200,-0.011543204679347167,0.0035663913260416155,36.99498230898717,-0.0040892968709158595,0.08831147201024478,-0.03353788626648507,-0.0016545778346241935,0.0,1,4.64,4.2,316.528
2024-12-02,170.50540161132812,171.0920105058346,167.60216850996696,167.80101718271035,23789100,0.0039045777650283478,0.01769884407470775,37.922532294249415,0.04222194168764304,0.07219817249997947,-0.04774182011384006,0.015033968020127908,0.0,0,4.48,4.1,317.604
2024-12-03,170.35626220703125,171.68856506902026,169.86908521024029,170.50541009739786,22248700,0.0053570841479493245,0.0156646735910842,35.54556020365314,0.06612735341570897,0.07290330658663616,-0.04544900244961867,-0.0008746902027001457,0.0,1,4.48,4.1,317.604
2024-12-04,173.36886596679688,173.90577410275552,170.0778724521122,170.1673520843779,31615100,0.02539218566079626,0.03214763734589671,43.70986688219399,0.3244247439712069,0.05461276651544327,-0.05973396893384131,0.017684138644134206,0.0,0,4.48,4.1,317.604
2024-12-05,171.6488037109375,175.0491662947447,171.34058597302015,174.35318831054713,21356200,0.017216782532075793,0.02056014482803799,45.711793982377905,0.3858844028396504,0.06370472763510177,-0.0510772605210659,-0.0099214022440961,0.0,1,4.48,4.1,317.604
2024-12-06,173.70693969726562,174.07481055205204,170.87329640646647,171.0423185605895,21462400,0.025137118369910613,0.03133627743310393,53.3373507818567,0.5938208022545837,0.04623707737083346,-0.060913021572804385,0.011990389340517105,0.0,1,4.48,4.1,317.604
2024-12-09,174.56295776367188,175.44886145410123,172.8508718378986,173.15945800345577,25389600,0.02369511859693143,0.03499862293706603,50.432724002127216,0.8182530885493691,0.03901697924055331,-0.06501136673065602,0.0049279439721758855,0.0,1,4.48,4.1,317.604
2024-12-10,184.31787109375,185.502397306232,180.21683563214248,182.00855531536865,54813000,0.06984002594018346,0.09032546283520929,59.48016698700958,1.7629352527061997,-0.009018595159045932,-0.11873435166240046,0.05588192051193697,0.0,1,4.48,4.1,317.604
2024-12-11,194.50079345703125,194.7098337526011,183.99935507018319,184.45722971599074,67894100,0.11193742718636601,0.1466998324189418,71.16623176470978,3.295293316250877,-0.03879259267985213,-0.17982162622553008,0.05524652765819926,0.0,0,4.48,4.1,317.604
2024-12-12,191.07664489746094,194.28181312365592,190.82779534779633,194.10264873841155,34817500,0.0782957064153192,0.12304709570441237,79.57982124207467,4.185154098421293,-0.007341944486877904,-0.17242872884815968,-0.017604805094673104,0.0,0,4.48,4.1,317.604
2024-12-13,188.94647216796875,191.84306905787375,188.7672926142497,190.13098313311997,25143500,0.05380601934417358,0.10739785342999622,80.99993036172378,4.664716099211603,0.014948556133583278,-0.16659031781648592,-0.01114826320419915,0.0,1,4.48,4.1,317.604
2024-12-16,195.7550048828125,198.08423292115103,191.73358782946704,191.98243736831273,44934900,0.07661771042259857,0.14332782170124783,82.6811808773924,5.530412970539572,-0.0021962805751594107,-0.20134236624064858,0.036034188078363005,0.0,0,4.48,4.1,317.604
2024-12-17,194.52069091796875,200.4930793963414,194.082713332717,196.3422712265007,43504000,0.05579764608645894,0.13182494604291362,79.80244752350681,6.047177063751519,0.018019575302170396,-0.19976047363782942,-0.006305401823992529,0.0,0,4.48,4.1,317.604
2024-12-18,187.53298950195312,196.09341894237798,186.87603832190538,194.32161160052223,34166100,0.010105051430970067,0.08811553408515575,68.85139575962239,5.825712043038834,0.06158015504358952,-0.17000586171857068,-0.03592266397492083,0.0,1,4.48,4.1,317.604
2024-12-19,187.64248657226562,192.1416901461699,187.513095150107,190.748138909751,32265200,0.002062421973470222,0.08538640970422068,69.29451833067658,5.594544490618944,0.06668591530080605,-0.16946171116817174,0.0005838816445218331,0.0,1,4.48,4.1,317.604
2024-12-20,190.52914428710938,192.00232914747002,184.3676279309519,184.925048408463,63462900,0.00841881716087702,0.09835067909781521,69.51068223069622,5.579949508105187,0.05678900413108518,-0.17578531679407108,0.015383817213123763,0.0,1,4.48,4.1,317.604
2024-12-23,193.73435974121094,194.20219811806004,189.2749647954396,191.73359960532437,25675000,0.015083200593390666,0.11279525274997641,71.49872405845112,5.7606122274531515,0.04530177807219602,-0.17997414443871618,0.016822704295945456,0.0,1,4.48,4.1,317.604
2024-12-24,195.20751953125,195.20751953125,192.88824016493578,193.94335970742864,10403300,0.01699922141820177,0.11725319312430132,70.66823168692355,5.954026110735128,0.044075801458516216,-0.1782149872083567,0.007604019194152656,0.0,0,4.48,4.1,317.604
2024-12-26,194.69989013671875,195.84459196860374,193.48550314170072,194.25194880473947,12046600,0.014249351230580059,0.1105101425451512,72.3280944419351,5.997214402509286,0.051809622026590334,-0.16744724070743386,-0.0026004602473829186,0.0,0,4.48,4.1,317.604
2024-12-27,191.87294006347656,194.42117206113832,189.77264937982267,194.05286442098586,18891400,-0.0008915122746137781,0.09094367384098609,67.3379957236341,5.737195372814313,0.06853520701417316,-0.1441022813947592,-0.01451952577506388,0.0,0,4.48,4.1,317.604
2024-12-30,190.3599395751953,191.66390866604786,188.24968525874627,188.9265638700057,14264700,-0.009498931911343942,0.07886116581525039,64.89022234559573,5.347400420309356,0.07534420431919402,-0.12385904096328847,-0.007885429220924611,0.0,0,4.48,4.1,317.604
2024-12-31,188.42886352539062,191.07662611886298,187.6424905201336,190.2006709297877,17466900,-0.015795107507329917,0.06478519642896252,54.54544841041408,4.82702052568078,0.08374973072510616,-0.1027530989674252,-0.010144340527287632,0.0,1,4.48,4.1,317.604
2025-01-02,188.5582733154297,191.1164539742449,186.63716208422355,189.77266033181004,20370800,-0.012042375376847455,0.06246289514907449,41.55111108218515,4.374629987206447,0.07853696979723576,-0.08924666454987497,0.0006867832646118011,0.0,1,4.33,4.0,318.961
2025-01-03,190.9073944091797,192.32087307336826,189.10572628313417,190.489329030918,18596200,-0.0014994538788544365,0.0724705617697661,49.75177708095934,4.157733897735596,0.062369175765171925,-0.08837021626397833,0.01245832947260972,0.0,1,4.33,4.0,318.961
2025-01-06,195.96401977539062,197.30781329054136,192.9579284385956,193.08731986382298,29563600,0.020506496682187205,0.09667344948204018,59.478333271504944,4.343797003315302,0.030962435112592515,-0.09549224029838764,0.02648732062925152,0.0,0,4.33,4.0,318.961
2025-01-07,194.59039306640625,200.0750314967655,193.70448930563006,196.20293323603758,26487200,0.011214505502790472,0.08500242718138076,48.156325366396636,4.330493921177435,0.03148450251011921,-0.07161968668636583,-0.007009586303438731,0.0,0,4.33,4.0,318.961
2025-01-08,193.05746459960938,195.38669258245946,191.49469743094454,191.683825506133,24864800,0.0036014659060090615,0.0730165179058291,47.70529008001118,4.148436028462498,0.02666360303703303,-0.04165713697504566,-0.007877719154787632,0.0,0,4.33,4.0,318.961
2025-01-10,191.15625,195.61564455345277,189.4342154897214,193.40585949210492,26665200,-0.004184698685812568,0.059458955038994385,56.7607951665898,3.806858611369819,0.033686047206987556,-0.025359594672043836,-0.009847920688031309,0.0,0,4.33,4.0,318.961
2025-01-13,190.1309814453125,190.3001972959748,186.49778453538255,189.19532001022134,21823700,-0.007162671211401574,0.051279819600446974,54.489941777167445,3.4140701678450114,0.03770257638803288,-0.020844674923363497,-0.005363510503514801,0.0,0,4.33,4.0,318.961
2025-01-14,188.78720092773438,191.09651654383717,187.44340746260227,190.3599316953501,17174900,-0.012588659442816171,0.04208326260393638,46.67174340471087,2.9602269851302196,0.045272155743899686,-0.015271043587267944,-0.007067656766736041,0.0,1,4.33,4.0,318.961
2025-01-15,194.6501007080078,195.4563707355863,190.97707930364396,192.20141470890871,21776000,0.015796668683169403,0.07154486789432013,51.58835604329061,3.038612770487987,0.015292909133626896,-0.04350563904128475,0.03105559991070428,0.0,0,4.33,4.0,318.961
2025-01-16,192.0222625732422,194.5804279448186,191.92271668187493,193.2465980564925,17815400,0.00020745903864260833,0.054557340164884685,44.68793943992928,2.8557699560093397,0.02669048130138893,-0.02986307530708071,-0.013500317365402248,0.0,1,4.33,4.0,318.961
2025-01-17,195.09800720214844,196.32234248434244,192.85836171130745,195.62556692490554,27735100,0.012778476113450609,0.06830070022485106,50.611556641475595,2.9253311976153498,0.01100338167374959,-0.04536030004887464,0.016017646015045184,0.0,1,4.33,4.0,318.961
2025-01-21,197.13861083984375,201.3590893649602,196.95943127097462,198.1539212272468,29971300,0.020071878182993247,0.07613064073164101,58.28896503651708,3.1092768343864634,0.003618576917295692,-0.053449563390950236,0.010459377145666915,0.0,1,4.33,4.0,318.961
2025-01-22,197.45712280273438,199.5574134711185,196.62099201618707,198.14394994474472,26200600,0.020931222163597933,0.07529126171117115,61.60859801122821,3.243368793746697,0.004628982655247592,-0.05263521113858099,0.0016156751918545709,0.0,0,4.33,4.0,318.961
2025-01-23,197.0689239501953,199.3782549776066,194.30171827365388,197.22819130144518,26951400,0.01762000270259942,0.07115236088231909,64.8834291067393,3.280497699097083,0.009380051514073758,-0.05022259492582495,-0.001965990626364378,0.0,1,4.33,4.0,318.961
2025-01-24,199.28866577148438,199.9754777209976,197.08882922694013,197.18837511510904,23877500,0.025781644947113984,0.08063754343673542,67.24250634432198,3.4492761297838683,0.002686844988497873,-0.06256405413583903,0.011263784146150035,0.0,0,4.33,4.0,318.961
2025-01-27,190.92730712890625,195.97398278636885,189.85227535828872,191.5245520643281,41728900,-0.017140245169098074,0.03399608375619059,50.026816063993614,2.875198984278313,0.04558415710866779,-0.02273856739486543,-0.04195601696769713,0.0,1,4.33,4.0,318.961
2025-01-28,194.40126037597656,194.58042475121238,189.80251062684363,191.8629920734772,24157900,-0.001452024460813396,0.0512357696201514,47.80175838723927,2.669782118086914,0.026750782149792925,-0.04020708660650008,0.018195161809540616,0.0,1,4.33,4.0,318.961
2025-01-29,194.51075744628906,195.88439657430914,192.5398581602494,194.66006109436606,18218300,-0.0038182861521795686,0.04993636248143535,49.88385057918925,2.487152919493667,0.026865151420450106,-0.040083623151713724,0.0005632528827268501,0.0,1,4.33,4.0,318.961
2025-01-30,199.9456024169922,200.47316217097614,196.76033167919212,197.08881485992026,24354700,0.021246429824418687,0.0763244115316561,59.01979346952575,2.749272628577927,0.003869410803132307,-0.06629768356866651,0.02794110229201019,0.0,1,4.33,4.0,318.961
2025-01-31,203.0811309814453,204.5344037474068,200.87134591508243,201.0704225036096,32001100,0.0314355093041832,0.08949881243043385,65.1262753635587,3.173433965582319,-0.004550251402039293,-0.08057872589736989,0.015681908111756737,0.0,0,4.33,4.0,318.961
2025-02-03,200.30397033691406,202.81237798864086,199.17918072832174,199.76646200582942,27838300,0.014647692246951057,0.07160908695623248,62.35495784989039,3.2480497313002843,0.011701237819809671,-0.06441710750669695,-0.01367512890591982,0.0,1,4.33,4.2,319.679
2025-02-04,205.43028259277344,206.09719755510824,201.8767037764101,202.4540365472158,43856400,0.0362627407787147,0.09571268138203126,68.51197917709753,3.6784311552641213,-0.004927916266665914,-0.08931103159956874,0.025592664225461137,0.0,0,4.33,4.2,319.679
2025-02-05,190.44955444335938,191.863018176166,187.16473708667553,190.19075635884178,70373900,-0.03589735920825094,0.014134642419447167,46.11564221357611,2.7786612942538795,0.07355823405380414,-0.02078585501834774,-0.0729236603305975,0.0,1,4.33,4.2,319.679
2025-02-06,190.71827697753906,191.21597601434,187.85152566522362,188.62793494754752,29297400,-0.03142318618238021,0.012970978214315372,48.7391580695477,2.0634842971091416,0.07230893322261951,-0.024459196209488908,0.0014109906162034225,0.0,0,4.33,4.2,319.679
2025-02-07,184.487060546875,190.30018118607993,182.39673387279518,190.1707897750973,49315000,-0.05597252477392597,-0.022272296448632798,40.330192286780715,0.9825678541978959,0.11248187993783915,-0.00010970710591369502,-0.03267236118852901,0.0,1,4.33,4.2,319.679
2025-02-10,185.61187744140625,187.33391183220394,185.00468401733505,186.48783259444508,23105600,-0.047626407139292025,-0.01828030500452474,39.31732446080076,0.21422762579192067,0.10795645142052984,-0.011372433979271478,0.006096996131853105,0.0,0,4.33,4.2,319.679
2025-02-11,184.46717834472656,186.07971836409422,183.43195584227703,184.17850439769825,21239500,-0.04865066074494128,-0.026015992061923447,38.14283656898295,-0.4815047047546557,0.1173258318966236,-0.010801956659129312,-0.006167165121429452,0.0,0,4.33,4.2,319.679
2025-02-12,182.76504516601562,184.25814231125668,180.9932377687485,182.37684051579572,22072600,-0.05168453071222647,-0.03647924619675969,37.24933425572252,-1.15688960813128,0.13082125237701872,-0.007973858597416799,-0.009227295576289651,0.0,1,4.33,4.2,319.679
2025-02-13,185.28341674804688,185.42277188580212,182.2972222059454,183.47179995722882,21402500,-0.03124735702366121,-0.024981483556758326,37.58165265515222,-1.4719576585562493,0.11603324489503106,-0.027094913543953124,0.013779284653384849,0.0,0,4.33,4.2,319.679
2025-02-14,184.37757873535156,185.54219264503521,183.47177804242145,184.208362887473,20448400,-0.0264631745985017,-0.031162778799052115,43.30756515505342,-1.7742919821691316,0.12274559765023013,-0.02769062581249177,-0.004888931932462648,0.0,0,4.33,4.2,319.679
2025-02-18,182.92431640625,185.10424071494356,180.90365944170068,184.74589678490392,29916700,-0.025191076934435938,-0.04006703482718929,37.76787697767994,-2.106873510031562,0.13210835888875228,-0.027064035037688887,-0.007881990527641713,0.0,1,4.33,4.2,319.679
2025-02-19,184.4174041748047,184.6065322377559,182.74512752374517,183.22292953180167,19549400,-0.006104908004923597,-0.03335266386090084,39.55068504922637,-2.224326412033008,0.12091305287810483,-0.0398097264533277,0.008162325260457681,0.0,0,4.33,4.2,319.679
2025-02-20,183.71067810058594,184.4572267048234,181.87914917011352,183.9495791218272,20441500,-0.006304784707883489,-0.03827314022368666,31.368550967459953,-2.3473764760796882,0.12250656651085398,-0.0408799960661498,-0.0038322092070489644,0.0,0,4.33,4.2,319.679
2025-02-21,178.83323669433594,184.48709094071828,178.255903940123,184.29796286054517,35199200,-0.0264282281690122,-0.06430879277642208,23.242531495519415,-2.806116137286267,0.151938919644051,-0.023735756081547044,-0.02654958033293786,0.0,0,4.33,4.2,319.679
2025-02-24,178.42510986328125,182.27729565940143,178.06676593885823,181.15250613186586,29854200,-0.025433875970504657,-0.0668213389677635,24.524796097523534,-3.1661061474065093,0.15015473124554318,-0.028776721265783758,-0.002282164314636126,0.0,0,4.33,4.2,319.679
2025-02-25,174.61273193359375,177.91746089820734,173.88609557732903,177.22067008112575,41913400,-0.04049274687184901,-0.08583236379573098,12.98418718061599,-3.7161899372204346,0.1777976916782745,-0.019446219828075987,-0.02136682405637158,0.0,0,4.33,4.2,319.679
2025-02-26,171.93511962890625,175.26970953461128,170.79041782229913,174.26436286262216,35431300,-0.04865500394344222,-0.09771882116672592,18.431725158522767,-4.318416224916177,0.196864366725778,-0.017966688889367744,-0.015334576551415569,0.0,0,4.33,4.2,319.679
2025-02-27,167.72459411621094,173.75670468511518,167.16717356296937,173.1893356179125,39991000,-0.06416438458096599,-0.11765223871683249,15.43990833599372,-5.076915594067515,0.22856525151361576,-0.010939276474862576,-0.0244890370378259,0.0,1,4.33,4.2,319.679
2025-02-28,169.49639892578125,169.82488214403156,166.00255682205264,167.90375578067133,48130600,-0.04587399052602616,-0.106502847481661,23.98071067925784,-5.471984339003058,0.20766502493974015,-0.03118517903247725,0.010563774614608334,0.0,0,4.33,4.2,319.679
2025-03-03,166.24142456054688,172.57215683074952,165.1663928329386,171.1387811939385,40770500,-0.05454451605432266,-0.12092605333626016,18.693692582834103,-5.978808412301731,0.21759895871333457,-0.02066443087720593,-0.01920379657540483,0.0,1,4.33,4.2,319.785
2025-03-04,170.13343811035156,172.49252670098738,165.03700479811678,165.4749823837437,45388000,-0.02531938812779016,-0.09801897896210983,28.72340811058855,-5.997284216043624,0.1743574373224863,-0.04541396580960245,0.023411815437055283,0.0,1,4.33,4.2,319.785
2025-03-05,172.2238006591797,172.98029782260173,168.28201710781593,169.73530516145718,30954900,-0.006402983951636436,-0.08545213824333944,34.531166241300284,-5.776661873586761,0.12995026989371886,-0.04612780874664502,0.012286606160702318,0.0,0,4.33,4.2,319.785
2025-03-06,171.55686950683594,174.0055403400316,169.71537693678601,169.7452376648565,28302000,-0.0032617274461251163,-0.08743469976010555,28.699433284350903,-5.5911811915231056,0.12567050160687251,-0.044759625287591635,-0.0038724679735965273,0.0,1,4.33,4.2,319.785
2025-03-07,173.05992126464844,174.1648138078256,169.48644558654738,170.4718800246714,27385800,0.008854914751701696,-0.07772545678869858,32.75709277564418,-5.262242839522116,0.10495805790234548,-0.052323817132369804,0.008761244957040892,0.0,0,4.33,4.2,319.785
2025-03-10,165.2968292236328,167.87789100205225,163.12436954047675,167.6785699397653,43604000,-0.028968679076724266,-0.11641855561220137,27.474660736005646,-5.563837024679003,0.15498072092674375,-0.01755498432988077,-0.0448578271865967,0.0,0,4.33,4.2,319.785
2025-03-11,163.47314453125,166.17378667553444,160.81237268027317,164.34014854098334,39587400,-0.033356223511163616,-0.12319219920159323,23.46054686699405,-5.882202335807619,0.16415718742430413,-0.016429347012467708,-0.011032786901892244,0.0,1,4.33,4.2,319.785
2025-03-12,166.53256225585938,167.06072965689114,162.96493090148982,166.0043948548276,28372400,-0.012109443276625392,-0.10407554107062297,29.45762517640439,-5.820544087739449,0.13676834821439016,-0.0392664703301036,0.018715109037524602,0.0,0,4.33,4.2,319.785
2025-03-13,162.19760131835938,165.55596711984276,161.5498533800482,165.4662665449778,31756200,-0.03465989857654647,-0.12460195192666954,29.84484587560236,-6.051714206486736,0.16377658122164937,-0.022896476624960492,-0.026030710623666464,0.0,1,4.33,4.2,319.785
2025-03-14,164.91815185546875,165.91469633780176,161.88864811378173,162.70582188820455,31995900,-0.0157864001231971,-0.10746773620127986,34.50374420373174,-5.946841017855689,0.13492589564619514,-0.041711247636688174,0.01677306270250889,0.0,0,4.33,4.2,319.785
2025-03-17,163.72227478027344,165.72533878055947,163.10442211068442,164.45972311944107,31184300,-0.02145211442326674,-0.11156390865368905,36.70756177754237,-5.892302747657737,0.13325542869872556,-0.037367369169025756,-0.00725133687068813,0.0,0,4.33,4.2,319.785
2025-03-18,160.11480712890625,163.68243835584954,156.17845929337233,163.11440067725707,42074800,-0.0372485368440921,-0.12844932778243093,35.89283554996118,-6.070199781683982,0.15054590360521292,-0.021682146558324653,-0.022034067485372177,0.0,1,4.33,4.2,319.785
2025-03-19,163.32366943359375,165.29682318848322,160.44365657902026,161.20102488744715,34275600,-0.012670287620320148,-0.10830488193059337,44.618982248662014,-5.884424114160396,0.11326070142257609,-0.039138575928115225,0.020041009087336192,0.0,0,4.33,4.2,319.785
2025-03-20,162.23744201660156,164.3202162999389,160.40380384962694,161.01169658179438,28138500,-0.013680045254753725,-0.11096124995913682,40.973124855552314,-5.758465033391587,0.10420174658624515,-0.029428447668494312,-0.006650765444832452,0.0,1,4.33,4.2,319.785
2025-03-21,163.42333984375,163.67247597151626,160.33404577702316,160.65294731947398,36625800,-0.0006154595408064788,-0.10139321224332723,46.30544946503974,-5.499554074687495,0.08530803677487525,-0.035019972560420665,0.007309643275977384,0.0,1,4.33,4.2,319.785
2025-03-24,167.10057067871094,167.73837374209387,164.5693543966733,166.49269314529027,30879100,0.020746022704865464,-0.07854307956205273,46.001347087466534,-4.940690276051328,0.049401981102963996,-0.051009828275983854,0.022501258623625953,0.0,1,4.33,4.2,319.785
2025-03-25,169.9706268310547,170.04039224469534,167.7383768915496,168.3960847024039,24174400,0.03417330056939536,-0.060521379561414824,47.08917152251563,-4.21757951253349,0.026434627159519896,-0.06451764841913508,0.017175621487625525,0.0,0,4.33,4.2,319.785
2025-03-26,164.48960876464844,169.02388862004415,164.2703677901152,168.41599595539472,28901600,0.0020700572302393898,-0.08823215735702457,41.879958877345935,-4.04020836678373,0.05627484725814951,-0.03351055181486032,-0.03224685446300202,0.0,0,4.33,4.2,319.785
2025-03-27,161.67938232421875,164.84838647984,161.44020617422274,164.06112302928733,24508300,-0.01473878552887786,-0.10110794400017747,37.305467719989934,-4.079377716594877,0.07434587876978739,-0.02016196473576265,-0.017084522612310193,0.0,0,4.33,4.2,319.785
2025-03-28,153.7967071533203,161.26083057547865,153.09912907789933,159.935424629148,48669300,-0.05637996269454369,-0.1410313993701948,37.206208877390964,-4.692394711229753,0.13455788385341963,0.01470280801949397,-0.04875498073768714,0.0,1,4.33,4.2,319.785
2025-03-31,154.10565185546875,155.00253588696825,150.13940872047658,152.58093987828155,54603500,-0.048872512226799246,-0.13564506562540313,39.21526672499026,-5.094558936356549,0.13642961276856475,0.0006473599987136889,0.0020087861948854258,0.0,1,4.33,4.2,319.785
2025-04-01,156.52725219726562,157.55369181763876,153.0891615011919,153.0891615011919,30672900,-0.03178275694450999,-0.1182475598722204,38.3092579848024,-5.158411120385409,0.11622413188754802,-0.020901964288453832,0.01571389700922854,0.0,0,4.33,4.2,320.302
2025-04-02,156.49734497070312,157.86262130532444,154.1654344397735,154.61387643325034,25041700,-0.027862901485656937,-0.11436084823530734,42.594480968213354,-5.152038210043969,0.1098854756213256,-0.024211908094919507,-0.00019106721764217127,0.0,0,4.33,4.2,320.302
2025-04-03,150.19920349121094,152.2520829364648,149.870341948127,150.58785527738945,46883400,-0.05995635965803399,-0.14543196985781057,32.504158028668186,-5.590748347484748,0.154245874695421,0.00466443677550054,-0.040244398271876314,0.0,0,4.33,4.2,320.302
2025-04-04,145.0968780517578,150.54797741159612,144.87763705619835,147.4985386204676,62259500,-0.08135323675771454,-0.16955072994293108,29.742047738793545,-6.277777996233937,0.19328525197820637,0.02227106589055643,-0.033970389461830175,0.0,1,4.33,4.2,320.302
2025-04-07,146.24290466308594,152.3218321659185,140.04439668677543,141.06087632952463,76794100,-0.06170676925674145,-0.15787813648224042,34.058634046604936,-6.65308653271228,0.18682281527834899,-0.0016575715301910643,0.007898354718006484,0.0,0,4.33,4.2,320.302
2025-04-08,144.1999969482422,151.71395155845798,142.53576933287036,150.69747183435217,52200200,-0.059259453927381245,-0.1651492462584625,27.418240628929055,-7.034280029624853,0.20752508785993018,-0.004767775942233518,-0.013969277480847309,0.0,1,4.33,4.2,320.302
2025-04-09,158.1615753173828,158.9986690004619,143.41271451247957,143.92094670447867,70406200,0.036101282156315785,-0.08045962511419746,46.30933109907643,-6.139029024486746,0.09552532983507307,-0.09250722428902736,0.09682093387388813,0.0,0,4.33,4.2,320.302
2025-04-10,152.2919464111328,157.17500865516934,149.41191804525613,155.99907817143998,48022000,0.003823036485015553,-0.11021716595649184,40.70870444029239,-5.835893602447072,0.13532929036696442,-0.06161534216442552,-0.03711159865771074,0.0,1,4.33,4.2,320.302
2025-04-11,156.59701538085938,157.12518279409443,152.29195068350106,152.37166086891528,33636200,0.030297904831571198,-0.08040622418147349,41.32369323055957,-5.188464124888554,0.09914965403889303,-0.08775870218606477,0.02826852680774361,0.0,1,4.33,4.2,320.302
2025-04-14,158.5203399658203,161.16117679260088,157.0155480479404,159.44711904636745,30333000,0.03993148745365589,-0.06421430263155217,40.39137422737228,-4.468663409198939,0.08237936120221033,-0.09867413819691105,0.012282000268544202,0.0,0,4.33,4.2,320.302
2025-04-15,155.76988220214844,159.09833747842598,154.6736922783896,158.58014524074957,27551500,0.022395804519032975,-0.07559047987127598,42.33131485335379,-4.073201776524797,0.09975942520290951,-0.08381687321087525,-0.017350819234080106,0.0,0,4.33,4.2,320.302
2025-04-16,152.8001708984375,155.35132240030543,150.98645259897873,152.57096991980188,28187400,0.005343708791112258,-0.08751414716319901,42.21289822870292,-3.953848957186949,0.11634843598809815,-0.06811261166689374,-0.01906473357832439,0.0,0,4.33,4.2,320.302
2025-04-17,150.63766479492188,154.14549035907424,147.98685287180376,153.75683862644127,33046600,-0.009170267831518227,-0.09613026645101798,46.920538893422275,-3.987788415169234,0.12824517608349448,-0.05830598326001761,-0.014152511026659709,0.0,0,4.33,4.2,320.302
2025-04-21,147.15972900390625,148.43530478654532,145.59516199807078,148.36555457655837,26049100,-0.03335822505780647,-0.11235894395717452,43.623044500056594,-4.2463764477415396,0.1497266176042327,-0.04191867795930393,-0.023088088863767786,0.0,1,4.33,4.2,320.302
2025-04-22,150.94659423828125,151.66410748339032,148.02671099242252,148.37550764431742,26971800,-0.011537650986789497,-0.08581828967094074,45.00177388416127,-4.098496039205742,0.10832769751477135,-0.0641010681992012,0.02573302669152433,0.0,1,4.33,4.2,320.302
2025-04-23,154.81320190429688,156.98566172409713,153.27851478210604,155.07229801307963,31128800,0.006785401366677895,-0.058890010218413814,48.58862222767821,-3.6274814775173922,0.06101852812952747,-0.07763919563870723,0.025615733071207236,0.0,1,4.33,4.2,320.302
2025-04-24,158.7296142578125,159.03854063446718,155.2516683139833,155.6104249592094,45894000,0.031873537119574254,-0.032053251382171646,57.44606207100656,-2.904693795828507,0.02689105339636125,-0.09607740506707445,0.025297663928795178,0.0,1,4.33,4.2,320.302
2025-04-25,161.40036010742188,165.52605388757996,160.4835257508864,164.49961422965615,56034000,0.043059404938864246,-0.013195524753327807,64.86194008571107,-2.0922542760654608,0.009501675663233648,-0.11081072368898318,0.0168257565678418,0.0,0,4.33,4.2,320.302
2025-04-28,160.05502319335938,162.5862396977989,158.0519740918863,161.86872639451175,29745800,0.03205868382583838,-0.01839274104403861,62.545274727894274,-1.5392045568479489,0.022876401923927037,-0.10431596652678278,-0.008335402183533569,0.0,0,4.33,4.2,320.302
2025-04-29,159.6065673828125,160.18456500527563,156.97569056687874,159.76601814888411,26809000,0.02844663368832558,-0.018159887922787984,64.41088341155222,-1.1241369548054934,0.02970228502070555,-0.10230461221533788,-0.0028018852617022194,0.0,0,4.33,4.2,320.302
2025-04-30,158.2512664794922,158.7196436016194,154.86300612354924,157.43409270690867,34981100,0.018085736655302748,-0.02353304240607864,50.10978551667925,-0.8942460343270682,0.03983049497259065,-0.09483672137649662,-0.00849151087918365,0.0,1,4.33,4.2,320.302
2025-05-01,160.7426300048828,161.39037784388623,158.36088927125815,159.8955611021286,30203200,0.02885644109004407,-0.0052541518220854365,61.27657148441954,-0.5051999774045726,0.027400475408730154,-0.10991127879446651,0.015743087438187864,0.0,1,4.33,4.3,320.62
2025-05-02,163.46319580078125,164.39995007912242,161.3106559960053,162.84534306658284,25715000,0.03775074706320023,0.014123300724852392,59.56676551302451,0.022390643246325226,0.017959477850104585,-0.12426925489654028,0.016924979987050115,0.0,1,4.33,4.3,320.62
2025-05-05,163.64259338378906,164.81850869798296,162.15773647441492,162.4367677423953,21341800,0.028131095177114648,0.01715346307323482,57.50147038580421,0.44980087239230215,0.020705087966487113,-0.11775781247595303,0.0010974799686802594,0.0,0,4.33,4.3,320.62
2025-05-06,162.66595458984375,164.23053675483612,160.63301049910467,161.6096198520829,21277200,0.01452511452796661,0.01306765279020394,60.652659576223364,0.7016319928911798,0.028698534390973536,-0.10422987089039439,-0.005968120974805258,0.0,0,4.33,4.3,320.62
2025-05-07,150.85691833496094,164.42985019413678,147.32914212449143,163.5130310359637,127490100,-0.056798885822487294,-0.05768959437186066,47.642094045182596,-0.05109161101506743,0.10307209193360324,-0.02354383543910392,-0.07259685214806544,0.0,1,4.33,4.3,320.62
2025-05-08,153.7468719482422,155.39116415932176,152.3716357822811,154.464385147347,57498700,-0.035726003899508536,-0.03745071132872508,53.70720832012785,-0.4097124755685968,0.08140081465195102,-0.04383250474981256,0.019156917993409017,0.0,0,4.33,4.3,320.62
2025-05-09,152.22218322753906,154.5142387821615,151.67408067225014,153.6372746936992,32435300,-0.03976107532697157,-0.04514272862752276,56.331016605863866,-0.8076417406102507,0.09225327506510807,-0.03432209139721137,-0.009916876365565375,0.0,1,4.33,4.3,320.62
2025-05-12,157.91246032714844,158.5502482480448,155.7100901217978,156.94581087118723,44138800,-0.002517851945131723,-0.008007199817953267,58.315509764983915,-0.6562805501115747,0.05341851280003412,-0.06881057524191825,0.037381391982163725,0.0,1,4.33,4.3,320.62
2025-05-13,158.97872924804688,160.01514395464716,155.6203794367127,158.24128090704517,42382100,0.0046158410823190915,-0.00039687740955876225,55.328881667250975,-0.4451552527533238,0.04662564621341261,-0.07504012269493707,0.006752278564271963,0.0,1,4.33,4.3,320.62
2025-05-14,164.79855346679688,166.4229258122212,159.0584628171564,159.40725946266062,48755900,0.03710152796642051,0.03689178720212067,57.403338570013915,0.18958878117697964,0.016258435411069482,-0.10882040487877943,0.036607565340829984,0.0,0,4.33,4.3,320.62
2025-05-15,163.39344787597656,165.6356730691148,161.80893051621783,165.26694125278715,33146700,0.02654650837292594,0.02919466961899705,52.50878234197066,0.5726466092771147,0.02910810618069669,-0.09878372624327884,-0.008526200996681776,0.0,1,4.33,4.3,320.62
2025-05-16,165.61572265625,168.76480673115492,165.04768502743337,167.15039440077075,42846900,0.03910307697969389,0.04397386040961333,56.84829515173793,1.0435127350266669,0.019914181920827966,-0.10644753358262506,0.013600758225998488,0.0,1,4.33,4.3,320.62
2025-05-19,165.96450805664062,166.06416858529283,163.65253281131433,163.94152401470697,30426100,0.03977666136672929,0.04710913343352038,57.849410023608094,1.4283563955735588,0.017809334467982836,-0.09703336024797943,0.0021059920809243238,0.0,0,4.33,4.3,320.62
2025-05-20,163.4133758544922,167.91776161058672,162.33710588412995,165.85490703254322,46607700,0.023314498681472447,0.03125853208529948,56.190275435638,1.5100853967358034,0.03309565073447788,-0.07470444721990252,-0.015371552821870749,0.0,1,4.33,4.3,320.62
2025-05-21,167.9775390625,172.54171471286378,162.9948165454298,163.1243721968136,73416000,0.04073794669800296,0.05945943244998453,58.2650458254064,1.9210019310858684,0.010879577186326806,-0.0978633887165373,0.02793016902160983,0.0,1,4.33,4.3,320.62
2025-05-22,170.27955627441406,176.15917803179707,170.12012070875053,171.25618084668935,74864400,0.044303589281850186,0.07347121518973068,57.86208661377134,2.4046900255460457,0.005885954896591812,-0.1119489915666185,0.013704315617206086,0.0,0,4.33,4.3,320.62
2025-05-23,167.88784790039062,169.3727046333075,167.30985028367255,168.47580548761593,35211400,0.019837387317527634,0.057634684433443335,54.658779487753115,2.5654525081720294,0.024713875094342086,-0.09993195342385733,-0.014045775231931401,0.0,1,4.33,4.3,320.62
2025-05-27,172.30255126953125,172.5716225630013,169.4125780788469,169.57202886061165,37995700,0.03758475029513277,0.0844368294039681,59.833274166526536,3.0143401635150155,0.007877911698782318,-0.125304235775431,0.02629555041863374,0.0,0,4.33,4.3,320.62
2025-05-28,171.764404296875,174.66435233443565,171.31596232961738,172.56164290870063,34784000,0.026441139106136144,0.07995659194555128,77.70741131540707,3.2887522128907563,0.01860328436397801,-0.12305320028999296,-0.003123267581885303,0.0,0,4.33,4.3,320.62
2025-05-29,171.26614379882812,173.81729536660228,170.04039828273065,173.39874848808273,29317300,0.01952319921406562,0.07531593639731916,74.7885998733089,3.4265214743763863,0.027490284020667864,-0.11882630941887803,-0.0029008367600174,0.0,0,4.33,4.3,320.62
2025-05-30,171.14657592773438,171.61495310854446,166.86143108525064,170.7579241400477,52639900,0.01413088210653059,0.07351065996930845,77.885567071967,3.485873498935973,0.03350063671244558,-0.11742424691341978,-0.0006981407325559186,0.0,0,4.33,4.3,320.62
2025-06-02,168.4459228515625,169.28301661805224,166.81159040962694,167.26003241267054,38612300,-0.003542963327204665,0.055748642783873786,67.02096550295755,3.2772126061306324,0.05244361236580991,-0.1026891720367736,-0.015779766913433413,0.0,0,4.33,4.1,321.435
2025-06-03,165.6057586669922,167.89781407143477,164.70887469424017,166.91124474262,45084900,-0.020136262423595265,0.0376638072557232,60.127959912485785,2.849818893555266,0.07115482928200664,-0.08677635592052121,-0.016860985035969778,0.0,1,4.33,4.1,321.435
2025-06-04,167.46932983398438,167.63874059809788,165.78516695900404,166.16385878823687,26900800,-0.011482089378771067,0.049292208199187705,54.64317244189403,2.631150648949358,0.06096210248454731,-0.09579725460381174,0.01125305775591734,0.0,1,4.33,4.1,321.435
2025-06-05,167.62875366210938,170.339340657981,167.0108857444217,169.7513830642687,36379100,-0.010337312835577098,0.0505994035758765,57.69647764107598,2.4425623222402066,0.05514831416626501,-0.08184709707694966,0.0009519583572887846,0.0,1,4.33,4.1,321.435
2025-06-06,173.07984924316406,173.897023068816,170.239706414102,170.239706414102,35731800,0.020158795641875275,0.08359690870319321,62.13939951330132,2.701817698694782,0.022254059017995004,-0.09993136920181732,0.03251885766592588,0.0,1,4.33,4.1,321.435
2025-06-09,175.6939697265625,176.0731199779413,173.9778367906517,174.14745263351276,28935900,0.03082394832462154,0.09803621941838697,64.73771067740356,3.0826818903340722,0.005173041462375963,-0.09809278980964561,0.015103551885614408,0.0,1,4.33,4.1,321.435
2025-06-10,178.1983184814453,180.70266778284787,174.51661519040564,175.8037071645682,61766100,0.041913231087046796,0.11030118619997145,72.4272912525449,3.5457265919756082,-0.0032165694773637595,-0.10512087900125995,0.0142540393320294,0.0,0,4.33,4.1,321.435
2025-06-11,176.95114135742188,179.96433833777158,176.352484683136,179.36569688795734,31646800,0.0314929165676201,0.0994005425935448,65.13512372787486,3.7686138487017047,0.006401581491180867,-0.09124961114107187,-0.006998815334799624,0.0,0,4.33,4.1,321.435
2025-06-12,175.30484008789062,176.32255032681226,174.3569797237004,175.78375628436552,20941900,0.019496053602622503,0.08663658432005344,58.667497614271525,3.768964574223048,0.019350449469554925,-0.08021998668230301,-0.009303705287811104,0.0,0,4.33,4.1,321.435
2025-06-13,174.2771453857422,176.7316192634362,172.00227458420645,172.05216517338764,27663100,0.011677569924581863,0.07789049685989337,61.56424352659867,3.6443068521755606,0.02631872346206963,-0.06950835291905423,-0.005862329309522685,0.0,1,4.33,4.1,321.435
2025-06-16,176.37245178222656,176.5420676284148,174.25720927061568,174.33703117902292,27389200,0.019151342181567825,0.08732947599763981,58.04142801410721,3.672256932317424,0.017499596018385074,-0.07783727973750842,0.012022840928721079,0.0,0,4.33,4.1,321.435
2025-06-17,175.5542755126953,176.96110799729416,174.1873615915514,175.30483777675101,24973000,0.008625349408615729,0.07823626986883431,57.40618262816862,3.5870384387643526,0.024239858687106437,-0.0700751190602009,-0.004638911923396494,0.0,0,4.33,4.1,321.435
2025-06-18,172.93020629882812,176.16290971424257,172.81046582918458,175.6141436330853,28707500,-0.00955840494769068,0.05864903000716115,53.00245799818513,3.2700664231790597,0.03720257583008325,-0.04788176540078867,-0.014947338686020384,0.0,0,4.33,4.1,321.435
2025-06-20,166.2652130126953,173.94789206625825,165.08787423262584,173.55876981570484,75659900,-0.046987270892392075,0.015104689572813107,42.87539870641177,2.452780434602431,0.07967036901579133,-0.011634492437959007,-0.038541521627606934,0.0,0,4.33,4.1,321.435
2025-06-23,164.81846618652344,166.96362443515676,161.63563852290417,165.89603893694584,57671000,-0.050785009930709855,0.005454532121482692,44.50438462857917,1.6690947373665495,0.09123148168537099,-0.008356155447258666,-0.008701440307067765,0.0,1,4.33,4.1,321.435
2025-06-24,166.3949432373047,167.84167918331357,165.75638318822968,166.5445998017471,40524300,-0.03654610326099308,0.013328029403942614,51.243221414560985,1.161833802131639,0.08146236230515298,-0.019218045345162946,0.009564929751240125,0.0,1,4.33,4.1,321.435
2025-06-25,170.29611206054688,171.9723414475006,167.17316217400943,167.25298407095676,35479000,-0.009425317668363875,0.03535822720262879,54.18446559836937,1.0623712227944964,0.05616525056925809,-0.04234134119437724,0.023445236660098123,0.0,1,4.33,4.1,321.435
2025-06-26,173.1497039794922,173.29937576602373,169.5578094698184,172.0421997468365,31796700,0.009405402173261197,0.05083806805214501,57.568903777580026,1.199974868155067,0.0393494022127349,-0.05791423816527044,0.016756647491345866,0.0,1,4.33,4.1,321.435
2025-06-27,178.1284637451172,178.27812028762878,171.34375470263782,173.14968136313868,108140200,0.03672339328627028,0.0781280515301793,57.012172636279864,1.6912750859301298,0.015016425597926635,-0.08511068860182422,0.02875407610407854,0.0,0,4.33,4.1,321.435
2025-06-30,175.8336639404297,180.82241920920578,174.1873807915227,180.3734342799105,63378900,0.022441218503757285,0.06127962492649649,50.195761962007424,1.8738621657397232,0.030523702696827106,-0.07276518711531864,-0.012882836108501494,0.0,0,4.33,4.1,321.435
2025-07-01,175.44451904296875,175.6939567742825,173.139716841545,175.3447530851258,35904500,0.020729171934909474,0.05576932332635128,45.89773862253412,1.9645172687476418,0.03447959467053964,-0.06838960561859535,-0.0022131421750545277,0.0,1,4.33,4.3,322.169
2025-07-02,178.23822021484375,178.4577266308603,174.67625741761273,175.14518633422566,29128900,0.03536608056827281,0.06858398682881794,51.83287484300509,2.236015038162691,0.0203600876571967,-0.07799913801410034,0.015923559123501407,0.0,1,4.33,4.3,322.169
2025-07-03,179.126220703125,179.265905222364,176.65180269468908,178.09853847776557,21689700,0.036792756563332,0.07029138967942766,55.56199124607899,2.494082958699323,0.018406670097633967,-0.07916714166575238,0.004982099165997456,0.0,0,4.33,4.3,322.169
2025-07-07,176.39239501953125,178.8967598076696,175.28489078530595,178.65729408356307,34175600,0.015019507998901609,0.051245702184065135,52.93305917913697,2.4497673665972,0.03435482103982097,-0.06009163433443231,-0.015262007275443246,0.0,0,4.33,4.3,322.169
2025-07-08,173.96786499023438,177.54978742679873,172.421347895151,177.45002146146976,40442500,-0.004174913269824346,0.034916504227905265,46.695905562197375,2.193719793620602,0.04894532818927455,-0.046657069400123416,-0.01374509388020051,0.0,1,4.33,4.3,322.169
2025-07-09,176.2227783203125,179.03644347316074,172.3814460707259,174.85586430994886,43025600,0.0030896182637010824,0.046485227455753494,50.8836850175543,2.1479921910540725,0.03580816043426518,-0.05884072378036057,0.012961665823769897,0.0,1,4.33,4.3,322.169
2025-07-10,177.2205047607422,178.02868052999747,173.98780168372105,175.2349902719471,29252400,0.004808411792983875,0.05026894646639407,55.92609188478509,2.167277891515681,0.02920508432494078,-0.06391944520503691,0.0056617336869819734,0.0,1,4.33,4.3,322.169
2025-07-11,179.7847442626953,181.0219456842772,176.08308157759498,176.39238193299045,34282900,0.015526829193622476,0.0629233556818389,71.0600175893133,2.362244165349182,0.016954261509372796,-0.07812305153155254,0.014469203241549211,0.0,1,4.33,4.3,322.169
2025-07-14,181.1516571044922,183.2569121837853,179.27588047712075,180.60289104600895,32536600,0.021503539826054633,0.06811254649555089,75.50642943538587,2.5971168383210568,0.013821528348657516,-0.08639254129471406,0.007603052458108328,0.0,1,4.33,4.3,322.169
2025-07-15,181.59068298339844,183.8056914333515,181.19158867102598,182.39885886185957,33448300,0.020665743538045397,0.06807528275296437,74.60422952365235,2.7865591241425705,0.01626475221791433,-0.08946816239613291,0.0024235267064269816,0.0,1,4.33,4.3,322.169
2025-07-16,182.55848693847656,183.91542879782378,181.62059863833602,182.82788394956327,33104200,0.02201888638388495,0.07136110563224107,71.9386437481607,2.9804306422238653,0.015721915297459997,-0.09575140004243107,0.005329590368722936,0.0,1,4.33,4.3,322.169
2025-07-17,183.16712951660156,183.64604573142148,180.07409534184728,181.73036564766983,31992600,0.022604525985830723,0.07247526314860593,69.48761820176584,3.146911944477324,0.017696836108633967,-0.09994992071572574,0.003333959370128481,0.0,1,4.33,4.3,322.169
2025-07-18,184.64378356933594,186.00072543502688,183.2968289565469,184.98301522964096,34014500,0.027682867182727385,0.07834601089945818,64.6741961957366,3.3592795337034147,0.016173508891752345,-0.107419536535345,0.008061785193836046,0.0,1,4.33,4.3,322.169
2025-07-21,189.67245483398438,189.86201471908177,185.73132654425748,185.83110772544197,45803100,0.0479256438615935,0.10271471803058886,77.7510753882505,3.8885295744798043,-0.0020030942532374874,-0.12750769922731278,0.02723444660545593,0.0,1,4.33,4.3,322.169
2025-07-22,190.90966796875,191.21896833519165,187.03840453704987,191.0693117786785,44660200,0.04497991395629427,0.105132188866668,79.99230605336048,4.357565502368772,-0.002069985482340577,-0.1258959602876802,0.006522893036042143,0.0,0,4.33,4.3,322.169
2025-07-23,189.80215454101562,192.09698471753413,188.7545130229886,191.06930248089483,58681900,0.03125250711763367,0.09396140117867073,73.99587368773011,4.587036277820147,0.0072679255974181295,-0.11197794999351707,-0.0058012432765619515,0.0,1,4.33,4.3,322.169
2025-07-24,191.73779296875,197.50479208340965,190.5704262162467,196.58686306155585,74881700,0.03361657749590825,0.10082551400903758,75.07937895074136,4.8689570587729065,0.003958315490611854,-0.11661892695697508,0.010198189964782944,0.0,1,4.33,4.3,322.169
2025-07-25,192.74551391601562,193.8929365997576,190.82983399147875,191.54821586623893,39785900,0.031839653707261384,0.10233704735761094,84.91688766966189,5.114736469172783,0.006545011846526944,-0.11890642279685298,0.005255724141092433,0.0,0,4.33,4.3,322.169
2025-07-28,192.14688110351562,193.61357622809174,190.41078895772904,193.2144667106556,38139500,0.02261566700456805,0.09548651487616529,92.09799520568082,5.201256905734766,0.016875205229947534,-0.11606000816641661,-0.003105819691143874,0.0,1,4.33,4.3,322.169
2025-07-29,195.30975341796875,195.47936925683575,191.64800916549822,191.99721287217557,41389200,0.03191425955373963,0.10948126983699152,92.41688097485812,5.462078892162964,0.00933034500186062,-0.1293253058684977,0.01646070077374384,0.0,1,4.33,4.3,322.169
2025-07-30,196.08799743652344,197.155598285003,194.2521393007246,195.1600963397073,32445400,0.02867284750323746,0.11005912271348725,92.34217821999167,5.666262832956761,0.013251651127882586,-0.13018041125476323,0.00398466540935738,0.0,0,4.33,4.3,322.169
2025-07-31,191.46839904785156,195.54921195775628,190.66022322341527,195.26984291287636,51329200,8.335839172614623e-05,0.08078661921185441,74.00572350121769,5.393148238950118,0.04104866948920528,-0.10563432339797678,-0.023558802420669878,0.0,0,4.33,4.3,322.169
2025-08-01,188.7046356201172,190.40080913246982,187.39758435603645,188.6048544387261,34832200,-0.016438620404943566,0.06215322517522781,64.67623988064318,4.897238033012229,0.057598838929924775,-0.08876258532586215,-0.014434566964983353,0.0,1,4.33,4.3,323.291
2025-08-04,194.601318359375,194.8308120156372,189.69238602262155,189.86200183955253,31547400,0.011696856833889501,0.09207054813390665,70.85729521610335,4.92328606131494,0.029192270639337835,-0.1106573741976695,0.03124821348389384,0.0,0,4.33,4.3,323.291
2025-08-05,194.23216247558594,197.41499022677854,193.45391800516853,194.27208103659058,31602300,0.008036496606781542,0.08707645150213916,69.0802429354972,4.858139904026899,0.031200903002679335,-0.09858662774466827,-0.0018969855235375643,0.0,1,4.33,4.3,323.291
2025-08-06,195.6489715576172,196.18776557270928,193.23441619136784,194.06255127051267,21562900,0.012317738825604486,0.09161388329004569,69.87607008731757,4.8647578568091205,0.024873364614881023,-0.09632517836917047,0.0072944102767189545,0.0,1,4.33,4.3,323.291
2025-08-07,196.07801818847656,197.09571318148866,193.8929412029117,196.6167969951023,26321800,0.012264450538817796,0.09111291692122302,68.83631957850707,4.848729968637997,0.023042010476978507,-0.08909641022845254,0.00219294089533717,0.0,1,4.33,4.3,323.291
2025-08-08,200.96697998046875,202.15430596097147,196.72653874979915,196.77642933858343,39161800,0.03311905633277455,0.11469562961484586,68.69220854520587,5.17091897449032,0.003915028780596641,-0.10647673225103063,0.02493375768054107,0.0,0,4.33,4.3,323.291
2025-08-11,200.54794311523438,201.02685931355308,198.62229106869012,200.48808049350347,25832400,0.026531545222979437,0.10876973096082461,66.39515060653756,5.330990964475717,0.010301851994980042,-0.09922728897298606,-0.002085103061583049,0.0,1,4.33,4.3,323.291
2025-08-12,202.88267517089844,204.04006993048975,200.1388600495838,200.91710457512625,30397900,0.03447225795629526,0.1177553536076356,71.35881473272237,5.5818978902497065,0.0040702143128958585,-0.10449317232041681,0.01164176515299653,0.0,0,4.33,4.3,323.291
2025-08-13,201.5057830810547,204.06999503609887,197.06577929471834,203.6709007567403,28342900,0.024621191915941833,0.10614012431500178,66.24632706190839,5.605028472902745,0.013548661016952852,-0.09158892534460149,-0.006786642026895162,0.0,1,4.33,4.3,323.291
2025-08-14,202.4835662841797,203.9801926061093,200.777405578413,201.04680257921203,25230400,0.023858397596958292,0.10702550359118497,66.21267956209535,5.637275555596432,0.010897327419754181,-0.08867888566524428,0.004852382835740743,0.0,1,4.33,4.3,323.291
2025-08-15,203.44140625,205.97570210941166,200.82730371462006,203.39153088363753,34931400,0.021092889862217787,0.10790445744673266,68.58176702488086,5.674706793662921,0.008716366146078165,-0.08630826476313626,0.004730457801577881,0.0,0,4.33,4.3,323.291
2025-08-18,203.0423126220703,204.80833601681928,202.0345896716843,203.74073522255918,18526600,0.01479051702356491,0.10148252279508206,63.99424501754938,5.607527710220211,0.014667074451475104,-0.08189558341256747,-0.0019617128847372323,0.0,0,4.33,4.3,323.291
2025-08-19,201.11666870117188,202.98245812812408,199.51028904350812,202.57337657986534,24240200,0.0017195484525075022,0.0877273185795999,58.737905006944004,5.337378455027078,0.026416764010648224,-0.0700642850005558,-0.009483953842087556,0.0,0,4.33,4.3,323.291
2025-08-20,198.87171936035156,200.82730262485018,196.15783565803162,200.27853657760338,28955500,-0.01104951490101139,0.07289577930777526,64.02123252200933,4.885813952060744,0.03762085267440086,-0.05462371696227604,-0.011162423061789828,0.0,1,4.33,4.3,323.291
2025-08-21,199.30075073242188,202.02460654215824,198.9814631231269,199.30075073242188,19774600,-0.010501797284404016,0.07276776442734542,72.01501172672266,4.510570032670387,0.035643268155326716,-0.05312015075588632,0.0021573272129906673,0.0,1,4.33,4.3,323.291
2025-08-22,205.62648010253906,208.07096677186306,200.84725997228378,202.27403645691825,42827000,0.018548215536149763,0.10341078280460171,72.50519378178953,4.669789589366246,0.008818974769867436,-0.08102036603490514,0.03173961636807898,0.0,1,4.33,4.3,323.291
2025-08-25,208.02110290527344,210.04653613391585,204.81831562838462,205.96572314134983,29928900,0.0266094676699034,0.11235488390352452,75.99707944530174,4.932341322159573,0.00353158239358273,-0.09029365180654801,0.011645498194299941,0.0,0,4.33,4.3,323.291
2025-08-26,206.67413330078125,207.38254318133843,205.23736948208096,207.0432962842493,28464100,0.01805709076679987,0.10133636603606905,70.84125347789292,4.974384662056281,0.014808992420267796,-0.0836031078003057,-0.006475158460752639,0.0,1,4.33,4.3,323.291
2025-08-27,207.01336669921875,208.4401585010209,205.18748059977113,205.2373711930947,23022900,0.0169691020600688,0.09955336851606167,70.74190637331316,4.977697810146395,0.017621371432156967,-0.08430254406882635,0.001641392626254845,0.0,1,4.33,4.3,323.291
2025-08-28,211.1640167236328,211.742714118765,206.43467159929352,206.78389053195886,32339300,0.032954622106460336,0.11737275330975873,69.89882543650847,5.254673665325271,0.00359136728180301,-0.09894678169680662,0.020050154686121147,0.0,1,4.33,4.3,323.291
2025-08-29,212.43115234375,214.167229203444,209.72724064780297,210.0365409975429,39728400,0.034603392166464346,0.11939828254490596,72.44630086732559,5.5128772632630785,0.0006926138596680498,-0.09624004966722513,0.006000717545431078,0.0,0,4.33,4.3,323.291
2025-09-02,210.87466430664062,211.20390871469678,205.73623790289355,207.97120545801465,47523000,0.023120045284183273,0.10599673862945781,65.55342077677571,5.528184429476141,0.012014045029388127,-0.08578744627840018,-0.007327023461185744,0.0,1,4.22,4.4,324.245
2025-09-03,230.1412353515625,230.78976737242826,224.28442698424496,225.7012467158241,103336100,0.10109174162796664,0.19883164852867255,82.85257930804612,7.014112413090118,-0.04378614870839518,-0.17564074342698577,0.09136503480999325,0.0,1,4.22,4.4,324.245
2025-09-04,231.7775421142578,231.84737676203946,225.60146147412655,229.13349303754427,51684200,0.09173279990236788,0.19918684601054218,83.1078214621999,8.228899692853503,-0.02741199958162384,-0.18899780456752313,0.007110011207664302,0.0,1,4.22,4.4,324.245
2025-09-05,234.47146606445312,235.22975128240526,231.37843212445287,231.677760445174,46588900,0.0864238342282343,0.2051220059606065,83.74567638841779,9.301779390201034,-0.017430355498995034,-0.20309726978440068,0.01162288600362893,0.0,0,4.22,4.4,324.245
2025-09-08,233.72247314453125,237.8069358559837,233.3529799966882,235.15054099905157,32474700,0.06903635789188949,0.19383886441209228,83.11315046555757,9.976602744764989,0.0028903786737798248,-0.2037007663964735,-0.0031943883513569915,0.0,1,4.22,4.4,324.245
2025-09-09,239.30491638183594,240.14377315813266,232.91358965088386,233.85231685973005,38061000,0.07912886826555979,0.21476171109925307,88.20119980865094,10.83694012986632,-0.0007865285484632944,-0.22579924503042448,0.02388492284117061,0.0,0,4.22,4.4,324.245
2025-09-10,238.84552001953125,241.33214736167037,237.5273187664355,238.5758820575914,35141100,0.061655326989071634,0.20472283417460563,91.46875378917272,11.35084874023346,0.0174700053859045,-0.22558783981743133,-0.0019197113425437617,0.0,1,4.22,4.4,324.245
2025-09-11,240.0438995361328,241.9213539288796,235.92949376965038,239.55457404217233,30599300,0.051543411928389724,0.20292825584432406,91.60279343901435,11.719726516173296,0.02701459266413721,-0.22802349091597132,0.0050173832714282,0.0,1,4.22,4.4,324.245
2025-09-12,240.4733123779297,241.75157459718335,237.67710805902945,240.04388783032,26771600,0.04007071313965073,0.19761000748344634,90.45322336652885,11.909430339219085,0.037993928955904,-0.22641737771199705,0.00178889295927398,0.0,1,4.22,4.4,324.245
2025-09-15,251.26864624023438,252.06756394348793,244.32807821701437,244.32807821701437,58383800,0.06880818316157235,0.24244530243027063,92.011369555312,12.783504920772458,0.013025485319071798,-0.2602459623150192,0.04489202463073605,0.0,0,4.22,4.4,324.245
2025-09-16,250.8192596435547,252.696698721273,249.13154999644232,251.73800966841424,34109700,0.049071848495707115,0.2311614415361641,93.64439060522358,13.286791717174339,0.030675134080911198,-0.25570684321816173,-0.001788470640503359,0.0,0,4.22,4.4,324.245
2025-09-17,249.19146728515625,251.25866627901078,245.94587648389523,250.87917693990602,34108000,0.03402445765216442,0.21420467616457195,90.66361425450198,13.399835922606428,0.04857721154472901,-0.24272198959032723,-0.006489901775133755,0.0,1,4.22,4.4,324.245
2025-09-18,251.68807983398438,253.64542748570952,249.46110945180462,251.338548569648,31239500,0.035826289158848515,0.21741647697202318,90.35604020492073,13.534858612551119,0.04739388278372809,-0.23846694110634573,0.010018852475278228,0.0,1,4.22,4.4,324.245
2025-09-19,254.3744354248047,255.65269769422878,251.4683796180924,252.90642848071656,55571400,0.03837658322661243,0.22129479578157588,90.62114945885165,13.700698389837612,0.044365912618480816,-0.23289175166178816,0.010673352478958398,0.0,0,4.22,4.4,324.245
2025-09-22,252.18739318847656,255.4329839373953,249.96042287972912,254.0848093772248,32290500,0.02174745511680528,0.2024346909004186,89.52769771579288,13.500031616553429,0.059698382494519066,-0.21405176866591608,-0.008597728119477788,0.0,0,4.22,4.4,324.245
2025-09-23,251.31858825683594,254.01492224497756,250.1401811840686,252.69670571321294,26628000,0.013295355135446538,0.19032755384484837,81.27176314666428,13.119661168675066,0.0675578326764899,-0.19830271676107428,-0.0034450767766622814,0.0,0,4.22,4.4,324.245
2025-09-24,246.80470275878906,252.00764101873446,246.10565550148698,251.31857470864836,28201000,-0.008087372928885679,0.16177146175498067,70.45192690287526,12.31205629179027,0.08548431286595579,-0.16578177691961085,-0.01796081033780872,0.0,0,4.22,4.4,324.245
2025-09-25,245.45654296875,246.1556055061487,240.41340622781078,244.06842931794486,31020400,-0.01564696552768293,0.14862371790217804,65.51915324753713,11.431463584008014,0.0862464753508483,-0.14033814624473048,-0.005462455840465341,0.0,1,4.22,4.4,324.245
2025-09-26,246.2055206298828,249.08161830530747,245.63630185383965,246.73481561544992,18503200,-0.014907858895203494,0.14537111290436108,67.63541685978007,10.671014938810174,0.07749746675134492,-0.12327612940611025,0.0030513656392046062,0.0,0,4.22,4.4,324.245
2025-09-29,243.71890258789062,250.80926093832198,242.4406403715287,247.51375020937843,32505800,-0.021902494437487412,0.12760529621577654,56.83360885889895,9.755252140062566,0.07916970325836703,-0.09217217590455432,-0.010099765576460307,0.0,0,4.22,4.4,324.245
2025-09-30,242.77020263671875,242.9599320717839,238.92541967317948,242.48058753408858,34724300,-0.022552422624956835,0.11772425746078237,55.985400916305665,8.850923431092014,0.06499316461087128,-0.057092667143462325,-0.0038925989781598558,0.0,1,4.22,4.4,324.245
2025-10-01,244.5677490234375,245.96585884887978,238.2862890899911,240.42338523813993,31658200,-0.013478574209440193,0.12046415638128334,56.77534799430503,8.18493257678108,0.05418016726489268,-0.05513874024147027,0.007404312255769652,0.0,1,4.09,4.4,324.245
2025-10-02,245.35667419433594,246.47514981131818,241.97127402542458,244.81739828037135,25483300,-0.007762162200320726,0.11838556201397595,57.23586632517219,7.632803487158611,0.047833147677799046,-0.04968503603762173,0.0032257939734434693,0.0,0,4.09,4.4,324.245
2025-10-03,245.01715087890625,245.96585900937905,241.3321544964398,244.15831699237452,30249600,-0.005371397225995109,0.11143950324362271,36.57805145247355,7.0861557195607645,0.046952765993577526,-0.04173173579724002,-0.0013837949040700348,0.0,1,4.09,4.4,324.245
2025-10-06,250.09024047851562,250.97904766602093,244.24818617214953,244.44791178946252,28894700,0.016087445427944505,0.12858045145864969,48.694077276775154,6.981807428453692,0.023346180115357627,-0.052256386721688856,0.020705038734682768,0.0,0,4.09,4.4,324.245
2025-10-07,245.42657470703125,250.1002333278666,245.18691006468788,247.93317917084852,23181300,-0.00046774746414526196,0.10223444759525224,43.91737114942201,6.4484579943516565,0.04159401937176345,-0.030554722358954078,-0.01864793189274816,0.0,0,4.09,4.4,324.245
2025-10-08,244.2881317138672,245.67624536262252,243.48922922331397,244.62768203424937,21307100,-0.004083485716602357,0.09231612829371724,37.49575209894014,5.866288962545184,0.044607061312287415,-0.021967877124383892,-0.0046386296778294644,0.0,0,4.09,4.4,324.245
2025-10-09,241.2023162841797,244.42792989328805,238.82554034163272,244.13833003954065,27892100,-0.014955341945163127,0.07418433190648815,28.0385596212829,5.097159413746908,0.057398414371747176,-0.008402381808589304,-0.012631867983262879,0.0,0,4.09,4.4,324.245
2025-10-10,236.2490692138672,243.75885638035138,235.5200485827795,241.10246136059908,33180300,-0.031244812972688937,0.04794544465575341,25.67069370155842,4.041346930717651,0.08255085496594919,0.007616807654146125,-0.0205356530012617,0.0,1,4.09,4.4,324.245
2025-10-13,243.81875610351562,244.16828735447277,239.38479264234815,239.88411429337978,24995000,-0.0002457386530007813,0.076260460669641,40.49602309839829,3.7719378491057967,0.04680565253835856,-0.02458560818738735,0.03204112894428324,0.0,1,4.09,4.4,324.245
2025-10-14,245.1169891357422,246.78472157869837,240.1836889124138,240.9027132904423,22111600,0.004111302802653559,0.07718715820955914,47.67151733888658,3.6214400601105297,0.03919588118987924,-0.0300126317263431,0.00532458229618471,0.0,1,4.09,4.4,324.245
2025-10-15,250.68942260742188,251.7679591837619,245.65626715592245,246.91455220927548,27007700,0.024369709257492947,0.09623602598965401,56.46594829081552,3.906783322198521,0.01693355050058929,-0.05181376547416488,0.022733770887638283,0.0,1,4.09,4.4,324.245
2025-10-16,251.1188507080078,256.6113736152233,249.76069521164578,251.42842769264908,27997200,0.023714060419708256,0.09281234006762877,56.11942533654939,4.1200774834572655,0.014797567588974962,-0.05326493090591733,0.0017129885103226439,0.0,1,4.09,4.4,324.245
2025-10-17,252.9563446044922,253.87509458891947,247.4737875390444,250.4197821526697,29671600,0.027878081159312337,0.09538606318632906,61.69408037706327,4.386816553297393,0.006106081885581276,-0.059382772620456166,0.007317228042831969,0.0,1,4.09,4.4,324.245
2025-10-20,256.2019348144531,256.98087539491434,253.88509020638818,254.3444728441902,22350200,0.03848736364219212,0.10415857654349855,66.06930967077213,4.804715424726851,-0.0028580008483784286,-0.07351301958287867,0.012830633740519737,0.0,0,4.09,4.4,324.245
2025-10-21,250.12020874023438,254.53421031738455,243.81875668908756,254.39440086428343,47312100,0.011910557404634089,0.07336172530681899,56.02515728269026,4.592222541154456,0.02066227419600411,-0.05073896827584048,-0.0237380177422285,0.0,1,4.09,4.4,324.245
2025-10-22,251.34854125976562,256.01218852739623,248.95178813355238,254.02489806023604,35029400,0.01398364750049076,0.07416475479683307,56.440553593400594,4.4713931320371785,0.017671356650927672,-0.055567220866768276,0.004910968712675823,0.0,1,4.09,4.4,324.245
2025-10-23,252.73666381835938,254.69399627404513,251.50833675008087,252.63679338694976,19901400,0.014861267052179626,0.07538812143370173,58.1146462896665,4.436503592450919,0.01502537561401391,-0.06081731987649704,0.005522699879762394,0.0,1,4.09,4.4,324.245
2025-10-24,259.5673828125,261.32497431611404,254.9736174865258,256.23188733462473,28655100,0.03262105500289796,0.09911338091130659,59.6072364179496,4.903510698091708,-0.003243343484549677,-0.08882737331247959,0.02702702050007999,0.0,1,4.09,4.4,324.245
2025-10-27,268.9046630859375,269.7735083332291,263.92144290721717,264.4607188078389,35235200,0.059196446289556726,0.13237337451398012,71.74035907919196,5.958373259103411,-0.02072945318041755,-0.12822497189381518,0.03597247147258997,0.0,0,4.09,4.4,324.245
2025-10-28,267.1071472167969,270.3627344019799,266.1384619149823,269.3241367489819,29738600,0.04308123110029332,0.11876748973148357,70.87526742010061,6.573539261684175,-0.0027751913905165663,-0.12461119137010665,-0.006684584225920109,0.0,1,4.09,4.4,324.245
2025-10-29,274.197509765625,274.96645416764926,267.3068768000952,267.38675485794886,43580300,0.06102942304406002,0.1414771514747077,78.12401722734619,7.546207766043665,-0.012217257302701545,-0.1527862919839687,0.02654501245177565,0.0,1,4.09,4.4,324.245
2025-10-30,281.09814453125,291.1944142933695,279.6800575475708,291.1944142933695,74876000,0.07525820677948246,0.16224741922188232,86.99957225331366,8.77275130186186,-0.016513722007482502,-0.18082192710167197,0.025166657317651886,0.0,0,4.09,4.4,324.245
2025-10-31,280.8085021972656,285.6119738650845,276.6541425566326,282.82575062167336,39267900,0.06282688321067342,0.15327658797538765,84.681670745023,9.61063871437176,0.00038100061027830027,-0.1831114543292402,-0.0010303957518730256,0.0,1,4.09,4.4,324.245
2025-11-03,283.3350830078125,285.14262497278366,279.42038779718166,281.797163766903,29786000,0.06148865478695307,0.156272773794994,85.02656925585107,10.359130869010073,0.007090096457028442,-0.19429226648039272,0.008997522478047859,0.0,0,3.88,4.5,325.063
2025-11-04,277.1634521484375,280.88837191256465,275.8851900258856,276.374515458966,30078400,0.027952509573149365,0.12473947782944476,73.99963813843806,10.335179743616948,0.038310016538807404,-0.1736958065087834,-0.02178209205107451,0.0,1,3.88,4.5,325.063
2025-11-05,283.92425537109375,286.0314084420774,276.96371081227676,278.49163374098424,31010300,0.04045661758011506,0.14499630915993944,76.67694483909594,10.737958124747422,0.025178401286001396,-0.19100427247821355,0.024392838125841587,0.0,1,3.88,4.5,325.063
2025-11-06,284.3636779785156,287.9587999323025,280.7585903155872,284.9428776795432,37173600,0.030127828648641327,0.13965841229169557,76.13428912650258,10.966208994604074,0.03254978569248249,-0.1860317506015849,0.001547675477206134,0.0,0,3.88,4.5,325.063
2025-11-07,278.45172119140625,283.3950181298404,274.8166751233446,282.8257840870045,34479600,0.0018576457440151303,0.10997816332318877,67.72757710639303,10.548457892590136,0.05544216042961094,-0.15456353470180215,-0.020790126323925406,0.0,1,3.88,4.5,325.063
2025-11-10,289.7064208984375,290.40545290698407,282.47622284552773,284.03413439651047,29557300,0.034608178131298864,0.14777105529453283,79.13848835615977,10.998760477127746,0.023452792968273514,-0.180581344231823,0.0404188548696196,0.0,1,3.88,4.5,325.063
2025-11-11,290.914794921875,291.52398321941854,286.9302176656824,287.35962699643375,19842100,0.030164832277916453,0.14529483694053905,79.13235703201644,11.322614156602299,0.02698899109717897,-0.17602959828742198,0.00417102948457293,0.0,0,3.88,4.5,325.063
2025-11-12,286.3210144042969,291.613842224268,283.30512258449664,291.2842728658537,24829900,0.009563555968192618,0.12224550136454644,73.61323535217771,11.08085760599522,0.048239902360594965,-0.15513878830027172,-0.015790810910155995,0.0,0,3.88,4.5,325.063
2025-11-13,278.19207763671875,282.45627365196606,276.8638649512614,281.9569519907634,29494000,-0.018092816305449268,0.08643089678477063,62.86029406806519,10.116707431256998,0.07865996597664275,-0.12050947273403234,-0.0283909889900702,0.0,0,3.88,4.5,325.063
2025-11-14,276.0350036621094,278.1820807042813,270.3327588398133,271.04178706348836,31647200,-0.024062114306455648,0.07451851918447694,55.46541922982096,9.073954727362093,0.08574744034229101,-0.10393421850929055,-0.0077539015234869835,0.0,1,3.88,4.5,325.063
2025-11-17,284.63330078125,293.55120856159544,283.1852862901624,285.392279437324,52670200,0.0058759780943829065,0.1036147306607612,62.16549996165825,8.839480387918798,0.054823366389063356,-0.12288864535099542,0.031149299925982143,0.0,0,3.88,4.5,325.063
2025-11-18,283.8943176269531,288.4081743957296,277.8225797399186,287.52939388700526,49158700,0.0008837115592841312,0.09695645594817542,57.38176560208045,8.496090378748136,0.054347231378676086,-0.105486922879452,-0.0025962638674692506,0.0,1,3.88,4.5,325.063
2025-11-19,292.4127502441406,303.39782684502376,286.2411417953812,286.77042153983126,68198900,0.02783989767277762,0.1252133731103042,58.40626942814867,8.809764165768968,0.022714466637549367,-0.11658421799170769,0.030005646778675565,0.0,0,3.88,4.5,325.063
2025-11-20,289.05731201171875,306.0042898345543,288.2783714658303,304.1268355762142,62025200,0.014371890016724412,0.10812159372552323,55.861492882208054,8.687453522634598,0.028480495183447422,-0.08765827814619047,-0.011475006577587155,0.0,1,3.88,4.5,325.063
2025-11-21,299.25347900390625,303.50770955644725,293.4513634023398,296.0178842040454,74137700,0.042542310464003495,0.14206232022384443,60.19965444122802,9.305993223001451,-0.0035155024466437955,-0.10852829183392375,0.03527385943371031,0.0,1,3.88,4.5,325.063
2025-11-24,318.14776611328125,319.0465694557707,309.17996886834777,310.70789188393536,85165100,0.09749200293959658,0.20800342287949347,72.57923396574346,11.191789473062329,-0.03765108545711094,-0.1710373487456077,0.06313807001431182,0.0,1,3.88,4.5,325.063
2025-11-25,323.0011901855469,328.3838617048627,317.2190369667809,325.767421144808,88632100,0.10203649760674345,0.2197458071248323,71.99057639709653,12.928891139438235,-0.02990891620434427,-0.1883912174961688,0.015255251141815362,0.0,0,3.88,4.5,325.063
2025-11-26,319.5159606933594,324.0597758686898,316.36024396458464,320.2449508538883,51373400,0.07793700798637532,0.2002098844581303,69.12631367107929,13.86450643264152,-0.0034137378089743003,-0.18126842579164892,-0.0107901444269769,0.0,1,3.88,4.5,325.063
2025-11-28,319.7456359863281,326.40660086319315,316.36025071335513,322.9313108653273,26018600,0.06379873342317602,0.19496284501746855,73.94883082285051,14.457859960001826,0.010003515259941295,-0.1839026841874211,0.0007188225980021556,0.0,0,3.88,4.5,325.063
2025-12-01,314.46282958984375,319.41609223758667,313.464186206563,317.2690150587685,41183000,0.033015651057520565,0.16996514082672745,65.42630186959892,14.336555689581644,0.03578650006976853,-0.16830599335404023,-0.016521903043925423,0.0,1,3.72,4.4,326.031
2025-12-02,315.38153076171875,317.948051296999,313.4841146313127,316.3102616947243,35854700,0.02567343147127286,0.1678914100892692,65.30103723812353,14.151423882426798,0.04108525516924874,-0.16888352003592433,0.0029214936883741327,0.0,1,3.72,4.4,326.031
2025-12-03,319.19635009765625,321.1436861691208,313.6738540884245,315.4614340573081,41838300,0.026297138079118394,0.17610560772864062,70.7618999528585,14.149423879318363,0.036806048697362044,-0.17381125338067838,0.012095886930105992,0.0,0,3.72,4.4,326.031
2025-12-04,317.1890869140625,321.92264650582644,314.27306548179905,321.7928484740126,31240900,0.01178319090715023,0.16267916110952535,76.69177958008491,13.826486370735097,0.05017220577580727,-0.16490046490936316,-0.006288490400907287,0.0,1,3.72,4.4,326.031
2025-12-05,320.8341064453125,322.72155681925386,318.73697999805336,319.05652267664885,28851700,0.013140733749745054,0.16957711376401607,80.05096461423005,13.7066766457541,0.04579796090511572,-0.17057755001172686,0.01149162969858919,0.0,0,3.72,4.4,326.031
2025-12-08,313.49932861328125,320.21460294317257,311.0010871288888,319.82486263347363,33909400,-0.014454850108672194,0.13725899597125027,69.69704415853559,12.87149670202291,0.07190815446217404,-0.14163472027038157,-0.022861590101180496,0.0,1,3.72,4.4,326.031
2025-12-09,316.85693359375,317.7662971049956,311.6805848338384,312.15025542764414,30194000,-0.0034951965677238643,0.1433720044819025,71.71632119404089,12.338312850509965,0.06485181712065342,-0.14646401340588294,0.010710086670107533,0.0,1,3.72,4.4,326.031
2025-12-10,319.9847412109375,321.0839735202244,314.45863248382005,315.6078174223929,33428900,0.007297243249998045,0.14825990913845893,69.553765556264,12.029480379607264,0.05943906786742165,-0.15071845435855316,0.009871356077685745,0.0,0,3.72,4.4,326.031
2025-12-11,312.210205078125,320.8940942947929,308.3829128168011,319.85481737290655,42353700,-0.014911113395737204,0.11494840201615339,65.45130685835878,11.030238605432203,0.08639673643919844,-0.12185367971393823,-0.024296583966444296,0.0,0,3.72,4.4,326.031
2025-12-12,309.07244873046875,314.6485102459599,305.34506149685063,313.47935032153816,35940200,-0.021516238126507263,0.09874289088976655,57.23433035429215,9.87135079900986,0.09306697383004246,-0.09858823505397865,-0.010050140247244932,0.0,0,3.72,4.4,326.031
2025-12-15,308.003173828125,311.2009348824072,304.66552711937686,311.1009991314403,29151900,-0.022903219298137965,0.09006007217034742,39.8632528048361,8.765597957905015,0.08856391363886973,-0.07678190162378715,-0.003459625426775692,0.0,0,3.72,4.4,326.031
2025-12-16,306.3543395996094,310.5513666605185,302.37712849550337,304.7354841263937,30585000,-0.025342739888551992,0.07992384577260503,32.22785502977858,7.6678435945606225,0.08874070798827308,-0.05904088573184525,-0.005353302720950914,0.0,0,3.72,4.4,326.031
2025-12-17,296.5112609863281,307.87325739956634,295.9116769824828,307.7933270972379,43930400,-0.049800428458588036,0.04147526841861099,28.375771804148485,5.935193949347422,0.11818322240274642,-0.016849732078818652,-0.03212971824112465,0.0,1,3.72,4.4,326.031
2025-12-18,302.2472229003906,303.7461677101471,299.0195145942255,301.50775321966603,33518000,-0.026758833754452115,0.05731752059254557,35.09460212620826,4.9676369845688555,0.09344526237938149,-0.028736497660509775,0.01934483666819986,0.0,1,3.72,4.4,326.031
2025-12-19,306.9439392089844,307.03387224107576,300.7582909786616,301.5177661333593,59943200,-0.007194850632556414,0.06883139300577616,43.53070733985954,4.5276351138800806,0.06908844036051458,-0.030145581391097628,0.015539319976288546,0.0,1,3.72,4.4,326.031
2025-12-22,309.56207275390625,309.9118326328777,305.0852133945127,309.66200850448513,26429900,0.0025502061331297925,0.07247238657148351,45.1351748502224,4.34016128015611,0.0574934565398993,-0.032464980821401125,0.008529679887698594,0.0,1,3.72,4.4,326.031
2025-12-23,314.1288757324219,314.7184570357758,309.1024153195162,309.41219480947996,25478700,0.01823991697526907,0.08301778897811447,45.81640041782835,4.5081229154943685,0.04093441077404926,-0.04662515846370401,0.014752462851436388,0.0,0,3.72,4.4,326.031
2025-12-24,313.8690490722656,314.8583428959372,311.70059264113144,314.5485634057752,10097400,0.019418575653279212,0.07701616627407432,47.177612882772515,4.567615256154397,0.037852897380377865,-0.04480225722102124,-0.0008271339575212089,0.0,0,3.72,4.4,326.031
2025-12-26,313.2894592285156,314.86833429915043,312.0603135401851,314.25877806497726,10899000,0.017179565646100323,0.07042864065324769,43.23358544458488,4.515938381601359,0.03754144190396706,-0.042791090034096056,-0.0018465976351066393,0.0,1,3.72,4.4,326.031
2025-12-29,313.33941650390625,313.79908436732376,310.4014822754237,311.15095467052413,19621800,0.01593430305240709,0.06606659776182412,49.835026099878476,4.4279723123205486,0.034877894527850554,-0.042490074155503224,0.00015946044119585778,0.0,1,3.72,4.4,326.031
2025-12-30,313.6292419433594,316.72706748217655,312.24020504037514,312.28018544302313,17380900,0.015022466390291976,0.06266543148106318,46.44512488194111,4.331711782415084,0.03369993026109415,-0.04341906725074001,0.0009249568493068239,0.0,0,3.72,4.4,326.031
2025-12-31,312.7798156738281,314.3586907819443,311.22091551782626,312.62992729269524,16377700,0.010172722001482955,0.055739584568863444,41.6454403456039,4.139169251359419,0.03579465984742191,-0.040940530698024384,-0.0027083771406897217,0.0,1,3.72,4.4,326.031
2026-01-02,314.9283142089844,322.2731502440002,310.11169732658084,316.67708324131615,32009400,0.011097550867081587,0.05836118371362698,53.62475612346806,4.11253701756641,0.02679510892941485,-0.04690547979657575,0.006869044700111848,0.0,1,3.64,4.3,326.588
2026-01-05,316.3173522949219,318.79558832967825,314.4086921415047,317.4365596004392,30195600,0.010990195379408804,0.05840745506667669,60.134159658018376,4.155611245608895,0.021896871392195375,-0.05097708075271483,0.004410648465910105,0.0,0,3.64,4.3,326.588
2026-01-06,314.1188659667969,320.71422913013345,311.5606693028291,316.17741436833177,31212100,0.0016665366215612165,0.046751476288096755,58.29264921670489,3.966623640314708,0.02558799136379207,-0.04301173381828572,-0.00695025521734649,0.0,1,3.64,4.3,326.588
2026-01-07,321.7535095214844,325.9205589972494,313.96898096999803,314.13884430323384,35104400,0.02203869228411333,0.06776734817368074,67.96450674861653,4.3823841346568315,0.005436172989621527,-0.06733758089929327,0.02430495071090233,0.0,1,3.64,4.3,326.588
2026-01-08,325.2110595703125,330.0876314322289,321.2738288701313,328.7385750407063,31896100,0.029397775047446915,0.07522325678592691,89.34232489259075,4.933996672470585,-1.4802847608955945e-05,-0.07992307741269382,0.010745959085171286,0.0,1,3.64,4.3,326.588
2026-01-09,328.3388671875,330.5972566011106,325.5707962902668,326.8598973489763,26214200,0.03455984050155008,0.08118686964711898,88.52154260807349,5.5594555741519684,-0.003693253402888864,-0.091991079204727,0.009617777517530124,0.0,1,3.64,4.3,326.588
2026-01-12,331.62652587890625,333.80501545240315,324.77136644379436,325.57079145505844,33923900,0.038916233664519774,0.08789819460528599,88.02323143332904,6.2483952294942355,-0.0037080929002204954,-0.10500025177506306,0.010013004916438417,0.0,1,3.64,4.3,326.588
2026-01-13,335.7336730957031,340.25048265726696,333.38532003422745,334.7144015630273,33517600,0.044455528479029324,0.09743775204158119,88.54857864109441,7.044591657903027,-0.004394499624569131,-0.11950949335954628,0.012384857350936418,0.0,0,3.64,4.3,326.588
2026-01-14,335.603759765625,336.2832741209541,330.2475447349911,334.8243096530742,28525600,0.03696249549979566,0.09309732805229805,86.38655253613634,7.577748575106966,0.005396120953231392,-0.12034971220267761,-0.00038695353039874814,0.0,0,3.64,4.3,326.588
2026-01-15,332.5458984375,337.4524480652932,330.507324974913,337.4124676651339,28442400,0.021276835035115557,0.07967643045992273,78.9049061586985,7.665176041611687,0.020499646940930892,-0.11024358611462344,-0.0091115228573736,0.0,0,3.64,4.3,326.588
2026-01-16,329.7678527832031,334.4145755186536,327.46948297740045,334.1747541117482,40341600,0.008150725098378619,0.0670122380967075,73.87767447784003,7.4247104313610635,0.028725105818889127,-0.09229172766099984,-0.008353871352345,0.0,0,3.64,4.3,326.588
2026-01-20,321.77349853515625,327.49947891315526,320.20459558658575,320.6442885211675,35361000,-0.01792736159717026,0.03860144938367252,59.934076678097206,6.513973099481689,0.05212929100486916,-0.061517548110369615,-0.024242369838586297,0.0,1,3.64,4.3,326.588
2026-01-21,328.1490173339844,332.24613943011235,319.12537039479025,320.6942733516965,35386600,-0.0027392428926072895,0.05619457995859491,64.95775345724982,6.2347875373803845,0.03244831927687699,-0.07404960831942947,0.019813685178711404,0.0,1,3.64,4.3,326.588
2026-01-22,330.3074951171875,334.9142376434696,328.5187457270175,334.2147483456718,26253600,0.0012177124184512337,0.05960487771876258,67.58218378383674,6.11718696245822,0.027378442998479444,-0.07549674392767836,0.006577736544023383,0.0,0,3.64,4.3,326.588
2026-01-23,327.6993103027344,333.45526818914374,327.21966747627397,332.25610013077164,27280000,-0.007436757254162685,0.04868175157764135,62.693644199409846,5.747277900469214,0.036701432404472996,-0.06514342807016703,-0.007896232610549059,0.0,1,3.64,4.3,326.588
2026-01-26,333.02557373046875,335.60374537803585,326.7699676491338,327.5793954045391,26042100,0.0072660139785780935,0.06286188068864723,65.40157837379226,5.816854174907235,0.02294568900215881,-0.07716764124041003,0.01625350820181426,0.0,1,3.64,4.3,326.588
2026-01-27,334.31463623046875,337.6722883721735,333.2454121385867,335.1340666902067,21636200,0.010343447279975637,0.06371730574840676,68.933834363604,5.907907761148806,0.0215703206026063,-0.07700583566620106,0.0038707612918738032,0.0,1,3.64,4.3,326.588
2026-01-28,335.7736511230469,337.30257365930305,331.7065067534381,335.82360375323316,27434400,0.01474052501408673,0.06445913972114803,64.86543155867453,6.028308109194484,0.0195651992202625,-0.07676894439721148,0.004364196880606519,0.0,1,3.64,4.3,326.588
2026-01-29,338.0120544433594,342.0492210013424,326.3103005061971,340.06060015063264,39785600,0.02076227585776792,0.0673610030834881,63.932990851578474,6.232502286529382,0.015511216363983187,-0.07836706865478307,0.006666405517007812,0.0,0,3.64,4.3,326.588
2026-01-30,337.7622375488281,339.76083067041884,332.0562627255977,339.76083067041884,31024000,0.018403581490943424,0.06300536619332497,60.942209710832394,6.301529399276092,0.017186996778746137,-0.07121363966951932,-0.0007390768797954639,0.0,1,3.64,4.3,326.588
2026-02-02,343.4482421875,344.5874244246442,335.3939142353609,335.983495554882,32006100,0.0312938108224421,0.07686367019411575,63.00288002577925,6.737382585290447,0.004307665345894409,-0.08224714204561105,0.01683434086633162,0.0,0,3.64,4.4,327.46
2026-02-03,339.47100830078125,348.7544814019383,337.2325938809106,347.09564553860224,36506700,0.013962774836346972,0.06126151087090894,54.12253174920034,6.684811494078701,0.016743048150469023,-0.06534320101209358,-0.011580300604792315,0.0,0,3.64,4.4,327.46
2026-02-04,332.80572509765625,343.0684894885568,328.2888852617291,342.7187296036167,70618400,-0.007326414442558688,0.03758620460717939,47.30250243606219,6.035739625853466,0.03222836169437102,-0.03613181190031542,-0.01963432234313034,0.0,0,3.64,4.4,327.46
2026-02-05,331.0169677734375,332.45595718246585,306.24439883874277,312.0003564748562,88205800,-0.012870709604961568,0.029969474542542313,48.4890323654696,5.315731285843583,0.035941741988955785,-0.026260154005664317,-0.005374779306136834,0.0,0,3.64,4.4,327.46
2026-02-06,322.63287353515625,330.147603202773,319.694969697787,326.94984200428365,56380500,-0.036417161887439035,0.003601991146781726,43.65220677712634,4.022227418840885,0.06384353215748055,-0.002736492584963171,-0.02532829146093707,0.0,1,3.64,4.4,327.46
2026-02-09,324.09185791015625,327.4694850607409,317.03682684844796,320.70422803551696,39640100,-0.02947019223292079,0.008071997474489574,52.33399245188414,3.079347331658198,0.05994752700665373,-0.009429534366085113,0.004522119395378388,0.0,0,3.64,4.4,327.46
2026-02-10,318.3558654785156,321.4437184993816,314.38865715458337,320.7441987510988,39170000,-0.042069287583703735,-0.009698060141153068,40.0122006635667,1.8479592935162827,0.08202679456115397,0.0012680078642946214,-0.017698662560139744,0.0,0,3.64,4.4,327.46
2026-02-11,310.7412414550781,320.8341425405983,309.44216816023624,318.7456164455411,45406400,-0.05788541226271192,-0.0328428914450377,32.04328564458787,0.25470282537003186,0.11371041512460026,0.012592078921726441,-0.023918591893986596,0.0,0,3.64,4.4,327.46
2026-02-12,308.7826232910156,316.0175203045161,306.9839017615506,311.87044586439265,47761300,-0.05545316154589569,-0.03859899714579072,32.42993652960479,-1.1527206750158712,0.12451980013994063,0.006583809409159661,-0.006303051873291943,0.0,0,3.64,4.4,327.46
2026-02-13,305.50494384765625,308.41290048065196,303.4963480144474,307.5135396808651,38499700,-0.056166283466637414,-0.04821875537670216,23.427256718944108,-2.503733792737023,0.14103794594336058,0.0040784614995715476,-0.010614844217675667,0.0,0,3.64,4.4,327.46
2026-02-17,301.8075256347656,304.22583664461854,296.04159566157676,299.82893803190484,39247600,-0.055437777461235085,-0.05871797085895471,20.00742216998796,-3.8286380154245307,0.16012736220600665,0.0020043921803306495,-0.012102646085931701,0.0,1,3.64,4.4,327.46
2026-02-18,303.1166076660156,305.1651838815364,301.0380842700908,301.87748970860525,28482100,-0.040422908060302624,-0.05380462511709767,19.785492600155408,-4.718608990644952,0.15898923039309346,-0.012350183423667248,0.004337473124623736,0.0,0,3.64,4.4,327.46
2026-02-19,302.636962890625,305.25511494304027,299.828942056139,301.6076886754516,25834400,-0.032703119622586714,-0.05422740106818701,16.16975549507154,-5.4003686371804065,0.1627540830418511,-0.021142780292014506,-0.0015823770894107803,0.0,1,3.64,4.4,327.46
2026-02-20,314.7584228515625,316.2773425544253,303.68620054308417,304.1059184917761,53210800,0.01129513470256736,-0.016423956959064803,32.071655439683724,-4.906014076902068,0.11593241446680642,-0.06173533445791768,0.040052807314611805,0.0,0,3.64,4.4,327.46
2026-02-23,311.2708740234375,319.29522413676915,309.65201848441603,318.82555353627805,31423000,0.0037541321960872166,-0.02698236601077303,24.032257111164085,-4.740999281470067,0.12713464284600304,-0.055199735587728276,-0.011080081023819632,0.0,0,3.64,4.4,327.46
2026-02-24,310.6813049316406,312.05033638585,305.71479964031533,310.3015673465962,25615600,0.00620427759363936,-0.028260125828244075,25.422302534258108,-4.604716856115658,0.1257066026766231,-0.05703187902859535,-0.0018940708591722588,0.0,1,3.64,4.4,327.46
2026-02-25,312.67987060546875,313.4193707572093,309.22231323387047,311.84046520002283,29963600,0.014542055228196866,-0.02203780337376961,31.33108225167048,-4.286037730007138,0.11366139362679464,-0.06512822512046428,0.00643284820201151,0.0,0,3.64,4.4,327.46
2026-02-26,307.1637878417969,312.9197459051382,302.1373272609355,312.42009761480955,36431200,-0.0021975827511686793,-0.03917562214336961,29.30466495692913,-4.427546011440029,0.12764906213992877,-0.05164230297118188,-0.017641310753361283,0.0,1,3.64,4.4,327.46
2026-02-27,311.54071044921875,312.1502667227519,303.5862877430576,303.92607541564644,44640600,0.011114671914451726,-0.025700003799444714,39.6571152791089,-4.138801738905727,0.10316023905129233,-0.06481679296885513,0.014249474647304972,0.0,0,3.64,4.4,327.46
2026-03-02,306.3043518066406,308.27296712894787,301.088022863519,303.0166882830762,34790200,-0.006137944056639725,-0.04207298798436189,34.505539726583834,-4.2831269813263475,0.11238063284542862,-0.049461274922961845,-0.016807943446709328,0.0,0,3.64,4.4,327.46
2026-03-03,303.3664245605469,303.72618716624237,296.5012623376298,298.37994467731505,35497000,-0.016168237291878634,-0.05166759223585911,36.273783214899325,-4.581756316457302,0.10641528777771786,-0.03673010127546457,-0.009591529564517476,0.0,0,3.64,4.4,327.46
2026-03-04,302.9167785644531,305.2551289128473,300.5384478137644,302.6769571429086,29536200,-0.017562793308441047,-0.05311283656538773,41.75270200720535,-4.79938061784145,0.09172294810504678,-0.031032962625531905,-0.0014821877429089803,0.0,0,3.64,4.4,327.46
2026-03-05,300.6683349609375,303.08661540637286,297.78035344585857,302.82681905445145,35752300,-0.024232070401711086,-0.05977235640372531,41.499152437788425,-5.094553214159703,0.08757631819238756,-0.02216483051945825,-0.007422644642436693,0.0,0,3.64,4.4,327.46
2026-03-06,298.30999755859375,300.31859339921897,294.97235071392555,295.88171424137005,25576900,-0.02669006973095282,-0.06649023196677109,42.31424227329747,-5.455885688223816,0.08322113635299053,-0.012445295643885365,-0.007843650721151452,0.0,1,3.64,4.4,327.46
2026-03-09,306.3599853515625,306.79998779296875,294.0799865722656,294.3599853515625,29312100,0.0011791885140134616,-0.040832807351216215,54.449274247090635,-5.0346413275731265,0.0471031721759697,-0.036051218178262553,0.026985310109787886,0.0,1,3.64,4.4,327.46
2026-03-10,307.0400085449219,309.510009765625,305.57000732421875,306.1700134277344,23239700,0.004596932306418686,-0.03829251703703938,53.88220927367338,-4.592984877706215,0.03393427061726767,-0.03288995999755048,0.002219686727622072,0.0,1,3.64,4.4,327.46
2026-03-11,308.70001220703125,311.4200134277344,305.9200134277344,306.75,24125700,0.011345192679473374,-0.032815005011682254,55.86245073657597,-4.06219409205579,0.022285839225491964,-0.03512985397436884,0.0054064734754804,0.0,0,3.64,4.4,327.46
2026-03-12,303.54998779296875,308.94000244140625,301.0299987792969,306.82000732421875,24928300,-0.0043482362294374405,-0.04836674224783764,37.47365319210762,-4.010867713627476,0.03810127760349855,-0.019600285417728,-0.016682942048633964,0.0,0,3.64,4.4,327.46
2026-03-13,302.2799987792969,307.69000244140625,300.44000244140625,307.010009765625,23693100,-0.005492980741690267,-0.051673344943338466,39.42794273111629,-4.026256509811276,0.04172853760118885,-0.01689827572931281,-0.004183788716005665,0.0,1,3.64,4.4,327.46
2026-03-16,305.55999755859375,306.489990234375,303.0199890136719,304.3500061035156,23519700,0.005544530233401735,-0.04094872573973378,44.336379535300644,-3.7307776696147243,0.03055308269416342,-0.02744011192436275,0.010850862751563328,0.0,1,3.64,4.4,327.46
2026-03-17,310.9200134277344,311.4200134277344,305.5,305.8599853515625,21955200,0.02064632962299062,-0.023879811446983812,48.18846930729771,-3.0291815554595587,0.01432237128559225,-0.04281067450066596,0.01754161510658081,0.0,0,3.64,4.4,327.46
2026-03-18,307.69000244140625,312.4700012207031,306.92999267578125,309.2699890136719,20009800,0.008463134316855648,-0.0334967352152307,50.5684174438192,-2.7026420967777085,0.025286798726323202,-0.031592568015457664,-0.010388559265513075,0.0,0,3.64,4.4,327.46
2026-03-19,307.1300048828125,308.05999755859375,302.3500061035156,304.010009765625,25075800,0.004500363116998629,-0.03483200759742533,44.80736260151385,-2.460679168333286,0.027193359305037912,-0.02840106563677187,-0.0018200057010314685,0.0,0,3.64,4.4,327.46
2026-03-20,301.0,306.0,298.2699890136719,305.4599914550781,44364100,-0.016413802493930353,-0.05286036196039332,43.883980252856325,-2.7320683840688957,0.04434735596517908,-0.00941963294555699,-0.019958990607744198,0.0,1,3.64,4.4,327.46
2026-03-23,302.05999755859375,305.9800109863281,300.92999267578125,302.1099853515625,29326900,-0.011561144181731944,-0.048138100453663936,48.42547863845776,-2.82900237025234,0.03864591986761584,-0.013908576539706475,0.00352158657340107,0.0,0,3.64,4.4,327.46
2026-03-24,290.44000244140625,299.9200134277344,290.3299865722656,299.20001220703125,36864300,-0.04439465010942659,-0.08256407586325651,38.15274660249823,-3.799659635211526,0.08438250502458804,0.014391842893872483,-0.03846916245483134,0.0,1,3.64,4.4,327.46
2026-03-25,290.92999267578125,296.0,289.239990234375,293.44000244140625,29460700,-0.03715301727964597,-0.0786474821052781,40.4335433057647,-4.4777575917939885,0.08240512593214082,0.005358439982913623,0.0016870618036641805,0.0,0,3.64,4.4,327.46
2026-03-26,280.9200134277344,287.95001220703125,278.5,287.9100036621094,39080600,-0.06326586063985085,-0.1072488393151702,35.14946311491859,-5.756519206148141,0.1298084221824007,0.023006018197789278,-0.034406831540405025,0.0,0,3.64,4.4,327.46
2026-03-27,274.3399963378906,279.3699951171875,273.95001220703125,277.2799987792969,35890600,-0.07660411370733722,-0.12475173484442013,21.951679828742414,-7.217698253551077,0.16445217117135008,0.026437229248447304,-0.023423098303163248,0.0,0,3.64,4.4,327.46
2026-03-30,273.5,277.0899963378906,272.1099853515625,276.4200134277344,35141200,-0.06938920681472191,-0.12413174160040444,20.70230923721543,-8.347251935837505,0.17406027213643874,0.011563694617588752,-0.0030618806922197983,0.0,1,3.64,4.4,327.46
2026-03-31,287.55999755859375,288.0799865722656,277.0899963378906,278.0400085449219,43875400,-0.013709165493496142,-0.07660913296640105,34.82193408835546,-8.01550926701924,0.11546717014199373,-0.04220413888344411,0.05140766931844154,0.0,1,3.64,4.4,327.46
2026-04-01,297.3900146484375,300.5199890136719,290.4100036621094,290.8399963378906,37684500,0.02362263283334947,-0.0435459508632219,45.85577735638631,-6.88009117725079,0.0772867240000346,-0.07441236213026829,0.03418422998087833,0.0,0,3.64,4.4,327.46
2026-04-02,295.7699890136719,298.0799865722656,289.45001220703125,290.69000244140625,21666500,0.022042802434728788,-0.04677090121827509,45.640815632576256,-6.041345816504702,0.08227822825729911,-0.07008962452038418,-0.005447478243950976,0.0,1,3.64,4.4,327.46
2026-04-06,299.989990234375,300.6199951171875,295.17999267578125,295.8699951171875,16945500,0.036987074794502764,-0.03127730585571562,46.31662220141347,-4.978723618069125,0.06741397505131065,-0.082971094063257,0.014267847913765452,0.36538461538461536,1,3.64,4.4,327.46
2026-04-07,305.4599914550781,305.6300048828125,297.7200012207031,302.7300109863281,23205400,0.05465591527983935,-0.012194887457471618,46.39459872948266,-3.6530938937906967,0.04792409427120417,-0.09931210661530804,0.01823394579408988,0.0782608695652174,0,3.64,4.4,327.46
