Price,Close,Close,Close,Close,Close,High,High,High,High,High,Low,Low,Low,Low,Low,Open,Open,Open,Open,Open,Volume,Volume,Volume,Volume,Volume
Ticker,AMZN,BTC-USD,GC=F,GOOGL,MSFT,AMZN,BTC-USD,GC=F,GOOGL,MSFT,AMZN,BTC-USD,GC=F,GOOGL,MSFT,AMZN,BTC-USD,GC=F,GOOGL,MSFT,AMZN,BTC-USD,GC=F,GOOGL,MSFT
Date,,,,,,,,,,,,,,,,,,,,,,,,,
2020-01-01,,7200.17431640625,,,,,7254.33056640625,,,,,7174.9443359375,,,,,7194.89208984375,,,,,18565664997.0,,,
2020-01-02,94.90049743652344,6985.47021484375,1524.5,67.8730239868164,152.15838623046875,94.90049743652344,7212.1552734375,1528.699951171875,67.8730239868164,152.2625919076215,93.2074966430664,6935.27001953125,1518.0,66.77262179859589,149.9890318942147,93.75,7202.55126953125,1518.0999755859375,66.86783552352698,150.4153225898607,80580000.0,20802083465.0,214.0,27278000.0,22622100.0
2020-01-03,93.74849700927734,7344.88427734375,1549.199951171875,67.51795959472656,150.2637481689453,94.30999755859375,7413.71533203125,1552.699951171875,68.12445054033702,151.5236842826628,93.2249984741211,6914.99609375,1530.0999755859375,66.81378055903824,149.7332517957889,93.2249984741211,6984.4287109375,1530.0999755859375,66.84750602902096,149.9795640082844,75288000.0,28111481032.0,107.0,23408000.0,21116200.0
2020-01-04,,7410.65673828125,,,,,7427.3857421875,,,,,7309.51416015625,,,,,7345.37548828125,,,,,18444271275.0,,,
2020-01-05,,7411.3173828125,,,,,7544.4970703125,,,,,7400.53564453125,,,,,7410.45166015625,,,,,19725074095.0,,,
2020-01-06,95.14399719238281,7769.21923828125,1566.199951171875,69.31759643554688,150.6521759033203,95.18450164794922,7781.8671875,1580.0,69.34288486446046,150.7184951877552,93.0,7409.29296875,1560.4000244140625,66.9962821053439,148.26492739771743,93.0,7410.4521484375,1580.0,67.02751808217074,148.80490629687822,81236000.0,23276261598.0,416.0,46768000.0,20813700.0
2020-01-07,95.34300231933594,8163.6923828125,1571.800048828125,69.1836929321289,149.27853393554688,95.69450378417969,8178.2158203125,1576.300048828125,69.59975639798446,151.2584272318134,94.60199737548828,7768.2275390625,1558.300048828125,69.00765007438353,149.03223619242732,95.2249984741211,7768.68212890625,1558.300048828125,69.44900196622598,150.92687424549183,80898000.0,28767291327.0,47.0,34330000.0,21634100.0
2020-01-08,94.59850311279297,8079.86279296875,1557.4000244140625,69.6761245727539,151.65625,95.55000305175781,8396.73828125,1604.199951171875,70.01383328257931,152.3288526495288,94.3219985961914,7956.7744140625,1552.300048828125,69.06071230813146,149.6289885229532,94.9020004272461,8161.935546875,1579.699951171875,69.16931180182212,150.55735681862677,70160000.0,31672559265.0,236.0,35314000.0,27746500.0
2020-01-09,95.05249786376953,7879.0712890625,1551.699951171875,70.40757751464844,153.55099487304688,95.89099884033203,8082.2958984375,1555.699951171875,70.84842998736566,153.6741510180603,94.79000091552734,7842.40380859375,1543.300048828125,69.93250016192401,152.5468386427896,95.49449920654297,8082.2958984375,1555.699951171875,70.51369507317621,153.31416502798822,63346000.0,24045990466.0,54.0,33200000.0,21385000.0
2020-01-10,94.15799713134766,8166.55419921875,1557.5,70.86231994628906,152.84048461914062,95.34700012207031,8166.55419921875,1558.800048828125,71.15887253591534,154.62144943814087,94.0,7726.77490234375,1545.4000244140625,70.39816153236073,152.68891006966302,95.26850128173828,7878.3076171875,1551.199951171875,70.88761594044897,154.2425275193915,57074000.0,28714583844.0,16.0,26258000.0,20725900.0
2020-01-11,,8037.53759765625,,,,,8218.359375,,,,,8029.64208984375,,,,,8162.19091796875,,,,,25521165085.0,,,
2020-01-12,,8192.494140625,,,,,8200.0634765625,,,,,8009.05908203125,,,,,8033.26171875,,,,,22903438381.0,,,
2020-01-13,94.56500244140625,8144.1943359375,1548.4000244140625,71.41128540039062,154.67828369140625,94.9000015258789,8197.7880859375,1558.0,71.48318564833806,154.70670211208954,94.04000091552734,8079.70068359375,1548.4000244140625,70.68429232295442,152.76469478737948,94.56549835205078,8189.77197265625,1557.4000244140625,71.17423856104631,153.23835440536027,55616000.0,22482910688.0,48.0,30730000.0,21626500.0
2020-01-14,93.47200012207031,8827.7646484375,1542.4000244140625,70.94314575195312,153.58885192871094,94.35549926757812,8879.51171875,1546.699951171875,71.54020830430976,154.98141217679571,92.92749786376953,8140.93310546875,1534.9000244140625,70.8032951709677,153.2004476244277,94.29399871826172,8140.93310546875,1546.699951171875,71.40978602242117,154.78246880352256,68818000.0,44841784107.0,32.0,26076000.0,23477400.0
2020-01-15,93.10099792480469,8807.0107421875,1552.0999755859375,71.37013244628906,154.58351135253906,93.94300079345703,8890.1171875,1553.9000244140625,71.44848723259247,155.3034830617299,92.75450134277344,8657.1875,1545.5999755859375,70.99622386006052,154.00566062481232,93.61250305175781,8825.34375,1548.0,71.06366724106702,154.05301501204548,57932000.0,40102834650.0,11.0,21550000.0,21417900.0
2020-01-16,93.89700317382812,8723.7861328125,1549.0,71.91363525390625,157.41600036621094,94.27950286865234,8846.4609375,1556.0999755859375,71.94041435124791,157.4823196362133,93.3010025024414,8612.095703125,1548.5,71.40979626083083,155.3887382345589,94.14949798583984,8812.4814453125,1555.699951171875,71.68006159560105,155.69188726038482,53190000.0,31313981931.0,98.0,26080000.0,23865400.0
2020-01-17,93.23600006103516,8929.0380859375,1558.800048828125,73.36959838867188,158.29702758789062,94.33200073242188,8958.1220703125,1558.800048828125,73.42067465653932,158.64753102974288,92.86250305175781,8677.31640625,1553.5999755859375,72.23051437982828,156.7149919685834,94.29450225830078,8725.2099609375,1554.0999755859375,72.52755882003636,158.60016218369577,79946000.0,36372139320.0,108.0,52424000.0,34371700.0
2020-01-18,,8942.80859375,,,,,9012.1982421875,,,,,8827.33203125,,,,,8927.2119140625,,,,,32337772627.0,,,
2020-01-19,,8706.2451171875,,,,,9164.3623046875,,,,,8620.080078125,,,,,8941.4453125,,,,,34217320471.0,,,
2020-01-20,,8657.642578125,,,,,8745.5908203125,,,,,8560.4736328125,,,,,8704.6318359375,,,,,26422375678.0,,,
2020-01-21,94.5999984741211,8745.89453125,1556.4000244140625,73.50498962402344,157.7286376953125,94.7135009765625,8755.7060546875,1566.199951171875,73.88336264250772,159.32960936368943,93.0,8544.5205078125,1551.0,72.90791936171401,157.66231841676765,93.25,8658.9912109375,1559.300048828125,73.34381561207009,157.89914820309696,74156000.0,24097418512.0,45.0,48930000.0,29517200.0
2020-01-22,94.37300109863281,8680.8759765625,1555.300048828125,73.58531188964844,156.9707794189453,95.125,8792.994140625,1557.0999755859375,74.41396566579424,158.66648878308445,94.16699981689453,8636.7470703125,1549.800048828125,73.5253143022731,156.95182898866327,94.80449676513672,8744.2109375,1549.800048828125,73.87591692725086,158.58121907428676,64326000.0,22600204051.0,42.0,28458000.0,24138800.0
2020-01-23,94.22899627685547,8406.515625,1564.5999755859375,73.62599182128906,157.93702697753906,94.4990005493164,8687.7470703125,1564.5999755859375,74.0628869450804,158.0128142331594,93.63800048828125,8333.6376953125,1552.199951171875,73.40928463624178,156.56341729990527,94.25550079345703,8680.650390625,1553.0999755859375,73.76782496757652,157.43494905712768,49692000.0,25770680779.0,15.0,26650000.0,19680800.0
2020-01-24,93.08200073242188,8445.4345703125,1571.0999755859375,72.70757293701172,156.34556579589844,94.74949645996094,8514.6669921875,1571.0999755859375,74.097581382054,158.70439597949334,92.37200164794922,8266.8408203125,1556.300048828125,72.559292859008,155.78665089637408,94.56849670410156,8405.5673828125,1556.300048828125,74.02914675123824,158.68544554672874,75324000.0,24397913026.0,43.0,29786000.0,24918100.0
2020-01-25,,8367.84765625,,,,,8458.453125,,,,,8296.21875,,,,,8440.119140625,,,,,19647331549.0,,,
2020-01-26,,8596.830078125,,,,,8602.4013671875,,,,,8325.498046875,,,,,8364.41015625,,,,,22177678796.0,,,
2020-01-27,91.41699981689453,8909.8193359375,1576.800048828125,70.99968719482422,153.73095703125,92.05000305175781,8977.7265625,1584.5,71.24019965615449,154.77301392246096,90.76699829101562,8597.30859375,1576.800048828125,70.3931962623692,151.76053138101526,91.0,8597.30859375,1584.300048828125,70.99026646132236,152.66048172072817,70570000.0,28647338393.0,22.0,34132000.0,32078100.0
2020-01-28,92.6624984741211,9358.58984375,1569.199951171875,71.93048858642578,156.7434539794922,92.90550231933594,9358.58984375,1576.4000244140625,72.14372252373562,157.02763819872118,91.5009994506836,8908.447265625,1569.199951171875,70.93173956635746,154.47936148498258,92.0250015258789,8912.5244140625,1576.4000244140625,71.49607551541948,155.1519500770846,56160000.0,34398744403.0,3.0,29724000.0,24899900.0
2020-01-29,92.9000015258789,9316.6298828125,1569.800048828125,72.23795318603516,159.1875,93.73750305175781,9406.431640625,1569.800048828125,72.60690544755049,159.86010294143955,92.7509994506836,9269.4677734375,1569.800048828125,71.67709035915647,156.96130872089228,93.19999694824219,9357.470703125,1569.800048828125,72.32522928653594,158.99803906528018,41760000.0,30682598115.0,251274.0,21566000.0,34754500.0
2020-01-30,93.53399658203125,9508.9931640625,1583.5,72.11646270751953,163.67779541015625,93.64350128173828,9553.1259765625,1585.0,72.1660483074748,164.88089473268496,92.53050231933594,9230.8974609375,1571.4000244140625,71.16185099783613,161.7926251689453,92.9000015258789,9316.0166015625,1576.800048828125,71.3155792213507,164.88089473268496,126548000.0,32378792851.0,62336.0,27110000.0,51597500.0
2020-01-31,100.43599700927734,9350.529296875,1582.9000244140625,71.0517578125,161.2621307373047,102.78600311279297,9521.7060546875,1589.0,72.88113570169328,163.31781150569444,100.1135025024414,9230.7763671875,1570.0,70.76809913606537,160.6463790875127,102.57350158691406,9508.3134765625,1573.4000244140625,72.79137767304688,163.1378330139446,311346000.0,29432489719.0,1095.0,43822000.0,36142700.0
2020-02-01,,9392.875,,,,,9439.3232421875,,,,,9313.2392578125,,,,,9346.357421875,,,,,25922656496.0,,,
2020-02-02,,9344.365234375,,,,,9468.7978515625,,,,,9217.82421875,,,,,9389.8203125,,,,,30835736946.0,,,
2020-02-03,100.20999908447266,9293.521484375,1577.199951171875,73.52233123779297,165.19354248046875,102.42500305175781,9540.3720703125,1593.300048828125,73.70581988228172,165.3072161697308,100.01249694824219,9248.6337890625,1568.199951171875,72.23348411673724,161.4232012972318,100.52999877929688,9344.68359375,1592.9000244140625,72.4834173068673,161.45161971954732,117834000.0,30934096509.0,1062.0,71636000.0,30107000.0
2020-02-04,102.4834976196289,9180.962890625,1550.4000244140625,71.6780776977539,170.6311492919922,102.98999786376953,9331.265625,1577.699951171875,72.76558597572388,171.12375938000062,100.76850128173828,9112.8115234375,1547.800048828125,70.51866160482743,167.02186503790605,101.49400329589844,9292.841796875,1577.699951171875,72.12835848746417,167.80814179887963,105786000.0,29893183716.0,978.0,95880000.0,36433300.0
2020-02-05,101.99349975585938,9613.423828125,1557.800048828125,71.70980834960938,170.42271423339844,103.5510025024414,9701.2998046875,1560.699951171875,72.62871192281361,174.4961895872338,101.5999984741211,9163.7041015625,1547.699951171875,70.89802115663437,169.01121791022703,103.5510025024414,9183.416015625,1553.199951171875,72.5806094341786,174.33514706166798,87524000.0,35222060874.0,1305.0,36376000.0,39186300.0
2020-02-06,102.5114974975586,9729.8017578125,1565.0999755859375,73.19356536865234,173.95619201660156,102.81500244140625,9824.619140625,1565.5999755859375,73.47077712052415,174.13618493879304,101.23999786376953,9539.818359375,1551.5999755859375,71.92951458765228,170.5742562594861,102.0510025024414,9617.8212890625,1553.5999755859375,72.00389677738615,171.4363200158027,63660000.0,37628823716.0,110.0,37822000.0,27751400.0
2020-02-07,103.96399688720703,9795.943359375,1568.5999755859375,73.34925842285156,174.2025604248047,104.92649841308594,9834.716796875,1571.9000244140625,73.65374104853788,175.85090135181798,101.90499877929688,9726.0029296875,1560.5,72.66987603102721,172.8668366281705,102.09950256347656,9726.0029296875,1564.9000244140625,72.7680635245262,173.21735462856637,101906000.0,34522718159.0,431.0,28360000.0,33529100.0
2020-02-08,,9865.119140625,,,,,9876.7490234375,,,,,9678.91015625,,,,,9793.0703125,,,,,35172043762.0,,,
2020-02-09,,10116.673828125,,,,,10129.435546875,,,,,9850.392578125,,,,,9863.89453125,,,,,35807884663.0,,,
2020-02-10,106.69550323486328,9856.611328125,1574.699951171875,74.81465911865234,178.7590789794922,106.77999877929688,10165.765625,1574.699951171875,74.82557052333453,178.891703051331,104.24800109863281,9784.5634765625,1568.5999755859375,73.15537648833067,173.59619370834915,104.25050354003906,10115.5595703125,1569.300048828125,73.25604592514885,173.90881068945626,101124000.0,39386548075.0,128.0,38302000.0,35844300.0
2020-02-11,107.54000091552734,10208.236328125,1565.5999755859375,74.88408660888672,174.72349548339844,109.29750061035156,10210.052734375,1571.0999755859375,75.86696810584262,180.65370643255912,106.80000305175781,9729.3349609375,1561.9000244140625,74.65547678552417,173.83301342879315,107.54499816894531,9855.8916015625,1570.9000244140625,75.04327053759313,180.60633759785776,114920000.0,37648059389.0,440.0,34852000.0,53159900.0
2020-02-12,108.0,10326.0546875,1567.4000244140625,75.30908203125,174.97933959960938,109.01249694824219,10393.611328125,1568.699951171875,75.39189369571822,176.05928293291046,107.7645034790039,10202.3876953125,1561.0,74.81516311800998,172.2700060504583,108.16000366210938,10202.3876953125,1565.199951171875,75.17171334002595,175.8035026959606,66686000.0,43444303830.0,36.0,31042000.0,47062900.0
2020-02-13,107.49349975585938,10214.3798828125,1575.0999755859375,75.0492172241211,174.03204345703125,108.51399993896484,10457.626953125,1575.0999755859375,75.67206769006663,176.4192778019826,107.0999984741211,10116.1611328125,1570.199951171875,74.58356058636251,173.23628422043473,107.24949645996094,10323.9609375,1570.199951171875,74.88110442539049,173.4352276433204,60636000.0,49356071373.0,74.0,22914000.0,35295800.0
2020-02-14,106.74349975585938,10312.1162109375,1582.699951171875,75.31403350830078,175.5855712890625,107.9520034790039,10321.99609375,1582.699951171875,75.379494369369,175.64240811266504,106.29450225830078,10125.5341796875,1574.800048828125,74.66043128930994,173.02779858742983,107.78399658203125,10211.55078125,1575.800048828125,75.10575582931537,173.59619573333484,52124000.0,43338264162.0,68.0,23198000.0,23149500.0
2020-02-15,,9889.4248046875,,,,,10341.5556640625,,,,,9874.427734375,,,,,10313.8564453125,,,,,43865054831.0,,,
2020-02-16,,9934.43359375,,,,,10053.96875,,,,,9722.38671875,,,,,9889.1796875,,,,,43374780305.0,,,
2020-02-17,,9690.142578125,,,,,9938.8154296875,,,,,9507.6376953125,,,,,9936.560546875,,,,,45998298413.0,,,
2020-02-18,107.78350067138672,10141.99609375,1600.0,75.3492431640625,177.36656188964844,108.30349731445312,10161.935546875,1604.300048828125,75.90068528400265,177.81180305026547,106.20549774169922,9632.3828125,1579.800048828125,74.93119712969819,175.727703793834,106.2509994506836,9691.23046875,1579.800048828125,75.09633617170891,175.83190947940273,58912000.0,47271023953.0,310.0,25642000.0,27792200.0
2020-02-19,108.51100158691406,9633.38671875,1607.5,75.61851501464844,177.89849853515625,109.25499725341797,10191.67578125,1610.5,75.90961191518042,178.75340863724387,108.05599975585938,9611.2236328125,1599.699951171875,75.42561318763357,177.12907654439266,108.38999938964844,10143.798828125,1600.5999755859375,75.73406088600595,178.63942448881184,51224000.0,46992019710.0,542.0,22746000.0,29997500.0
2020-02-20,107.65499877929688,9608.4755859375,1616.5999755859375,75.22775268554688,175.1818084716797,108.8395004272461,9643.216796875,1621.0,75.7276191418421,177.87004642669885,106.37249755859375,9507.900390625,1603.0,74.59646508766922,172.0281254659961,108.65350341796875,9629.3251953125,1606.5,75.32792271504182,177.58507149081467,62626000.0,44925260237.0,117.0,25962000.0,36862400.0
2020-02-21,104.79850006103516,9686.44140625,1644.5999755859375,73.56498718261719,169.6438446044922,107.22750091552734,9723.0146484375,1645.0,74.92822421575049,174.30789026966164,104.4000015258789,9589.7431640625,1619.300048828125,73.31852714783577,168.37097302614455,107.10749816894531,9611.7822265625,1619.300048828125,74.61233071932669,173.99441929987273,92926000.0,40930547513.0,186.0,42520000.0,48572600.0
2020-02-22,,9663.181640625,,,,,9698.2314453125,,,,,9600.728515625,,,,,9687.70703125,,,,,35838025154.0,,,
2020-02-23,,9924.515625,,,,,9937.404296875,,,,,9657.791015625,,,,,9663.318359375,,,,,41185185761.0,,,
2020-02-24,100.4645004272461,9650.1748046875,1672.4000244140625,70.41105651855469,162.3295440673828,101.96499633789062,9951.74609375,1686.5999755859375,71.23028967425653,165.80620582569023,99.39849853515625,9537.04296875,1650.0,69.76291752799771,155.05325577394382,100.15899658203125,9921.5830078125,1657.0,70.56924919541633,159.36584000819616,130940000.0,45080496648.0,435.0,49560000.0,68311100.0
2020-02-25,98.63700103759766,9341.705078125,1646.9000244140625,68.747802734375,159.65081787109375,101.7300033569336,9652.7373046875,1653.699951171875,71.25358934741597,166.0816754656081,97.9209976196289,9305.021484375,1632.300048828125,68.45522273304678,159.25184432237913,101.32099914550781,9651.3125,1645.0999755859375,70.96349127440813,165.4737357884397,124382000.0,42515259129.0,409.0,51580000.0,68073300.0
2020-02-26,98.97949981689453,8820.5224609375,1640.0,68.95359802246094,161.64561462402344,100.7334976196289,9354.7783203125,1648.0999755859375,70.10409286099708,164.58082272532707,98.02249908447266,8704.4267578125,1636.4000244140625,68.26330414608108,159.7838056869428,98.51399993896484,9338.2900390625,1644.0,69.17725154343258,161.20866567721743,104492000.0,50420050762.0,1990.0,49776000.0,56206100.0
2020-02-27,94.21499633789062,8784.494140625,1640.0,65.20855712890625,150.25621032714844,98.75,8932.892578125,1658.0,67.90874408927081,158.66288904796488,94.13800048828125,8577.19921875,1638.5,65.1733485505735,150.06623191703775,96.71900177001953,8825.09375,1641.0999755859375,67.39994872991234,155.1387438829772,162880000.0,45470195695.0,707.0,62290000.0,93174900.0
2020-02-28,94.1875,8672.455078125,1564.0999755859375,66.41358947753906,153.8943634033203,94.48799896240234,8890.4560546875,1642.5,66.5722739739755,155.50921622258826,90.55650329589844,8492.9326171875,1564.0999755859375,62.89070436777219,144.38580353335962,90.73149871826172,8788.728515625,1640.300048828125,63.193204492422396,144.7752687189207,189620000.0,44605450443.0,289.0,80198000.0,97012700.0
2020-02-29,,8599.5087890625,,,,,8775.6318359375,,,,,8599.5087890625,,,,,8671.212890625,,,,,35792392544.0,,,
2020-03-01,,8562.4541015625,,,,,8726.796875,,,,,8471.212890625,,,,,8599.7587890625,,,,,35349164300.0,,,
2020-03-02,97.69750213623047,8869.669921875,1592.300048828125,68.747802734375,164.13433837890625,97.72550201416016,8921.30859375,1608.300048828125,68.80482655090657,164.25783086258915,93.5,8532.630859375,1574.300048828125,65.71685370908082,154.17932227965255,95.32450103759766,8563.2646484375,1583.9000244140625,67.01562107182778,157.02904179044228,135234000.0,42857674409.0,537.0,55430000.0,71030800.0
2020-03-03,95.44950103759766,8787.7861328125,1642.0999755859375,66.33771514892578,156.26913452148438,99.81649780273438,8901.5986328125,1645.300048828125,69.83233041381229,166.23366029061174,94.40450286865234,8704.990234375,1594.0,65.91718724409012,154.13184460346224,98.76850128173828,8865.3876953125,1594.5,69.31114065170213,165.09377523321822,150690000.0,42386715821.0,610.0,56602000.0,71677000.0
2020-03-04,98.79149627685547,8755.24609375,1641.0999755859375,68.51373291015625,162.0065460205078,98.9000015258789,8843.3662109375,1645.9000244140625,68.57224739337018,162.1490261885452,96.0999984741211,8712.431640625,1631.300048828125,66.30200954107818,157.32349974057868,97.32849884033203,8788.5419921875,1645.4000244140625,67.3910084911232,160.04974107587717,95458000.0,34746706368.0,83.0,47598000.0,49814400.0
2020-03-05,96.20149993896484,9078.7626953125,1666.4000244140625,65.19911193847656,157.94093322753906,98.03600311279297,9142.0546875,1672.9000244140625,67.12668440177893,162.31049375069702,95.5,8757.25390625,1637.199951171875,64.54849125176536,157.38998580397163,96.6500015258789,8760.28515625,1637.300048828125,66.72598928944154,157.73195267051622,94964000.0,39698054597.0,154.0,54380000.0,47817300.0
2020-03-06,95.05449676513672,9122.5458984375,1670.800048828125,64.25592803955078,153.4763946533203,95.54350280761719,9167.6953125,1686.199951171875,64.6035493381855,154.93924423326555,93.4749984741211,9032.0791015625,1647.199951171875,62.34521781036266,148.18540868091614,93.75,9078.30859375,1670.800048828125,62.9769971984103,154.4642910003139,105472000.0,40826885651.0,175.0,64640000.0,72821100.0
2020-03-07,,8909.9541015625,,,,,9163.220703125,,,,,8890.744140625,,,,,9121.6005859375,,,,,36216930370.0,,,
2020-03-08,,8108.1162109375,,,,,8914.34375,,,,,8105.2529296875,,,,,8908.2060546875,,,,,39973102121.0,,,
2020-03-09,90.03050231933594,7923.64453125,1674.5,60.291194915771484,143.07493591308594,93.13849639892578,8177.79345703125,1701.5999755859375,62.12305473019572,149.84777500974567,88.06449890136719,7690.09814453125,1657.699951171875,59.410969211683664,142.48599842448084,88.69300079345703,8111.146484375,1696.0999755859375,59.75413363170908,143.43590508064403,156264000.0,46936995808.0,161.0,69252000.0,70419300.0
2020-03-10,94.59100341796875,7909.7294921875,1659.0999755859375,63.23585510253906,152.85899353027344,94.7135009765625,8136.9453125,1674.5999755859375,63.26957678968302,152.96348385327482,90.90850067138672,7814.76318359375,1643.0,60.22771640855486,144.93677465901976,93.54399871826172,7922.14697265625,1671.5999755859375,62.20537437076088,150.23725610009342,142666000.0,42213940994.0,48.0,54872000.0,65354400.0
2020-03-11,91.04299926757812,7911.43017578125,1641.4000244140625,60.04869842529297,145.9341278076172,93.56600189208984,7950.814453125,1666.5,62.33133476819371,149.80023939633622,90.07499694824219,7642.8125,1635.0,59.06879829263046,143.57834945221603,92.89250183105469,7910.08984375,1656.5999755859375,61.901885489595976,149.25880027453712,112496000.0,38682762605.0,47.0,54732000.0,56371600.0
2020-03-12,83.83049774169922,4970.7880859375,1589.300048828125,55.121917724609375,132.093994140625,88.25,7929.1162109375,1647.5,58.95027701384307,145.78215013607596,83.75,4860.35400390625,1566.4000244140625,54.96918076424431,131.6380430840003,86.0989990234375,7913.6162109375,1637.0,55.67088167650658,138.0214158544372,226924000.0,53980357243.0,256.0,94326000.0,93226400.0
2020-03-13,89.25,5563.70703125,1515.699951171875,60.2158203125,150.87368774414062,89.31549835205078,5838.11474609375,1589.800048828125,60.2222672728443,153.799402213402,84.03099822998047,4106.98095703125,1513.800048828125,55.15861501655473,133.68037012437767,87.75,5017.8310546875,1574.9000244140625,58.26791891565671,140.11124274828052,176194000.0,74156772075.0,89.0,79400000.0,92727400.0
2020-03-14,,5200.3662109375,,,,,5625.2265625,,,,,5125.0693359375,,,,,5573.07763671875,,,,,36154506008.0,,,
2020-03-15,,5392.31494140625,,,,,5836.64501953125,,,,,5169.283203125,,,,,5201.06689453125,,,,,33997889639.0,,,
2020-03-16,84.4574966430664,5014.47998046875,1485.9000244140625,53.21022033691406,128.6363525390625,87.97250366210938,5385.2294921875,1569.0999755859375,56.804014722190885,141.8685592719839,81.30149841308594,4575.35791015625,1452.0999755859375,52.91664529324998,128.23739349861998,82.07550048828125,5385.2294921875,1569.0999755859375,54.03391030090798,132.98692659116145,178346000.0,45368026430.0,193.0,96520000.0,87905900.0
2020-03-17,90.39199829101562,5225.62939453125,1524.9000244140625,55.44475173950195,139.2278289794922,92.88899993896484,5371.3486328125,1537.699951171875,55.838496815004454,140.1112352341527,84.46199798583984,4981.9091796875,1469.300048828125,52.02501762640033,128.23740173973297,88.77349853515625,5002.578125,1469.300048828125,54.084991706538645,132.98693513750086,218342000.0,38622642935.0,122.0,83194000.0,81059800.0
2020-03-18,91.5,5238.4384765625,1477.300048828125,54.11226272583008,133.36688232421875,92.08300018310547,5331.833984375,1542.0,54.79660524805218,138.68636514109926,87.25,5069.3359375,1477.300048828125,51.424970078900834,128.25639461563904,87.5,5227.11376953125,1537.5,52.56257095894629,131.08711225665544,192904000.0,37878801016.0,333.0,93044000.0,81593200.0
2020-03-19,94.04650115966797,6191.19287109375,1478.5999755859375,55.12786865234375,135.56117248535156,97.25,6329.73583984375,1491.5999755859375,57.15808978102262,142.6284651649305,91.63249969482422,5236.96875,1471.0,52.34487034827302,132.0370127460227,93.0,5245.41650390625,1481.5,53.96497931020589,135.61816456023482,207998000.0,51000731797.0,262.0,74064000.0,85922700.0
2020-03-20,92.30449676513672,6198.7783203125,1484.0,52.972679138183594,130.46966552734375,97.8499984741211,6844.26171875,1484.0,56.45737823212612,139.7312540410922,91.0364990234375,5865.78173828125,1483.5,52.66968337475193,129.05429960314783,96.31549835205078,6191.65380859375,1483.5,56.08148339433845,138.6863510776693,196358000.0,54442976103.0,14.0,82878000.0,84866200.0
2020-03-21,,6185.06640625,,,,,6378.13525390625,,,,,5932.8232421875,,,,,6206.521484375,,,,,42494390880.0,,,
2020-03-22,,5830.2548828125,,,,,6359.697265625,,,,,5823.7138671875,,,,,6185.55810546875,,,,,40099664740.0,,,
2020-03-23,95.1415023803711,6416.31494140625,1567.0,52.27445602416992,129.16830444335938,95.97000122070312,6443.9345703125,1567.0,52.90821796189328,133.52838705805826,90.5999984741211,5785.00439453125,1490.199951171875,50.03000577141187,125.88163549437337,91.38749694824219,5831.37451171875,1505.300048828125,52.38553745507887,130.14670715023314,156170000.0,46491916000.0,51.0,83672000.0,78975200.0
2020-03-24,97.00499725341797,6734.8037109375,1660.199951171875,56.037353515625,140.90914916992188,97.75,6789.02294921875,1685.5,56.20199314271335,142.10604082694735,95.01699829101562,6411.06640625,1592.699951171875,53.87621437902263,134.19331668258258,97.57499694824219,6436.642578125,1592.699951171875,54.7465237525493,136.5490811192796,142942000.0,48221910672.0,442.0,72468000.0,82516700.0
2020-03-25,94.29199981689453,6681.06298828125,1632.300048828125,54.629493713378906,139.56028747558594,97.51300048828125,6892.51123046875,1676.5,56.83873167265164,146.59909944242216,94.28900146484375,6536.92626953125,1631.0999755859375,53.706621136908296,137.20452297118143,96.03450012207031,6738.716796875,1676.5,55.76808219769024,141.4506069839255,129582000.0,44590107888.0,476.0,90324000.0,75638200.0
2020-03-26,97.77449798583984,6716.4404296875,1650.0999755859375,57.66936111450195,148.28988647460938,97.82450103759766,6735.4638671875,1660.5,58.093854072789966,148.81233788571038,94.4645004272461,6590.962890625,1650.0999755859375,54.153917901971255,140.9376058301492,95.0999984741211,6675.1708984375,1660.5,55.279116700352446,140.96610186217097,124426000.0,35319797642.0,3.0,76562000.0,64568100.0
2020-03-27,95.00499725341797,6469.79833984375,1623.9000244140625,55.057952880859375,142.2010040283203,96.989501953125,6793.83642578125,1623.9000244140625,57.08073600268679,147.13102121684818,94.99600219726562,6466.70166015625,1623.9000244140625,54.74751885679274,141.7260507653704,96.54299926757812,6719.38916015625,1623.9000244140625,55.91139957838692,144.14831530529963,107758000.0,34585598367.0,100638.0,62794000.0,57042300.0
2020-03-28,,6242.19384765625,,,,,6467.5009765625,,,,,6117.837890625,,,,,6467.25390625,,,,,34885225901.0,,,
2020-03-29,,5922.04296875,,,,,6250.46728515625,,,,,5920.0859375,,,,,6245.62451171875,,,,,28373690931.0,,,
2020-03-30,98.19750213623047,6429.841796875,1622.0,56.845672607421875,152.20350646972656,98.68150329589844,6517.19580078125,1652.800048828125,57.07825124528936,152.55498171253677,95.61699676513672,5903.234375,1607.199951171875,54.47427322697181,142.49546138832392,96.1415023803711,5925.53857421875,1641.199951171875,56.16777698755777,144.8037415996008,122522000.0,37101651525.0,16389.0,58736000.0,63420300.0
2020-03-31,97.48600006103516,6438.64453125,1583.4000244140625,57.62125778198242,149.8097686767578,99.6510009765625,6504.51513671875,1621.0,58.18906316864204,156.52560046154846,97.20050048828125,6374.162109375,1576.0,56.370097362055304,148.71736744542542,98.21749877929688,6430.6064453125,1618.699951171875,56.96567688694709,151.41509857414286,102472000.0,32786468812.0,2874.0,65228000.0,77927200.0
2020-04-01,95.38500213623047,6606.7763671875,1578.199951171875,54.653289794921875,144.4903106689453,97.24800109863281,6612.57373046875,1600.0,56.008093464132045,149.8477839495516,94.6500015258789,6202.37353515625,1570.0,54.22631868304361,143.26493738693705,96.64849853515625,6437.3193359375,1570.0,55.73931501110959,145.33572706359047,82438000.0,40346426266.0,2158.0,51970000.0,57969900.0
2020-04-02,95.94149780273438,6793.62451171875,1625.699951171875,55.393672943115234,147.48251342773438,96.37650299072266,7088.24755859375,1631.199951171875,55.6783190924219,147.69149406752848,94.5,6595.91845703125,1586.0,54.208468955289,142.82797625652344,95.08200073242188,6606.7763671875,1590.9000244140625,54.549151445625526,144.25283634906882,86720000.0,47660646124.0,1294.0,56410000.0,49630700.0
2020-04-03,95.32949829101562,6733.38720703125,1633.699951171875,54.1871452331543,146.1241455078125,96.31649780273438,7003.220703125,1636.0,55.480952582798494,149.4963171018683,94.4574966430664,6673.3359375,1619.800048828125,53.31337022040269,144.5662991410881,95.55750274658203,6797.396484375,1624.5,55.278626230732584,147.33053104311554,72198000.0,38976504903.0,643.0,51374000.0,41243300.0
2020-04-04,,6867.52734375,,,,,6878.95361328125,,,,,6696.48486328125,,,,,6738.3828125,,,,,33185988584.0,,,
2020-04-05,,6791.12939453125,,,,,6883.4140625,,,,,6715.92919921875,,,,,6862.53759765625,,,,,29510409856.0,,,
2020-04-06,99.87950134277344,7271.78125,1677.0,58.67455291748047,156.9910888671875,99.9260025024414,7271.78125,1696.699951171875,59.04945270981069,158.1594700832369,96.5009994506836,6782.8896484375,1625.9000244140625,55.7889027932641,149.68630381570637,96.80000305175781,6788.0498046875,1629.0999755859375,56.18562539316482,152.28905346630089,115464000.0,46896904615.0,1063.0,63320000.0,67111700.0
2020-04-07,100.58000183105469,7176.41455078125,1664.800048828125,58.643310546875,155.3002166748047,101.78600311279297,7427.939453125,1724.4000244140625,60.5386486628773,161.48410268308842,99.88099670410156,7136.71435546875,1658.0,58.37998779819019,155.08172774695498,100.85549926757812,7273.64404296875,1695.699951171875,60.35169060850497,161.09463754501482,102280000.0,44243482668.0,1144.0,61620000.0,62769000.0
2020-04-08,102.1500015258789,7334.0986328125,1665.4000244140625,59.85529708862305,156.8580780029297,102.19999694824219,7356.2236328125,1677.0,60.24705964616023,158.32092775680474,100.55750274658203,7153.3056640625,1662.5,58.71224421750471,155.30972564119622,101.05000305175781,7179.283203125,1669.699951171875,59.66189584651864,157.3710211779595,79546000.0,37563249549.0,747.0,40334000.0,48318200.0
2020-04-09,102.13800048828125,7302.08935546875,1736.199951171875,59.83397674560547,156.86758422851562,102.6500015258789,7341.4482421875,1736.199951171875,60.59865664780215,158.98587200804732,100.88300323486328,7179.09423828125,1662.699951171875,59.13227577921186,155.14825550424828,102.21499633789062,7337.96630859375,1662.699951171875,60.40971984039294,158.02647150570388,92930000.0,34815139178.0,825.0,54028000.0,51385100.0
2020-04-10,,6865.4931640625,,,,,7303.8154296875,,,,,6802.47509765625,,,,,7303.8154296875,,,,,43622840992.0,,,
2020-04-11,,6859.0830078125,,,,,6926.06982421875,,,,,6789.9208984375,,,,,6867.4404296875,,,,,31222085946.0,,,
2020-04-12,,6971.091796875,,,,,7119.947265625,,,,,6811.078125,,,,,6858.06787109375,,,,,35759567632.0,,,
2020-04-13,108.44349670410156,6845.03759765625,1744.800048828125,60.02439880371094,157.2190399169922,109.0,6965.61669921875,1756.800048828125,60.228215813461446,157.2760464896753,101.9000015258789,6668.259765625,1710.699951171875,58.63190840184953,154.1698477747721,102.0,6965.61669921875,1722.0,59.582551251526766,156.11715925033957,134334000.0,38619308647.0,696.0,38702000.0,41905300.0
2020-04-14,114.16600036621094,6842.427734375,1756.699951171875,62.74293518066406,164.99879455566406,114.5999984741211,6958.55712890625,1775.0,63.2646206472992,165.04629279060418,109.31050109863281,6793.8212890625,1739.5,60.92346976589179,159.58432914429642,110.02349853515625,6843.28173828125,1756.800048828125,61.49028773908295,160.5342358653934,161744000.0,34110434052.0,675.0,63358000.0,52874300.0
2020-04-15,115.38400268554688,6642.10986328125,1727.199951171875,62.34967803955078,163.2699432373047,116.66850280761719,6928.66455078125,1744.9000244140625,63.23287746103691,164.8752876336318,112.25,6633.40283203125,1722.699951171875,61.19422699271191,160.76219051302303,112.88400268554688,6845.5615234375,1739.4000244140625,61.81459930556667,162.62399924309832,137332000.0,32288311031.0,642.0,42236000.0,40940800.0
2020-04-16,120.40950012207031,7116.80419921875,1720.4000244140625,62.35612487792969,168.1714324951172,123.05000305175781,7134.45068359375,1750.5999755859375,63.14609692046677,168.3994152624169,116.75,6555.50439453125,1715.0,61.40250825663297,164.23882034933587,117.30000305175781,6640.4541015625,1731.0,62.837645447215486,165.5686980836176,240764000.0,46783242377.0,162.0,57896000.0,50479600.0
2020-04-17,118.75,7096.1845703125,1689.199951171875,63.425785064697266,169.65335083007812,120.0,7167.18310546875,1725.0,63.971275807142504,170.9832144782494,115.8010025024414,7050.33203125,1684.9000244140625,62.78111177962652,167.06009497450415,118.61650085449219,7116.552734375,1715.699951171875,63.55967676795776,170.5082611046987,158600000.0,32513423567.0,223.0,51050000.0,52765600.0
2020-04-18,,7257.6650390625,,,,,7269.95654296875,,,,,7089.2470703125,,,,,7092.29150390625,,,,,32447188386.0,,,
2020-04-19,,7189.4248046875,,,,,7280.52197265625,,,,,7167.0546875,,,,,7260.92236328125,,,,,31311210215.0,,,
2020-04-20,119.68049621582031,6881.95849609375,1701.5999755859375,62.54060363769531,166.29063415527344,122.2490005493164,7240.29052734375,1701.5999755859375,63.31768179285646,169.795791556013,119.30249786376953,6835.5029296875,1680.0,62.307033746712925,166.22414823554044,119.49749755859375,7186.87353515625,1686.0,62.97402173117988,167.781994358711,115414000.0,37747113936.0,106.0,35292000.0,36669600.0
2020-04-21,116.40599822998047,6880.3232421875,1678.199951171875,60.11117935180664,159.41336059570312,121.41549682617188,6934.5517578125,1707.0999755859375,61.98766835322001,164.97030648601222,113.98300170898438,6834.4423828125,1659.9000244140625,59.75611229250409,157.7890136465808,120.83049774169922,6879.7841796875,1697.0,61.62615811769642,164.808824074953,149534000.0,32589741511.0,666.0,49648000.0,56203700.0
2020-04-22,118.17449951171875,7117.20751953125,1728.699951171875,62.40472412109375,164.82778930664062,119.69999694824219,7145.86572265625,1728.699951171875,63.46942212095462,165.2837403941168,117.55000305175781,6867.78173828125,1684.800048828125,61.352916257316856,162.2630445097546,118.44999694824219,6879.4404296875,1696.0,61.54681311207686,162.80448370842808,84244000.0,33249153866.0,453.0,46296000.0,34620200.0
2020-04-23,119.97250366210938,7429.724609375,1733.300048828125,63.03749084472656,162.83297729492188,121.21099853515625,7491.78515625,1745.0999755859375,63.879534159122194,166.29063651962912,119.10399627685547,7081.5947265625,1733.300048828125,62.50985410412235,162.34853017767068,119.9990005493164,7121.30615234375,1734.0,62.76821677257481,165.38822820580504,101332000.0,43500782316.0,482.0,34202000.0,32790800.0
2020-04-24,120.51100158691406,7550.90087890625,1723.5,63.30677032470703,165.8062286376953,121.02149963378906,7574.19580078125,1744.0,63.361815406709226,165.81572248734633,119.0999984741211,7434.181640625,1714.5,61.69013080899274,162.1585901407804,120.8499984741211,7434.181640625,1744.0,62.23562155598527,163.44095557616316,76498000.0,34636526286.0,221.0,37402000.0,34277600.0
2020-04-25,,7569.93603515625,,,,,7641.36376953125,,,,,7521.67236328125,,,,,7550.48291015625,,,,,32941541447.0,,,
2020-04-26,,7679.8671875,,,,,7700.59423828125,,,,,7561.40771484375,,,,,7570.13916015625,,,,,33070154491.0,,,
2020-04-27,118.80000305175781,7795.60107421875,1711.9000244140625,63.02212142944336,165.33123779296875,122.24400329589844,7795.60107421875,1731.9000244140625,64.1745987676371,168.03846276162992,118.1500015258789,7679.4189453125,1711.9000244140625,62.73449772386327,164.61880788104367,122.16000366210938,7679.4189453125,1731.9000244140625,64.07045614945028,167.74399405047532,112912000.0,36162144725.0,169.0,44186000.0,33194400.0
2020-04-28,115.7040023803711,7807.05859375,1710.5,61.124305725097656,161.30361938476562,118.67500305175781,7814.52734375,1716.5999755859375,63.711420702689196,166.87007201792395,115.30000305175781,7730.806640625,1707.0999755859375,61.0147111939967,160.9046603967209,118.6050033569336,7796.97021484375,1716.5999755859375,63.634064753405866,166.7940777590931,105388000.0,33187959921.0,1255.0,80700000.0,34392700.0
2020-04-29,118.635498046875,8801.0380859375,1703.4000244140625,66.55889129638672,168.54193115234375,119.59449768066406,8871.75390625,1713.5,67.45002460634528,168.77940781653479,115.5,7786.04931640625,1702.0,65.7927245869815,163.2699608028428,116.50050354003906,7806.71240234375,1710.0,66.6987343327068,164.54283224424475,91832000.0,60201052203.0,373.0,108358000.0,51286600.0
2020-04-30,123.69999694824219,8658.5537109375,1684.199951171875,66.78304290771484,170.2327423095703,123.75,9440.650390625,1719.300048828125,66.9466912833189,171.36311881657866,119.80049896240234,8533.255859375,1680.800048828125,65.53336921837345,167.40201063550006,120.99199676513672,8797.669921875,1719.300048828125,66.02233182914512,170.98316203205408,190692000.0,66964629541.0,327.0,55842000.0,53875900.0
2020-05-01,114.302001953125,8864.7666015625,1694.5,65.32606506347656,165.82521057128906,118.12200164794922,9048.0234375,1701.5,67.01758966464936,169.69132309324073,112.90950012207031,8667.763671875,1670.5,64.94620903970105,165.29325067285902,116.83999633789062,8672.7822265625,1686.5999755859375,65.66179120018717,166.9935916904016,195452000.0,44068389997.0,337.0,48872000.0,39370500.0
2020-05-02,,8988.5966796875,,,,,9007.1875,,,,,8811.3662109375,,,,,8869.0576171875,,,,,40134388683.0,,,
2020-05-03,,8897.46875,,,,,9167.78125,,,,,8830.9716796875,,,,,8983.6142578125,,,,,47101785174.0,,,
2020-05-04,115.79949951171875,8912.654296875,1706.9000244140625,65.60279083251953,169.8812713623047,116.3489990234375,8956.90625,1709.0,65.68065376658639,170.03325987772834,112.81900024414062,8645.0244140625,1699.5999755859375,64.26931430979212,165.09374908184085,112.81900024414062,8895.7451171875,1702.5999755859375,64.87034957246755,165.74918687198553,97318000.0,45718796276.0,320.0,30806000.0,30372900.0
2020-05-05,115.88999938964844,9003.0703125,1704.4000244140625,66.8980712890625,171.70509338378906,117.55000305175781,9062.4150390625,1704.4000244140625,67.98856075253813,174.45032258360467,115.35649871826172,8856.8271484375,1697.199951171875,66.20431193209996,170.8881732156213,117.0,8912.83203125,1701.5,66.3267965827604,171.57210705382792,64850000.0,43148462663.0,82.0,39666000.0,36839200.0
2020-05-06,117.56300354003906,9268.76171875,1684.199951171875,66.72005462646484,173.39593505859375,117.87249755859375,9411.4677734375,1704.0,67.87352315827798,174.97278340842882,116.0,8966.7060546875,1684.199951171875,66.70517819138973,172.53153111485707,116.47200012207031,9007.44140625,1704.0,67.34340449678658,172.95898616297717,62356000.0,49371886931.0,469.0,31732000.0,32139300.0
2020-05-07,118.38050079345703,9951.5185546875,1721.800048828125,67.90277862548828,174.40284729003906,118.80000305175781,9992.6640625,1721.800048828125,68.23603045485314,175.3052556080261,117.15550231933594,9138.322265625,1685.5999755859375,67.07264174294407,173.4339385566434,118.73899841308594,9261.8955078125,1686.199951171875,67.50754669271235,174.94428648306186,67928000.0,61112700562.0,853.0,30652000.0,28316000.0
2020-05-08,118.98049926757812,9842.666015625,1709.9000244140625,68.64961242675781,175.42877197265625,119.36199951171875,9996.7431640625,1728.9000244140625,69.25956898715928,175.73274909057017,117.8499984741211,9767.1728515625,1703.800048828125,68.03816519605402,174.17490259732813,118.60700225830078,9936.162109375,1726.199951171875,68.52464582755636,175.71374689709387,64132000.0,51780748042.0,330.0,33326000.0,30877800.0
2020-05-09,,9593.896484375,,,,,9913.86328125,,,,,9580.64453125,,,,,9840.90625,,,,,46566121841.0,,,
2020-05-10,,8756.4306640625,,,,,9595.5810546875,,,,,8395.107421875,,,,,9591.1689453125,,,,,63325279337.0,,,
2020-05-11,120.44999694824219,8601.7958984375,1695.300048828125,69.60421752929688,177.38551330566406,120.9834976196289,9033.470703125,1704.5,70.19632388908829,178.1169307438782,118.60549926757812,8374.3232421875,1690.199951171875,68.2112352957633,173.6903782612519,118.73500061035156,8755.53515625,1702.300048828125,68.27520548318408,173.97533856475337,65184000.0,57119858802.0,749.0,32718000.0,30892700.0
2020-05-12,117.84750366210938,8804.4775390625,1704.4000244140625,68.19537353515625,173.36746215820312,120.94999694824219,8949.8984375,1713.0999755859375,70.13682424784653,177.67053823942587,117.75,8569.6435546875,1699.300048828125,68.16214747442724,173.16798987319115,120.59249877929688,8610.3857421875,1699.300048828125,69.83383223606998,177.4425699136979,61498000.0,42142717533.0,324.0,33918000.0,32038200.0
2020-05-13,118.39600372314453,9269.9873046875,1713.9000244140625,66.86386108398438,170.74569702148438,120.38500213623047,9317.87890625,1721.300048828125,68.69870207901334,174.83029795760064,116.88999938964844,8805.3876953125,1701.9000244140625,65.8561907203026,167.69649071381875,118.33999633789062,8805.3876953125,1702.0,68.24395686168661,173.405438177171,95658000.0,45558144023.0,431.0,40368000.0,44711500.0
2020-05-14,119.44249725341797,9733.7216796875,1738.0999755859375,67.28688049316406,171.48663330078125,119.56849670410156,9793.2685546875,1743.0999755859375,67.31216892241369,171.63862183186455,117.6604995727539,9255.03515625,1720.5,65.62263398187353,166.87958060148486,118.05049896240234,9271.3291015625,1724.300048828125,66.12944679284938,168.64640741566177,72962000.0,56426907637.0,672.0,36660000.0,41873900.0
2020-05-15,120.48899841308594,9328.197265625,1753.4000244140625,68.0902328491211,173.9849090576172,120.55000305175781,9755.828125,1753.4000244140625,68.16560628520914,177.6895392707551,117.81849670410156,9261.3984375,1739.699951171875,66.40118989060014,168.13348049505922,118.4260025024414,9734.291015625,1739.699951171875,66.86039957997617,170.0902859150462,84700000.0,48158802327.0,719.0,41544000.0,46610400.0
2020-05-16,,9377.013671875,,,,,9564.205078125,,,,,9260.6943359375,,,,,9333.240234375,,,,,36164766408.0,,,
2020-05-17,,9670.7392578125,,,,,9823.001953125,,,,,9349.5458984375,,,,,9374.9296875,,,,,40084250663.0,,,
2020-05-18,121.31300354003906,9726.5751953125,1731.800048828125,68.69126892089844,175.647216796875,121.6500015258789,9906.0302734375,1770.5,69.06715998167876,176.87258982109455,119.20050048828125,9570.359375,1731.800048828125,67.15496289864852,174.7448085084128,120.21749877929688,9675.6953125,1755.699951171875,67.52094138012248,176.44513478913066,87144000.0,41827139896.0,229.0,47094000.0,35264500.0
2020-05-19,122.46649932861328,9729.0380859375,1744.199951171875,68.15668487548828,174.4313507080078,124.25,9836.0478515625,1749.5,69.05376572383527,177.25257442284837,121.44850158691406,9539.6240234375,1744.199951171875,68.12494948842443,174.29836436598677,121.49150085449219,9727.0634765625,1744.199951171875,68.70614443587316,175.76121412821837,86410000.0,39254288955.0,167.0,31586000.0,26799100.0
2020-05-20,124.89700317382812,9522.9814453125,1750.5999755859375,69.88042449951172,176.850830078125,125.00050354003906,9804.7939453125,1752.0999755859375,70.02274943717721,177.03181730648205,123.3635025024414,9447.201171875,1745.5999755859375,68.80233712145389,175.21243926902898,123.89350128173828,9725.3291015625,1751.5999755859375,68.88862194596341,176.0411549622514,79962000.0,36546239703.0,16.0,38262000.0,31261300.0
2020-05-21,122.33699798583984,9081.76171875,1720.5,69.76092529296875,174.72665405273438,126.27249908447266,9555.2421875,1746.800048828125,70.24244206277815,177.81292860726518,122.12699890136719,8869.9306640625,1720.5,69.14798739865162,174.5932973177432,125.0,9522.740234375,1746.800048828125,69.97118547184348,176.6031831674777,102288000.0,39326160532.0,528.0,30894000.0,29119500.0
2020-05-22,121.84400177001953,9182.5771484375,1734.5999755859375,70.08277130126953,174.80284118652344,123.49250030517578,9232.9365234375,1734.5999755859375,70.26922616998684,175.70777736396283,121.50650024414062,9008.638671875,1726.5999755859375,69.22535585205502,173.878864430985,122.75050354003906,9080.3349609375,1726.5999755859375,69.61959655312397,174.49803205422208,57342000.0,29810773699.0,6.0,28544000.0,20826900.0
2020-05-23,,9209.287109375,,,,,9302.501953125,,,,,9118.1083984375,,,,,9185.0625,,,,,27727866812.0,,,
2020-05-24,,8790.3681640625,,,,,9288.404296875,,,,,8787.2509765625,,,,,9212.283203125,,,,,32518803300.0,,,
2020-05-25,,8906.9345703125,,,,,8951.005859375,,,,,8719.66796875,,,,,8786.107421875,,,,,31288157264.0,,,
2020-05-26,121.09300231933594,8835.052734375,1704.800048828125,70.48592376708984,172.95492553710938,123.0999984741211,8991.9677734375,1726.4000244140625,71.6631975752286,177.65100133015423,120.7030029296875,8757.2939453125,1704.800048828125,70.38823568508171,172.5072247999281,122.9000015258789,8909.5859375,1726.4000244140625,71.50698744626067,177.49858947605117,71364000.0,29584186947.0,39.0,44590000.0,36073600.0
2020-05-27,120.51950073242188,9181.017578125,1710.300048828125,70.43187713623047,173.18348693847656,120.67900085449219,9203.3203125,1710.300048828125,70.68330099818472,173.35495386661088,116.5,8834.1572265625,1685.5999755859375,69.15840585469878,168.22069886726882,120.24949645996094,8837.380859375,1685.5999755859375,70.41799195891424,171.6498775472554,101138000.0,32740536902.0,137416.0,31684000.0,39517100.0
2020-05-28,120.05500030517578,9525.7509765625,1713.300048828125,70.33072662353516,172.79293823242188,121.84850311279297,9546.3193359375,1727.800048828125,71.63097720073782,175.4124564029149,118.9114990234375,9148.45703125,1705.0,69.38057930647166,171.821345594234,119.21649932861328,9184.9453125,1709.300048828125,69.42619987696052,172.1642649179447,63804000.0,34367073114.0,23355.0,35170000.0,33810200.0
2020-05-29,122.11849975585938,9439.1240234375,1736.9000244140625,71.08846282958984,174.55517578125,122.11849975585938,9573.6669921875,1738.300048828125,71.24764676163868,175.52678301222977,119.91000366210938,9379.3388671875,1715.0999755859375,70.218652828686,171.84993125203522,120.7969970703125,9528.35546875,1718.800048828125,70.4393250257835,174.05984460970063,70198000.0,32896642044.0,1526.0,37044000.0,42130400.0
2020-05-30,,9700.4140625,,,,,9704.0302734375,,,,,9366.7294921875,,,,,9438.9140625,,,,,32722975141.0,,,
2020-05-31,,9461.05859375,,,,,9700.34375,,,,,9432.296875,,,,,9700.10546875,,,,,27773290299.0,,,
2020-06-01,123.552001953125,10167.2685546875,1737.800048828125,71.15540313720703,174.15512084960938,123.84649658203125,10199.5654296875,1747.0,71.48815557585249,174.317052979787,122.20850372314453,9450.8994140625,1727.0999755859375,70.53106194988158,172.85012898389996,122.4000015258789,9463.60546875,1740.4000244140625,70.70066543276502,173.87887257152337,58578000.0,35198901068.0,871.0,25162000.0,22622400.0
2020-06-02,123.62049865722656,9529.8037109375,1725.199951171875,71.52435302734375,176.1364288330078,123.67649841308594,10182.3408203125,1745.5,71.55857034348811,176.22215504170484,122.2655029296875,9460.5712890625,1721.800048828125,70.49783354301282,172.74534536425864,123.3499984741211,10162.9736328125,1743.0,71.16184772780194,175.50774089964386,50598000.0,39137252109.0,741.0,23442000.0,30794600.0
2020-06-03,123.91999816894531,9656.7177734375,1697.800048828125,71.37260437011719,176.56507873535156,124.4000015258789,9682.859375,1726.300048828125,71.85660306579962,177.11756076291744,123.05850219726562,9471.8466796875,1684.5,70.99423139231902,174.86953695945328,123.40049743652344,9533.7607421875,1726.300048828125,71.54369094375163,176.05070693577963,53420000.0,25007459262.0,2755.0,27732000.0,27311000.0
2020-06-04,123.02999877929688,9800.63671875,1718.9000244140625,70.13532257080078,174.24082946777344,125.37699890136719,9887.6103515625,1718.9000244140625,71.4752534941647,177.02227987283794,122.50050354003906,9525.2470703125,1694.5,69.72422296477501,173.65025181324634,123.87149810791016,9655.8544921875,1694.5,71.25010932295427,175.5553560250542,58974000.0,25921805072.0,807.0,26982000.0,28761800.0
2020-06-05,124.1500015258789,9665.533203125,1676.199951171875,71.41078186035156,178.31777954101562,124.43250274658203,9869.2373046875,1711.800048828125,71.72221085779697,178.82263107426536,121.85649871826172,9663.216796875,1668.5999755859375,69.80405884772759,173.3740310033493,122.22550201416016,9800.2158203125,1711.800048828125,70.201772677835,173.95508846130764,66128000.0,23509628646.0,1502.0,42642000.0,39893600.0
2020-06-06,,9653.6796875,,,,,9773.431640625,,,,,9591.0244140625,,,,,9664.904296875,,,,,20438419222.0,,,
2020-06-07,,9758.8525390625,,,,,9768.498046875,,,,,9458.150390625,,,,,9653.0029296875,,,,,25015250846.0,,,
2020-06-08,126.2030029296875,9771.4892578125,1698.300048828125,71.80850982666016,179.42276000976562,126.5,9782.306640625,1699.4000244140625,71.85611291261435,179.60374728060464,124.36699676513672,9675.8857421875,1675.9000244140625,70.64016468589004,175.68875656728133,125.01000213623047,9760.0634765625,1679.0999755859375,70.72943087648002,177.1175850825848,79414000.0,21486346312.0,587.0,33878000.0,33211600.0
2020-06-09,130.04299926757812,9795.7001953125,1714.699951171875,72.00885009765625,180.79443359375,131.32150268554688,9836.369140625,1720.9000244140625,72.78841022144854,181.6517248694954,126.25,9664.7197265625,1692.0,71.52683385423786,178.37494255677035,126.47200012207031,9774.3603515625,1694.5999755859375,71.66965824623362,179.07983650746422,103520000.0,23717842783.0,690.0,33624000.0,29783900.0
2020-06-10,132.37249755859375,9870.0947265625,1713.300048828125,72.63467407226562,187.5003662109375,136.11749267578125,9908.896484375,1740.800048828125,73.0348622998667,189.10066141937924,131.31300354003906,9728.291015625,1711.9000244140625,72.1219137520516,181.94698529918034,132.25,9794.119140625,1716.0999755859375,72.47648141459497,182.06130144357863,98920000.0,25706567601.0,718.0,31762000.0,43872300.0
2020-06-11,127.89800262451172,9321.78125,1732.0,69.52041625976562,177.43190002441406,133.56900024414062,9938.2978515625,1744.0999755859375,71.98504674451961,186.4716109809636,126.8115005493164,9263.0693359375,1720.0,69.34734716096332,177.2413924938844,130.1750030517578,9870.078125,1737.199951171875,71.46087559148388,183.96640861165238,116002000.0,30247143440.0,347.0,47144000.0,52854700.0
2020-06-12,127.2509994506836,9480.84375,1729.300048828125,70.06690216064453,178.83213806152344,131.07400512695312,9540.4658203125,1743.0,71.1375515555571,182.623291383171,125.1675033569336,9285.8515625,1724.9000244140625,68.7220148203328,176.39359245482194,130.0605010986328,9320.6904296875,1724.9000244140625,70.70859413359544,181.49927233718,108722000.0,22610564515.0,318.0,36676000.0,43373600.0
2020-06-13,,9475.27734375,,,,,9493.2119140625,,,,,9396.009765625,,,,,9480.7353515625,,,,,17564322315.0,,,
2020-06-14,,9386.7880859375,,,,,9482.2705078125,,,,,9347.59375,,,,,9477.5537109375,,,,,18991732746.0,,,
2020-06-15,128.63400268554688,9450.7021484375,1720.300048828125,70.4546890258789,179.9752197265625,129.1999969482422,9504.8603515625,1730.0,70.66594045276953,181.7660225607909,125.4000015258789,8990.17578125,1703.300048828125,68.79143400610754,175.27912969897213,126.33000183105469,9386.03515625,1730.0,68.90499734928308,175.82209144395165,77302000.0,26699704768.0,188.0,30468000.0,32770200.0
2020-06-16,130.7635040283203,9538.0244140625,1729.5999755859375,71.73065185546875,184.38551330566406,131.0,9579.4306640625,1729.5999755859375,72.26126242222357,186.3001377560509,128.8000030517578,9400.4453125,1722.4000244140625,70.86381565770579,182.37562783325563,131.0,9454.2666015625,1726.300048828125,71.85611030985311,183.73777033245818,71712000.0,21565537209.0,22.0,30648000.0,42556700.0
2020-06-17,132.0489959716797,9480.2548828125,1729.199951171875,72.03166961669922,185.02371215820312,132.75,9540.4228515625,1729.199951171875,72.51071212227092,187.0050221314009,131.59100341796875,9327.33984375,1714.699951171875,71.1683065061805,184.49980563299377,132.375,9533.7841796875,1714.699951171875,72.05150991254823,185.7762218691107,59186000.0,20177709879.0,51.0,30610000.0,25687800.0
2020-06-18,132.69900512695312,9411.8408203125,1724.800048828125,71.11820983886719,187.0050811767578,132.98199462890625,9482.7822265625,1734.0999755859375,72.05298121424725,187.167013329353,131.8054962158203,9328.3955078125,1717.300048828125,70.72743476994945,184.79515278530405,132.35049438476562,9481.5673828125,1730.5,71.8982617395041,184.79515278530405,49756000.0,17770083003.0,110.0,34862000.0,23061600.0
2020-06-19,133.75050354003906,9288.0185546875,1745.9000244140625,70.64810180664062,185.89056396484375,134.8715057373047,9440.8759765625,1750.699951171875,71.63295826897189,189.8341296600806,132.9499969482422,9274.2958984375,1723.5,70.36840814054392,185.14757437985665,133.9040069580078,9410.2939453125,1723.699951171875,71.40980414439169,189.16734599852728,115540000.0,19632223107.0,1329.0,52784000.0,44441100.0
2020-06-20,,9332.3408203125,,,,,9394.9716796875,,,,,9247.3798828125,,,,,9290.9599609375,,,,,17130541557.0,,,
2020-06-21,,9303.6298828125,,,,,9401.107421875,,,,,9300.4306640625,,,,,9330.9267578125,,,,,15324301169.0,,,
2020-06-22,135.6909942626953,9648.7177734375,1756.699951171875,71.93843078613281,191.05335998535156,135.75,9655.0732421875,1767.5999755859375,71.95281537744636,191.23433265458266,133.4499969482422,9296.8720703125,1750.5,70.37783504857579,185.96672130234444,134.22500610351562,9300.9150390625,1755.199951171875,70.66645003115394,186.50014809222324,64176000.0,21104009514.0,1356.0,29442000.0,32818900.0
2020-06-23,138.2205047607422,9629.658203125,1772.0999755859375,72.5989761352539,192.32980346679688,139.15550231933594,9670.541015625,1776.300048828125,73.15538214854752,194.27300341072882,135.90199279785156,9547.2470703125,1754.199951171875,71.65775768919568,191.8725679807489,136.30099487304688,9644.076171875,1755.4000244140625,72.00488718193142,192.50125587297086,84634000.0,17006433272.0,666.0,37752000.0,30917400.0
2020-06-24,136.72000122070312,9313.6103515625,1765.800048828125,71.04779052734375,188.452880859375,139.8000030517578,9680.3671875,1783.0999755859375,73.18462478275211,193.6061905766024,136.0500030517578,9278.2333984375,1764.5,70.91389504036651,187.23361548371759,139.0,9632.1494140625,1778.300048828125,72.5642562323238,192.03448561830973,90532000.0,18961716076.0,961.0,31592000.0,36740600.0
2020-06-25,137.72900390625,9264.8134765625,1762.0999755859375,71.46434020996094,190.83428955078125,137.81149291992188,9340.1611328125,1764.800048828125,71.52483720537171,191.09148269469972,135.60699462890625,9095.32421875,1759.800048828125,70.39517404816455,186.1953653454678,136.9774932861328,9314.126953125,1761.699951171875,70.97438643224383,188.41481354457534,59374000.0,18616048626.0,207.0,23958000.0,27803900.0
2020-06-26,134.64349365234375,9162.91796875,1772.5,67.56855010986328,187.0145721435547,139.1284942626953,9310.5166015625,1772.5,71.26202286929771,190.4056555951069,134.39999389648438,9101.73828125,1764.699951171875,67.19464153368672,185.63337438286644,138.7530059814453,9260.9951171875,1766.0,71.04432444908078,190.2532437572232,130016000.0,18341465837.0,640.0,97640000.0,54675800.0
2020-06-27,,9045.390625,,,,,9207.810546875,,,,,8998.216796875,,,,,9167.82421875,,,,,17273093144.0,,,
2020-06-28,,9143.58203125,,,,,9197.546875,,,,,8975.525390625,,,,,9048.4609375,,,,,14560870760.0,,,
2020-06-29,134.0189971923828,9190.8544921875,1774.800048828125,69.28585052490234,189.02444458007812,134.83999633789062,9237.5732421875,1780.199951171875,69.32701421353897,189.1101707823293,131.50399780273438,9041.8759765625,1774.300048828125,67.02850648187311,184.3664653054702,134.50050354003906,9140.029296875,1779.800048828125,67.45944641414235,186.49065245840316,84468000.0,16460547078.0,584.0,45074000.0,26701600.0
2020-06-30,137.9409942626953,9137.9931640625,1793.0,70.32129669189453,193.85389709472656,138.48150634765625,9217.8359375,1793.199951171875,70.61635863988086,194.70166798928813,133.75149536132812,9084.837890625,1774.4000244140625,68.77805172682511,188.357681249384,134.2534942626953,9185.5810546875,1777.300048828125,69.27147878140379,188.49103797881637,75394000.0,15735797744.0,986.0,40286000.0,34310300.0
2020-07-01,143.93499755859375,9228.3251953125,1773.199951171875,71.50897979736328,194.98739624023438,144.75,9309.7548828125,1798.0,71.83032898693156,196.5591157993737,137.6999969482422,9104.7353515625,1765.800048828125,70.12938326370785,192.1964257889842,137.89950561523438,9145.9853515625,1793.5999755859375,70.3768421161721,193.50141740962292,127268000.0,15971550355.0,331.0,42182000.0,32061200.0
2020-07-02,144.51499938964844,9123.41015625,1784.0,72.89402770996094,196.473388671875,147.7779998779297,9274.962890625,1784.0,73.81591270905315,198.1498896510141,143.55499267578125,9036.623046875,1768.699951171875,71.9587569455247,195.2731782720934,145.60049438476562,9231.1396484375,1773.4000244140625,71.99694685942596,195.92090671600337,131868000.0,16338916796.0,215.0,57218000.0,29315800.0
2020-07-03,,9087.3037109375,,,,,9202.3447265625,,,,,9058.794921875,,,,,9124.8427734375,,,,,13078970999.0,,,
2020-07-04,,9132.48828125,,,,,9183.2958984375,,,,,9053.6298828125,,,,,9084.2333984375,,,,,12290528515.0,,,
2020-07-05,,9073.9423828125,,,,,9162.18359375,,,,,8977.015625,,,,,9126.0908203125,,,,,12903406143.0,,,
2020-07-06,152.8520050048828,9375.474609375,1788.5,74.36785125732422,200.70272827148438,152.99400329589844,9375.474609375,1790.0999755859375,74.88111101976311,201.11233324014438,146.5,9058.6640625,1788.199951171875,73.24364363672055,198.2165666631552,146.74850463867188,9072.849609375,1788.199951171875,73.79756767696199,198.9214604627047,137612000.0,17889263252.0,172.0,44712000.0,31897600.0
2020-07-07,150.00599670410156,9252.27734375,1804.199951171875,73.88534545898438,198.36898803710938,153.4774932861328,9360.6171875,1804.199951171875,75.44247559216144,204.48437118224155,149.5,9201.8154296875,1783.300048828125,73.87443405399931,198.12132970713935,152.92750549316406,9349.1611328125,1789.300048828125,74.19330132589292,200.46459988972657,105150000.0,13839652595.0,751.0,42364000.0,33600700.0
2020-07-08,154.0554962158203,9428.3330078125,1815.5,74.56371307373047,202.73167419433594,154.19850158691406,9450.3359375,1817.9000244140625,74.9391122006936,203.14126463883366,150.6215057373047,9249.5,1801.5,74.00334223366714,198.78810890651903,151.1304931640625,9253.0205078125,1801.5,74.42486132754972,200.10263551405538,100752000.0,19702359883.0,209.0,31766000.0,33600000.0
2020-07-09,159.13150024414062,9277.9677734375,1799.199951171875,75.310546875,204.1510009765625,159.69400024414062,9431.37890625,1819.800048828125,75.83025350511394,206.11325624543244,153.6999969482422,9234.9990234375,1799.199951171875,74.16650673182482,201.43622130626395,155.79949951171875,9427.994140625,1816.0999755859375,74.87762448734807,206.06562572695827,127774000.0,18000702524.0,396.0,41836000.0,33121700.0
2020-07-10,160.0,9278.8076171875,1798.199951171875,76.3197250366211,203.53179931640625,160.75,9287.4716796875,1805.5,76.43527091513984,203.92234915396207,156.78500366210938,9118.001953125,1797.699951171875,74.42092109962981,201.0646929402599,159.58799743652344,9273.357421875,1805.5,75.04228097916123,203.48416880588633,109720000.0,16860035605.0,236.0,35918000.0,26177600.0
2020-07-11,,9240.3466796875,,,,,9293.5322265625,,,,,9199.4853515625,,,,,9277.51171875,,,,,13249910444.0,,,
2020-07-12,,9276.5,,,,,9319.4189453125,,,,,9197.4501953125,,,,,9241.0546875,,,,,14452361907.0,,,
2020-07-13,155.1999969482422,9243.6142578125,1811.0,74.99169921875,197.24496459960938,167.21449279785156,9306.4052734375,1811.0,78.17191203749789,205.56074012154218,153.41949462890625,9224.29296875,1805.0,74.71052246568456,196.70200294166628,162.55299377441406,9277.205078125,1805.0,76.86174141702182,204.30336440933152,154408000.0,17519821266.0,164.0,42954000.0,38135600.0
2020-07-14,154.1999969482422,9243.2138671875,1810.5999755859375,75.4196548461914,198.46421813964844,156.36900329589844,9283.841796875,1811.5,75.51585983280482,198.9404941471496,147.5,9171.6611328125,1791.0,73.68747324161508,192.4440824281345,154.4499969482422,9238.703125,1791.0,74.0276638809234,196.3495515035601,144638000.0,18085038362.0,339.0,38108000.0,37591800.0
2020-07-15,150.44349670410156,9192.8369140625,1811.4000244140625,75.22228240966797,198.1689453125,154.91749572753906,9275.3251953125,1813.5,76.18680655802422,201.30285006378293,148.65899658203125,9171.93359375,1806.0999755859375,74.27759098501936,195.30176853848567,154.01150512695312,9241.8974609375,1806.0999755859375,75.53717702893292,199.61682866793632,115778000.0,15844731575.0,167.0,31026000.0,32179400.0
2020-07-16,149.9949951171875,9132.2275390625,1798.699951171875,75.1250991821289,194.2444305419922,151.60000610351562,9214.3125,1810.9000244140625,75.17419293783173,195.93997218751295,145.9114990234375,9088.947265625,1794.300048828125,73.80351767649992,192.7108210160108,148.55299377441406,9191.98046875,1810.9000244140625,74.45959427860498,195.6542036387055,127884000.0,15713967523.0,146.0,26484000.0,29940700.0
2020-07-17,148.09849548339844,9151.392578125,1808.300048828125,75.2208023071289,193.25376892089844,151.1999969482422,9182.25390625,1810.0999755859375,75.54710778770762,195.31127034893814,147.42250061035156,9089.2021484375,1798.5,74.29098718634621,191.8344611018104,150.4499969482422,9131.8125,1798.5,75.22377608107477,194.7683232262637,95226000.0,13944570749.0,24.0,34264000.0,31635300.0
2020-07-18,,9159.0400390625,,,,,9230.9833984375,,,,,9100.82421875,,,,,9151.18359375,,,,,12252601475.0,,,
2020-07-19,,9185.8173828125,,,,,9201.3984375,,,,,9097.6328125,,,,,9158.005859375,,,,,12939002784.0,,,
2020-07-20,159.8419952392578,9164.2314453125,1815.9000244140625,77.55105590820312,201.56002807617188,160.0679931640625,9214.2705078125,1817.300048828125,77.8074361177033,202.22681163227398,149.7010040283203,9137.509765625,1807.0,74.51911514307706,193.3775945758893,150.00999450683594,9187.220703125,1807.0,75.12907182531544,195.2731784676859,151964000.0,13755604146.0,89.0,30166000.0,36884800.0
2020-07-21,156.9145050048828,9374.8876953125,1842.4000244140625,77.15828704833984,198.8452606201172,162.0290069580078,9407.2626953125,1842.4000244140625,78.70203135101997,203.78900858696974,155.28599548339844,9149.3896484375,1822.0,76.99463868090396,198.1594219117219,161.62449645996094,9162.5146484375,1822.0,78.60186132798782,203.52229514868182,122426000.0,18069581956.0,117.0,27486000.0,37990400.0
2020-07-22,154.99549865722656,9525.36328125,1864.0999755859375,77.60112762451172,201.7029266357422,157.5,9530.5185546875,1867.0,77.70675334704666,202.22683324824817,153.26300048828125,9319.6533203125,1854.699951171875,76.52898757148118,198.50235068955192,156.25,9375.080078125,1858.0999755859375,77.14787303751817,199.27391563942754,82084000.0,16532254884.0,213.0,24482000.0,49605700.0
2020-07-23,149.32749938964844,9581.072265625,1889.0999755859375,75.21585083007812,192.9298858642578,154.9134979248047,9610.2470703125,1890.300048828125,77.87388279477673,200.91227669656575,148.5,9483.00390625,1868.5,74.81119054190296,192.55839114604825,154.9134979248047,9527.1416015625,1868.699951171875,77.65469369706234,197.35926161883913,113138000.0,18146399002.0,133.0,33910000.0,67457000.0
2020-07-24,150.44549560546875,9536.892578125,1897.300048828125,74.79234313964844,191.74874877929688,151.57899475097656,9623.3369140625,1897.300048828125,75.15038400386956,193.2347277928302,144.39999389648438,9481.4541015625,1884.300048828125,73.76979622867519,188.13856802751238,146.5,9585.5146484375,1884.300048828125,74.34504365729109,190.91049824456846,112648000.0,16552768325.0,474.0,29902000.0,39827000.0
2020-07-25,,9677.11328125,,,,,9704.556640625,,,,,9530.2119140625,,,,,9539.4853515625,,,,,16610070933.0,,,
2020-07-26,,9905.1669921875,,,,,10023.8076171875,,,,,9652.84765625,,,,,9680.234375,,,,,20507998997.0,,,
2020-07-27,152.760498046875,10990.873046875,1931.0,75.84465026855469,194.17776489257812,154.89999389648438,11298.2216796875,1938.0,76.24781989329986,194.2920665013878,150.7884979248047,9903.9697265625,1901.5,74.99666304671776,191.32962868313254,153.10000610351562,9905.2177734375,1901.699951171875,75.04278303062988,191.91068608590263,83410000.0,35359749590.0,364.0,27124000.0,30160900.0
2020-07-28,150.01649475097656,10912.8232421875,1944.699951171875,74.56621551513672,192.43458557128906,153.85450744628906,11204.3271484375,1944.699951171875,75.67504727423581,194.98741830562813,149.78799438476562,10632.6318359375,1928.5999755859375,74.41099662396583,192.16787213739667,152.7135009765625,11017.4638671875,1931.5,75.62496226274747,193.9491399712048,62534000.0,28766551142.0,825.0,30910000.0,23251400.0
2020-07-29,151.67649841308594,11100.4677734375,1953.5,75.55106353759766,194.37782287597656,151.95799255371094,11304.3974609375,1953.5,76.03803598682765,194.9398252529052,149.8385009765625,10856.1416015625,1952.5999755859375,74.53446428373476,192.42508772525025,151.54949951171875,10912.953125,1953.199951171875,74.63315119222594,192.89184359165247,59482000.0,24617249715.0,209835.0,22676000.0,19632600.0
2020-07-30,152.593994140625,11111.2138671875,1942.300048828125,76.2879867553711,194.22540283203125,154.60000610351562,11169.3564453125,1965.0999755859375,76.41295336384728,194.75884431463618,150.25,10895.455078125,1930.0,74.14568906688521,190.10086427671118,150.6999969482422,11099.8330078125,1963.4000244140625,74.28454085408097,191.4630070516711,122566000.0,22857247901.0,28853.0,36042000.0,25079600.0
2020-07-31,158.23399353027344,11323.466796875,1962.800048828125,73.78765106201172,195.28265380859375,162.34100341796875,11415.8642578125,1981.0999755859375,74.63415515123877,195.36839452340837,157.5500030517578,10987.0537109375,1948.0,72.10406361825939,189.56734258354763,162.1999969482422,11110.2109375,1948.5999755859375,74.23892317136475,194.70159658598922,161710000.0,23160469766.0,2914.0,91468000.0,51044000.0
2020-08-01,,11759.5927734375,,,,,11794.775390625,,,,,11239.6826171875,,,,,11322.5703125,,,,,26075670303.0,,,
2020-08-02,,11053.6142578125,,,,,12034.14453125,,,,,11018.1298828125,,,,,11758.7646484375,,,,,27410067336.0,,,
2020-08-03,155.59449768066406,11246.3486328125,1966.0,73.5302734375,206.26564025878906,159.1999969482422,11453.0791015625,1984.300048828125,74.27263483646993,207.3134534584986,155.1999969482422,11012.4150390625,1955.5,72.982796377369,200.45508074936077,159.02549743652344,11043.7685546875,1984.300048828125,73.93889871670713,201.48383883595034,101494000.0,20271713443.0,683.0,45482000.0,78983000.0
2020-08-04,156.94149780273438,11205.892578125,2001.199951171875,73.06114959716797,203.16986083984375,158.36199951171875,11385.3818359375,2016.199951171875,74.04353160138255,204.5796486198562,155.0605010986328,11094.1455078125,1968.800048828125,72.60144805958299,200.33125923486728,155.0605010986328,11246.203125,1971.0,73.72615502792115,204.00811146203563,93886000.0,21250197042.0,2010.0,37212000.0,49280100.0
2020-08-05,160.25149536132812,11747.0224609375,2031.0999755859375,73.34825897216797,202.8364715576172,160.67950439453125,11786.6171875,2050.199951171875,73.88928895066769,204.79872680046398,156.36500549316406,11158.28515625,2011.0,72.95798340292208,201.53147967053414,157.18850708007812,11203.8232421875,2024.0,73.23569446922863,204.703465764779,78330000.0,24411254471.0,1422.0,29134000.0,28806400.0
2020-08-06,161.25,11779.7734375,2051.5,74.63066864013672,206.08468627929688,162.37350463867188,11902.3359375,2063.0,74.6961294926301,206.10372685935414,158.27149963378906,11598.7138671875,2040.0,72.99171836772238,201.51243254620533,159.71800231933594,11749.87109375,2045.5,73.20247794748174,202.264942432697,78812000.0,23400740340.0,294.0,33306000.0,32656800.0
2020-08-07,158.3730010986328,11601.47265625,2010.0999755859375,74.30438995361328,202.39830017089844,162.04049682617188,11898.0380859375,2055.0,75.38148647344788,205.4655196114251,157.0334930419922,11408.59375,2009.5999755859375,73.70434585673274,200.92184126067818,161.20050048828125,11778.89453125,2040.0999755859375,74.83351747807848,204.6558589111581,78722000.0,23132312867.0,808.0,27718000.0,27820400.0
2020-08-08,,11754.0458984375,,,,,11800.064453125,,,,,11558.431640625,,,,,11604.5537109375,,,,,17572057837.0,,,
2020-08-09,,11675.7392578125,,,,,11806.056640625,,,,,11548.7841796875,,,,,11737.3251953125,,,,,17489608833.0,,,
2020-08-10,157.4080047607422,11878.111328125,2024.4000244140625,74.22750854492188,198.36898803710938,158.62550354003906,12045.140625,2043.800048828125,74.73976942853685,201.8267570415429,155.0760040283203,11662.2568359375,2017.5,73.26892434364396,196.55914474048373,158.5155029296875,11662.2568359375,2026.4000244140625,73.92897345317232,201.62671469191105,63346000.0,26114112569.0,233.0,20546000.0,36716500.0
2020-08-11,154.0334930419922,11410.525390625,1932.5999755859375,73.4201889038086,193.7301025390625,157.96099853515625,11932.7109375,2016.0,74.90293686647448,197.7974906283487,153.64999389648438,11195.708984375,1904.0,73.30365176800044,193.50148474142105,155.66000366210938,11881.6474609375,2012.4000244140625,74.08766876140056,197.3307492768412,74362000.0,27039782640.0,971.0,31098000.0,36446500.0
2020-08-12,158.11199951171875,11584.9345703125,1934.9000244140625,74.74423217773438,199.2643585205078,158.71949768066406,11748.396484375,1946.5999755859375,74.96392064558853,200.30263672943087,155.0709991455078,11249.60546875,1871.5999755859375,73.64134809525314,195.03502524458264,155.39999389648438,11404.5966796875,1923.0,73.74648196265801,195.54939693783206,70442000.0,25064548486.0,404.0,22512000.0,28013100.0
2020-08-13,158.05099487304688,11784.1376953125,1956.699951171875,75.21087646484375,198.79763793945312,160.87600708007812,11796.396484375,1957.4000244140625,76.21855444545622,201.321909948508,157.75,11216.8720703125,1916.9000244140625,74.79233862250962,198.27373133117436,159.14950561523438,11588.4052734375,1921.5,74.79233862250962,199.50253178830027,62980000.0,27522199497.0,71.0,22388000.0,22588900.0
2020-08-14,157.4010009765625,11768.87109375,1937.0,74.61479949951172,198.9881134033203,158.91200256347656,12150.994140625,1947.4000244140625,75.36658911360824,199.64537663008304,156.0,11685.455078125,1937.0,74.33560529912201,197.6640666620123,158.90899658203125,11772.6591796875,1938.699951171875,75.06011640568661,198.85475670041126,55034000.0,24237958589.0,201.0,21942000.0,17958900.0
2020-08-15,,11865.6982421875,,,,,11963.203125,,,,,11768.697265625,,,,,11768.697265625,,,,,23354924400.0,,,
2020-08-16,,11892.8037109375,,,,,11934.9013671875,,,,,11737.1884765625,,,,,11866.685546875,,,,,20583375490.0,,,
2020-08-17,159.12049865722656,12254.40234375,1985.0,75.1905517578125,200.3026885986328,159.74850463867188,12359.056640625,1985.0,75.56446789757864,201.169514645871,157.70899963378906,11806.6962890625,1949.5999755859375,74.63316208489026,199.00721694022218,158.656005859375,11895.658203125,1949.5999755859375,75.17716599131961,199.65496003682452,53824000.0,28227687027.0,97.0,19990000.0,20184800.0
2020-08-18,165.62449645996094,11991.2333984375,1999.4000244140625,77.1513442993164,201.45526123046875,166.0,12335.70703125,2002.800048828125,77.23019092166476,202.2839769572169,160.29100036621094,11954.525390625,1972.0999755859375,75.45982697689634,199.28344347190688,160.60000610351562,12251.8955078125,2001.0999755859375,75.68049915036515,200.5408047630147,106920000.0,26043227672.0,92.0,28378000.0,21336200.0
2020-08-19,163.0240020751953,11758.283203125,1958.699951171875,76.59741973876953,200.2330322265625,165.7949981689453,12028.923828125,1980.0,77.79998205796244,202.5246923005992,162.8000030517578,11687.3330078125,1938.699951171875,76.36880993674055,199.8033505157827,165.15049743652344,11990.884765625,1980.0,76.98818722838891,201.94223033756498,83702000.0,24502851117.0,347.0,30472000.0,27627600.0
2020-08-20,164.86849975585938,11878.3720703125,1933.800048828125,78.16645050048828,204.89273071289062,165.63099670410156,11900.4111328125,1948.300048828125,78.36084298271476,205.29376795305888,161.89999389648438,11710.0634765625,1922.300048828125,76.09407832961335,199.47870611572912,162.60000610351562,11761.5,1941.199951171875,76.36731743172305,200.08025469101796,66650000.0,20175242945.0,106.0,26382000.0,26981500.0
2020-08-21,164.23599243164062,11592.4892578125,1934.5999755859375,78.13273620605469,203.4031982421875,165.72000122070312,11899.259765625,1945.0,78.94154971294752,206.48737554062436,163.76950073242188,11564.9794921875,1908.9000244140625,77.47516898620518,203.24087465489396,164.75,11878.0263671875,1941.0,77.9457743659373,204.205272874672,71518000.0,23762425999.0,184.0,34838000.0,36249300.0
2020-08-22,,11681.8251953125,,,,,11689.4072265625,,,,,11448.8056640625,,,,,11585.4775390625,,,,,20224191306.0,,,
2020-08-23,,11664.84765625,,,,,11713.4296875,,,,,11559.9208984375,,,,,11679.6962890625,,,,,18482062658.0,,,
2020-08-24,165.3730010986328,11774.595703125,1927.699951171875,78.6078109741211,204.04290771484375,169.01600646972656,11807.6318359375,1940.0,79.77962926395986,205.79029360312026,162.8780059814453,11623.25,1922.199951171875,78.10645386630996,202.83978144131711,165.50750732421875,11663.689453125,1930.199951171875,78.9708081393401,205.09323916626136,93326000.0,20681511755.0,85.0,25638000.0,25460100.0
2020-08-25,167.32449340820312,11366.134765625,1911.800048828125,79.63432312011719,206.69740295410156,167.8699951171875,11778.2998046875,1928.5,79.78457814472273,206.83108203246027,163.35000610351562,11189.8505859375,1911.800048828125,78.24728090400605,203.4795472015141,164.74949645996094,11773.5888671875,1927.5,78.35737106631586,203.4795472015141,79856000.0,26301509932.0,176.0,25150000.0,23043700.0
2020-08-26,172.09249877929688,11488.36328125,1940.699951171875,81.5326156616211,211.16616821289062,172.58700561523438,11530.052734375,1950.800048828125,81.96207241202275,212.06373420493597,167.22850036621094,11296.9931640625,1909.699951171875,79.39280796052283,207.54727433148332,167.5554962158203,11366.89453125,1909.699951171875,79.6566262955198,208.04380298940998,130174000.0,22466660958.0,287.0,52188000.0,39600800.0
2020-08-27,170.0,11323.3974609375,1921.5999755859375,80.75853729248047,216.3510284423828,172.64999389648438,11570.7861328125,1972.5,81.72405283891463,220.7147078286442,168.89999389648438,11185.94140625,1921.5999755859375,80.27701291660559,209.49516257463063,172.50250244140625,11485.6083984375,1948.9000244140625,81.65561820356022,212.8276114739762,85296000.0,23240415076.0,2303.0,31350000.0,57602200.0
2020-08-28,170.08999633789062,11542.5,1964.5999755859375,81.299560546875,218.57582092285156,171.6685028076172,11545.615234375,1971.300048828125,81.3947742823975,220.22771568625402,169.3249969482422,11316.4228515625,1922.5,80.61423049630892,216.35100743795786,171.14999389648438,11325.2958984375,1927.0999755859375,80.80564922534911,217.87876641205395,57940000.0,19807127588.0,778.0,22418000.0,26292900.0
2020-08-29,,11506.865234375,,,,,11585.640625,,,,,11466.29296875,,,,,11541.0546875,,,,,17485597759.0,,,
2020-08-30,,11711.505859375,,,,,11715.2646484375,,,,,11492.3818359375,,,,,11508.7138671875,,,,,19760127945.0,,,
2020-08-31,172.54800415039062,11680.8203125,1967.5999755859375,80.8086166381836,215.348388671875,174.75,11768.876953125,1971.300048828125,81.5509780158824,218.37527645385566,170.25,11598.318359375,1953.300048828125,80.60033897276564,214.1834647217213,170.44949340820312,11713.306640625,1970.0,81.50485803874443,216.75202630738926,83718000.0,22285928250.0,158.0,26422000.0,28774200.0
2020-09-01,174.95599365234375,11970.478515625,1968.199951171875,82.07564544677734,217.00985717773438,175.69349670410156,12067.0810546875,1986.300048828125,82.2809493495807,217.181724050309,173.35000610351562,11601.12890625,1961.699951171875,80.80862102170718,214.29805843882244,174.47900390625,11679.31640625,1961.699951171875,80.93904333000434,215.3293033840546,68644000.0,27311555343.0,186.0,22652000.0,25725500.0
2020-09-02,176.57249450683594,11414.0341796875,1934.4000244140625,85.16560363769531,221.19212341308594,177.6125030517578,11964.8232421875,1967.300048828125,85.5975348157348,222.34750420927097,174.33450317382812,11290.7939453125,1934.4000244140625,82.32904722784718,217.08625915391343,177.35000610351562,11964.8232421875,1967.300048828125,82.71684094466416,217.678264507204,78630000.0,28037405299.0,71.0,49522000.0,34080800.0
2020-09-03,168.39999389648438,10245.296875,1927.5999755859375,80.80763244628906,207.48995971679688,174.42050170898438,11443.0224609375,1938.800048828125,84.30323947854686,218.95776110393626,165.14999389648438,10182.46484375,1923.0,79.72656344056428,205.2556028872172,174.25,11407.19140625,1937.0999755859375,84.27943415274483,218.9195733210918,163222000.0,31927261555.0,179.0,63726000.0,58400300.0
2020-09-04,164.7310028076172,10511.8134765625,1923.9000244140625,78.41242218017578,204.57762145996094,169.0749969482422,10663.919921875,1939.699951171875,81.07937516659749,208.5020748978359,155.55650329589844,10207.9404296875,1917.699951171875,76.26814209838817,195.92664012521107,165.89999389648438,10230.365234375,1927.9000244140625,79.79052798096303,205.38925379080658,175636000.0,29965130374.0,607.0,55850000.0,59664100.0
2020-09-05,,10169.5673828125,,,,,10581.5712890625,,,,,9946.67578125,,,,,10512.5302734375,,,,,44916565292.0,,,
2020-09-06,,10280.3515625,,,,,10353.927734375,,,,,10056.8857421875,,,,,10167.216796875,,,,,37071460174.0,,,
2020-09-07,,10369.5634765625,,,,,10399.1533203125,,,,,9916.4931640625,,,,,10280.998046875,,,,,33703098409.0,,,
2020-09-08,157.49200439453125,10131.5166015625,1933.0,75.5555419921875,193.51084899902344,162.54249572753906,10414.775390625,1937.9000244140625,77.13994312238728,200.5481231847253,156.5,9945.1103515625,1903.0999755859375,75.20344864833461,193.071609444414,157.1999969482422,10369.306640625,1930.9000244140625,75.62496788954304,197.17748739866187,121884000.0,33430927462.0,271.0,54032000.0,52924300.0
2020-09-09,163.4304962158203,10242.34765625,1944.699951171875,76.72736358642578,201.75125122070312,165.15899658203125,10350.54296875,1946.199951171875,77.2971478144639,205.14098845525137,159.25,10017.2509765625,1924.5999755859375,75.63340056915945,197.3684714692086,160.14950561523438,10134.1513671875,1926.9000244140625,76.81017525430957,198.22784947553285,103774000.0,24128292755.0,219.0,39242000.0,45679000.0
2020-09-10,158.7554931640625,10363.138671875,1954.199951171875,75.67701721191406,196.09854125976562,167.4945068359375,10503.912109375,1962.699951171875,78.03800413322116,205.04554135717223,158.52749633789062,10238.1357421875,1944.0999755859375,75.37699903840779,194.89542936094682,165.36099243164062,10242.330078125,1944.0999755859375,76.87363185390018,203.766024749938,106614000.0,54406443211.0,722.0,33024000.0,35461500.0
2020-09-11,155.81100463867188,10400.9150390625,1937.800048828125,75.166748046875,194.8190155029297,160.86700439453125,10434.9228515625,1949.5,76.30434137046228,199.21135322657878,154.19900512695312,10140.8369140625,1937.800048828125,74.03906730255125,192.15497713349296,160.4344940185547,10369.0283203125,1944.0,75.78116905727127,197.8459033435166,101880000.0,45201121775.0,73.0,30706000.0,33620100.0
2020-09-12,,10442.1708984375,,,,,10578.837890625,,,,,10292.38671875,,,,,10409.861328125,,,,,36750077324.0,,,
2020-09-13,,10323.755859375,,,,,10577.21484375,,,,,10224.330078125,,,,,10452.3994140625,,,,,36506852789.0,,,
2020-09-14,155.14849853515625,10680.837890625,1953.0999755859375,74.82308197021484,196.13670349121094,159.3695068359375,10800.0107421875,1953.0999755859375,77.21183946322891,199.75559632088394,154.8000030517578,10266.0087890625,1943.0,74.63860963235427,194.81899936925464,158.64700317382812,10328.734375,1946.300048828125,75.95472771220844,195.0195252630017,90592000.0,35453581940.0,55.0,42660000.0,30375800.0
2020-09-15,157.80650329589844,10796.951171875,1956.300048828125,76.12680053710938,199.3545684814453,158.75100708007812,10938.6318359375,1968.5,76.91379872037813,200.30942320721906,155.4459991455078,10656.4599609375,1955.800048828125,75.48114361362637,197.58808141079317,156.80799865722656,10677.7548828125,1955.800048828125,75.7682678763048,199.0108201973697,80430000.0,32509451925.0,74.0,23042000.0,21823900.0
2020-09-16,153.90499877929688,10974.9052734375,1960.199951171875,74.98474884033203,195.79299926757812,159.36199951171875,11100.1240234375,1961.4000244140625,77.08141822427109,201.14017794127574,153.70750427246094,10704.884765625,1956.699951171875,74.95995225886935,195.40150526357743,158.99949645996094,10797.76171875,1961.300048828125,76.49179380537119,201.11153346000052,90244000.0,30769986455.0,124.0,22128000.0,26328100.0
2020-09-17,150.43649291992188,10948.990234375,1940.0,73.74252319335938,193.7495574951172,151.47149658203125,11037.4208984375,1946.0,74.31876192273185,195.1054493284995,148.62750244140625,10774.6279296875,1933.699951171875,72.523601178489,190.93273923569984,150.46249389648438,10973.251953125,1939.0,73.68152677302831,191.0186726560724,128982000.0,38151810523.0,67.0,40008000.0,34011300.0
2020-09-18,147.74549865722656,10944.5859375,1952.0999755859375,71.95974731445312,191.3433380126953,151.88999938964844,11034.908203125,1952.0999755859375,74.14717354274497,194.4561591751333,145.27699279785156,10829.6572265625,1949.0,70.99423184511045,187.3902400287708,151.58700561523438,10951.8203125,1950.5,73.80500039329375,193.64454139976738,177852000.0,26341903912.0,38.0,63056000.0,55225300.0
2020-09-19,,11094.3466796875,,,,,11134.0927734375,,,,,10909.6181640625,,,,,10933.7529296875,,,,,22764204008.0,,,
2020-09-20,,10938.271484375,,,,,11095.8701171875,,,,,10814.4775390625,,,,,11095.8701171875,,,,,24699523788.0,,,
2020-09-21,148.02349853515625,10462.259765625,1901.199951171875,70.92083740234375,193.39627075195312,148.10000610351562,10988.3046875,1946.199951171875,71.41276613993426,193.55860887771348,143.5500030517578,10380.2607421875,1883.4000244140625,69.55909124439718,187.5143766837805,145.3249969482422,10934.92578125,1946.199951171875,70.99422831812555,188.28780668448618,122358000.0,28884999244.0,52.0,56908000.0,39839700.0
2020-09-22,156.44949340820312,10538.4599609375,1898.5999755859375,72.3926773071289,198.05596923828125,156.69949340820312,10568.0771484375,1913.0999755859375,72.59848063067304,198.7052780405181,150.00999450683594,10382.7265625,1898.5999755859375,70.88910537519139,192.95704840245924,151.69200134277344,10459.6240234375,1913.0999755859375,71.92157247881308,195.80251145980125,138976000.0,23621787804.0,331.0,33950000.0,33517100.0
2020-09-23,149.9929962158203,10246.1865234375,1859.9000244140625,69.89183807373047,191.5342559814453,156.35000610351562,10537.828125,1875.5,72.05843270651947,198.70522242609977,149.61900329589844,10197.865234375,1859.9000244140625,69.55909323170627,190.99953980568947,156.02149963378906,10535.4921875,1875.5,72.00933895714364,198.51423987482434,113054000.0,23788661867.0,5.0,37726000.0,30803800.0
2020-09-24,150.989501953125,10760.06640625,1868.300048828125,70.55982208251953,194.01695251464844,153.46499633789062,10771.056640625,1868.300048828125,71.31012111863477,196.28951164051597,148.25,10231.490234375,1851.5,69.53281074002145,190.2070765512696,148.88949584960938,10248.7861328125,1851.5,69.55909799295081,190.82774092401178,110588000.0,47144380902.0,365.0,34552000.0,31202500.0
2020-09-25,154.75650024414062,10692.716796875,1857.699951171875,71.3631820678711,198.43792724609375,155.07699584960938,10777.6962890625,1857.699951171875,71.70435638288463,199.60283667261433,149.9499969482422,10578.9140625,1856.300048828125,69.80704340057243,193.39628060658876,152.7429962158203,10761.109375,1856.300048828125,70.66842379721632,194.3606932585249,92304000.0,39348590957.0,4.0,30326000.0,29437300.0
2020-09-26,,10750.7236328125,,,,,10772.9990234375,,,,,10667.28125,,,,,10695.5751953125,,,,,46852525493.0,,,
2020-09-27,,10775.26953125,,,,,10803.9765625,,,,,10622.921875,,,,,10746.892578125,,,,,53745972818.0,,,
2020-09-28,158.70249938964844,10709.65234375,1872.800048828125,72.33516693115234,199.98480224609375,158.7519989013672,10945.34765625,1872.800048828125,73.04579311539693,202.9735025909273,155.85850524902344,10703.8935546875,1872.800048828125,71.72124517158427,198.66709788985403,157.4425048828125,10776.61328125,1872.800048828125,72.99620750546694,201.3597955621824,84484000.0,47762394731.0,10455.0,30784000.0,32004900.0
2020-09-29,157.24400329589844,10844.640625,1894.300048828125,72.70013427734375,197.9031524658203,159.41299438476562,10860.0009765625,1895.4000244140625,72.99667929784022,200.5863060399225,156.6269989013672,10649.4951171875,1872.4000244140625,72.10405532889749,197.4734708243196,158.76950073242188,10709.650390625,1876.5,72.59549981591418,199.8988095855516,69916000.0,46582396602.0,3283.0,31816000.0,24221900.0
2020-09-30,157.43649291992188,10784.4912109375,1887.5,72.67930603027344,200.8345947265625,160.6439971923828,10847.2568359375,1899.699951171875,73.7008616762661,202.41009918439974,156.69949340820312,10669.3212890625,1879.800048828125,72.19134227406526,197.21568718363864,157.0570068359375,10843.87109375,1893.0,72.44821428907602,198.35196663004595,97922000.0,44171073700.0,600.0,40924000.0,33829100.0
2020-10-01,161.06300354003906,10619.4521484375,1908.4000244140625,73.78516387939453,202.8684539794922,161.1999969482422,10933.6240234375,1909.5999755859375,74.14073037908443,204.32938063457078,158.60000610351562,10472.3564453125,1882.5,73.23471303836575,201.77992010767034,160.39999389648438,10795.2548828125,1884.0999755859375,73.57490368942042,203.85195324219404,99438000.0,40023134100.0,730.0,32884000.0,27158400.0
2020-10-02,156.25,10575.974609375,1900.199951171875,72.18341064453125,196.8815155029297,159.7899932861328,10657.837890625,1913.0,73.34530884042559,201.4648215025371,156.14999389648438,10416.689453125,1893.9000244140625,71.77429347982753,196.26085113479485,157.68150329589844,10619.8212890625,1893.9000244140625,72.38325885946809,198.6098003769444,112262000.0,48661453918.0,530.0,31222000.0,33154800.0
2020-10-03,,10549.3291015625,,,,,10598.9404296875,,,,,10511.1298828125,,,,,10575.1005859375,,,,,44660271563.0,,,
2020-10-04,,10669.5830078125,,,,,10686.0,,,,,10534.3916015625,,,,,10550.4404296875,,,,,71251776995.0,,,
2020-10-05,159.9600067138672,10793.33984375,1912.5,73.53375244140625,200.88232421875,160.12649536132812,10793.5078125,1915.5999755859375,73.6264842512072,200.910968692412,157.04249572753906,10634.6005859375,1884.699951171875,72.40607158601448,197.63580969444047,157.29200744628906,10676.529296875,1898.9000244140625,72.53302071478075,197.8649800536622,75506000.0,47537578009.0,1360.0,21602000.0,21331600.0
2020-10-06,154.9980010986328,10604.40625,1901.0999755859375,71.95628356933594,196.61412048339844,159.10000610351562,10797.578125,1918.0,73.61754863021302,200.6913392657094,154.5,10528.890625,1874.4000244140625,71.65824787299684,195.57333243282775,158.25,10796.306640625,1906.5999755859375,73.17024916293467,199.39275095522328,101738000.0,42623695307.0,968.0,26096000.0,28554300.0
2020-10-07,159.7845001220703,10668.96875,1883.5999755859375,72.35896301269531,200.35714721679688,160.0,10680.5078125,1889.800048828125,72.84643497280706,200.62450534554185,156.6195068359375,10562.5068359375,1873.0999755859375,71.07408069431314,197.38754875759162,156.75,10603.35546875,1874.0999755859375,72.36739248963742,197.7121958325069,86188000.0,37799458436.0,50.0,36108000.0,25681100.0
2020-10-08,159.52749633789062,10915.685546875,1888.5999755859375,73.5634994506836,201.0733184814453,161.6645050048828,10945.7373046875,1893.0,73.79160984769521,201.6557804718175,158.74949645996094,10562.6064453125,1882.699951171875,72.67186671262658,198.91535195429182,161.24949645996094,10669.37109375,1893.0,72.67186671262658,201.006471654224,63482000.0,63314794397.0,348.0,26076000.0,19925800.0
2020-10-09,164.33250427246094,11064.4580078125,1919.5,74.9034194946289,206.0671844482422,164.44949340820312,11102.671875,1929.0999755859375,74.97284538187411,206.1149300958309,159.89149475097656,10846.8505859375,1905.0999755859375,73.74053020813113,201.6939483017704,160.5,10927.9130859375,1909.300048828125,74.03112767666134,201.6939483017704,98158000.0,22799117613.0,580.0,32966000.0,26458000.0
2020-10-10,,11296.361328125,,,,,11442.2109375,,,,,11056.9404296875,,,,,11059.142578125,,,,,22877978588.0,,,
2020-10-11,,11384.181640625,,,,,11428.8134765625,,,,,11288.6279296875,,,,,11296.08203125,,,,,19968627060.0,,,
2020-10-12,172.14649963378906,11555.36328125,1922.5,77.58822631835938,211.4048614501953,174.81199645996094,11698.4677734375,1926.5,78.76995701320932,213.75381083072148,166.9774932861328,11240.6865234375,1921.5999755859375,75.83818706732326,207.0220811131626,167.4969940185547,11392.6357421875,1924.0,76.26962637160483,208.9126896677775,167284000.0,26163972642.0,96.0,55344000.0,40461400.0
2020-10-13,172.18150329589844,11425.8994140625,1888.5,77.71121978759766,212.79893493652344,174.61900329589844,11548.984375,1922.199951171875,78.60830825072733,215.04284947727942,171.21099853515625,11321.224609375,1887.0,77.29268191848519,210.47863026566432,173.39950561523438,11548.7197265625,1921.9000244140625,78.2041474056117,212.66525585132484,114894000.0,24241420251.0,191.0,39072000.0,28950800.0
2020-10-14,168.1855010986328,11429.5068359375,1901.300048828125,77.53120422363281,210.8892059326172,173.24400329589844,11539.9775390625,1910.800048828125,78.54333914498373,214.09751825124414,167.0,11307.8310546875,1882.5,76.66139427283109,209.23731141011743,172.35000610351562,11429.0478515625,1889.699951171875,78.08463641146828,212.93259437204514,116254000.0,24103426719.0,33.0,33174000.0,23421700.0
2020-10-15,166.9324951171875,11495.349609375,1903.199951171875,77.13597106933594,209.74339294433594,167.79400634765625,11569.9140625,1906.300048828125,77.92594312364784,210.41178833961618,164.0,11303.603515625,1889.5999755859375,76.42485320690311,206.25816444692333,164.60049438476562,11426.6025390625,1897.300048828125,76.59196719094011,207.29896717306707,104468000.0,24487233058.0,254.0,31210000.0,22733100.0
2020-10-16,163.635498046875,11322.123046875,1900.800048828125,77.74246978759766,209.74339294433594,169.98300170898438,11540.0615234375,1900.800048828125,78.23886306630772,212.25465097016937,158.0,11223.0126953125,1898.5,77.24458583838096,209.4187458337608,168.1614990234375,11502.828125,1898.5,77.45137286175847,210.21126243606867,129488000.0,25635480772.0,53.0,34194000.0,26057900.0
2020-10-17,,11358.1015625,,,,,11386.26171875,,,,,11285.345703125,,,,,11322.123046875,,,,,19130430174.0,,,
2020-10-18,,11483.359375,,,,,11483.359375,,,,,11347.578125,,,,,11355.982421875,,,,,18283314340.0,,,
2020-10-19,160.36050415039062,11742.037109375,1906.4000244140625,75.87043762207031,204.5489959716797,166.4499969482422,11799.0927734375,1907.800048828125,78.54731865297327,212.26422448710105,159.63699340820312,11408.2900390625,1899.5,75.5218250273045,204.0715685727298,164.98049926757812,11495.0380859375,1907.300048828125,78.150595991625,210.46909280467258,104472000.0,23860769928.0,43.0,29734000.0,27625800.0
2020-10-20,160.85049438476562,11916.3349609375,1910.4000244140625,76.91826629638672,204.95956420898438,163.3000030517578,11999.91796875,1910.4000244140625,78.04693823643615,207.55677026859448,159.60049438476562,11681.48046875,1896.0999755859375,75.40180065658136,203.46999314507534,161.11399841308594,11745.974609375,1901.300048828125,75.53123169395428,206.0576559024547,90194000.0,30915821592.0,329.0,41670000.0,22753500.0
2020-10-21,159.2469940185547,12823.689453125,1924.5999755859375,78.64945220947266,205.102783203125,161.69400024414062,13184.56640625,1927.300048828125,80.09500878079854,207.12707041324865,158.0,11900.9287109375,1913.5999755859375,77.71468095433627,203.4986198032731,160.625,11913.0771484375,1913.5999755859375,77.8490682736484,203.4986198032731,91854000.0,43414712626.0,1202.0,60322000.0,22724900.0
2020-10-22,158.82000732421875,12965.8916015625,1901.0999755859375,79.67449188232422,205.18873596191406,159.9375,13161.59375,1924.300048828125,80.00971867518831,206.30591426730527,156.0970001220703,12717.09375,1898.199951171875,78.22745200812956,202.14274698836158,159.49349975585938,12801.6357421875,1924.300048828125,78.6003693037984,204.27206899419642,84240000.0,34729759598.0,899.0,30512000.0,22351500.0
2020-10-23,160.22000122070312,12931.5390625,1902.0,80.97970581054688,206.46824645996094,160.26649475097656,13015.9619140625,1913.300048828125,81.0362377810544,206.5159921132841,157.0,12752.6474609375,1896.199951171875,79.93483669697007,203.53684984099252,159.5500030517578,12971.548828125,1899.9000244140625,80.09055499720758,205.32242362984323,69334000.0,28974975003.0,287.0,30548000.0,18879600.0
2020-10-24,,13108.0625,,,,,13145.06640625,,,,,12885.7470703125,,,,,12931.57421875,,,,,24542317940.0,,,
2020-10-25,,13031.173828125,,,,,13329.18359375,,,,,12910.0615234375,,,,,13108.0634765625,,,,,24406920575.0,,,
2020-10-26,160.3520050048828,13075.248046875,1902.699951171875,78.5651626586914,200.5958709716797,164.1490020751953,13225.2978515625,1907.0,80.81109596389342,206.57325596516677,157.6649932861328,12822.3828125,1893.5,77.7464289699495,198.70526280324816,159.93699645996094,13031.201171875,1895.5,80.08807542144447,204.19567715984522,118024000.0,29461458313.0,242.0,35826000.0,37111600.0
2020-10-27,164.31649780273438,13654.21875,1908.800048828125,79.2886734008789,203.62277221679688,164.58299255371094,13759.6689453125,1908.800048828125,79.4433928628806,204.97866419195947,160.56500244140625,13060.837890625,1904.4000244140625,78.203147671929,200.83459813928872,161.2469940185547,13075.2421875,1904.5999755859375,78.7952539907842,202.0377098600853,85820000.0,33749878156.0,176.0,25902000.0,36700300.0
2020-10-28,158.13900756835938,13271.28515625,1876.199951171875,74.9207763671875,193.5299835205078,163.2010040283203,13837.6953125,1876.199951171875,77.05364551687353,199.41189318251043,158.12350463867188,12932.2509765625,1870.9000244140625,74.80572991828615,192.97618050181404,162.46499633789062,13654.21484375,1870.9000244140625,76.86520815058896,198.29471470146902,111766000.0,35867318895.0,277.0,45174000.0,51195600.0
2020-10-29,160.55050659179688,13437.8828125,1865.5999755859375,77.20589447021484,195.4779052734375,162.8625030517578,13612.0478515625,1879.800048828125,78.78583097305014,197.99872174244132,158.1999969482422,12980.0595703125,1858.800048828125,75.20592187839175,194.188845271249,160.06350708007812,13271.298828125,1876.0999755859375,75.22922779001276,194.85725538789796,131930000.0,56499499598.0,240.0,55406000.0,31432600.0
2020-10-30,151.8074951171875,13546.5224609375,1877.4000244140625,80.14311218261719,193.32943725585938,158.35000610351562,13651.5166015625,1886.5999755859375,83.37689063114517,195.06726527827394,150.9499969482422,13136.1982421875,1862.800048828125,79.42207419697557,190.60809546277156,157.8874969482422,13437.8740234375,1862.800048828125,82.68857929063469,194.3129364566058,167728000.0,30581485201.0,725.0,99878000.0,36953700.0
2020-10-31,,13780.9951171875,,,,,14028.2138671875,,,,,13457.5302734375,,,,,13546.5322265625,,,,,30306464719.0,,,
2020-11-01,,13737.109375,,,,,13862.033203125,,,,,13628.3779296875,,,,,13780.9951171875,,,,,24453857900.0,,,
2020-11-02,150.2239990234375,13550.4892578125,1890.4000244140625,80.55025482177734,193.19578552246094,153.98550415039062,13808.3232421875,1894.699951171875,82.23235142341763,196.01260444475008,147.50599670410156,13243.16015625,1872.9000244140625,80.05038085259652,191.0855498716354,153.08700561523438,13737.0322265625,1872.9000244140625,80.51157306203328,195.06729288841902,145148000.0,30771455468.0,190.0,44228000.0,30842200.0
2020-11-03,152.42050170898438,13950.30078125,1908.5,81.6084976196289,197.1106719970703,153.7449951171875,13984.9814453125,1908.5,82.27002983001302,198.72437896176254,149.0489959716797,13325.44140625,1891.5,79.9447507315101,193.95010489814203,150.92649841308594,13550.451171875,1891.5,80.86960946086896,194.6853471835195,97958000.0,29869951617.0,712.0,31432000.0,27512000.0
2020-11-04,162.05799865722656,14133.70703125,1894.5999755859375,86.57695007324219,206.62103271484375,162.24249267578125,14218.7666015625,1907.0,87.77603930665698,208.46391008308424,156.9864959716797,13580.4716796875,1885.300048828125,84.45201073795255,202.8302579359049,157.99949645996094,13950.48828125,1893.800048828125,84.57995112111725,204.35803146698734,136780000.0,35116364962.0,782.0,71342000.0,42311800.0
2020-11-05,166.10000610351562,15579.8486328125,1945.300048828125,87.40262603759766,213.2095184326172,168.33999633789062,15706.404296875,1948.0,88.85661240367497,214.00204965218953,164.44400024414062,14102.0888671875,1901.699951171875,86.33792410566214,211.16612977646565,165.99850463867188,14133.7333984375,1901.699951171875,87.79686676191484,212.0159499519229,115786000.0,40856321439.0,135.0,39758000.0,36080100.0
2020-11-06,165.56849670410156,15565.880859375,1950.300048828125,87.26525115966797,213.62008666992188,166.10000610351562,15903.4375,1958.800048828125,87.70015609543829,214.23119307229723,161.60000610351562,15226.83984375,1940.800048828125,86.12219462200115,208.18696129868533,165.23199462890625,15579.7294921875,1940.800048828125,86.84918769044951,212.22599244922995,92946000.0,39837841971.0,304.0,28622000.0,25231900.0
2020-11-07,,14833.75390625,,,,,15737.095703125,,,,,14423.203125,,,,,15565.880859375,,,,,35024953706.0,,,
2020-11-08,,15479.5673828125,,,,,15637.3203125,,,,,14744.1103515625,,,,,14833.75390625,,,,,26632075029.0,,,
2020-11-09,157.18699645996094,15332.3154296875,1853.199951171875,87.34906005859375,208.53073120117188,164.4499969482422,15785.13671875,1963.199951171875,90.09982356156625,217.8214639696989,155.60549926757812,14865.529296875,1847.0999755859375,87.15714949334874,208.04376051699998,161.55149841308594,15479.595703125,1955.5999755859375,89.06289964750782,214.30760543386708,143808000.0,34149115566.0,745.0,53440000.0,44395000.0
2020-11-10,151.75100708007812,15290.90234375,1875.4000244140625,86.17377471923828,201.4839324951172,155.6999969482422,15450.3291015625,1885.300048828125,87.24789727172411,206.7260912789593,150.9739990234375,15124.9599609375,1871.199951171875,85.10262594054147,200.25217605253826,154.75100708007812,15332.3505859375,1879.300048828125,85.77953403684037,204.81638142880726,131820000.0,25574938143.0,276.0,43022000.0,44045100.0
2020-11-11,156.8695068359375,15701.33984375,1860.699951171875,86.6453857421875,206.77381896972656,156.95750427246094,15916.2607421875,1878.800048828125,87.42245635168302,208.19654335969426,152.5,15290.0068359375,1855.5,86.43859116132685,202.62019457864048,153.08900451660156,15290.9091796875,1878.800048828125,86.70340081963118,202.80161932982716,87338000.0,29772374934.0,222.0,31838000.0,29440800.0
2020-11-12,155.51400756835938,16276.34375,1872.5999755859375,86.42668914794922,205.7139434814453,158.79400634765625,16305.00390625,1878.5,87.52560837715443,209.21825924150826,154.30250549316406,15534.771484375,1866.5999755859375,86.18617665930869,204.77818975222849,157.99749755859375,15701.298828125,1869.0,86.38602486876236,207.40404074630203,87240000.0,34175758344.0,220.0,26474000.0,21593900.0
2020-11-13,156.4405059814453,16317.80859375,1885.699951171875,87.8866195678711,206.73562622070312,157.08599853515625,16463.177734375,1890.0999755859375,88.12812330500522,207.60454766415813,154.26950073242188,15992.15234375,1876.800048828125,86.08749390814062,204.49172597949683,156.10000610351562,16276.4404296875,1877.0,86.68356532652022,206.59240381570694,75124000.0,31599492172.0,240.0,29744000.0,18621100.0
2020-11-14,,16068.138671875,,,,,16317.80859375,,,,,15749.193359375,,,,,16317.80859375,,,,,27481710135.0,,,
2020-11-15,,15955.587890625,,,,,16123.1103515625,,,,,15793.5341796875,,,,,16068.1396484375,,,,,23653867583.0,,,
2020-11-16,156.55299377441406,16716.111328125,1887.300048828125,87.97439575195312,207.42312622070312,157.13499450683594,16816.181640625,1887.300048828125,88.98157439814365,207.9101115453344,153.63450622558594,15880.7060546875,1871.0,87.34459885703573,204.83547759620686,154.66000366210938,15955.5771484375,1874.5999755859375,87.48395005570929,205.16966806985056,76174000.0,31526766675.0,6.0,25468000.0,24953300.0
2020-11-17,156.7830047607422,17645.40625,1884.5,87.36095428466797,204.7781524658203,159.46249389648438,17782.919921875,1888.4000244140625,88.12861160522714,207.85277130198583,156.76300048828125,16564.544921875,1884.5,87.25334605642084,204.41530300487557,159.177001953125,16685.69140625,1888.4000244140625,87.66841068929054,206.34411364526463,68894000.0,39006849170.0,59.0,21314000.0,24154100.0
2020-11-18,155.2729949951172,17804.005859375,1873.5,86.31857299804688,202.07843017578125,157.0,18393.94921875,1873.5,87.52659102492422,205.9940073608106,155.2550048828125,17352.90625,1873.5,86.21592105216274,201.93481820711207,156.6999969482422,17645.19140625,1873.5,87.11201820971709,204.53882413845477,58336000.0,49064800278.0,152.0,20108000.0,28372800.0
2020-11-19,155.8509979248047,17817.08984375,1861.0999755859375,87.20772552490234,203.36126708984375,156.25,18119.546875,1865.800048828125,87.4517111808944,203.94525399369454,154.04600524902344,17382.5546875,1856.0,85.79192921661566,200.9774488217173,155.2655029296875,17803.861328125,1865.800048828125,85.95111313440208,202.3656247103316,60206000.0,36985055355.0,59.0,20106000.0,24792700.0
2020-11-20,154.97000122070312,18621.314453125,1872.5999755859375,86.1073226928711,201.41786193847656,156.64450073242188,18773.2265625,1872.5999755859375,87.69321431232694,204.19418482435066,154.90249633789062,17765.794921875,1871.199951171875,86.03888806138033,201.0444941764718,155.8509979248047,17817.083984375,1871.199951171875,87.37782025271105,203.1506716700391,67488000.0,36992873940.0,1900.0,27694000.0,22843100.0
2020-11-21,,18642.232421875,,,,,18936.62109375,,,,,18444.359375,,,,,18621.31640625,,,,,39650210707.0,,,
2020-11-22,,18370.001953125,,,,,18688.96875,,,,,17671.384765625,,,,,18642.232421875,,,,,41280434226.0,,,
2020-11-23,154.91949462890625,18364.12109375,1837.800048828125,85.66993713378906,201.14979553222656,156.9875030517578,18711.42578125,1837.800048828125,86.58388452691703,203.23682175525894,153.2729949951172,18000.796875,1829.199951171875,84.80806483367506,199.28295679876337,155.8350067138672,18370.017578125,1834.800048828125,86.29775148895854,201.9539699700148,94178000.0,42741112308.0,843.0,22530000.0,25683500.0
2020-11-24,155.9029998779297,19107.46484375,1804.800048828125,87.4720458984375,204.73985290527344,156.71249389648438,19348.271484375,1829.300048828125,87.59998627783115,205.11322061050996,154.31300354003906,18128.65625,1799.300048828125,85.33123893145898,199.95307996220436,155.02499389648438,18365.015625,1829.300048828125,85.66696514111936,200.65194472163236,72042000.0,51469565009.0,1041.0,27984000.0,33979700.0
2020-11-25,159.2534942626953,18732.12109375,1805.699951171875,87.48345184326172,204.74940490722656,159.89999389648438,19390.96484375,1805.699951171875,87.79339022162621,206.1088465619645,157.01300048828125,18581.146484375,1801.4000244140625,86.70141738515697,203.39954614677848,157.093505859375,19104.41015625,1801.4000244140625,87.66594925071765,205.9365297615939,75808000.0,43710357371.0,205754.0,19600000.0,21012900.0
2020-11-26,,17150.623046875,,,,,18866.28515625,,,,,16351.03515625,,,,,18729.83984375,,,,,61396835737.0,,,
2020-11-27,159.76699829101562,17108.40234375,1781.9000244140625,88.61856079101562,206.05145263671875,160.8094940185547,17445.0234375,1817.0,89.11397029438973,207.0471097276896,159.50250244140625,16526.423828125,1770.699951171875,87.50377401389918,204.91219818073947,160.56300354003906,17153.9140625,1806.0999755859375,87.50377401389918,205.68766777600618,47858000.0,38886494645.0,71804.0,14790000.0,14512200.0
2020-11-28,,17717.4140625,,,,,17853.939453125,,,,,16910.65234375,,,,,17112.93359375,,,,,32601040734.0,,,
2020-11-29,,18177.484375,,,,,18283.62890625,,,,,17559.1171875,,,,,17719.634765625,,,,,31133957704.0,,,
2020-11-30,158.40199279785156,19625.8359375,1775.699951171875,87.00094604492188,204.94091796875,161.41949462890625,19749.263671875,1787.199951171875,88.28731141843316,205.60148040979328,156.27749633789062,18178.322265625,1762.300048828125,86.67563180881602,201.8486519158757,160.4239959716797,18178.322265625,1785.0,88.05473655890232,204.9696374397487,81278000.0,47728480399.0,3145.0,32418000.0,33064800.0
2020-12-01,161.00399780273438,18802.998046875,1814.0999755859375,89.03214263916016,206.98963928222656,162.44749450683594,19845.974609375,1815.9000244140625,90.33933938625974,208.05230344579502,157.85899353027344,18321.921875,1774.9000244140625,87.42889272522542,204.25160461083848,159.4250030517578,19633.76953125,1775.0,87.6089081843694,205.36212481674454,90740000.0,49633658712.0,1859.0,37350000.0,30904500.0
2020-12-02,160.17649841308594,19201.091796875,1825.699951171875,90.50050354003906,206.1854705810547,161.60000610351562,19308.330078125,1830.0,90.88582287507148,206.28121189127353,158.66299438476562,18347.71875,1807.800048828125,88.52681833296728,203.72507667561828,161.08250427246094,18801.744140625,1811.300048828125,89.03214040422921,205.71637614197203,62586000.0,37387697139.0,771.0,29424000.0,23724500.0
2020-12-03,159.3365020751953,19445.3984375,1836.800048828125,90.34530639648438,205.10366821289062,161.4320068359375,19566.19140625,1842.0,91.43578858562074,207.15240660691688,159.0655059814453,18925.78515625,1825.300048828125,90.10528575268816,204.53881785971507,160.2729949951172,19205.92578125,1829.199951171875,90.28083679102588,205.4578847635359,57840000.0,31930317405.0,1765.0,24728000.0,25120900.0
2020-12-04,158.12899780273438,18699.765625,1835.9000244140625,90.44050598144531,205.2185516357422,159.91050720214844,19511.404296875,1847.5999755859375,90.72514832522789,206.19505750838957,157.93800354003906,18697.193359375,1828.199951171875,89.93616760104676,204.08886550697892,159.91050720214844,19446.966796875,1840.699951171875,90.26495497057907,205.08452256365908,58272000.0,33872388058.0,1213.0,20544000.0,24666000.0
2020-12-05,,19154.23046875,,,,,19160.44921875,,,,,18590.193359375,,,,,18698.384765625,,,,,27242455064.0,,,
2020-12-06,,19345.12109375,,,,,19390.5,,,,,18897.89453125,,,,,19154.1796875,,,,,25293775714.0,,,
2020-12-07,157.89999389648438,19191.630859375,1861.800048828125,90.10676574707031,205.15150451660156,159.03799438476562,19411.828125,1866.9000244140625,90.7147397818171,206.3481977299115,157.08450317382812,18931.142578125,1820.800048828125,89.41299871935603,203.90695526121635,157.82400512695312,19343.12890625,1836.5,90.03336726128934,205.22809463522196,55026000.0,26896357742.0,1427.0,22288000.0,24620000.0
2020-12-08,158.864501953125,18321.14453125,1870.800048828125,89.82410430908203,206.7981719970703,159.2064971923828,19283.478515625,1875.800048828125,90.05420479386552,207.69808770235701,156.00100708007812,18269.9453125,1861.800048828125,88.82982716744417,203.8112301736273,157.94500732421875,19191.529296875,1863.0,89.68476067965364,204.84517494514358,65726000.0,31692288756.0,121.0,19936000.0,23284100.0
2020-12-09,155.2100067138672,18553.916015625,1834.5999755859375,88.16432189941406,202.76766967773438,158.72149658203125,18626.29296875,1867.0999755859375,90.66912483380474,206.05138833617983,154.39999389648438,17935.546875,1827.0,87.3778230247118,202.20283407419927,158.39450073242188,18320.884765625,1867.0999755859375,89.77600140990651,205.98438112277748,82016000.0,34420373071.0,215.0,31728000.0,32440600.0
2020-12-10,155.07449340820312,18264.9921875,1833.5999755859375,87.65800476074219,201.54232788085938,157.10499572753906,18553.298828125,1849.0999755859375,88.02199315546525,203.99315372570663,153.8000030517578,17957.064453125,1828.0,85.96598802674157,201.38914761353783,154.44949340820312,18553.298828125,1833.199951171875,87.40757214922617,202.7390213291695,60604000.0,25547132265.0,177.0,28688000.0,26733300.0
2020-12-11,155.8209991455078,18058.904296875,1839.800048828125,88.0125732421875,204.16543579101562,155.93350219726562,18268.453125,1846.0,88.13704799737961,204.2228893375298,153.64100646972656,17619.533203125,1829.0999755859375,86.91861796512762,200.1924200626549,154.83299255371094,18263.9296875,1838.5,87.27864133152798,201.0923357197763,61294000.0,27919640985.0,109.0,18628000.0,30979400.0
2020-12-12,,18803.65625,,,,,18919.55078125,,,,,18046.041015625,,,,,18051.3203125,,,,,21752580802.0,,,
2020-12-13,,19142.3828125,,,,,19381.53515625,,,,,18734.33203125,,,,,18806.765625,,,,,25450468637.0,,,
2020-12-14,157.84849548339844,19246.64453125,1828.699951171875,86.89481353759766,205.0653839111328,159.52349853515625,19305.099609375,1835.699951171875,88.75642621466821,206.98967630200812,156.3000030517578,19012.708984375,1822.699951171875,86.7395946512999,203.80168324113518,157.14999389648438,19144.4921875,1835.5,87.81025159464944,204.01230245414715,83116000.0,22473997681.0,258.0,33050000.0,28798400.0
2020-12-15,158.25599670410156,19417.076171875,1852.300048828125,87.33220672607422,204.99835205078125,159.4250030517578,19525.0078125,1853.5999755859375,87.4770060641718,206.23333309866626,156.52450561523438,19079.841796875,1833.199951171875,86.36966493036442,203.1889523803943,159.05050659179688,19246.919921875,1833.5,87.27170215315259,205.99399444063587,66390000.0,26741982541.0,961.0,21352000.0,27000600.0
2020-12-16,162.04800415039062,21310.59765625,1856.0999755859375,87.13928985595703,209.92874145507812,162.35000610351562,21458.908203125,1864.699951171875,87.7304049543823,210.72334762421664,158.1840057373047,19298.31640625,1850.5,86.73612785383081,205.56320627702797,158.80050659179688,19418.818359375,1856.5,87.7304049543823,205.59192574993037,88552000.0,44409011479.0,1090.0,24676000.0,35023300.0
2020-12-17,161.8040008544922,22805.162109375,1887.199951171875,86.31211853027344,210.062744140625,163.17550659179688,23642.66015625,1896.199951171875,87.61138514053775,211.47005656833366,161.0500030517578,21234.67578125,1874.199951171875,85.84796015899582,208.62671224362202,162.5,21308.3515625,1874.199951171875,87.4735246334331,210.49355078811152,69486000.0,71378606374.0,414.0,34880000.0,32515800.0
2020-12-18,160.08250427246094,23137.9609375,1885.699951171875,85.60348510742188,209.2681121826172,162.4709930419922,23238.6015625,1889.5,86.7014130032397,210.32120795336894,158.5800018310547,22399.8125,1882.300048828125,85.04708672490963,206.8077187663264,162.19949340820312,22806.796875,1882.4000244140625,86.59281350662172,209.2681121826172,119914000.0,40387896275.0,276.0,85256000.0,63354900.0
2020-12-19,,23869.83203125,,,,,24085.85546875,,,,,22826.47265625,,,,,23132.865234375,,,,,38487546580.0,,,
2020-12-20,,23477.294921875,,,,,24209.66015625,,,,,23147.7109375,,,,,23861.765625,,,,,37844228422.0,,,
2020-12-21,160.3090057373047,22803.08203125,1879.199951171875,86.0170669555664,213.09756469726562,161.34849548339844,24059.982421875,1908.0,86.13806852719698,214.44743823854384,158.3000030517578,22159.3671875,1869.0999755859375,84.00569107154372,208.01401392274173,160.00050354003906,23474.455078125,1884.800048828125,84.75599010453729,208.27250376445025,76736000.0,45852713981.0,136.0,33974000.0,37181900.0
2020-12-22,160.3260040283203,23783.029296875,1866.5999755859375,85.30594635009766,214.39002990722656,161.10000610351562,23789.90234375,1882.199951171875,85.9203673555766,216.00796180865703,159.00399780273438,22430.60546875,1861.0,84.58986465657318,212.38916194035403,160.14199829101562,22794.0390625,1882.199951171875,85.75771025470374,213.19333644262701,47388000.0,44171632681.0,233.0,20370000.0,22612200.0
2020-12-23,159.2635040283203,23241.345703125,1874.699951171875,85.70316314697266,211.5945281982422,160.50650024414062,24024.490234375,1878.800048828125,86.49065326644407,214.0262025743925,159.20849609375,22802.646484375,1864.5,85.35454302432285,211.38390900722848,160.25,23781.974609375,1867.0,85.48992918586241,213.59539590479994,41876000.0,51146161904.0,82.0,22974000.0,18699600.0
2020-12-24,158.63450622558594,23735.94921875,1879.9000244140625,85.99723815917969,213.25074768066406,160.10000610351562,23768.337890625,1879.9000244140625,86.40635530459163,214.0740732616441,158.4499969482422,22777.59765625,1875.699951171875,85.51075748898015,211.7668450557722,159.69500732421875,23240.203125,1877.300048828125,85.74134982606715,211.97746424681867,29038000.0,41080759713.0,46.0,9312000.0,10550600.0
2020-12-25,,24664.791015625,,,,,24710.1015625,,,,,23463.673828125,,,,,23733.5703125,,,,,42068395846.0,,,
2020-12-26,,26437.037109375,,,,,26718.0703125,,,,,24522.689453125,,,,,24677.015625,,,,,48332647295.0,,,
2020-12-27,,26272.294921875,,,,,28288.83984375,,,,,25922.76953125,,,,,26439.373046875,,,,,66479895605.0,,,
2020-12-28,164.197998046875,27084.80859375,1877.199951171875,87.97091674804688,215.36651611328125,165.1999969482422,27389.111328125,1895.800048828125,88.61757255277705,216.3908780288352,158.63450622558594,26207.640625,1873.699951171875,86.3770950854727,213.5092456892616,159.6999969482422,26280.822265625,1895.5,86.5303238857838,214.8782558753354,113736000.0,49056742893.0,75.0,27650000.0,17933500.0
2020-12-29,166.10000610351562,27362.4375,1879.699951171875,87.16755676269531,214.59100341796875,167.53250122070312,27370.720703125,1881.300048828125,88.69046939494899,217.49178635845286,164.06100463867188,25987.298828125,1879.699951171875,87.03614320674384,214.04531895403196,165.4969940185547,27081.810546875,1881.300048828125,88.62898113815957,216.65889262546344,97458000.0,45265946774.0,343.0,19726000.0,17403200.0
2020-12-30,164.29249572753906,28840.953125,1891.0,86.10088348388672,212.22637939453125,167.10499572753906,28937.740234375,1895.800048828125,87.66346933235681,216.00794208381058,164.12350463867188,27360.08984375,1877.300048828125,85.69176632843582,212.02534309135797,167.0500030517578,27360.08984375,1879.9000244140625,87.52660005705403,215.62499144526328,64186000.0,51287442704.0,444.0,21026000.0,20272300.0
2020-12-31,162.84649658203125,29001.720703125,1893.0999755859375,86.91366577148438,212.93484497070312,164.14599609375,29244.876953125,1901.300048828125,87.15467009608656,213.49011248709138,162.05999755859375,28201.9921875,1892.699951171875,86.09294200196078,210.31168765702222,163.75,28841.57421875,1897.0,86.1514640567951,212.24554837160557,59144000.0,46754964848.0,127.0,21070000.0,20942100.0
2021-01-01,,29374.15234375,,,,,29600.626953125,,,,,28803.5859375,,,,,28994.009765625,,,,,40730301359.0,,,
2021-01-02,,32127.267578125,,,,,33155.1171875,,,,,29091.181640625,,,,,29376.455078125,,,,,67865420765.0,,,
2021-01-03,,32782.0234375,,,,,34608.55859375,,,,,32052.31640625,,,,,32129.408203125,,,,,78665235202.0,,,
2021-01-04,159.3314971923828,31971.9140625,1944.699951171875,85.59902954101562,208.4065399169922,163.60000610351562,33440.21875,1945.0999755859375,87.402120207572,213.4900908644091,157.2010040283203,28722.755859375,1912.199951171875,84.65731177627322,205.64935379985505,163.5,32810.94921875,1912.199951171875,87.27864427300177,213.04013300201316,88228000.0,81163475344.0,154.0,37324000.0,37130100.0
2021-01-05,160.92550659179688,33992.4296875,1952.699951171875,86.28931427001953,208.6075897216797,161.16900634765625,34437.58984375,1952.699951171875,86.62553228807558,209.20115958747942,158.2530059814453,30221.1875,1941.300048828125,85.14130146810675,206.5014122383252,158.30050659179688,31977.041015625,1941.699951171875,85.54744478278593,207.99488327910248,53110000.0,67547324782.0,113.0,20360000.0,23823000.0
2021-01-06,156.91900634765625,36824.36328125,1906.9000244140625,85.4378662109375,203.19850158691406,159.87550354003906,36879.69921875,1959.9000244140625,86.4837267272263,207.2576901048468,156.55799865722656,33514.03515625,1901.5,84.10984521545748,202.90172401611616,157.32400512695312,34013.61328125,1952.0,84.31614040020875,203.12191147056765,87896000.0,75289433811.0,331.0,46588000.0,35930700.0
2021-01-07,158.10800170898438,39371.04296875,1912.300048828125,87.98975372314453,208.98094177246094,160.427001953125,40180.3671875,1926.699951171875,88.16232337948856,209.98616708451945,157.75,36491.19140625,1912.0,85.63024996050096,204.59627029591414,157.85000610351562,36833.875,1922.5999755859375,85.63024996050096,204.9121844778068,70290000.0,84762141031.0,122.0,41936000.0,27694500.0
2021-01-08,159.13499450683594,40797.609375,1834.0999755859375,89.1546401977539,210.25421142578125,159.53199768066406,41946.73828125,1908.0,89.23051304839001,211.17327826429883,157.11000061035156,36838.63671875,1834.0999755859375,87.33913991776798,207.77466653129983,159.0,39381.765625,1908.0,88.12961137899272,209.35429576941888,70754000.0,88107519480.0,60.0,35484000.0,22956200.0
2021-01-09,,40254.546875,,,,,41436.3515625,,,,,38980.875,,,,,40788.640625,,,,,61984162837.0,,,
2021-01-10,,38356.44140625,,,,,41420.19140625,,,,,35984.62890625,,,,,40254.21875,,,,,79980747690.0,,,
2021-01-11,155.7104949951172,35566.65625,1849.5999755859375,87.09466552734375,208.21507263183594,157.81900024414062,38346.53125,1849.5999755859375,88.4876553992653,209.5745145115379,155.5,30549.599609375,1826.5,86.8888697766191,207.4874737327891,157.40049743652344,38346.53125,1826.5,88.1226681566943,209.1532761190525,73668000.0,123320567399.0,20.0,34796000.0,23031300.0
2021-01-12,156.04150390625,33922.9609375,1842.9000244140625,86.15939331054688,205.7642364501953,157.10699462890625,36568.52734375,1859.699951171875,87.67040339276643,207.84170898199775,154.3000030517578,32697.9765625,1839.4000244140625,85.11552300350571,204.22290942349233,156.0,35516.359375,1849.0,86.55264274953645,207.26729032493492,70292000.0,74773277909.0,176.0,29528000.0,23249300.0
2021-01-13,158.29449462890625,37316.359375,1853.5999755859375,86.64636993408203,207.11412048339844,159.49749755859375,37599.9609375,1858.5999755859375,87.09962451285838,207.51620772033212,156.10400390625,32584.66796875,1853.5999755859375,85.65803281300867,204.80689205921024,156.4219970703125,33915.12109375,1858.0,85.65803281300867,204.89306508775417,66424000.0,69364315979.0,189.0,23432000.0,20087100.0
2021-01-14,156.37350463867188,39187.328125,1850.300048828125,85.8365478515625,203.93565368652344,158.89999389648438,39966.40625,1850.699951171875,87.65303914635119,208.1863098788865,156.0294952392578,36868.5625,1836.699951171875,85.59603541168373,203.6675956030474,158.37600708007812,37325.109375,1836.699951171875,86.72668980185412,206.7024075258848,61418000.0,63615990033.0,149.0,29212000.0,29480800.0
2021-01-15,155.21249389648438,36825.3671875,1829.300048828125,85.67290496826172,203.5814666748047,157.12750244140625,39577.7109375,1829.4000244140625,86.66470765909816,205.36214696231852,154.7584991455078,34659.58984375,1825.0,84.88393179958005,202.98791144832447,156.1510009765625,39156.70703125,1829.4000244140625,85.74233085394611,204.41437517914176,84880000.0,67760757881.0,31.0,31444000.0,31746500.0
2021-01-16,,36178.140625,,,,,37864.3671875,,,,,35633.5546875,,,,,36821.6484375,,,,,57706187875.0,,,
2021-01-17,,35791.27734375,,,,,36722.3515625,,,,,34069.3203125,,,,,36163.6484375,,,,,52359854336.0,,,
2021-01-18,,36630.07421875,,,,,37299.28515625,,,,,34883.84375,,,,,35792.23828125,,,,,49511702429.0,,,
2021-01-19,156.03799438476562,36069.8046875,1839.5,88.49211120605469,207.20986938476562,157.25,37755.890625,1842.9000244140625,89.45267036457545,207.72683453458131,154.8000030517578,36069.8046875,1802.0,85.93127591068698,203.562350037291,155.35000610351562,36642.234375,1802.0,86.43560673566675,204.63458270836028,66102000.0,57244195486.0,13.0,41660000.0,30480900.0
2021-01-20,163.16900634765625,35547.75,1865.9000244140625,93.23292541503906,214.77291870117188,163.99000549316406,36378.328125,1866.5999755859375,94.20736973532452,216.1610798929583,158.75,33570.4765625,1844.4000244140625,90.22974701111279,208.02356612474742,159.09950256347656,36050.11328125,1847.800048828125,90.5699300649502,208.4160850006806,106196000.0,66834573161.0,16.0,64152000.0,37777300.0
2021-01-21,165.34950256347656,30825.69921875,1865.300048828125,93.43526458740234,215.37603759765625,167.42750549316406,35552.6796875,1868.0,95.81211977776022,216.64932080348763,164.47850036621094,30250.75,1865.300048828125,93.20020779390293,212.93478076265833,164.64999389648438,35549.3984375,1865.300048828125,93.90637699930275,215.1175477989207,98722000.0,75643067688.0,6.0,58634000.0,30709400.0
2021-01-22,164.6114959716797,33005.76171875,1855.699951171875,93.852294921875,216.3142547607422,166.0955047607422,33811.8515625,1855.699951171875,94.43894549466397,220.25856538753118,164.1580047607422,28953.373046875,1852.699951171875,93.05587604072585,216.1706574233892,165.2154998779297,30817.625,1854.9000244140625,93.79774547612908,217.39607006237097,56438000.0,77207272511.0,8.0,32744000.0,30172700.0
2021-01-23,,32067.642578125,,,,,33360.9765625,,,,,31493.16015625,,,,,32985.7578125,,,,,48354737975.0,,,
2021-01-24,,32289.37890625,,,,,32944.0078125,,,,,31106.685546875,,,,,32064.376953125,,,,,48643830599.0,,,
2021-01-25,164.6999969482422,32366.392578125,1854.9000244140625,93.93760681152344,219.74159240722656,168.1945037841797,34802.7421875,1864.699951171875,95.3033257370761,219.9809310487722,162.15750122070312,32087.787109375,1851.800048828125,92.19600437288214,214.65804199808883,166.4250030517578,32285.798828125,1864.699951171875,94.85304490741599,219.3490735291546,74996000.0,59897054838.0,26.0,50586000.0,33152100.0
2021-01-26,166.30650329589844,32569.849609375,1850.699951171875,94.6155014038086,222.42225646972656,166.89999389648438,32794.55078125,1855.800048828125,95.00230386878823,224.19335419662124,164.14349365234375,31030.265625,1850.699951171875,93.03754741432294,220.2682080338263,164.8179931640625,32358.61328125,1855.800048828125,93.5265024141675,221.97229851669243,59104000.0,60255421470.0,59.0,31462000.0,49169600.0
2021-01-27,161.62899780273438,30432.546875,1844.9000244140625,90.20148468017578,222.9678955078125,167.3260040283203,32564.029296875,1844.9000244140625,93.2527658262995,230.1863578583069,160.35400390625,29367.138671875,1844.9000244140625,89.12736210402838,220.32560189282918,167.07449340820312,32564.029296875,1844.9000244140625,92.97704477868687,227.85041013975058,93204000.0,62576762015.0,195540.0,82512000.0,69870600.0
2021-01-28,161.88099670410156,33466.09765625,1837.9000244140625,91.90046691894531,228.74073791503906,165.08399963378906,33858.3125,1862.9000244140625,93.62570255714608,232.29253006928437,161.4344940185547,30023.20703125,1831.5,90.79956501585876,225.0644995906523,161.7519989013672,30441.041015625,1843.4000244140625,90.79956501585876,225.5623280954357,62984000.0,76517157706.0,27283.0,55278000.0,49111200.0
2021-01-29,160.30999755859375,34316.38671875,1847.300048828125,90.6190414428711,222.06800842285156,161.84950256347656,38406.26171875,1876.0,91.61977320852743,227.86957571864957,159.2274932861328,32064.814453125,1838.699951171875,89.33962239135802,221.4840214563199,161.5,34318.671875,1842.0,90.94931198226257,225.92614679568288,85872000.0,117894572511.0,1634.0,44530000.0,42503100.0
2021-01-30,,34269.5234375,,,,,34834.70703125,,,,,32940.1875,,,,,34295.93359375,,,,,65141828798.0,,,
2021-01-31,,33114.359375,,,,,34288.33203125,,,,,32270.17578125,,,,,34270.87890625,,,,,52754542671.0,,,
2021-02-01,167.1439971923828,33537.17578125,1860.800048828125,93.87760925292969,229.4300537109375,167.51300048828125,34638.21484375,1871.9000244140625,94.99189672698161,232.15852051694344,161.75149536132812,32384.228515625,1850.0,91.47347570612914,222.51795143659126,162.1179962158203,33114.578125,1866.5999755859375,91.47347570612914,225.03579903471945,83204000.0,61400400660.0,1494.0,40252000.0,33314200.0
2021-02-02,169.0,35510.2890625,1830.5,95.16942596435547,229.29600524902344,171.38699340820312,35896.8828125,1861.300048828125,96.6695245972113,231.9766011706054,168.05650329589844,33489.21875,1827.5999755859375,94.53714717102395,228.51098203808783,169.0,33533.19921875,1859.5999755859375,94.87238152496506,231.00967824023755,141972000.0,63088585433.0,1293.0,66332000.0,25916300.0
2021-02-03,165.62649536132812,37472.08984375,1832.199951171875,102.10014343261719,232.63714599609375,171.6999969482422,37480.1875,1842.4000244140625,104.4675776467,234.63801341662528,165.43099975585938,35443.984375,1829.800048828125,99.85222011919001,229.0566348687711,171.25050354003906,35510.8203125,1834.800048828125,102.43388711910048,229.35342703773466,141776000.0,61166818159.0,1195.0,97882000.0,27158100.0
2021-02-04,166.5500030517578,36926.06640625,1788.9000244140625,101.83979797363281,231.68939208984375,167.35000610351562,38592.17578125,1832.199951171875,102.61686853209841,232.86694881954378,163.8874969482422,36317.5,1782.800048828125,100.92088672711886,230.11933105831628,166.5,37475.10546875,1832.199951171875,102.18642801251289,232.31168137316456,73414000.0,68838074392.0,2375.0,48596000.0,25296100.0
2021-02-05,167.6074981689453,38144.30859375,1810.9000244140625,103.58536529541016,231.87127685546875,168.85000610351562,38225.90625,1813.5,103.9379504485251,232.9052215570717,165.135498046875,36658.76171875,1790.9000244140625,101.6597824251192,230.16718686803185,165.9499969482422,36931.546875,1794.300048828125,102.13386099437315,231.89999632428507,72416000.0,58598066402.0,1278.0,29866000.0,18054800.0
2021-02-06,,39266.01171875,,,,,40846.546875,,,,,38138.38671875,,,,,38138.38671875,,,,,71326033653.0,,,
2021-02-07,,38903.44140625,,,,,39621.8359375,,,,,37446.15234375,,,,,39250.19140625,,,,,65500641143.0,,,
2021-02-08,166.14700317382812,46196.46484375,1831.9000244140625,103.37163543701172,232.1297607421875,168.25,46203.9296875,1836.699951171875,104.8831449457621,233.28815157632502,165.1999969482422,38076.32421875,1809.0,102.32181757236562,230.54054867068731,167.9250030517578,38886.828125,1816.300048828125,104.13929285394818,232.78075482945962,65148000.0,101467222687.0,254.0,28828000.0,22211900.0
2021-02-09,165.25,46481.10546875,1835.300048828125,102.91888427734375,233.3743438720703,166.89999389648438,48003.72265625,1843.300048828125,104.06540659089865,234.32211561321034,164.89199829101562,45166.9609375,1830.699951171875,102.6515926888036,231.0862668747444,165.62449645996094,46184.9921875,1841.9000244140625,102.88962324878285,231.55536129754788,44070000.0,91809846886.0,184.0,21892000.0,23565000.0
2021-02-10,164.32899475097656,44918.18359375,1840.5999755859375,103.46883392333984,232.46485900878906,165.8975067138672,47145.56640625,1851.0999755859375,104.08375438993346,235.43264960639695,162.6999969482422,43881.15234375,1837.0,101.77086950936979,230.61715697080717,165.6999969482422,46469.76171875,1842.5999755859375,103.30320303558659,234.55188509696072,63032000.0,87301089896.0,543.0,25102000.0,22186700.0
2021-02-11,163.10650634765625,47909.33203125,1824.9000244140625,103.5813980102539,234.06362915039062,164.60000610351562,48463.46875,1845.0,103.8417432011322,234.69547207814844,162.4029998779297,44187.76171875,1820.9000244140625,102.59505097845204,231.8234083059105,164.60000610351562,44898.7109375,1840.5,103.6929788445471,234.3412555541554,46028000.0,81388911810.0,602.0,20480000.0,15751100.0
2021-02-12,163.885498046875,47504.8515625,1821.5999755859375,103.89282989501953,234.5423126220703,164.0124969482422,48745.734375,1827.5,104.1144933325463,234.83909021572526,161.66549682617188,46424.9765625,1809.199951171875,102.82861990262512,232.37868184084263,162.5,47877.03515625,1825.0,103.13608390402558,233.52750445837592,46706000.0,76555041196.0,259.0,18990000.0,16561100.0
2021-02-13,,47105.515625,,,,,48047.74609375,,,,,46392.28125,,,,,47491.203125,,,,,70250456155.0,,,
2021-02-14,,48717.2890625,,,,,49487.640625,,,,,47114.5078125,,,,,47114.5078125,,,,,71248675228.0,,,
2021-02-15,,47945.05859375,,,,,48875.5703125,,,,,46347.4765625,,,,,48696.53515625,,,,,77069903166.0,,,
2021-02-16,163.44749450683594,49199.87109375,1797.199951171875,104.6698989868164,233.30734252929688,165.4149932861328,50341.1015625,1823.4000244140625,106.37778331502909,235.63372209695896,162.67950439453125,47201.3046875,1787.300048828125,103.73016383309847,232.56060701574452,162.70249938964844,47944.45703125,1820.9000244140625,103.73016383309847,234.5806260608858,51494000.0,77049582886.0,1141.0,31004000.0,26728500.0
2021-02-17,165.4320068359375,52149.0078125,1771.0999755859375,105.06265258789062,234.3244171142578,166.04550170898438,52533.9140625,1789.699951171875,105.25208878200296,234.42996924048617,162.97500610351562,49072.37890625,1768.800048828125,103.56156275847486,231.19625854686882,163.17999267578125,49207.27734375,1785.800048828125,103.84074940988165,231.56089582687864,65950000.0,80820545404.0,614.0,20294000.0,21653500.0
2021-02-18,166.4114990234375,51679.796875,1773.4000244140625,104.42739868164062,233.9310302734375,166.89999389648438,52474.10546875,1784.5999755859375,105.22977275348802,234.06536803282074,163.69700622558594,51015.765625,1766.0,103.80851325413042,231.1195276514465,164.12100219726562,52140.97265625,1776.0999755859375,104.38723382023842,232.0215160251843,60548000.0,52054723579.0,587.0,22546000.0,16925600.0
2021-02-19,162.4949951171875,55888.1328125,1775.800048828125,103.5843734741211,231.22506713867188,166.6750030517578,56113.65234375,1787.5999755859375,105.06067434938426,233.99819366694103,162.28750610351562,50937.27734375,1764.300048828125,103.31758131898079,230.4670068908638,166.4114990234375,51675.98046875,1764.300048828125,104.52559936877174,233.89264153022282,86104000.0,63495496918.0,118.0,37938000.0,25262600.0
2021-02-20,,56099.51953125,,,,,57505.2265625,,,,,54626.55859375,,,,,55887.3359375,,,,,68145460026.0,,,
2021-02-21,,57539.9453125,,,,,58330.5703125,,,,,55672.609375,,,,,56068.56640625,,,,,51897585191.0,,,
2021-02-22,159.03700256347656,54207.3203125,1806.699951171875,101.87104034423828,225.02630615234375,161.61599731445312,57533.390625,1807.800048828125,103.16386022134958,228.30799807606732,158.61300659179688,48967.56640625,1784.0,101.5606101179122,223.0016349040027,160.406494140625,57532.73828125,1784.0,101.83831369636844,227.81862797364326,70314000.0,92052420332.0,165.0,29466000.0,36446900.0
2021-02-23,159.72500610351562,48824.42578125,1804.4000244140625,102.16163635253906,223.8365020751953,160.2364959716797,54204.9296875,1811.300048828125,102.77556555705189,225.33341290970458,154.67999267578125,45290.58984375,1796.4000244140625,98.69578224116515,219.48009270633426,156.35150146484375,54204.9296875,1809.5999755859375,99.87404748325243,221.015394129365,93544000.0,106102492824.0,569.0,34658000.0,30228700.0
2021-02-24,157.97650146484375,49705.33203125,1796.4000244140625,103.33641815185547,225.064697265625,158.56149291992188,51290.13671875,1805.800048828125,103.56007165959284,225.68840512166148,156.2689971923828,47213.5,1796.4000244140625,100.54548993925555,219.7391387901833,158.33749389648438,48835.0859375,1805.800048828125,100.66995712296065,220.7082886727813,60226000.0,63695521388.0,1500.0,22608000.0,26339700.0
2021-02-25,152.85800170898438,47093.8515625,1774.4000244140625,99.97124481201172,219.72952270507812,158.91299438476562,51948.96875,1802.0,103.296264656048,225.10304681506952,152.38800048828125,47093.8515625,1766.699951171875,99.50212250444032,218.6644111348608,156.83700561523438,49709.08203125,1801.5,101.95385918325073,222.69455787778315,90676000.0,54506565949.0,1049.0,41548000.0,39542200.0
2021-02-26,154.64649963378906,46339.76171875,1728.0999755859375,100.26679992675781,222.98251342773438,156.1219940185547,48370.78515625,1768.199951171875,101.98311399374562,225.8515878901501,151.8350067138672,44454.84375,1718.800048828125,99.23036778781363,220.25735243847066,154.75999450683594,47180.46484375,1768.0999755859375,100.6655050872536,222.16688173220012,85518000.0,350967941479.0,1593.0,40042000.0,37819200.0
2021-02-27,,46188.453125,,,,,48253.26953125,,,,,45269.02734375,,,,,46344.7734375,,,,,45910946382.0,,,
2021-02-28,,45137.76953125,,,,,46716.4296875,,,,,43241.6171875,,,,,46194.015625,,,,,53443887451.0,,,
2021-03-01,157.3070068359375,49631.2421875,1722.5,102.63473510742188,227.35804748535156,157.47799682617188,49784.015625,1747.0,102.96054119058313,227.86661288751642,154.89950561523438,45115.09375,1720.300048828125,100.88717747219397,223.7213085056627,156.39450073242188,45159.50390625,1737.0999755859375,101.5606124488339,226.36009733043844,54582000.0,53891300112.0,407.0,26060000.0,25324000.0
2021-03-02,154.72650146484375,48378.98828125,1733.0999755859375,102.37785339355469,224.41217041015625,158.17599487304688,50127.51171875,1733.0999755859375,103.87845154552576,227.7034670330312,154.3560028076172,47228.84375,1708.699951171875,101.99055905326092,224.00915718644586,157.17349243164062,49612.10546875,1709.4000244140625,102.39570360453789,227.4251865850806,51916000.0,47530897720.0,867.0,25564000.0,22812500.0
2021-03-03,150.25,50538.2421875,1715.300048828125,99.74610900878906,218.35736083984375,155.38900756835938,52535.13671875,1732.4000244140625,102.94863663130721,224.13391321847823,149.75,48274.3203125,1703.5,98.88273841636625,218.06949005706758,154.0590057373047,48415.81640625,1730.0,101.7564937545508,222.7713404645017,79774000.0,53220811975.0,501.0,33892000.0,34029500.0
2021-03-04,148.8784942626953,48561.16796875,1700.199951171875,100.86287689208984,217.56094360351562,152.906494140625,51735.08984375,1717.4000244140625,102.87920915491242,223.08801625993092,147.27149963378906,47656.9296875,1700.199951171875,99.44955486444132,215.19083022458815,150.60000610351562,50522.3046875,1706.5,99.91768591072356,217.57054857019696,109632000.0,52343816680.0,521.0,49216000.0,44727800.0
2021-03-05,150.0229949951172,48927.3046875,1698.0,103.99398803710938,222.2340087890625,150.4499969482422,49396.4296875,1701.0,104.44674319929116,223.8364715609729,144.0500030517578,46542.515625,1685.0,100.55788705118852,217.30187304022164,150.25,48527.03125,1690.5999755859375,102.21271269276662,220.23812306789688,107772000.0,48625928883.0,302.0,53100000.0,41872800.0
2021-03-06,,48912.3828125,,,,,49147.21875,,,,,47257.52734375,,,,,48899.23046875,,,,,34363564661.0,,,
2021-03-07,,51206.69140625,,,,,51384.3671875,,,,,48918.6796875,,,,,48918.6796875,,,,,43137459378.0,,,
2021-03-08,147.59750366210938,52246.5234375,1677.699951171875,99.55221557617188,218.19424438476562,153.22950744628906,52314.0703125,1705.4000244140625,104.82066904289061,223.93240636504976,147.5655059814453,49506.0546875,1673.699951171875,99.43766094950882,217.94476417404604,150.75,51174.1171875,1704.699951171875,103.34883996354391,222.01328727476053,83700000.0,48597428048.0,1290.0,36868000.0,35267400.0
2021-03-09,153.1425018310547,54824.1171875,1716.5999755859375,101.18173217773438,224.32582092285156,154.54800415039062,54824.1171875,1717.5,102.35007722648686,225.8611219944867,150.25750732421875,51981.83203125,1685.199951171875,100.94568414890182,222.30114977246933,150.89950561523438,52272.96875,1686.199951171875,101.6473888421462,223.4622232211294,80600000.0,50912227385.0,335.0,33920000.0,33080500.0
2021-03-10,152.8820037841797,56008.55078125,1721.5,100.97494506835938,223.02084350585938,155.822998046875,57258.25390625,1722.9000244140625,102.2251105144304,227.41562829059083,151.50250244140625,53290.890625,1711.0,100.13885303854282,222.6562061675543,154.92250061035156,54824.01171875,1713.5999755859375,102.2251105144304,227.41562829059083,60250000.0,57295577614.0,412.0,27100000.0,29746800.0
2021-03-11,155.67950439453125,57805.12109375,1722.300048828125,104.16606903076172,227.5403594970703,156.58900451660156,58091.0625,1737.5,104.69817024362116,229.49785452570518,154.14649963378906,54484.59375,1720.199951171875,101.97964153853603,224.8343945532657,155.20050048828125,55963.1796875,1725.5999755859375,102.06741705146506,225.45811704228768,55528000.0,56772343595.0,18.0,27702000.0,29907600.0
2021-03-12,154.47450256347656,57332.08984375,1719.5,101.6597900390625,226.2161865234375,154.94900512695312,57996.62109375,1722.5,103.02897463234642,226.283362726676,152.27499389648438,55376.6484375,1699.0,100.78799753105496,223.79809211606153,153.75,57821.21875,1715.9000244140625,102.96946888396107,224.54654746853438,48438000.0,55689944702.0,80.0,33818000.0,22653700.0
2021-03-13,,61243.0859375,,,,,61683.86328125,,,,,56217.97265625,,,,,57343.37109375,,,,,60669829814.0,,,
2021-03-14,,59302.31640625,,,,,61597.91796875,,,,,59302.31640625,,,,,61221.1328125,,,,,43901225564.0,,,
2021-03-15,154.08399963378906,55907.19921875,1728.9000244140625,101.87996673583984,225.314208984375,154.11199951171875,60540.9921875,1731.9000244140625,101.90723768058707,225.6788463527636,151.60450744628906,55393.1640625,1722.800048828125,100.5583928421277,222.43552990775498,153.72850036621094,59267.4296875,1729.5,101.41084443797796,225.45815172323736,58272000.0,66419369890.0,147.0,26168000.0,26034900.0
2021-03-16,154.59300231933594,56804.90234375,1730.5999755859375,103.34040069580078,228.09695434570312,156.44549560546875,56833.1796875,1733.9000244140625,104.81768533806229,230.35191097051037,153.79299926757812,53555.02734375,1726.0,102.12047992122729,226.3985294905257,155.24850463867188,55840.78515625,1732.300048828125,102.45273295151992,226.72477629112797,50776000.0,59749798599.0,729.0,31900000.0,28092200.0
2021-03-17,156.7864990234375,58870.89453125,1726.800048828125,103.25758361816406,227.45401000976562,158.65249633789062,58969.81640625,1750.0999755859375,104.08970309819375,228.90295443295722,153.51100158691406,54528.62890625,1725.5999755859375,101.36820045374888,223.7980901339011,153.66099548339844,56825.828125,1735.300048828125,102.57571917832706,226.60000251813773,62372000.0,60258313191.0,488.0,26382000.0,29562100.0
2021-03-18,151.39950561523438,57858.921875,1732.199951171875,100.238525390625,221.38958740234375,155.8314971923828,60116.25,1750.300048828125,102.58959237276454,224.71926031527957,151.25,54253.578125,1721.800048828125,100.13140900343207,221.01535975192502,155.0500030517578,58893.078125,1745.800048828125,101.56951989998234,223.15517351500054,72992000.0,55746041000.0,138.0,31700000.0,34833000.0
2021-03-19,153.7480010986328,58346.65234375,1741.4000244140625,100.51722717285156,221.0345916748047,153.864501953125,59498.375,1742.199951171875,101.0170935919781,223.0688536355773,150.8314971923828,56643.703125,1733.5999755859375,99.32557619974676,220.0750319360675,151.4615020751953,57850.44140625,1742.199951171875,100.65459585242806,221.67749494275228,92508000.0,49063873786.0,13.0,46072000.0,46430700.0
2021-03-20,,58313.64453125,,,,,60031.28515625,,,,,58213.296875,,,,,58332.26171875,,,,,50361731222.0,,,
2021-03-21,,57523.421875,,,,,58767.8984375,,,,,56005.6171875,,,,,58309.9140625,,,,,51943414539.0,,,
2021-03-22,155.5435028076172,54529.14453125,1737.800048828125,100.70219421386719,226.44647216796875,156.32899475097656,58471.48046875,1737.800048828125,101.57745981871109,227.3196602642825,153.00250244140625,54288.15625,1737.800048828125,99.87453168948488,220.83304272830307,153.3925018310547,57517.890625,1737.800048828125,100.55044851754279,220.95779015994103,58044000.0,56521454974.0,51.0,33536000.0,30127000.0
2021-03-23,156.875,54738.9453125,1724.699951171875,101.22982788085938,227.97218322753906,159.10000610351562,55985.44140625,1724.699951171875,102.35949109317576,231.30185638179913,156.04249572753906,53470.6953125,1724.699951171875,100.56879507536709,227.48281307743645,156.35000610351562,54511.66015625,1724.699951171875,101.16139325256839,227.8858263731183,76346000.0,56435023914.0,6.0,28510000.0,31638400.0
2021-03-24,154.35350036621094,52774.265625,1732.9000244140625,100.79344940185547,225.9379119873047,158.0155029296875,57262.3828125,1732.9000244140625,102.53256990725708,228.3751869519147,154.25750732421875,52514.33203125,1727.5,100.61839021612809,225.80357422770754,157.552001953125,54710.48828125,1727.5,101.74706227764077,228.23125886724554,59180000.0,70567223787.0,26.0,25218000.0,25620100.0
2021-03-25,152.31300354003906,51704.16015625,1724.9000244140625,100.78997039794922,222.9440460205078,155.48899841308594,53392.38671875,1733.199951171875,101.44356501016514,227.35802548423027,151.85699462890625,50856.5703125,1724.5,98.9863728269257,222.20519576310443,153.64950561523438,52726.74609375,1732.699951171875,100.62086633670765,225.78434852304252,71270000.0,67999812841.0,15.0,35616000.0,34061900.0
2021-03-26,152.60150146484375,55137.3125,1732.199951171875,100.4066390991211,226.91668701171875,152.83299255371094,55137.3125,1732.199951171875,101.1336246171234,227.13739629764925,149.8000030517578,51579.85546875,1721.300048828125,99.37119076934293,222.18606444240328,152.2030029296875,51683.01171875,1721.300048828125,100.75674230960178,222.18606444240328,66258000.0,56652197978.0,33.0,27978000.0,25479900.0
2021-03-27,,55973.51171875,,,,,56568.21484375,,,,,54242.91015625,,,,,55137.56640625,,,,,47266542233.0,,,
2021-03-28,,55950.74609375,,,,,56610.3125,,,,,55071.11328125,,,,,55974.94140625,,,,,47686580918.0,,,
2021-03-29,153.7864990234375,57750.19921875,1712.0999755859375,101.45099639892578,225.72682189941406,154.5625,58342.09765625,1712.0999755859375,101.62059986113842,227.22373264099474,151.42250061035156,55139.33984375,1712.0999755859375,99.45053211267248,222.50270082457934,152.77200317382812,55947.8984375,1712.0999755859375,100.27918584473142,227.02221866806568,54920000.0,57625587027.0,135457.0,26492000.0,25227500.0
2021-03-30,152.76449584960938,58917.69140625,1683.9000244140625,101.48472595214844,222.4739532470703,153.64999389648438,59447.22265625,1712.5999755859375,102.28808372412591,224.39307291401343,151.6999969482422,57251.55078125,1676.5,100.97295690505184,221.75428337196664,153.50050354003906,57750.1328125,1711.0,101.80755821783723,224.0860067392764,46752000.0,54414116432.0,25316.0,27312000.0,24792000.0
2021-03-31,154.70399475097656,58918.83203125,1713.800048828125,102.28065490722656,226.23536682128906,155.9665069580078,59930.02734375,1713.800048828125,103.45792888550099,229.4307019873928,153.125,57726.41796875,1676.5,101.51101496662734,222.9920507477263,153.2030029296875,58930.27734375,1683.699951171875,101.87798472633357,223.49102583020917,61878000.0,65520826225.0,762.0,42570000.0,43623500.0
2021-04-01,158.0500030517578,59095.80859375,1726.5,105.6160888671875,232.54930114746094,158.1219940185547,59586.0703125,1728.800048828125,105.91214206933007,233.01947603379585,155.77749633789062,58505.27734375,1706.4000244140625,103.71431119831864,228.42319147370623,155.89700317382812,58926.5625,1706.800048828125,103.7549754771254,228.82620479415866,58806000.0,61669163792.0,720.0,39880000.0,30338000.0
2021-04-02,,59384.3125,,,,,60267.1875,,,,,58869.28125,,,,,59098.87890625,,,,,58727860620.0,,,
2021-04-03,,57603.890625,,,,,60110.26953125,,,,,57603.890625,,,,,59397.41015625,,,,,59641344484.0,,,
2021-04-04,,58758.5546875,,,,,58913.74609375,,,,,57168.67578125,,,,,57604.83984375,,,,,50749662970.0,,,
2021-04-05,161.3365020751953,59057.87890625,1727.0,110.03853607177734,238.99752807617188,161.79800415039062,59891.296875,1729.699951171875,110.5359281464989,239.85153557551078,158.06199645996094,57694.82421875,1721.9000244140625,106.38126321505356,232.88512317429942,158.64999389648438,58760.875,1727.9000244140625,106.47746820855774,232.94269441038907,66698000.0,60706272115.0,275.0,48510000.0,36910600.0
2021-04-06,161.1909942626953,58192.359375,1741.5,109.5574951171875,237.83644104003906,162.36549377441406,59479.578125,1744.800048828125,110.48681826907224,239.31415636924692,160.8520050048828,57646.80859375,1726.9000244140625,109.1870597884368,236.89607673963405,161.1875,59171.93359375,1726.9000244140625,109.63981491989364,237.59655114205796,50756000.0,66058027988.0,890.0,35240000.0,22931900.0
2021-04-07,163.96949768066406,56048.9375,1740.0999755859375,111.03380584716797,239.79393005371094,165.1804962158203,58731.14453125,1742.699951171875,111.30506244729017,240.7822752368662,161.1824951171875,55604.0234375,1733.699951171875,109.74793242768109,237.1935318252326,161.69000244140625,58186.5078125,1742.699951171875,109.74793242768109,237.7884540717137,66924000.0,75645303584.0,557.0,24134000.0,22719800.0
2021-04-08,164.96499633789062,58323.953125,1756.800048828125,111.59913635253906,243.00848388671875,166.22500610351562,58338.73828125,1758.0,112.658382510487,243.8624913984209,164.60000610351562,55879.0859375,1734.5999755859375,111.23117534122576,241.80903431175963,165.5449981689453,56099.9140625,1736.0,112.27207187647824,242.54789934961562,56242000.0,53053855641.0,1298.0,28664000.0,23625200.0
2021-04-09,168.61000061035156,58245.00390625,1743.300048828125,112.60283660888672,245.5033416748047,168.61000061035156,58937.046875,1750.800048828125,112.76648496837154,245.63767943978883,164.44500732421875,57807.86328125,1733.300048828125,110.94602844319752,242.23123976274744,165.23500061035156,58326.5625,1750.800048828125,111.35167993918043,242.64384338315648,86830000.0,46655208546.0,484.0,26146000.0,24326800.0
2021-04-10,,59793.234375,,,,,61276.6640625,,,,,58038.70703125,,,,,58253.77734375,,,,,58238470525.0,,,
2021-04-11,,60204.96484375,,,,,60790.5546875,,,,,59289.796875,,,,,59846.23046875,,,,,46280252580.0,,,
2021-04-12,168.96949768066406,59893.453125,1731.199951171875,111.31101989746094,245.5609130859375,169.7519989013672,61253.03515625,1740.800048828125,111.91948581429651,247.24974743747651,167.5574951171875,59589.875,1726.699951171875,110.47790163265579,244.3230729403919,167.760498046875,60175.9453125,1740.800048828125,111.78212470167257,244.4094444364362,65636000.0,51828688519.0,40.0,25024000.0,27148700.0
2021-04-13,170.0,63503.45703125,1746.199951171875,111.7974853515625,248.03659057617188,171.60000610351562,63742.28515625,1746.9000244140625,112.24578362522868,248.7082941150064,169.781494140625,59869.95703125,1722.0999755859375,111.23314936962267,246.44371787607142,170.04249572753906,59890.01953125,1733.800048828125,111.62689819177633,246.8563508242673,66316000.0,69983454362.0,367.0,25682000.0,23837500.0
2021-04-14,166.64999389648438,63109.6953125,1734.9000244140625,111.17662048339844,245.2538299560547,170.2064971923828,64863.09765625,1745.9000244140625,112.44216174007808,248.36279362985277,166.3000030517578,61554.796875,1732.699951171875,110.88453990540746,244.84122636397595,170.20199584960938,63523.75390625,1741.300048828125,112.44216174007808,247.06741162139323,62904000.0,77451779687.0,1037.0,21002000.0,23070900.0
2021-04-15,168.95449829101562,63314.01171875,1765.4000244140625,113.32585906982422,249.00567626953125,169.85000610351562,63821.671875,1767.9000244140625,113.8589591031954,249.41827980334187,167.60000610351562,62208.96484375,1740.0999755859375,111.63583238423234,247.30726659192428,168.5500030517578,63075.1953125,1740.0999755859375,112.1704155210859,247.49916091109114,64672000.0,60954381579.0,368.0,29174000.0,25627500.0
2021-04-16,169.9720001220703,61572.7890625,1779.0,113.2018814086914,250.195556640625,170.33999633789062,63594.72265625,1779.5,113.77167310788025,250.445051503243,167.7794952392578,60222.53125,1770.0999755859375,112.61523075801729,247.18255477329765,169.0,63258.50390625,1770.4000244140625,113.5237224246354,248.9769265105959,63720000.0,84293007468.0,625.0,26282000.0,24878600.0
2021-04-17,,60683.8203125,,,,,62572.17578125,,,,,60361.3515625,,,,,61529.921875,,,,,66138759198.0,,,
2021-04-18,,56216.18359375,,,,,61057.45703125,,,,,52829.53515625,,,,,60701.88671875,,,,,97468872758.0,,,
2021-04-19,168.60049438476562,55724.265625,1769.4000244140625,113.54951477050781,248.2764434814453,171.79649353027344,57520.0546875,1788.5,114.26014079100582,250.9056567188117,168.00799560546875,54368.59375,1769.4000244140625,112.57854354901255,247.39366504124206,169.51649475097656,56191.5859375,1782.0999755859375,112.57854354901255,249.66781662573698,54508000.0,65344865159.0,144.0,30290000.0,23209300.0
2021-04-20,166.7344970703125,56473.03125,1777.300048828125,113.01641845703125,247.81588745117188,169.14950561523438,57062.1484375,1777.300048828125,114.00772178331093,249.6774355364168,165.8000030517578,53448.046875,1765.5,111.93089265988128,246.45329984767133,168.67999267578125,55681.79296875,1769.300048828125,113.9328401922627,247.39367885760478,52460000.0,67849323955.0,1464.0,22288000.0,19722900.0
2021-04-21,168.1009979248047,53906.08984375,1792.300048828125,112.98368835449219,250.04196166992188,168.14300537109375,56757.97265625,1794.0999755859375,113.06550874851278,250.1379234612741,165.1905059814453,53695.46875,1777.699951171875,111.32092512104474,246.84664193022695,165.8000030517578,56471.12890625,1783.0,112.67126807997798,248.4682995687693,44224000.0,54926612466.0,250.0,23204000.0,24030400.0
2021-04-22,165.45199584960938,51762.2734375,1781.199951171875,111.7027816772461,246.76991271972656,168.64349365234375,55410.23046875,1794.199951171875,113.50587995571698,251.1934676578841,165.07249450683594,50583.8125,1779.5,111.09778136352259,245.30177331417912,168.58399963378906,53857.10546875,1794.199951171875,112.83740129654701,249.6869523173012,51612000.0,74798630778.0,159.0,24146000.0,25606200.0
2021-04-23,167.04400634765625,51093.65234375,1777.0,114.05384063720703,250.58901977539062,168.75,52120.79296875,1794.5,114.36080521624167,250.93447650853264,165.4250030517578,47714.6640625,1772.0,112.13569603609702,246.86592330580729,165.9550018310547,51739.80859375,1786.0999755859375,112.4208378072845,247.4512699735004,63856000.0,86668667320.0,332.0,29066000.0,21462600.0
2021-04-24,,50050.8671875,,,,,51167.5625,,,,,48805.28515625,,,,,51143.2265625,,,,,49014494781.0,,,
2021-04-25,,49004.25390625,,,,,50506.01953125,,,,,47159.484375,,,,,50052.83203125,,,,,46117114240.0,,,
2021-04-26,170.4499969482422,54021.75390625,1779.199951171875,114.54975128173828,250.97283935546875,171.42250061035156,54288.00390625,1779.699951171875,115.27377066190553,251.82686158376697,166.5469970703125,48852.796875,1770.800048828125,113.92441882355446,249.64867150670258,167.39999389648438,49077.79296875,1778.0,114.28146844023216,251.07840615470806,97614000.0,58284039825.0,549.0,32038000.0,19763300.0
2021-04-27,170.8715057373047,55033.1171875,1778.0,113.61001586914062,251.37579345703125,173.0,55416.96484375,1782.0,114.97225396912138,252.5464571721275,169.90049743652344,53319.1875,1777.699951171875,113.37098650498807,249.60060259546464,172.17349243164062,54030.3046875,1780.0,114.93158969348886,251.0015512107664,76542000.0,49448222757.0,117.0,44386000.0,31014200.0
2021-04-28,172.9250030517578,54824.703125,1773.199951171875,116.98512268066406,244.26551818847656,174.49400329589844,56227.20703125,1774.0,120.57247005777245,246.16545696217563,171.25,53887.91796875,1764.5999755859375,116.69650771409113,242.72062646494183,171.74000549316406,55036.63671875,1768.199951171875,118.6444052488308,245.7240384101382,92638000.0,48000572955.0,756.0,81106000.0,46903100.0
2021-04-29,173.5655059814453,53555.109375,1768.0999755859375,118.65729522705078,242.29840087890625,175.72250366210938,55115.84375,1789.0,119.22262247919515,245.74323113487725,171.75,52418.02734375,1758.5999755859375,117.71954253961522,238.93035179332017,175.2550048828125,54858.08984375,1781.0,118.48224361950828,245.12911354726194,153648000.0,46088929780.0,196.0,41234000.0,40589000.0
2021-04-30,173.37100219726562,57750.17578125,1767.300048828125,116.71038818359375,241.9817352294922,177.6999969482422,57900.71875,1771.800048828125,118.1162643027293,242.84534766283653,173.125,53129.6015625,1763.9000244140625,116.36623251844566,239.50608432237092,176.25599670410156,53568.6640625,1771.800048828125,117.43043490062821,239.64042208199547,140186000.0,52395931985.0,18.0,44856000.0,30945100.0
2021-05-01,,57828.05078125,,,,,58448.33984375,,,,,57052.2734375,,,,,57714.6640625,,,,,42836427360.0,,,
2021-05-02,,56631.078125,,,,,57902.59375,,,,,56141.90625,,,,,57825.86328125,,,,,38177405335.0,,,
2021-05-03,169.32449340820312,57200.29296875,1791.4000244140625,116.19365692138672,241.6746826171875,174.33250427246094,58973.30859375,1793.0,118.10138954221922,244.06399130382755,168.63499450683594,56590.87109375,1788.5,115.81776586416933,240.96460323871534,174.2364959716797,56620.2734375,1788.5,117.2762089404866,243.1523979660195,117510000.0,51713139031.0,18.0,28242000.0,19626600.0
2021-05-04,165.593505859375,53333.5390625,1775.800048828125,114.3960189819336,237.76925659179688,168.3990020751953,57214.1796875,1788.5,115.29657305551342,241.05096316703924,163.60650634765625,53191.42578125,1774.800048828125,111.9090738290094,235.8213518591053,167.8094940185547,57214.1796875,1788.199951171875,114.72926326113381,240.82066360194878,108788000.0,68564706967.0,182.0,44818000.0,32756100.0
2021-05-05,163.52699279785156,57424.0078125,1784.0999755859375,114.7897720336914,236.5026397705078,167.73500061035156,57911.36328125,1784.0999755859375,115.79297809431026,239.4101039903154,163.21800231933594,52969.0546875,1779.199951171875,114.46793099267961,235.87893192942408,166.9429931640625,53252.1640625,1781.5,115.47709216813345,238.98789545222698,74226000.0,69241316747.0,57.0,26636000.0,21901300.0
2021-05-06,165.31849670410156,56396.515625,1815.5,115.90950775146484,239.63082885742188,165.72000122070312,58363.31640625,1815.5,115.90950775146484,239.7555762980852,162.36000061035156,55382.5078125,1787.5999755859375,113.71216888819075,234.79465463224184,163.5,57441.30859375,1788.9000244140625,114.371219210084,236.48347435623583,88954000.0,69523285106.0,13.0,25190000.0,26491100.0
2021-05-07,164.58050537109375,57356.40234375,1831.0999755859375,116.6325454711914,242.25042724609375,166.54449462890625,58606.6328125,1842.9000244140625,117.59063045540668,244.0160134266029,164.45350646972656,55321.84765625,1831.0999755859375,116.34641239485732,241.01258714133363,165.95449829101562,56413.953125,1842.9000244140625,117.22565074408553,241.95295146590863,94206000.0,68434023376.0,2.0,28898000.0,27032900.0
2021-05-08,,58803.77734375,,,,,59464.61328125,,,,,56975.2109375,,,,,57352.765625,,,,,65382980634.0,,,
2021-05-09,,58232.31640625,,,,,59210.8828125,,,,,56482.00390625,,,,,58877.390625,,,,,65906690347.0,,,
2021-05-10,159.52450561523438,55859.796875,1837.5,113.64820098876953,237.18394470214844,164.14999389648438,59519.35546875,1845.5999755859375,115.59461543086714,241.54994399092692,159.5,54071.45703125,1835.4000244140625,113.29065197517465,237.126373466444,164.11599731445312,58250.87109375,1835.5999755859375,115.45278230823058,240.72472211515404,116772000.0,71776546298.0,13.0,30914000.0,29299900.0
2021-05-11,161.19549560546875,56704.57421875,1835.9000244140625,112.57257843017578,236.27235412597656,161.89999389648438,56872.54296875,1838.0999755859375,113.07939117570699,236.62740113121535,156.36849975585938,54608.65234375,1831.5999755859375,110.78039176678136,232.76037714863403,156.81399536132812,55847.2421875,1837.199951171875,111.23414573224053,234.6603010402085,92396000.0,61308396325.0,420.0,34186000.0,33641600.0
2021-05-12,157.5970001220703,49150.53515625,1822.5999755859375,109.11071014404297,229.334716796875,160.39700317382812,57939.36328125,1825.199951171875,111.47765277681279,234.497151508865,156.65499877929688,49150.53515625,1821.699951171875,108.78193027743689,228.4423335043082,159.25,56714.53125,1825.199951171875,110.3970831268485,232.37651860575235,98728000.0,75215403907.0,3.0,46376000.0,36684400.0
2021-05-13,158.07350158691406,49716.19140625,1823.800048828125,110.53840637207031,233.20176696777344,160.19200134277344,51330.84375,1826.800048828125,111.05414048585153,235.66784215247608,156.64999389648438,46980.01953125,1814.0999755859375,109.43154957142508,231.6568754357032,159.27349853515625,49735.43359375,1814.699951171875,110.39359947423983,232.0215127667873,67018000.0,96721152926.0,100.0,33204000.0,29624300.0
2021-05-14,161.14500427246094,49880.53515625,1837.9000244140625,112.98518371582031,238.1147003173828,161.4429931640625,51438.1171875,1842.9000244140625,113.29958654023416,239.10304549849073,159.14999389648438,48868.578125,1824.5,111.57781679125821,235.5622830009087,159.2779998779297,49682.98046875,1824.5,112.00131853077191,235.6486398477899,66500000.0,55737497453.0,41.0,31996000.0,23901100.0
2021-05-15,,46760.1875,,,,,50639.6640625,,,,,46664.140625,,,,,49855.49609375,,,,,59161047474.0,,,
2021-05-16,,46456.05859375,,,,,49720.04296875,,,,,43963.3515625,,,,,46716.63671875,,,,,64047871555.0,,,
2021-05-17,163.51950073242188,43537.51171875,1867.5,113.50785064697266,235.26483154296875,164.6374969482422,46623.55859375,1867.5,113.5504974365383,236.6178141840923,161.72950744628906,42207.2890625,1847.199951171875,111.85104254616843,233.67197362740927,162.29649353027344,46415.8984375,1849.9000244140625,112.25073891210808,236.57943823986372,74478000.0,74903638450.0,13.0,21598000.0,24970200.0
2021-05-18,161.61399841308594,42909.40234375,1867.800048828125,112.19619750976562,233.24978637695312,165.60000610351562,45812.45703125,1870.5,114.43817329757108,236.4451221095413,161.51849365234375,42367.83203125,1867.800048828125,112.18231233154226,233.07705800782193,164.62899780273438,43488.05859375,1870.5,114.17385549892235,236.3107843298703,56568000.0,56187365084.0,3.0,22204000.0,20168000.0
2021-05-19,161.58999633789062,37002.44140625,1881.300048828125,112.64399719238281,233.82681274414062,161.7375030517578,43546.1171875,1884.9000244140625,112.81706629241613,233.9326086171046,159.1999969482422,30681.49609375,1863.5999755859375,110.35988157512777,229.47959883359417,159.75,42944.9765625,1866.4000244140625,110.50815409240448,230.1624510972941,53594000.0,126358098747.0,348.0,23684000.0,25739800.0
2021-05-20,162.38400268554688,40782.73828125,1881.800048828125,114.40196228027344,237.05836486816406,162.98399353027344,42462.984375,1885.0,114.65238730936072,238.47217569165701,161.8090057373047,35050.6171875,1864.800048828125,113.24006430047643,234.53851835238595,162.22000122070312,36753.66796875,1865.5,113.61099904442229,234.63470174976987,52664000.0,88281943359.0,85.0,32352000.0,21800700.0
2021-05-21,160.1540069580078,37304.69140625,1876.699951171875,113.76622009277344,235.79844665527344,162.83450317382812,42172.171875,1876.699951171875,114.99407844296304,238.83766010110827,159.85049438476562,33616.453125,1872.0999755859375,113.52669887961433,235.38489032383154,162.5,40596.94921875,1872.0999755859375,114.92067995406296,238.10671616214,82098000.0,82051616861.0,5.0,40632000.0,21863100.0
2021-05-22,,37536.6328125,,,,,38831.0546875,,,,,35383.68359375,,,,,37371.03125,,,,,57377273240.0,,,
2021-05-23,,34770.58203125,,,,,38289.21875,,,,,31227.33984375,,,,,37531.44921875,,,,,78469274361.0,,,
2021-05-24,162.24949645996094,38705.98046875,1884.5999755859375,117.08431243896484,241.19403076171875,162.8975067138672,39835.140625,1884.5999755859375,117.30795841330092,241.55951010552934,160.52499389648438,34551.08203125,1882.0999755859375,114.65042587477578,238.04902113207515,160.77499389648438,34700.36328125,1882.0999755859375,114.7957246296547,238.31831706682158,48456000.0,67359584098.0,39.0,31832000.0,21411500.0
2021-05-25,162.95249938964844,38402.22265625,1898.0999755859375,117.175048828125,242.0980987548828,163.99099731445312,39776.3515625,1898.0999755859375,118.22288412982375,243.08872621785105,160.68800354003906,36581.4296875,1882.5,116.78477317689254,241.2325067869294,163.33349609375,38795.78125,1882.5,117.62780399643341,242.14619045877527,65222000.0,56211915803.0,56.0,22440000.0,17704300.0
2021-05-26,163.25799560546875,39294.19921875,1901.300048828125,118.03990936279297,241.8768768310547,164.7864990234375,40782.078125,1901.300048828125,118.47034990255696,243.27144808873797,162.92550659179688,37905.8359375,1901.300048828125,117.35308107918044,241.16515782189026,163.72950744628906,38392.625,1901.300048828125,117.3560548531477,241.81915798529013,47680000.0,51346735160.0,170526.0,21572000.0,17771600.0
2021-05-27,161.5054931640625,38436.96875,1895.699951171875,117.1656265258789,239.78018188476562,163.01800537109375,40379.6171875,1903.9000244140625,118.47331515824983,241.86723238709067,161.5019989013672,37247.90234375,1888.199951171875,116.84725869661128,239.72247771865466,162.8000030517578,39316.890625,1896.800048828125,118.47331515824983,241.5690844118336,51224000.0,43210968721.0,35794.0,35224000.0,24426200.0
2021-05-28,161.15350341796875,35697.60546875,1902.5,116.87652587890625,240.13607788085938,162.39950561523438,38856.96875,1905.4000244140625,117.82964696278735,242.4443476755237,160.98500061035156,34779.0390625,1881.9000244140625,116.67816833609218,240.020669527561,162.10000610351562,38507.08203125,1897.5,117.74782655726173,241.40562846925397,46596000.0,55200191952.0,2415.0,21482000.0,18270200.0
2021-05-29,,34616.06640625,,,,,37234.5,,,,,33693.9296875,,,,,35684.15625,,,,,45231013335.0,,,
2021-05-30,,35678.12890625,,,,,36400.66796875,,,,,33520.73828125,,,,,34607.40625,,,,,31646080921.0,,,
2021-05-31,,37332.85546875,,,,,37468.25,,,,,34241.9453125,,,,,35658.59375,,,,,39009847639.0,,,
2021-06-01,160.9324951171875,36684.92578125,1902.9000244140625,118.08304595947266,237.94317626953125,162.5489959716797,37896.734375,1916.199951171875,118.3076907432192,241.68448117371312,160.4530029296875,35787.0859375,1892.800048828125,116.74907000230994,237.52000751313417,162.1750030517578,37293.79296875,1905.0999755859375,117.74881041841671,241.62677701036466,48600000.0,34639423297.0,640.0,23354000.0,23213300.0
2021-06-02,161.69949340820312,37575.1796875,1907.5,117.5578842163086,237.8470458984375,161.75,38231.33984375,1908.800048828125,118.70093322748687,239.7417445032834,160.39999389648438,35966.30859375,1896.0,116.65384943203411,236.4428474366505,161.15499877929688,36699.921875,1899.199951171875,118.47827097273424,238.64532119633685,40290000.0,33070867190.0,1267.0,21158000.0,19406700.0
2021-06-03,159.35049438476562,39208.765625,1871.199951171875,116.41681671142578,236.3178253173828,160.7220001220703,39478.953125,1908.800048828125,116.88494774617168,236.9237338024007,159.20150756835938,37243.97265625,1865.0,115.52121891925472,233.71140768799265,160.2115020751953,37599.41015625,1908.800048828125,116.3250761646754,235.846550117456,47966000.0,35460750427.0,1021.0,18696000.0,25307700.0
2021-06-04,160.31100463867188,36894.40625,1889.800048828125,118.69746398925781,241.20361328125,161.0500030517578,39242.484375,1895.5,118.96822874582733,242.0307405997001,159.9405059814453,35717.72265625,1854.0,117.15223662042179,238.04899157263242,160.60000610351562,39242.484375,1869.300048828125,117.49242726754059,238.2894353899083,44994000.0,41831090187.0,367.0,24458000.0,25281100.0
2021-06-05,,35551.95703125,,,,,37917.71484375,,,,,34900.4140625,,,,,36880.15625,,,,,35959473399.0,,,
2021-06-06,,35862.37890625,,,,,36436.421875,,,,,35304.578125,,,,,35538.609375,,,,,28913440585.0,,,
2021-06-07,159.90049743652344,33560.70703125,1896.800048828125,119.1303939819336,244.10818481445312,160.39999389648438,36790.5703125,1899.699951171875,119.23999231025896,244.37748072250199,158.61000061035156,33480.640625,1883.199951171875,118.07412912075807,240.2610836417249,159.8665008544922,35835.265625,1890.5,118.49266700644799,240.42458368050268,44316000.0,33683936663.0,87.0,24120000.0,23079200.0
2021-06-08,163.20550537109375,33472.6328125,1892.199951171875,118.93896484375,242.91558837890625,163.97650146484375,34017.38671875,1902.9000244140625,119.98432577535812,246.22409767473246,160.90049743652344,31114.443359375,1890.0,118.757466274763,242.85786953493397,161.1304931640625,33589.51953125,1896.5,119.61190790368995,245.40658282034158,68334000.0,49902050442.0,930.0,24240000.0,22455000.0
2021-06-09,164.0574951171875,37345.12109375,1893.199951171875,119.41007995605469,243.8966064453125,164.87899780273438,37537.37109375,1897.699951171875,119.65504930518125,245.76245296444787,163.53500366210938,32475.865234375,1889.199951171875,118.86260289582098,243.531141793228,163.64349365234375,33416.9765625,1894.9000244140625,119.58314905326921,244.10819819545324,49110000.0,53972919008.0,148.0,17942000.0,17937600.0
2021-06-10,167.4824981689453,36702.59765625,1894.199951171875,120.75843048095703,247.40707397460938,167.5500030517578,38334.32421875,1899.800048828125,120.801576684723,247.6186657190944,164.0574951171875,35847.59375,1871.5,119.20378241102719,243.97354371278735,164.10049438476562,37389.515625,1887.699951171875,119.35949314078805,244.56983971513966,69530000.0,43576032854.0,186.0,25904000.0,24563600.0
2021-06-11,167.3415069580078,37334.3984375,1877.4000244140625,120.51396179199219,248.03224182128906,168.32899475097656,37608.6953125,1902.300048828125,121.08523664008776,248.609283510247,166.67250061035156,36044.44921875,1875.199951171875,119.95656455587336,246.80114128203925,167.4824981689453,36697.03125,1900.9000244140625,120.999943051101,248.12839586874716,56348000.0,38699736985.0,349.0,21958000.0,18999700.0
2021-06-12,,35552.515625,,,,,37408.92578125,,,,,34728.19140625,,,,,37340.14453125,,,,,37924228550.0,,,
2021-06-13,,39097.859375,,,,,39322.78125,,,,,34864.109375,,,,,35555.7890625,,,,,40669112838.0,,,
2021-06-14,169.19349670410156,40218.4765625,1864.0,121.4417953491211,249.95579528808594,169.25,40978.36328125,1866.5999755859375,121.44228719469659,250.0134994576514,166.77499389648438,38757.28515625,1846.5,119.90896239653654,246.98388380020114,167.3415069580078,39016.96875,1866.199951171875,120.61611526440987,248.04184249398912,51394000.0,43148914673.0,41.0,22098000.0,19150500.0
2021-06-15,169.156494140625,40406.26953125,1854.5,120.4241943359375,248.48422241210938,169.84950256347656,41295.26953125,1867.199951171875,121.76907406138305,250.0519206579599,168.15550231933594,39609.46875,1854.4000244140625,120.06367156009478,247.83022233134025,169.1999969482422,40427.16796875,1866.4000244140625,121.44624178709292,249.84032894346996,48524000.0,46420149185.0,78.0,21562000.0,18038900.0
2021-06-16,170.7624969482422,38347.0625,1859.5,119.7824935913086,247.54173278808594,171.3175048828125,40516.77734375,1860.0999755859375,120.88686840654948,250.61939615458576,168.02650451660156,38176.03515625,1809.199951171875,118.49067266185558,244.69487142700754,169.60000610351562,40168.69140625,1859.4000244140625,120.5754393849675,249.48450833852118,84056000.0,39211635100.0,117.0,26472000.0,27220000.0
2021-06-17,174.46200561523438,38053.50390625,1773.800048828125,120.74553680419922,250.92718505859375,174.86000061035156,39513.671875,1823.300048828125,121.51815047385836,251.74469998319134,170.0500030517578,37439.67578125,1769.5999755859375,119.51223033742086,246.2241188200235,170.15899658203125,38341.421875,1811.800048828125,119.7081134975645,246.28182299342527,102730000.0,37096670047.0,1135.0,25842000.0,27565500.0
2021-06-18,174.34500122070312,35787.24609375,1767.9000244140625,119.12641143798828,249.51339721679688,175.35000610351562,38187.26171875,1792.4000244140625,120.6061778242269,252.2736880540248,173.6855010986328,35255.85546875,1767.9000244140625,119.03119771508092,248.85939695697047,173.99949645996094,38099.4765625,1775.699951171875,120.37211233184087,249.70576404665513,104954000.0,36200887275.0,354.0,46116000.0,37202200.0
2021-06-19,,35615.87109375,,,,,36457.796875,,,,,34933.0625,,,,,35854.52734375,,,,,31207279719.0,,,
2021-06-20,,35698.296875,,,,,36059.484375,,,,,33432.07421875,,,,,35563.140625,,,,,36664034054.0,,,
2021-06-21,172.697998046875,31676.693359375,1781.800048828125,120.81397247314453,252.59104919433594,174.10000610351562,35721.640625,1785.199951171875,120.99993548875224,253.44701394017824,171.6999969482422,31295.935546875,1766.800048828125,118.91566055698493,248.06109579519787,173.8209991455078,35641.14453125,1768.800048828125,119.51273077628596,249.8884629766057,65542000.0,52809038594.0,38.0,27414000.0,26696100.0
2021-06-22,175.27200317382812,32505.66015625,1776.300048828125,121.32772827148438,255.36093139648438,176.18899536132812,33292.453125,1786.9000244140625,121.39666231815684,255.6302272664753,172.80450439453125,28893.62109375,1775.9000244140625,120.07161525109758,252.36979539486003,172.9029998779297,31622.376953125,1783.4000244140625,120.75198899495656,252.6775704894349,66902000.0,58964353058.0,101.0,22390000.0,24694100.0
2021-06-23,175.1909942626953,33723.02734375,1782.300048828125,121.12589263916016,255.13014221191406,176.0500030517578,34753.41015625,1793.199951171875,122.08645184131146,256.63050944325494,174.16000366210938,31772.6328125,1780.5999755859375,120.83579457394919,254.32225442204245,175.25,32515.71484375,1780.699951171875,121.09266658134959,255.82262165338332,56266000.0,46317108925.0,136.0,19148000.0,19518700.0
2021-06-24,172.45399475097656,34662.4375,1775.5999755859375,121.4958267211914,256.495849609375,176.2429962158203,35228.8515625,1786.4000244140625,122.04676934961249,257.61151244689773,171.54249572753906,32385.21484375,1775.5999755859375,121.29746921451058,255.32248260362277,175.3820037841797,33682.80078125,1778.9000244140625,121.69418422787221,255.9861098893135,76640000.0,33123368116.0,78.0,21362000.0,21446900.0
2021-06-25,170.072998046875,31637.779296875,1776.5999755859375,121.50426483154297,254.8896484375,173.24099731445312,35487.24609375,1788.0,121.62774832820787,257.03441766201166,169.70899963378906,31350.884765625,1775.199951171875,120.5685022175003,254.6396068486284,173.1999969482422,34659.10546875,1777.699951171875,120.99993398696205,256.05341754170934,78820000.0,40230904226.0,35.0,34594000.0,25611100.0
2021-06-26,,32186.27734375,,,,,32637.587890625,,,,,30184.501953125,,,,,31594.6640625,,,,,38585385521.0,,,
2021-06-27,,34649.64453125,,,,,34656.12890625,,,,,32071.7578125,,,,,32287.5234375,,,,,35511640894.0,,,
2021-06-28,172.1945037841797,34434.3359375,1779.5999755859375,121.53154754638672,258.44830322265625,172.39999389648438,35219.890625,1779.5999755859375,121.77850698140655,258.62141576149537,170.67550659179688,33902.07421875,1779.5999755859375,120.4103137257864,255.74571652356687,170.8000030517578,34679.12109375,1779.5999755859375,121.67287369057478,256.0150124787803,44856000.0,33892523752.0,888.0,28526000.0,19590000.0
2021-06-29,172.40699768066406,35867.77734375,1762.800048828125,121.27020263671875,261.0257873535156,172.80149841308594,36542.109375,1777.0999755859375,122.0125716067318,261.26623115714835,171.15150451660156,34252.484375,1752.0999755859375,120.69347211365788,257.73653255640755,171.9409942626953,34475.55859375,1776.800048828125,121.66494274006068,258.5924972347941,41968000.0,37901460044.0,419.0,23108000.0,19937800.0
2021-06-30,172.00799560546875,35040.8359375,1770.800048828125,121.08869934082031,260.5449523925781,173.5800018310547,36074.7578125,1770.800048828125,121.2548296268427,260.98736086236244,171.75,34086.15234375,1759.199951171875,120.35972373185534,259.29465610147,172.05299377441406,35908.38671875,1761.0999755859375,120.99447687115277,260.34298777501124,48080000.0,34059036099.0,51.0,24474000.0,21656500.0
2021-07-01,171.64849853515625,33572.1171875,1775.9000244140625,121.44080352783203,261.2181396484375,172.85000610351562,35035.984375,1781.199951171875,121.58212967815209,261.4489562947867,170.4709930419922,32883.78125,1768.800048828125,120.5352855601365,259.2945893260647,171.73049926757812,35035.984375,1775.699951171875,120.72719613594724,259.30418711896345,40742000.0,37838957079.0,44.0,18110000.0,16725300.0
2021-07-02,175.5489959716797,33897.046875,1782.5999755859375,124.2307357788086,267.0368957519531,175.58599853515625,33939.58984375,1787.9000244140625,124.37603452212761,267.3735229640247,171.8459930419922,32770.6796875,1778.300048828125,122.05075521661516,262.0837590204918,172.58200073242188,33549.6015625,1778.699951171875,122.14051324667714,262.3915341487316,63388000.0,38728974942.0,23.0,25982000.0,26458000.0
2021-07-03,,34668.546875,,,,,34909.26171875,,,,,33402.6953125,,,,,33854.421875,,,,,24383958643.0,,,
2021-07-04,,35287.78125,,,,,35937.56640625,,,,,34396.4765625,,,,,34665.56640625,,,,,24924307911.0,,,
2021-07-05,,33746.00390625,,,,,35284.34375,,,,,33213.66015625,,,,,35284.34375,,,,,26721554282.0,,,
2021-07-06,183.78700256347656,34235.1953125,1793.5,125.15560913085938,267.0465393066406,184.2740020751953,35038.53515625,1809.800048828125,125.39165718962542,268.69116688821424,176.4499969482422,33599.91796875,1786.699951171875,123.56128023411472,263.8149589636492,176.5054931640625,33723.5078125,1786.699951171875,124.61854399160694,267.4023914794495,134896000.0,26501259870.0,332.0,26404000.0,31565600.0
2021-07-07,184.82899475097656,33855.328125,1801.5,125.43726348876953,269.2297668457031,186.7100067138672,34997.6640625,1808.4000244140625,126.240621316996,269.960725504487,183.94549560546875,33839.2890625,1797.199951171875,125.1188956447412,266.5560325451121,185.86900329589844,34225.6796875,1798.699951171875,126.11962731057842,268.7200270839339,106562000.0,24796027477.0,244.0,24060000.0,23260000.0
2021-07-08,186.57049560546875,32877.37109375,1799.5999755859375,124.01898193359375,266.8157653808594,187.99949645996094,33907.90625,1818.5,124.56595957690325,268.07568890593086,181.05599975585938,32133.18359375,1797.0,123.005363941043,264.36322030721055,182.17799377441406,33889.60546875,1797.0,123.0093289727932,266.31562334882244,103612000.0,29910396946.0,148.0,23790000.0,24618600.0
2021-07-09,185.9669952392578,33798.01171875,1810.0,124.4896011352539,267.3157958984375,187.39999389648438,34042.29296875,1810.0999755859375,124.70382636334314,267.42157707974224,184.6699981689453,32318.880859375,1798.800048828125,123.53052498165191,264.79594962280595,186.12600708007812,32861.671875,1803.5999755859375,124.00014669515204,265.1806538246266,74964000.0,27436021028.0,218.0,18632000.0,23916700.0
2021-07-10,,33520.51953125,,,,,34209.0703125,,,,,33116.01171875,,,,,33811.2421875,,,,,22971873468.0,,,
2021-07-11,,34240.1875,,,,,34584.703125,,,,,33346.73828125,,,,,33509.078125,,,,,20108729370.0,,,
2021-07-12,185.92750549316406,33155.84765625,1805.5,125.93465423583984,266.719482421875,187.864501953125,34592.15625,1805.5,126.02788545144588,269.07581384728866,184.83949279785156,32697.30859375,1799.5,124.581337423186,266.00774887676647,187.1999969482422,34254.015625,1802.5999755859375,125.14369092382793,268.48914511457275,51432000.0,24321499537.0,147.0,17668000.0,18931700.0
2021-07-13,183.8679962158203,32702.025390625,1809.4000244140625,126.29765319824219,270.23968505859375,188.6540069580078,33327.1015625,1812.0,127.00777981268853,272.0382005108351,183.5659942626953,32261.419921875,1800.5999755859375,125.63612092477611,266.7869146059644,185.10499572753906,33125.46875,1808.0999755859375,125.99713556323269,266.9119207635317,76918000.0,19120856669.0,78.0,19240000.0,26120100.0
2021-07-14,184.08399963378906,32822.34765625,1824.300048828125,127.18580627441406,271.7111511230469,185.88299560546875,33061.3984375,1829.0,128.26638333995623,272.8171868548692,183.04150390625,31639.125,1813.0999755859375,126.86594777508958,269.82605039030216,185.4425048828125,32723.845703125,1813.0999755859375,126.90909397847128,271.557263551942,65932000.0,21376531210.0,707.0,23742000.0,23113700.0
2021-07-15,181.55999755859375,31780.73046875,1828.4000244140625,125.96391296386719,270.28778076171875,184.77000427246094,33159.640625,1833.0,127.64501842152565,271.71121913746225,181.04600524902344,31175.708984375,1823.4000244140625,125.49280814322165,269.1336383650554,184.7100067138672,32827.875,1831.5999755859375,127.59444156322091,271.22070421622124,63706000.0,21300524237.0,99.0,24218000.0,22604200.0
2021-07-16,178.68150329589844,31421.5390625,1814.5,125.92919921875,270.0184326171875,182.30299377441406,32218.40625,1831.4000244140625,126.7638005858177,273.24038594694457,178.5229949951172,31100.673828125,1814.5,125.11939443436253,268.77773418312665,181.66549682617188,31841.55078125,1830.0999755859375,126.61651932695658,271.28798313803793,80874000.0,23699476918.0,78.0,20424000.0,26186800.0
2021-07-17,,31533.068359375,,,,,31935.9453125,,,,,31223.990234375,,,,,31397.30859375,,,,,18895018942.0,,,
2021-07-18,,31796.810546875,,,,,32398.99609375,,,,,31215.4921875,,,,,31533.884765625,,,,,18787986667.0,,,
2021-07-19,177.47950744628906,30817.83203125,1808.699951171875,123.55680084228516,266.42138671875,177.510498046875,31885.859375,1813.4000244140625,125.17046276091699,269.65293765611636,174.95799255371094,30563.734375,1803.300048828125,122.49259090531656,263.9592442852176,176.62899780273438,31800.01171875,1803.300048828125,125.05590815567551,268.2679788683728,75692000.0,20434789545.0,33.0,27968000.0,32935600.0
2021-07-20,178.6595001220703,29807.34765625,1810.9000244140625,125.17494201660156,268.6430969238281,179.60000610351562,31006.1875,1824.0,126.0016057985081,270.2300203759046,175.89999389648438,29360.955078125,1810.9000244140625,123.3311794114217,265.70006671057956,178.36599731445312,30838.28515625,1812.9000244140625,124.49852570882304,267.40239850810826,65114000.0,23148267245.0,128.0,26312000.0,26259700.0
2021-07-21,179.25999450683594,32110.693359375,1802.9000244140625,126.50346374511719,270.6435852050781,179.32249450683594,32752.326171875,1807.0,126.55007557282694,270.75899355414396,177.1820068359375,29526.18359375,1800.0,124.99046349148195,266.69070249429734,178.81900024414062,29796.28515625,1807.0,125.09956240900131,268.23914676268924,46380000.0,28203024559.0,135.0,20746000.0,24364300.0
2021-07-22,181.90150451660156,32313.10546875,1805.0,127.3687744140625,275.2023620605469,182.00100708007812,32576.400390625,1805.0,127.42977838717862,275.4716579349154,179.11349487304688,31745.298828125,1793.5999755859375,126.45384345383056,272.58633241623176,179.3614959716797,32138.873046875,1793.5999755859375,126.79601657021745,272.99026155226005,65308000.0,19555230518.0,2.0,14302000.0,23384100.0
2021-07-23,182.83200073242188,33581.55078125,1801.4000244140625,131.92465209960938,278.5975036621094,183.3054962158203,33581.55078125,1801.4000244140625,132.30550704776215,278.9052494950487,181.1020050048828,32057.892578125,1800.0,128.73650906326645,275.5486626133189,182.0,32305.958984375,1800.0,129.36133455179797,276.38540254707505,48726000.0,22552046192.0,1.0,41506000.0,22768100.0
2021-07-24,,34292.4453125,,,,,34490.390625,,,,,33424.859375,,,,,33593.73046875,,,,,21664706865.0,,,
2021-07-25,,35350.1875,,,,,35364.92578125,,,,,33881.8359375,,,,,34290.29296875,,,,,20856685287.0,,,
2021-07-26,184.99099731445312,37337.53515625,1798.699951171875,132.936279296875,278.0011291503906,185.60400390625,40499.67578125,1802.5,133.13661932706722,278.6166794096968,182.3625030517578,35287.3125,1797.199951171875,131.2169841004671,275.68327658614254,183.6584930419922,35384.03125,1802.5,132.23557346986715,277.9530521274675,58002000.0,51022126212.0,17.0,30572000.0,23176100.0
2021-07-27,181.3195037841797,39406.94140625,1799.5,130.81878662109375,275.587158203125,184.9250030517578,39406.94140625,1803.699951171875,133.29730999351878,278.5109345714232,179.3074951171875,36441.7265625,1799.5,129.03751867433039,272.1343877026181,184.9250030517578,37276.03515625,1803.699951171875,133.15002872677817,278.36667411756946,82638000.0,35097370560.0,1.0,54710000.0,33604100.0
2021-07-28,181.51600646972656,39995.90625,1799.5,134.9783935546875,275.2793273925781,182.92100524902344,40816.0703125,1799.5,137.16333785236336,279.0590972753007,180.0500030517578,38862.4375,1799.5,134.1685888131194,272.98067033830415,181.68899536132812,39503.1875,1799.5,135.19460884795575,277.943434405772,59988000.0,38702404695.0,209783.0,95130000.0,33566900.0
2021-07-29,179.99600219726562,40008.421875,1831.199951171875,134.6644744873047,275.5486755371094,181.8975067138672,40593.0703125,1832.5999755859375,135.5407312408076,277.58763486236643,179.00050354003906,39352.05859375,1806.0999755859375,134.43189968224377,275.1447169202856,181.3874969482422,39995.453125,1806.5999755859375,135.0339185360519,275.2986045195014,110400000.0,27167146027.0,30496.0,31716000.0,18168300.0
2021-07-30,166.37950134277344,42235.546875,1812.5999755859375,133.6221160888672,274.0193786621094,168.40699768066406,42235.546875,1830.5,134.1953809902093,275.70248527997103,165.3489990234375,38397.35546875,1808.9000244140625,133.15448447715994,273.0576034519027,167.3975067138672,40027.484375,1828.0,133.92808941978942,274.2694496090991,199312000.0,33072782960.0,3100.0,25576000.0,20944800.0
2021-07-31,,41626.1953125,,,,,42231.44921875,,,,,41110.83203125,,,,,42196.3046875,,,,,25802845343.0,,,
2021-08-01,,39974.89453125,,,,,42541.6796875,,,,,39540.94140625,,,,,41460.84375,,,,,26688438115.0,,,
2021-08-02,166.57400512695312,39201.9453125,1818.0999755859375,133.7490692138672,273.9329528808594,167.9459991455078,40419.1796875,1818.699951171875,134.22711280471987,275.80839782334704,165.85000610351562,38746.34765625,1804.800048828125,132.6972613245468,272.8942187225321,167.65499877929688,39907.26171875,1812.4000244140625,134.00941440487134,275.4140662772287,67078000.0,25595265436.0,1334.0,21634000.0,16267400.0
2021-08-03,168.31199645996094,38152.98046875,1810.0999755859375,134.51820373535156,276.1449279785156,169.5500030517578,39750.03125,1813.5,134.61935743991575,276.2507385273349,164.98849487304688,37782.05078125,1806.0,132.2266425296642,273.1441936458983,167.03599548339844,39178.40234375,1812.300048828125,134.02725111270541,274.50992752859145,83146000.0,26189830450.0,3341.0,20762000.0,17879000.0
2021-08-04,167.73599243164062,39747.50390625,1810.5,134.01783752441406,275.5582580566406,169.44400024414062,39952.296875,1831.300048828125,134.53754419070725,276.59696249430243,167.2779998779297,37589.1640625,1806.300048828125,133.38456751331833,273.76934068765456,168.96749877929688,38213.33203125,1809.300048828125,134.24000035779645,275.27933499379344,43678000.0,25372562724.0,2860.0,19676000.0,16191300.0
2021-08-05,168.79949951171875,40869.5546875,1805.0999755859375,135.1346435546875,278.4530944824219,169.4499969482422,41341.93359375,1813.699951171875,135.232346805551,278.5589049976431,167.04600524902344,37458.00390625,1796.0,133.74066212031818,275.1638403357417,167.81100463867188,39744.515625,1810.800048828125,134.5683248820476,275.9140236806902,48670000.0,35185031017.0,588.0,17870000.0,13900200.0
2021-08-06,167.2469940185547,42816.5,1760.0,134.6258087158203,278.39544677734375,168.75,43271.66015625,1800.0999755859375,135.35380063089553,278.4339260044122,166.45199584960938,39932.1796875,1758.4000244140625,134.10165272092112,276.62578389584934,168.75,40865.8671875,1799.800048828125,134.9268333121691,277.481777929583,52752000.0,38226483046.0,859.0,20488000.0,16589300.0
2021-08-07,,44555.80078125,,,,,44689.859375,,,,,42618.56640625,,,,,42832.796875,,,,,40030862141.0,,,
2021-08-08,,43798.1171875,,,,,45282.3515625,,,,,43331.91015625,,,,,44574.4375,,,,,36302664750.0,,,
2021-08-09,167.093505859375,46365.40234375,1723.4000244140625,135.79066467285156,277.30865478515625,167.74400329589844,46456.83203125,1753.800048828125,136.05945443864798,280.40557237439197,166.42599487304688,42848.6875,1692.5999755859375,134.23006169786746,276.8085422037399,167.1804962158203,43791.92578125,1753.5,134.8281306553872,278.67438860321397,42964000.0,38734079049.0,1621.0,17760000.0,16117600.0
2021-08-10,166.03399658203125,45585.03125,1728.800048828125,135.68556213378906,275.490966796875,167.89999389648438,46637.98828125,1735.199951171875,136.64314754338798,278.193553507934,165.75,44705.5546875,1720.0999755859375,135.246684585336,274.29837461151317,167.25050354003906,46280.84765625,1728.5999755859375,136.21616508986884,277.7607428078615,48252000.0,33546019517.0,1363.0,19414000.0,18616600.0
2021-08-11,164.60549926757812,45593.63671875,1750.4000244140625,135.16189575195312,275.9814147949219,166.88499450683594,46735.6328125,1752.199951171875,136.55387918721985,277.6260422247308,163.88949584960938,45351.7109375,1727.300048828125,135.15444996704406,274.93305396223553,166.57249450683594,45599.703125,1727.300048828125,136.05699411421284,276.23145639673766,58944000.0,34319709073.0,542.0,15352000.0,13955900.0
2021-08-12,165.1750030517578,44428.2890625,1749.0,136.0693817138672,278.73211669921875,165.72549438476562,46228.91015625,1752.4000244140625,136.1745155860973,278.8860042800306,163.48350524902344,43861.4453125,1745.5,134.31538491071916,275.3947550024405,164.5,45576.87890625,1749.699951171875,134.86086429616063,275.67367807710286,46282000.0,33723620826.0,739.0,16506000.0,14561300.0
2021-08-13,164.69850158691406,47793.3203125,1775.199951171875,136.5985107421875,281.65594482421875,165.30349731445312,47831.9765625,1777.300048828125,136.72646625528014,281.7040218560263,164.14999389648438,44282.41796875,1757.4000244140625,135.90971509193332,278.24162438521927,165.2834930419922,44439.69140625,1758.300048828125,136.12493157350525,278.41476627205253,41134000.0,31744259539.0,436.0,15948000.0,18249000.0
2021-08-14,,47096.9453125,,,,,48098.68359375,,,,,46177.6328125,,,,,47810.6875,,,,,31211354442.0,,,
2021-08-15,,47047.00390625,,,,,47357.10546875,,,,,45579.58984375,,,,,47096.66796875,,,,,30988958446.0,,,
2021-08-16,164.94949340820312,46004.484375,1786.9000244140625,137.17576599121094,283.3389892578125,165.0,47998.09765625,1787.800048828125,137.22834050741238,283.5505809829247,160.55650329589844,45700.3203125,1771.9000244140625,134.18994510794082,278.9340422580359,164.14999389648438,47019.9609375,1776.9000244140625,136.39769644559638,281.982882658373,66394000.0,32776876610.0,219.0,22384000.0,22507600.0
2021-08-17,162.09800720214844,44695.359375,1785.0,135.54124450683594,281.8770446777344,164.02450561523438,47139.5703125,1794.199951171875,137.1320999211298,282.2136718464197,161.28399658203125,44512.41796875,1780.0,134.96649653381414,279.95349440073016,163.875,45936.45703125,1787.699951171875,136.62082272063034,281.213446835132,67758000.0,33451362600.0,200.0,21716000.0,20075300.0
2021-08-18,160.06100463867188,44801.1875,1781.5999755859375,134.3386993408203,280.1522216796875,162.7050018310547,45952.0625,1791.5,135.98063113741676,284.0934094395426,160.0,44364.02734375,1779.0,134.21224206544025,279.7089369385495,162.09950256347656,44686.75,1787.800048828125,135.38107897385382,281.41455687924235,56086000.0,32194123075.0,263.0,19258000.0,21813000.0
2021-08-19,159.3874969482422,46717.578125,1780.199951171875,134.5677947998047,285.97247314453125,161.64999389648438,46970.76171875,1789.300048828125,135.234782779033,286.6470164928712,159.1230010986328,43998.31640625,1775.5,133.1495240793781,278.13829528997536,159.7010040283203,44741.8828125,1780.0,133.33350458588953,278.1864643546096,75658000.0,37204312299.0,245.0,21782000.0,29850500.0
2021-08-20,159.99749755859375,49339.17578125,1781.0,136.302978515625,293.2862854003906,160.3905029296875,49342.15234375,1787.5,136.42645446339975,294.71244831740665,158.78799438476562,46650.70703125,1778.199951171875,134.1413397760304,287.21551359465093,160.19349670410156,46723.12109375,1784.0999755859375,134.88519193745017,288.81512041303324,67168000.0,34706867452.0,235.0,31194000.0,40817600.0
2021-08-21,,48905.4921875,,,,,49717.01953125,,,,,48312.19921875,,,,,49327.07421875,,,,,40585205312.0,,,
2021-08-22,,49321.65234375,,,,,49471.609375,,,,,48199.94140625,,,,,48869.10546875,,,,,25370975378.0,,,
2021-08-23,163.2935028076172,49546.1484375,1803.199951171875,138.8935546875,293.56573486328125,164.0449981689453,50482.078125,1804.800048828125,139.71971902868404,294.2884471743219,160.50050354003906,49074.60546875,1776.800048828125,136.47950099945666,290.86762066495834,160.59500122070312,49291.67578125,1776.800048828125,136.83853312618544,292.21667776411977,65362000.0,34305053719.0,32.0,28454000.0,22830200.0
2021-08-24,165.28900146484375,47706.1171875,1805.5999755859375,140.10354614257812,291.609619140625,165.77450561523438,49878.76953125,1805.5999755859375,140.9153334065435,294.5293759454758,163.72900390625,47687.1171875,1801.0,139.1881081082897,291.0121816186196,164.0,49562.34765625,1801.0,139.45886528917006,293.9222928481988,51036000.0,35361168834.0,22.0,19268000.0,18175800.0
2021-08-25,164.95899963378906,48960.7890625,1788.199951171875,140.9143524169922,291.0218200683594,166.0500030517578,49202.87890625,1792.9000244140625,141.02395074867366,293.5079376265004,164.3074951171875,47163.61328125,1784.0,140.21712723901703,289.48967340701506,165.49349975585938,47727.2578125,1792.0,140.46407912749783,293.2284806156416,33606000.0,32646349931.0,812.0,15848000.0,20006100.0
2021-08-26,165.8000030517578,46942.21875,1792.199951171875,140.2810821533203,288.20806884765625,166.60000610351562,49347.58203125,1792.199951171875,141.2500632657939,291.426544578333,164.8000030517578,46405.78125,1781.0,140.198255364594,288.0731778231543,164.9499969482422,49002.640625,1787.4000244140625,140.58803917062994,290.03893440127865,41976000.0,32666549568.0,61.0,20610000.0,17666100.0
2021-08-27,167.48150634765625,49058.66796875,1816.5999755859375,142.8235626220703,288.815185546875,167.61599731445312,49112.78515625,1816.5999755859375,143.3278934785733,289.92333882072455,165.6875,46394.28125,1803.0999755859375,140.3371093469741,286.0303192932978,166.6614990234375,46894.5546875,1803.4000244140625,140.49133697664018,288.11173480081567,48048000.0,34511076995.0,1219.0,28780000.0,22605700.0
2021-08-28,,48902.40234375,,,,,49283.50390625,,,,,48499.23828125,,,,,49072.5859375,,,,,28568103401.0,,,
2021-08-29,,48829.83203125,,,,,49644.11328125,,,,,47925.85546875,,,,,48911.25,,,,,25889650240.0,,,
2021-08-30,171.07850646972656,47054.984375,1809.0,143.40525817871094,292.54437255859375,172.25,48925.60546875,1820.300048828125,144.77395084299167,293.15145574767917,167.76100158691406,46950.2734375,1807.800048828125,142.98125704674328,290.106423632768,167.8715057373047,48834.8515625,1818.199951171875,143.2163138187646,290.1642382786574,63844000.0,31847007016.0,684.0,24434000.0,16348100.0
2021-08-31,173.5395050048828,47166.6875,1815.0,143.51136779785156,290.8965759277344,173.62899780273438,48189.55078125,1815.9000244140625,143.98148131585134,293.4212466452703,169.7794952392578,46750.09375,1801.0999755859375,143.0982932268432,290.5303969246272,171.24000549316406,47024.33984375,1815.9000244140625,143.9571917138558,293.34417025857385,87128000.0,34730363427.0,82.0,22448000.0,26285300.0
2021-09-01,173.9499969482422,48847.02734375,1813.0999755859375,144.025146484375,290.8484191894531,176.35000610351562,49111.08984375,1815.9000244140625,145.05513168478024,294.0861866329376,173.76199340820312,46562.4375,1809.5,143.6958672121198,290.5207930363041,174.82000732421875,47099.7734375,1813.5,143.81141309150524,291.8505888037755,72598000.0,39139399125.0,114.0,21936000.0,18983800.0
2021-09-02,173.156005859375,49327.72265625,1808.699951171875,142.11245727539062,290.19317626953125,175.59800720214844,50343.421875,1813.9000244140625,144.32665531830855,292.322761037506,172.75,48652.3203125,1806.800048828125,142.0112884210009,289.2584668525424,174.73800659179688,48807.84765625,1813.199951171875,144.02564581736442,291.20499149401866,58474000.0,39508070319.0,26.0,32342000.0,16285600.0
2021-09-03,173.90249633789062,50025.375,1830.9000244140625,142.5612335205078,290.1835021972656,174.1334991455078,50982.2734375,1833.9000244140625,142.9733244158988,291.59037412727884,171.82200622558594,48386.0859375,1818.9000244140625,141.23320515681903,289.33551492747904,172.60000610351562,49288.25,1820.9000244140625,141.90763889729274,290.03893618886394,51514000.0,43206179619.0,53.0,19850000.0,14747900.0
2021-09-04,,49944.625,,,,,50545.58203125,,,,,49548.78125,,,,,50009.32421875,,,,,37471327794.0,,,
2021-09-05,,51753.41015625,,,,,51868.6796875,,,,,49538.59765625,,,,,49937.859375,,,,,30322676319.0,,,
2021-09-06,,52633.53515625,,,,,52700.94140625,,,,,51053.6796875,,,,,51769.00390625,,,,,38884105426.0,,,
2021-09-07,175.46449279785156,46811.12890625,1795.9000244140625,143.09779357910156,289.25836181640625,176.4044952392578,52853.765625,1825.699951171875,143.37996157191282,290.1352562629758,173.8470001220703,43285.20703125,1792.699951171875,142.44171705325797,287.35042017874457,173.89999389648438,52660.48046875,1825.699951171875,142.65545041675884,290.05817989071454,54758000.0,65210059683.0,48.0,20124000.0,17180400.0
2021-09-08,176.27499389648438,46091.390625,1790.699951171875,142.51312255859375,289.2873229980469,177.281494140625,47334.0546875,1790.699951171875,143.216310341674,289.67276374560055,174.7834930419922,44561.39453125,1781.699951171875,141.8277925519912,286.6470229996981,175.58250427246094,46827.76171875,1781.699951171875,142.91878162510545,288.8729749296078,61068000.0,49007762488.0,69.0,18344000.0,15046800.0
2021-09-09,174.20799255371094,46391.421875,1797.4000244140625,142.3643798828125,286.4350280761719,177.49949645996094,47261.94921875,1798.699951171875,143.12757293783594,291.1471272624396,174.01849365234375,45669.73828125,1787.9000244140625,142.00386461498047,286.1941239314484,176.30099487304688,45774.7421875,1798.699951171875,142.66142436593762,289.8751463205612,54384000.0,38672657013.0,49.0,15314000.0,19927000.0
2021-09-10,173.45750427246094,44883.91015625,1789.5999755859375,139.72119140625,284.9511413574219,175.42250061035156,47031.7421875,1789.5999755859375,143.53219172169224,289.0079896240131,173.14549255371094,44344.484375,1789.5999755859375,139.58432216189144,284.63316072397413,175.0915069580078,46396.6640625,1789.5999755859375,143.030327736573,287.5625642938342,47946000.0,39154666597.0,0.0,36840000.0,19633400.0
2021-09-11,,45201.45703125,,,,,45969.29296875,,,,,44818.265625,,,,,44869.83984375,,,,,34499835245.0,,,
2021-09-12,,46063.26953125,,,,,46364.87890625,,,,,44790.4609375,,,,,45206.62890625,,,,,27881980161.0,,,
2021-09-13,172.85850524902344,44963.07421875,1792.0,141.165771484375,286.1844482421875,174.8979949951172,46598.6796875,1796.0,141.77820242843924,287.678071426656,171.89999389648438,43591.3203125,1784.0,140.09214075232128,283.3803207637957,174.13999938964844,46057.21484375,1789.800048828125,140.7859002496474,286.7240711170078,51380000.0,40969943253.0,533.0,22094000.0,23652900.0
2021-09-14,172.5,47092.4921875,1804.699951171875,141.3760223388672,288.882568359375,174.3404998779297,47218.125,1806.199951171875,142.18782475783476,290.42436047852436,171.885498046875,44752.33203125,1783.0,140.5880403778888,287.25405429322365,173.77749633789062,44960.05078125,1791.4000244140625,141.82332937621524,288.6609260010995,38738000.0,38652152880.0,764.0,19674000.0,21853400.0
2021-09-15,173.7895050048828,48176.34765625,1792.4000244140625,143.24557495117188,293.7296142578125,174.27099609375,48450.46875,1803.699951171875,143.2663989340108,294.21142254991946,170.10049438476562,46773.328125,1792.4000244140625,140.18883824930154,290.83876450517084,172.12600708007812,47098.0,1803.699951171875,141.60116132377672,292.2263747390184,59150000.0,30484496466.0,59.0,27408000.0,28356300.0
2021-09-16,174.41200256347656,47783.359375,1754.5999755859375,142.43280029296875,294.1151123046875,174.62750244140625,48486.828125,1792.9000244140625,143.1171466443425,294.20183428529117,172.3070068359375,47079.55859375,1743.9000244140625,141.23421048693598,289.81738973591087,172.9980010986328,48158.90625,1792.9000244140625,142.77050902430236,292.7082400517001,51672000.0,31764293754.0,1645.0,26190000.0,19550800.0
2021-09-17,173.12600708007812,47267.51953125,1749.4000244140625,139.6458282470703,288.959716796875,174.87049865722656,48160.921875,1763.0,142.27409944382737,293.4212665400656,172.60650634765625,46832.5234375,1749.4000244140625,139.31853152816512,288.6320906685241,174.42050170898438,47771.00390625,1758.800048828125,141.8580435231661,293.1032859884223,92332000.0,28727713711.0,581.0,53384000.0,41372500.0
2021-09-18,,48278.36328125,,,,,48791.78125,,,,,47087.28515625,,,,,47273.52734375,,,,,28575630451.0,,,
2021-09-19,,47260.21875,,,,,48328.3671875,,,,,46919.8046875,,,,,48268.85546875,,,,,26967722648.0,,,
2021-09-20,167.7864990234375,42843.80078125,1761.800048828125,137.58238220214844,283.5923156738281,170.9499969482422,47328.19921875,1761.800048828125,137.86058517975945,287.8515134151559,165.25050354003906,42598.9140625,1750.9000244140625,135.20454353336754,278.98623011838976,169.8000030517578,47261.40625,1751.800048828125,137.02895758765368,285.5484559338163,93382000.0,43909845642.0,185.0,46518000.0,38278700.0
2021-09-21,167.18150329589844,40693.67578125,1776.0,137.89329528808594,284.07415771484375,168.98500061035156,43607.609375,1776.0,138.8637744931468,286.7144871567123,166.6195068359375,39787.609375,1759.0,137.14447948403443,283.3707364278861,168.75,43012.234375,1762.199951171875,138.60391361660336,284.93179059163447,55618000.0,48701090088.0,106.0,25332000.0,22364100.0
2021-09-22,169.00250244140625,43574.5078125,1776.699951171875,139.133544921875,287.7166442871094,169.4499969482422,43978.62109375,1784.300048828125,139.73209820488628,289.29698969688434,167.05250549316406,40625.6328125,1767.0,137.41574800022835,283.7947469001605,167.5500030517578,40677.953125,1776.699951171875,138.16208194134197,285.9339770236081,48228000.0,38139709246.0,17.0,25056000.0,26626300.0
2021-09-23,170.8000030517578,44895.09765625,1747.699951171875,140.0584259033203,288.66094970703125,171.447998046875,44942.17578125,1766.800048828125,140.534986416547,289.9521922582794,169.00250244140625,43109.33984375,1738.199951171875,139.25060362210317,286.70480943359127,169.00250244140625,43560.296875,1766.800048828125,139.83179860304818,287.9767902418922,47588000.0,34244064430.0,31.0,20952000.0,18604600.0
2021-09-24,171.2760009765625,42839.75,1749.699951171875,141.04922485351562,288.4586486816406,171.46299743652344,45080.4921875,1749.699951171875,141.16378703061662,288.8922585277224,169.6699981689453,40936.55859375,1745.0,139.0914071880992,286.12668346058666,170.10049438476562,44894.30078125,1749.699951171875,139.3864691123975,287.3794027439531,42324000.0,42839345714.0,76.0,22984000.0,14999000.0
2021-09-25,,42716.59375,,,,,42996.2578125,,,,,41759.921875,,,,,42840.890625,,,,,31604717236.0,,,
2021-09-26,,43208.5390625,,,,,43919.30078125,,,,,40848.4609375,,,,,42721.62890625,,,,,30661222077.0,,,
2021-09-27,170.2899932861328,42235.73046875,1750.0,139.9156036376953,283.4671325683594,170.77850341796875,44313.24609375,1754.4000244140625,140.77500156753678,285.6834391762905,166.98049926757812,42190.6328125,1747.5,138.91933644415815,282.28187346169767,168.5749969482422,43234.18359375,1751.699951171875,139.65029458618613,285.3654586100994,72690000.0,30980029059.0,808.0,21882000.0,23571700.0
2021-09-28,165.79800415039062,41034.54296875,1735.800048828125,134.71656799316406,273.2046203613281,168.45950317382812,42775.14453125,1741.699951171875,137.95628643744843,280.200487632406,164.5050048828125,40931.6640625,1726.800048828125,134.25041949465725,272.4626460233125,167.885498046875,42200.8984375,1739.5999755859375,137.51840770698303,279.25613259627204,88616000.0,30214940550.0,15748.0,45772000.0,43186200.0
2021-09-29,165.05599975585938,41564.36328125,1721.5,133.25218200683594,273.66717529296875,167.56500244140625,42545.2578125,1744.0999755859375,136.02675103167505,276.3363832822791,164.89349365234375,40829.66796875,1721.4000244140625,132.76769140885952,272.71320405702147,166.10549926757812,41064.984375,1732.4000244140625,135.85714754159193,274.72715967027204,51246000.0,30602359905.0,6634.0,30848000.0,26353700.0
2021-09-30,164.2519989013672,43790.89453125,1755.300048828125,132.58023071289062,271.6628112792969,166.3925018310547,44092.6015625,1760.300048828125,134.43143155227392,277.3577596425143,163.69949340820312,41444.58203125,1724.5,132.46121921545426,271.3737086480666,165.8000030517578,41551.26953125,1725.5,133.16094144275186,275.3148971070343,56848000.0,31141681925.0,997.0,37996000.0,32343600.0
2021-10-01,164.16299438476562,48116.94140625,1757.0,135.42372131347656,278.58160400390625,165.45849609375,48436.01171875,1762.5999755859375,135.7882166913334,279.4295914359694,162.7969970703125,43320.0234375,1748.5,132.97396732571667,271.0557596552188,164.45050048828125,43816.7421875,1754.300048828125,133.3453939422307,271.85554860617674,56712000.0,42850641582.0,2220.0,35360000.0,30086300.0
2021-10-02,,47711.48828125,,,,,48282.0625,,,,,47465.49609375,,,,,48137.46875,,,,,30614346492.0,,,
2021-10-03,,48199.953125,,,,,49130.69140625,,,,,47157.2890625,,,,,47680.02734375,,,,,26638115879.0,,,
2021-10-04,159.48899841308594,49112.90234375,1766.199951171875,132.56385803222656,272.8094177246094,163.99949645996094,49456.77734375,1768.9000244140625,134.845991044881,277.2806118186714,158.8125,47045.00390625,1749.5,129.97575169598792,270.05348900845405,163.96949768066406,48208.90625,1764.5,134.845991044881,276.94334020608034,90462000.0,33383173002.0,417.0,51202000.0,31350700.0
2021-10-05,161.0500030517578,51514.8125,1759.5999755859375,134.90797424316406,278.2539367675781,163.0364990234375,51839.984375,1764.300048828125,136.09963269834668,279.83425268811834,160.1230010986328,49072.83984375,1749.0,132.9422266108893,273.7152814419423,160.22500610351562,49174.9609375,1764.300048828125,132.9422266108893,273.7152814419423,65384000.0,35873904236.0,98.0,32404000.0,24993000.0
2021-10-06,163.10049438476562,55361.44921875,1760.5,136.43736267089844,282.4456481933594,163.2169952392578,55568.46484375,1762.9000244140625,136.62084377835407,282.9467476472076,159.93099975585938,50488.19140625,1744.699951171875,133.44707765743206,275.12218554145016,160.67649841308594,51486.6640625,1759.300048828125,133.64543520241895,275.382351437471,50660000.0,49034730168.0,56.0,24364000.0,28002600.0
2021-10-07,165.1215057373047,53805.984375,1757.9000244140625,138.08377075195312,284.122314453125,166.28750610351562,55338.625,1762.4000244140625,138.8940750879119,285.84719612226604,164.1529998779297,53525.46875,1752.800048828125,137.51447077791175,283.22615821775884,164.57699584960938,55338.625,1762.4000244140625,137.753492623571,284.44029494052455,48182000.0,36807860413.0,336.0,25110000.0,20430500.0
2021-10-08,164.43099975585938,53967.84765625,1756.300048828125,138.6396484375,284.122314453125,166.07150268554688,55922.98046875,1780.0,139.1806633910254,285.84719612226604,164.41000366210938,53688.0546875,1754.199951171875,138.07629612988345,283.0719760578184,165.85000610351562,53802.14453125,1757.0,138.4328463076523,285.44246427651734,39964000.0,34800873924.0,254.0,26526000.0,17685700.0
2021-10-09,,54968.22265625,,,,,55397.9453125,,,,,53735.14453125,,,,,53929.78125,,,,,32491211414.0,,,
2021-10-10,,54771.578125,,,,,56401.3046875,,,,,54264.2578125,,,,,54952.8203125,,,,,39527792364.0,,,
2021-10-11,162.31500244140625,57484.7890625,1754.5999755859375,137.7752685546875,283.52490234375,164.62950134277344,57793.0390625,1757.800048828125,139.55853375524543,287.1288187573514,161.90499877929688,54519.765625,1752.199951171875,137.72071154187276,282.0987392920623,163.75,54734.125,1756.5999755859375,138.15017587187458,282.26256704142725,40684000.0,42637331698.0,128.0,17954000.0,19298600.0
2021-10-12,162.3665008544922,56041.05859375,1758.300048828125,135.3304901123047,282.2240295410156,163.37649536132812,57627.87890625,1768.0,138.36342140161824,284.69088564097564,161.81399536132812,54477.97265625,1749.800048828125,134.64712752694697,281.7133139283031,162.85000610351562,57526.83203125,1751.9000244140625,138.33663473843401,284.5945181012245,36392000.0,41083758949.0,139.0,36332000.0,17974100.0
2021-10-13,164.21400451660156,57401.09765625,1793.699951171875,136.45420837402344,285.52923583984375,164.41900634765625,57688.66015625,1794.5,136.86878120226152,286.4639451294158,163.05450439453125,54370.97265625,1760.800048828125,135.39991852664056,282.81182993730505,163.48550415039062,56038.2578125,1760.800048828125,136.27617541967604,284.1801784650092,48402000.0,41684252783.0,150.0,19654000.0,23416300.0
2021-10-14,164.9929962158203,57321.5234375,1796.699951171875,139.9939727783203,291.73492431640625,165.6300048828125,58478.734375,1799.9000244140625,140.17893699801598,292.2359943595076,164.53900146484375,56957.07421875,1792.0,137.68703522654903,286.99391772689086,165.12249755859375,57372.83203125,1792.199951171875,138.33071736992292,288.32371333397117,42190000.0,36615791366.0,337.0,31894000.0,27262900.0
2021-10-15,170.4510040283203,61593.94921875,1767.199951171875,140.2091522216797,293.141845703125,170.52099609375,62757.12890625,1795.4000244140625,140.5562892000621,293.3731337219637,165.1999969482422,56868.14453125,1766.5999755859375,139.60118579773,289.58609751369517,165.5709991455078,57345.90234375,1794.5,140.45363726334713,291.3398870709112,103598000.0,51780081801.0,874.0,30274000.0,25384800.0
2021-10-16,,60892.1796875,,,,,62274.4765625,,,,,60206.12109375,,,,,61609.52734375,,,,,34250964237.0,,,
2021-10-17,,61553.6171875,,,,,61645.5234375,,,,,59164.46875,,,,,60887.65234375,,,,,29032367511.0,,,
2021-10-18,172.33700561523438,62026.078125,1764.800048828125,141.60760498046875,296.10968017578125,172.45849609375,62614.66015625,1770.0999755859375,141.62546275603327,296.9961907609561,169.2550048828125,60012.7578125,1759.5,139.9131139513097,291.67703902819403,169.41799926757812,61548.8046875,1761.5999755859375,139.92006032333015,292.5250261320918,63482000.0,38055562075.0,266.0,20396000.0,22729300.0
2021-10-19,172.20750427246094,64261.9921875,1769.699951171875,142.0628662109375,297.0155334472656,172.7344970703125,64434.53515625,1785.0,142.48488486692986,298.046580784232,171.10000610351562,61622.93359375,1767.5,141.43109432493534,296.04227134224186,171.71449279785156,62043.1640625,1777.5999755859375,142.2121299993637,297.1311627256362,47722000.0,40471196346.0,51.0,20164000.0,17682100.0
2021-10-20,170.7530059814453,65992.8359375,1784.0999755859375,140.6068878173828,296.225341796875,173.14300537109375,66930.390625,1785.5999755859375,142.36932937667234,298.4320317414315,170.01849365234375,63610.67578125,1774.0,140.21760340386373,294.9726227448066,172.63299560546875,64284.5859375,1774.5999755859375,142.16302664662172,297.95983967544254,42796000.0,40788955582.0,127.0,23288000.0,16537100.0
2021-10-21,171.75050354003906,62210.171875,1781.199951171875,140.72291564941406,299.4534912109375,172.01400756835938,66600.546875,1785.699951171875,140.99070660858933,299.70401151928974,170.14999389648438,62117.41015625,1781.0,139.34827557059145,295.2135548265935,170.71249389648438,66002.234375,1782.0,140.6068703781535,295.99411129385413,37628000.0,45908121370.0,146.0,26292000.0,16918100.0
2021-10-22,166.77749633789062,60692.265625,1795.5,136.43885803222656,297.9116516113281,171.49200439453125,63715.0234375,1806.9000244140625,139.4306264181138,299.77142421719265,166.56500244140625,60122.796875,1784.0,134.94074161676718,296.6011180073885,171.0500030517578,62237.890625,1787.0999755859375,138.00937412575647,299.1065265444657,62782000.0,38434082775.0,532.0,50588000.0,17449300.0
2021-10-23,,61393.6171875,,,,,61743.87890625,,,,,59826.5234375,,,,,60694.62890625,,,,,26882546034.0,,,
2021-10-24,,60930.8359375,,,,,61505.8046875,,,,,59643.34375,,,,,61368.34375,,,,,27316183882.0,,,
2021-10-25,166.01849365234375,63039.82421875,1806.0,136.3203125,296.91912841796875,167.38999938964844,63729.32421875,1809.0,136.86877322103567,298.14291066917554,164.88499450683594,60691.80078125,1794.0,134.31388545894404,295.3098760778801,166.75,60893.92578125,1794.300048828125,136.42246503075222,298.1043577788396,44520000.0,31064911614.0,140.0,34412000.0,17554500.0
2021-10-26,168.80349731445312,60363.79296875,1792.699951171875,138.16653442382812,298.8271179199219,170.80599975585938,63229.02734375,1808.800048828125,138.9346759715938,301.0338080808827,167.19900512695312,59991.16015625,1788.5999755859375,137.17076679453788,297.37207690825886,167.47549438476562,63032.76171875,1808.800048828125,138.12190512295612,299.6847507755604,53966000.0,34878965587.0,359.0,49236000.0,28107300.0
2021-10-27,169.62449645996094,58482.38671875,1797.9000244140625,145.0189208984375,311.4119873046875,171.85000610351562,61435.18359375,1798.0999755859375,147.4314763034353,314.2353768644904,168.57249450683594,58208.1875,1791.5,138.26226450047915,304.50284339356364,169.39999389648438,60352.0,1791.5,138.26226450047915,304.50284339356364,54044000.0,43657076893.0,543.0,85782000.0,52588700.0
2021-10-28,172.32850646972656,60622.13671875,1801.5999755859375,144.6534423828125,312.5490417480469,173.9499969482422,62128.6328125,1807.300048828125,145.9517179093353,313.0501117800628,169.3000030517578,58206.91796875,1795.5,143.44145926717053,309.667808194034,170.10499572753906,58470.73046875,1795.5,145.92841199689116,312.5297505959251,114174000.0,45257083247.0,452.0,36206000.0,26297900.0
2021-10-29,168.6215057373047,62227.96484375,1783.0,146.83241271972656,319.5545959472656,168.74099731445312,62927.609375,1797.0,147.02680518156643,319.92077503348816,163.66600036621094,60329.96484375,1774.5999755859375,143.4637555567586,312.11547313465474,165.00100708007812,60624.87109375,1793.0999755859375,143.88874030673037,312.337115583487,129722000.0,36856881767.0,583.0,43320000.0,34766000.0
2021-10-30,,61888.83203125,,,,,62330.14453125,,,,,60918.38671875,,,,,62239.36328125,,,,,32157938616.0,,,
2021-10-31,,61318.95703125,,,,,62406.171875,,,,,60074.328125,,,,,61850.48828125,,,,,32241199927.0,,,
2021-11-01,165.90550231933594,61004.40625,1795.0999755859375,142.32070922851562,317.38641357421875,168.79299926757812,62419.00390625,1795.0999755859375,146.8324309481015,319.429276181663,164.6009979248047,59695.18359375,1786.699951171875,142.05143515277334,314.49556360355314,168.08999633789062,61320.44921875,1787.5,146.8324309481015,319.30400131110804,72178000.0,36150572843.0,142.0,46924000.0,27073200.0
2021-11-02,165.6374969482422,63226.40234375,1788.699951171875,144.24034118652344,321.0095520019531,166.55599975585938,64242.79296875,1795.5,145.40719548804785,321.31791632302634,164.17750549316406,60673.0546875,1787.699951171875,143.15233350459803,317.99342781479373,165.75050354003906,60963.25390625,1790.5,143.39433663204673,318.29214656107087,52552000.0,37746665647.0,213.0,33482000.0,26487100.0
2021-11-03,169.1999969482422,62970.046875,1763.5999755859375,145.39630126953125,321.84796142578125,169.74600219726562,63516.9375,1768.0,145.46671841466951,322.7152105302098,164.87600708007812,61184.23828125,1761.800048828125,143.40574947129778,318.6198397635644,165.4499969482422,63254.3359375,1768.0,144.7045091916116,321.7515938792344,67944000.0,36124731509.0,108.0,27494000.0,21500100.0
2021-11-04,173.85000610351562,61452.23046875,1793.0,147.05210876464844,324.19915771484375,174.93150329589844,63123.2890625,1798.199951171875,148.5060949140484,324.29552525226745,168.25,60799.6640625,1776.199951171875,145.10866822451723,317.52130201351525,168.5,62941.8046875,1776.5999755859375,145.91847295050908,320.778330690629,107060000.0,32615846901.0,103.0,38412000.0,23992200.0
2021-11-05,175.94949340820312,61125.67578125,1816.4000244140625,147.6318359375,323.8329772949219,178.3125,62541.46875,1817.0999755859375,149.0952354055238,326.4636610780947,173.8489990234375,60844.609375,1794.9000244140625,146.9822063116092,322.2526614356384,173.85000610351562,61460.078125,1794.9000244140625,147.94672303683166,326.1938496188393,99940000.0,30605102446.0,239.0,38354000.0,22570100.0
2021-11-06,,61527.48046875,,,,,61590.68359375,,,,,60163.78125,,,,,61068.875,,,,,29094934221.0,,,
2021-11-07,,63326.98828125,,,,,63326.98828125,,,,,61432.48828125,,,,,61554.921875,,,,,24726754302.0,,,
2021-11-08,174.44900512695312,67566.828125,1827.4000244140625,147.8093719482422,324.7291259765625,178.9499969482422,67673.7421875,1827.4000244140625,149.3803872526516,325.36511641707693,174.39300537109375,63344.06640625,1816.9000244140625,147.2137847900475,322.2719155808302,176.16200256347656,63344.06640625,1817.0,148.5968545496057,325.0278447491498,61480000.0,41125608330.0,261.0,23052000.0,20897000.0
2021-11-09,178.81149291992188,66971.828125,1830.199951171875,147.69776916503906,323.72705078125,179.68850708007812,68530.3359375,1832.699951171875,148.606260776847,326.3962585249897,175.07150268554688,66382.0625,1820.699951171875,146.03797976414563,322.3587020914844,175.7624969482422,67549.734375,1826.0999755859375,148.00969001611557,324.8448203047502,85898000.0,42357991721.0,170.0,19530000.0,21307400.0
2021-11-10,174.1024932861328,64995.23046875,1847.5999755859375,144.6975860595703,318.76434326171875,180.2725067138672,68789.625,1865.0,146.85625857101513,322.4550111195703,173.1544952392578,63208.11328125,1824.9000244140625,143.35271371379034,317.916385399046,178.19349670410156,66953.3359375,1825.800048828125,146.29092366960225,322.39719647909817,80548000.0,48730828378.0,795.0,29970000.0,25500900.0
2021-11-11,173.625,64949.9609375,1863.199951171875,144.57159423828125,320.3350830078125,177.16200256347656,65579.015625,1866.5,146.3261054565842,321.6263258185868,173.37350463867188,64180.48828125,1853.9000244140625,144.40695463692256,318.48495546682875,175.64999389648438,64978.890625,1853.9000244140625,145.28867468971785,319.198022393328,45288000.0,35880633236.0,292.0,16518000.0,16849800.0
2021-11-12,176.25750732421875,64155.94140625,1867.9000244140625,147.45925903320312,324.4689636230469,177.0364990234375,65460.81640625,1867.9000244140625,147.62986135268545,324.96041747042767,172.3524932861328,62333.9140625,1847.5999755859375,144.219040793597,321.6455742090313,174.25,64863.98046875,1860.800048828125,145.4136656401591,321.77084906481406,53788000.0,36084893887.0,210.0,22360000.0,23831000.0
2021-11-13,,64469.52734375,,,,,64915.67578125,,,,,63303.734375,,,,,64158.12109375,,,,,30474228777.0,,,
2021-11-14,,65466.83984375,,,,,65495.1796875,,,,,63647.80859375,,,,,64455.37109375,,,,,25122092191.0,,,
2021-11-15,177.28399658203125,63557.87109375,1866.0999755859375,147.23509216308594,323.8426513671875,179.69400024414062,66281.5703125,1866.9000244140625,148.32359927216987,325.58679513357146,176.29049682617188,63548.14453125,1864.5,146.36528227383033,321.87686518692334,176.85000610351562,65521.2890625,1864.5,147.67991725355816,325.2591690047351,58594000.0,30558763548.0,87.0,23508000.0,16723000.0
2021-11-16,177.03500366210938,60161.24609375,1853.5999755859375,146.66383361816406,327.1574401855469,178.8249969482422,63721.1953125,1853.5999755859375,147.5430567260628,328.27523883002146,176.25750732421875,59016.3359375,1853.5999755859375,146.10494573454355,323.3029742696654,176.9499969482422,63721.1953125,1853.5999755859375,146.93509022325514,323.4667726030353,44342000.0,46844335592.0,1.0,18904000.0,20886800.0
2021-11-17,177.4499969482422,60368.01171875,1869.699951171875,146.83340454101562,327.3794860839844,179.3625030517578,60823.609375,1869.699951171875,147.34170037420662,330.34320817217764,177.2675018310547,58515.41015625,1862.5999755859375,146.033028153426,326.2982657750648,178.23599243164062,60139.62109375,1862.5999755859375,146.8140636628539,327.2057248474174,51206000.0,39178392930.0,2.0,19594000.0,19053400.0
2021-11-18,184.80299377441406,56942.13671875,1861.0,148.61024475097656,329.455078125,185.2100067138672,60948.5,1861.0,149.3461667867612,330.5942484179435,178.0500030517578,56550.79296875,1861.0,146.67226728662533,325.4487587667228,178.3175048828125,60360.13671875,1861.0,147.0263355590037,326.4720587629754,114070000.0,41388338699.0,9.0,35608000.0,22463500.0
2021-11-19,183.82850646972656,58119.578125,1851.199951171875,147.70570373535156,331.23138427734375,188.1074981689453,58351.11328125,1851.199951171875,149.72898972518277,333.15250973725915,183.78599548339844,55705.1796875,1851.199951171875,147.67843279309778,330.3529147568212,185.63450622558594,56896.12890625,1851.199951171875,148.74610077592874,330.7776841426584,98734000.0,38702407772.0,21.0,33682000.0,21963400.0
2021-11-20,,59697.1953125,,,,,59859.87890625,,,,,57469.7265625,,,,,58115.08203125,,,,,30624264863.0,,,
2021-11-21,,58730.4765625,,,,,60004.42578125,,,,,58618.9296875,,,,,59730.5078125,,,,,26123447605.0,,,
2021-11-22,178.6284942626953,56289.2890625,1806.0,145.10272216796875,328.0649108886719,185.67300415039062,59266.359375,1841.5999755859375,148.6013025990791,337.56427133664994,178.375,55679.83984375,1805.699951171875,144.94949337082977,327.79460580022015,183.81900024414062,58706.84765625,1841.5999755859375,148.10838258410493,332.6890870606931,96844000.0,35036121783.0,14.0,30594000.0,31031100.0
2021-11-23,179.0019989013672,57569.07421875,1783.5,144.5869903564453,325.9893798828125,181.05250549316406,57875.515625,1795.5,145.45779912839131,327.69812064888646,176.385498046875,55632.76171875,1783.5,142.93366287312807,322.0120206003462,179.2519989013672,56304.5546875,1795.5,144.95495136652673,325.38118601428096,73804000.0,37485803899.0,264.0,27218000.0,30427600.0
2021-11-24,179.02049255371094,56280.42578125,1784.0999755859375,144.9222412109375,326.21142578125,180.6820068359375,57803.06640625,1793.0,145.05068102384266,326.4527706824411,176.84249877929688,55964.22265625,1781.4000244140625,143.18956740166178,322.34990736219254,178.1334991455078,57565.8515625,1793.0,144.28104097139723,324.6378523117165,46560000.0,36635566789.0,188.0,18040000.0,21661300.0
2021-11-25,,57274.6796875,,,,,59367.96875,,,,,57146.68359375,,,,,57165.41796875,,,,,34284016248.0,,,
2021-11-26,175.22799682617188,53569.765625,1785.300048828125,141.0175018310547,318.266357421875,181.6750030517578,59183.48046875,1791.4000244140625,143.37253416299765,326.23073957142407,175.20750427246094,53569.765625,1785.300048828125,140.67979308519273,316.76036751775325,180.10499572753906,58960.28515625,1791.0999755859375,143.16524773270095,322.77469337120857,59826000.0,41810748221.0,186800.0,30470000.0,24217200.0
2021-11-27,,54815.078125,,,,,55329.2578125,,,,,53668.35546875,,,,,53736.4296875,,,,,30560857714.0,,,
2021-11-28,,57248.45703125,,,,,57393.84375,,,,,53576.734375,,,,,54813.0234375,,,,,28116886357.0,,,
2021-11-29,178.07850646972656,57806.56640625,1782.300048828125,144.33755493164062,324.9757385253906,179.8000030517578,58872.87890625,1798.9000244140625,145.0982659592094,327.2926436665053,176.5749969482422,56792.52734375,1779.0999755859375,142.7139652055701,323.1511569453452,177.3820037841797,57291.90625,1791.699951171875,142.81959849591408,323.3442446492078,65312000.0,32370840356.0,26926.0,32596000.0,28563500.0
2021-11-30,175.35350036621094,57005.42578125,1773.5999755859375,140.73434448242188,319.14471435546875,179.2884979248047,59113.40234375,1808.0999755859375,144.80320881089577,326.0857933378842,174.60049438476562,56057.28125,1768.699951171875,140.44076564760365,317.600101703755,178.1750030517578,57830.11328125,1783.9000244140625,143.81983548713401,323.7109686942329,80022000.0,36708594618.0,4903.0,42068000.0,42885600.0
2021-12-01,172.18600463867188,57229.828125,1781.5999755859375,139.895263671875,318.6524963378906,177.99400329589844,59041.68359375,1790.5,144.75410739029755,327.53400074702796,172.0800018310547,56553.08203125,1772.300048828125,139.75691130496085,317.98641149520125,177.25,56907.96484375,1774.800048828125,142.8195956469263,323.52768116178333,74916000.0,36858195307.0,1128.0,34020000.0,33337600.0
2021-12-02,171.8679962158203,56477.81640625,1760.699951171875,141.79405212402344,318.08294677734375,174.63499450683594,57349.234375,1780.9000244140625,142.68518529611637,321.94446556340563,171.1875,55895.1328125,1760.5999755859375,139.06509677127372,316.4514527333486,173.0,57217.37109375,1780.9000244140625,140.0921154938086,318.86490197463723,64726000.0,32379968686.0,1557.0,29194000.0,30766000.0
2021-12-03,169.489501953125,53598.24609375,1782.0,140.8374786376953,311.8272705078125,173.49349975585938,57482.16796875,1785.0999755859375,143.2163161657655,321.18180108322787,166.92999267578125,52496.5859375,1766.5,139.15091751675573,307.01966954803913,172.75,56509.1640625,1767.5,142.50321577437006,320.4963603630018,80712000.0,39789134215.0,694.0,41230000.0,41779300.0
2021-12-04,,49200.703125,,,,,53904.6796875,,,,,42874.6171875,,,,,53727.87890625,,,,,61385677469.0,,,
2021-12-05,,49368.84765625,,,,,49768.1484375,,,,,47857.49609375,,,,,49201.51953125,,,,,37198201161.0,,,
2021-12-06,171.36849975585938,50582.625,1777.5,141.9815216064453,314.89715576171875,173.69549560546875,50929.51953125,1783.0,142.67329857712156,316.11354341449044,166.9344940185547,47281.03515625,1777.199951171875,139.00114949695094,308.1781223856923,169.64999389648438,49413.48046875,1780.199951171875,141.86795825434288,312.73471501105405,68860000.0,37707308001.0,381.0,30618000.0,30032600.0
2021-12-07,176.1645050048828,50700.0859375,1782.5999755859375,146.0623016357422,323.3249206542969,177.49949645996094,51934.78125,1786.0999755859375,146.32166315012472,324.1744298816056,173.33450317382812,50175.80859375,1772.300048828125,144.0370329543183,318.67178431375265,174.60000610351562,50581.828125,1779.5,144.40301145252772,320.15847701837134,66410000.0,33676814852.0,308.0,32240000.0,31021900.0
2021-12-08,176.1580047607422,50504.796875,1783.4000244140625,146.97178649902344,323.3731994628906,177.17999267578125,51171.375,1789.9000244140625,147.1766061373384,323.8848494624371,174.75050354003906,48765.98828125,1779.0,145.20589435210303,319.3475536468009,176.15049743652344,50667.6484375,1789.9000244140625,146.3866264476649,323.70142498514247,45254000.0,28479699446.0,1383.0,24270000.0,24761000.0
2021-12-09,174.17100524902344,47672.12109375,1774.5999755859375,146.4282989501953,321.56793212890625,176.96949768066406,50797.1640625,1783.5,147.87782097151015,324.84055346464856,174.13949584960938,47358.3515625,1771.800048828125,145.90909157600555,320.62184956942644,175.75,50450.08203125,1783.5,146.38118770629148,322.832576975175,46062000.0,29603577251.0,455.0,23270000.0,22214200.0
2021-12-10,172.21200561523438,47243.3046875,1782.9000244140625,146.7882843017578,330.6810607910156,175.927001953125,50015.25390625,1785.4000244140625,147.75628168931388,331.12512705634384,170.5,47023.69921875,1769.0999755859375,145.501419679147,323.1993706024248,175.41700744628906,47642.14453125,1773.800048828125,147.481060069157,323.3827950413509,60690000.0,30966005122.0,545.0,24458000.0,38095700.0
2021-12-11,,49362.5078125,,,,,49458.2109375,,,,,46942.34765625,,,,,47264.6328125,,,,,25775869261.0,,,
2021-12-12,,50098.3359375,,,,,50724.8671875,,,,,48725.8515625,,,,,49354.85546875,,,,,21939223599.0,,,
2021-12-13,169.5675048828125,46737.48046875,1786.300048828125,144.6311492919922,327.6498107910156,172.10000610351562,50205.0,1787.0999755859375,146.75707245649807,331.88784112335867,169.1300048828125,45894.84765625,1783.800048828125,144.32467651369262,327.3408822668036,172.0,50114.7421875,1784.4000244140625,146.57011059273268,328.8854954268182,62170000.0,32166727776.0,206.0,27070000.0,28899400.0
2021-12-14,169.0915069580078,46612.6328125,1770.4000244140625,142.72735595703125,316.97271728515625,169.49899291992188,48431.3984375,1787.0,143.2956569953205,323.05462611476247,166.44000244140625,46424.49609375,1769.0,140.05742162389038,312.8891511907512,167.5500030517578,46709.82421875,1787.0,142.78786052539195,321.68377419361184,55976000.0,34638619079.0,322.0,38446000.0,44438700.0
2021-12-15,173.31500244140625,48896.72265625,1762.5999755859375,145.2405548095703,323.064208984375,173.60000610351562,49473.95703125,1778.699951171875,145.5182583191363,323.5855221073149,165.19500732421875,46671.96484375,1753.9000244140625,140.51659867311264,313.26561400702604,168.59800720214844,48379.75390625,1767.4000244140625,142.23341171048006,317.23330918334995,75794000.0,36541828520.0,283.0,36370000.0,35381100.0
2021-12-16,168.87100219726562,47665.42578125,1796.5999755859375,143.26097106933594,313.65179443359375,174.16600036621094,49425.57421875,1798.0999755859375,146.4664725789084,325.10121065165634,168.16050720214844,47529.87890625,1781.0,142.42982768319294,311.83687625533753,173.36849975585938,48900.46484375,1781.0,145.96412418925743,324.0875444975225,60876000.0,27268150947.0,21.0,33650000.0,35034800.0
2021-12-17,170.0175018310547,46202.14453125,1803.800048828125,140.563232421875,312.5898742675781,170.89849853515625,48004.89453125,1812.9000244140625,142.655437143821,313.67112406852533,165.61349487304688,45618.21484375,1803.800048828125,140.141713281487,306.2666502470529,167.7104949951172,47653.73046875,1804.0,141.33187339915958,309.7709825901244,85542000.0,32902725329.0,654.0,50416000.0,47750300.0
2021-12-18,,46848.77734375,,,,,47313.828125,,,,,45598.44140625,,,,,46219.25390625,,,,,26098292690.0,,,
2021-12-19,,46707.015625,,,,,48089.6640625,,,,,46502.953125,,,,,46853.8671875,,,,,25154053861.0,,,
2021-12-20,167.07899475097656,46880.27734375,1793.699951171875,140.44619750976562,308.8345642089844,167.87449645996094,47401.71875,1799.800048828125,140.61233535579893,311.6244956878622,165.60000610351562,45579.80859375,1792.0,138.17894105107746,306.5755796789902,166.85000610351562,46707.0625,1796.800048828125,138.85237592178575,308.96970202135424,57372000.0,30961902129.0,226.0,27192000.0,28326500.0
2021-12-21,170.41700744628906,48936.61328125,1787.9000244140625,142.2964324951172,315.95904541015625,170.7165069580078,49300.91796875,1796.5,142.68968194664052,316.38381472096694,165.6475067138672,46698.7734375,1787.9000244140625,139.35077693447047,308.7283333654757,167.85049438476562,46886.078125,1791.4000244140625,140.88905801007334,312.09752764718075,55956000.0,27055803928.0,575.0,28756000.0,24740600.0
2021-12-22,171.03700256347656,48628.51171875,1801.5999755859375,145.21478271484375,321.6644592285156,172.0500030517578,49544.796875,1805.199951171875,145.29909260146448,322.06023889539006,168.50050354003906,48450.94140625,1785.5,141.89473474558528,314.4723702128299,169.27000427246094,48937.09765625,1786.0,141.89473474558528,316.93407613844363,55036000.0,24447979559.0,567.0,26322000.0,24831500.0
2021-12-23,171.06849670410156,50784.5390625,1811.199951171875,145.71221923828125,323.1028747558594,171.97500610351562,51332.33984375,1811.199951171875,147.02833761181645,324.7440317285957,170.14999389648438,48065.8359375,1800.800048828125,145.2515187860682,321.2107391407732,170.42799377441406,48626.34375,1806.0,145.29912944314273,321.2300361252478,36788000.0,28223878108.0,193.0,26384000.0,19617800.0
2021-12-24,,50822.1953125,,,,,51814.02734375,,,,,50514.49609375,,,,,50806.05078125,,,,,24367912228.0,,,
2021-12-25,,50429.859375,,,,,51176.59765625,,,,,50236.70703125,,,,,50854.91796875,,,,,19030650914.0,,,
2021-12-26,,50809.515625,,,,,51196.37890625,,,,,49623.10546875,,,,,50428.69140625,,,,,20964372926.0,,,
2021-12-27,169.66949462890625,50640.41796875,1808.0999755859375,146.69407653808594,330.59423828125,172.9429931640625,51956.328125,1812.0999755859375,147.1279902675561,330.6231984892731,169.2154998779297,50499.46875,1807.0,145.96311835123439,323.8172549933941,171.03700256347656,50802.609375,1810.0,146.04891135250273,323.8462152014172,58688000.0,24324345758.0,150.0,15976000.0,19947000.0
2021-12-28,170.66099548339844,47588.85546875,1810.199951171875,145.48458862304688,329.4357604980469,172.17599487304688,50679.859375,1818.0,147.08337441512606,331.90712970709734,169.135498046875,47414.2109375,1805.5,144.85728115771545,328.53796461701063,170.1824951171875,50679.859375,1812.0,147.02088732134416,331.2699756899296,54638000.0,33430376883.0,146.0,18200000.0,15661500.0
2021-12-29,169.2010040283203,46444.7109375,1805.0999755859375,145.4528350830078,330.1115417480469,171.21200561523438,48119.7421875,1805.0999755859375,146.208597395199,332.38016007251247,168.60049438476562,46201.49609375,1791.4000244140625,144.45360165448406,327.9201113620014,170.83999633789062,47623.87109375,1803.199951171875,145.44242309096177,329.48402148531875,35754000.0,30049226299.0,623.0,17788000.0,15042000.0
2021-12-30,168.64450073242188,47178.125,1812.699951171875,145.00204467773438,327.57257080078125,170.88800048828125,47879.96484375,1816.0,146.0925342403559,331.25066424671456,168.5240020751953,46060.3125,1796.0,144.79773962624193,327.0898810628788,169.6999969482422,46490.60546875,1801.699951171875,145.49149904628018,330.0729001077908,37584000.0,26686491018.0,306.0,15688000.0,15994500.0
2021-12-31,166.7169952392578,46306.4453125,1827.5,143.6646270751953,324.6764221191406,169.35000610351562,48472.52734375,1827.800048828125,145.4959875927401,327.6111544209489,166.55850219726562,45819.953125,1821.4000244140625,143.6646270751953,324.2226926014007,168.95599365234375,47169.37109375,1825.0999755859375,144.85280491667777,326.7906054612649,47830000.0,36974172400.0,80.0,18136000.0,18000800.0
2022-01-01,,47686.8125,,,,,47827.3125,,,,,46288.484375,,,,,46311.74609375,,,,,24582667004.0,,,
2022-01-02,,47345.21875,,,,,47881.40625,,,,,46856.9375,,,,,47680.92578125,,,,,27951569547.0,,,
2022-01-03,170.4044952392578,46458.1171875,1799.4000244140625,143.802978515625,323.1607360839844,170.70350646972656,47510.7265625,1830.0999755859375,144.65543012836076,326.2982189585862,166.16050720214844,45835.96484375,1798.800048828125,142.53495522830957,318.36279955576714,167.5500030517578,47343.54296875,1830.0999755859375,143.86594988262885,323.7399695838111,63520000.0,33071628362.0,116.0,28646000.0,28865100.0
2022-01-04,167.52200317382812,45897.57421875,1814.0,143.2158203125,317.6195373535156,171.39999389648438,47406.546875,1815.300048828125,145.28421989053714,323.5952391659229,166.34950256347656,45752.46484375,1800.0,142.5384203965496,314.82957629356036,170.43800354003906,46458.8515625,1800.5,144.20414226489285,323.2380239826921,70726000.0,42494677905.0,38.0,28400000.0,32674300.0
2022-01-05,164.35699462890625,43569.00390625,1824.5999755859375,136.6456298828125,305.4267272949219,167.12649536132812,46929.046875,1824.5999755859375,143.3150106060316,314.78125567055275,164.35699462890625,42798.22265625,1813.0999755859375,136.55935260045507,305.0405814422899,166.88299560546875,45899.359375,1813.0999755859375,143.23616397542605,314.5785047925629,64302000.0,36851084859.0,8.0,54618000.0,40054300.0
2022-01-06,163.25399780273438,43160.9296875,1788.699951171875,136.61834716796875,303.01336669921875,164.8000030517578,43748.71875,1791.300048828125,138.7928795446468,307.6665036436116,161.93699645996094,42645.5390625,1787.0999755859375,135.43909829641714,300.7060952138819,163.45050048828125,43565.51171875,1787.0999755859375,135.8754939287169,302.3086289546871,51958000.0,30208048289.0,30.0,37348000.0,39646100.0
2022-01-07,162.5540008544922,41557.90234375,1797.0,135.8938446044922,303.16778564453125,165.24349975585938,43153.5703125,1797.0,137.31361360301065,305.5426109592931,162.031005859375,41077.4453125,1784.4000244140625,134.6535916733449,299.35452484498177,163.83900451660156,43153.5703125,1791.800048828125,137.01308839091683,303.27396324795524,46606000.0,84196607520.0,17.0,29760000.0,32720000.0
2022-01-08,,41733.94140625,,,,,42228.94140625,,,,,40672.27734375,,,,,41561.46484375,,,,,28066355845.0,,,
2022-01-09,,41911.6015625,,,,,42663.94921875,,,,,41338.16015625,,,,,41734.7265625,,,,,21294384372.0,,,
2022-01-10,161.48599243164062,41821.26171875,1798.4000244140625,137.53282165527344,303.3897705078125,161.6614990234375,42199.484375,1798.699951171875,137.68160118644641,303.82420301804177,156.30450439453125,39796.5703125,1790.4000244140625,132.07295639650786,294.14144890781034,160.5854949951172,41910.23046875,1794.9000244140625,133.97076939088103,298.77525819873097,87798000.0,32104232331.0,534.0,44408000.0,44289500.0
2022-01-11,165.36199951171875,42735.85546875,1818.5999755859375,138.5905303955078,304.07525634765625,166.35000610351562,43001.15625,1822.5,139.06660657340043,305.6488002414314,160.70150756835938,41407.75390625,1803.0,135.57199131832226,299.1614780529444,161.5,41819.5078125,1803.9000244140625,136.87571483847339,302.53064320042563,62806000.0,26327648900.0,743.0,28730000.0,29386800.0
2022-01-12,165.20700073242188,43949.1015625,1827.199951171875,140.27114868164062,307.2513122558594,166.8780059814453,44135.3671875,1827.199951171875,141.4390018146242,312.21337685592107,164.41700744628906,42528.98828125,1816.9000244140625,139.54118939726052,306.1025083336208,166.5749969482422,42742.1796875,1819.0,139.9929457226333,308.602867078053,50030000.0,33499938689.0,1547.0,26108000.0,34372200.0
2022-01-13,161.21400451660156,42591.5703125,1821.199951171875,137.4509735107422,294.2476501464844,166.22149658203125,44278.421875,1823.0,141.67902912526233,309.7709684945666,161.09100341796875,42447.04296875,1815.4000244140625,137.27442366179454,293.4753583562799,165.25050354003906,43946.7421875,1819.800048828125,140.37975480829834,309.37515937724777,52188000.0,47691135082.0,40.0,31436000.0,45366000.0
2022-01-14,162.13800048828125,43099.69921875,1816.5,138.33717346191406,299.4607238769531,162.25,43346.6875,1822.0,139.58833799377902,300.0592544355826,159.80050659179688,41982.6171875,1816.5,135.87552381688477,293.2340145006697,160.14999389648438,42598.87109375,1821.5,135.9553541493422,293.7167042364733,45974000.0,23577403399.0,816.0,29662000.0,39846400.0
2022-01-15,,43177.3984375,,,,,43724.671875,,,,,42669.03515625,,,,,43101.8984375,,,,,18371348298.0,,,
2022-01-16,,43113.87890625,,,,,43436.80859375,,,,,42691.0234375,,,,,43172.0390625,,,,,17902097845.0,,,
2022-01-17,,42250.55078125,,,,,43179.390625,,,,,41680.3203125,,,,,43118.12109375,,,,,21690904261.0,,,
2022-01-18,158.91749572753906,42375.6328125,1812.300048828125,134.8831787109375,292.172119140625,159.7344970703125,42534.40234375,1820.0999755859375,136.00738617411443,299.0745771307378,157.6645050048828,41392.21484375,1812.300048828125,134.32827105727515,291.2936202020948,159.10499572753906,42250.07421875,1816.800048828125,135.0587297181779,293.5429710843101,67292000.0,22417209227.0,900.0,34872000.0,42333200.0
2022-01-19,156.2989959716797,41744.328125,1843.0999755859375,134.00892639160156,292.82855224609375,159.25,42478.3046875,1843.0999755859375,136.82862410530518,303.04228390568943,156.25,41242.9140625,1817.4000244140625,133.90875636510398,292.2203879053098,158.76199340820312,42374.0390625,1817.4000244140625,135.40439065709728,295.6860967924291,53242000.0,23091543258.0,4.0,28648000.0,45933900.0
2022-01-20,151.66749572753906,40680.41796875,1842.5,132.21473693847656,291.15850830078125,158.0,43413.0234375,1843.0,136.49784887181025,300.86056199781444,151.3509979248047,40672.82421875,1838.199951171875,131.8745463034307,290.7144419109229,156.76600646972656,41744.02734375,1840.5999755859375,135.1331212999803,298.36989546394483,71974000.0,20382033940.0,20.0,29908000.0,35380700.0
2022-01-21,142.64300537109375,36457.31640625,1831.800048828125,129.28297424316406,285.7813415527344,150.89999389648438,41060.52734375,1842.4000244140625,133.75996411235568,293.5815962967534,142.07049560546875,35791.42578125,1828.9000244140625,129.02014712662628,285.3758691298615,149.9499969482422,40699.60546875,1838.0,131.506600309101,292.21077366823675,163972000.0,43011992031.0,19.0,55652000.0,57984400.0
2022-01-22,,35030.25,,,,,36688.8125,,,,,34349.25,,,,,36471.58984375,,,,,39714385405.0,,,
2022-01-23,,36276.8046875,,,,,36433.3125,,,,,34784.96875,,,,,35047.359375,,,,,26017975951.0,,,
2022-01-24,144.54400634765625,36654.328125,1841.699951171875,129.73178100585938,286.10955810546875,144.94500732421875,37247.51953125,1842.0999755859375,130.1275124017033,286.8239296088177,135.3520050048828,33184.05859375,1837.9000244140625,123.47945498392451,266.49303682458367,139.0,36275.734375,1837.9000244140625,124.94533645029941,282.0839415201582,155624000.0,41856658597.0,8.0,76622000.0,85731500.0
2022-01-25,139.98599243164062,36954.00390625,1852.699951171875,125.89447784423828,278.5023498535156,143.60000610351562,37444.5703125,1852.699951171875,128.3382842647663,284.77731721920185,138.14500427246094,35779.4296875,1842.0,125.46354548795776,275.2973119894379,142.24249267578125,36654.8046875,1843.0,127.68468965184117,281.42744884707827,90824000.0,26428189594.0,11.0,46960000.0,72848600.0
2022-01-26,138.87249755859375,36852.12109375,1829.9000244140625,128.17364501953125,286.43780517578125,145.18499755859375,38825.41015625,1829.9000244140625,131.9097642410679,297.81964019269344,137.31849670410156,36374.90625,1829.9000244140625,126.09978210305361,282.88521491771667,144.75,36950.515625,1829.9000244140625,130.04418655853962,297.32728711362313,95602000.0,31324598034.0,55.0,49130000.0,90428900.0
2022-01-27,139.6374969482422,37138.234375,1793.300048828125,127.94754791259766,289.45941162109375,144.24349975585938,37148.32421875,1793.300048828125,131.56514079694608,296.6611350858043,139.35000610351562,35629.28125,1793.300048828125,127.87563251117687,287.6155330759337,140.8000030517578,36841.87890625,1793.300048828125,130.22769896181129,292.18178912511314,77516000.0,25041426629.0,196036.0,31950000.0,53481300.0
2022-01-28,143.97799682617188,37784.33203125,1784.9000244140625,132.25787353515625,297.5879211425781,143.9980010986328,37952.87890625,1798.4000244140625,132.2633368035548,297.8003058303216,137.92950439453125,36211.109375,1778.800048828125,127.43176448871137,284.2560313928482,140.86050415039062,37128.4453125,1797.5,128.59613680815025,289.8359242315118,74392000.0,22238830523.0,28521.0,34362000.0,49743700.0
2022-01-29,,38138.1796875,,,,,38576.26171875,,,,,37406.47265625,,,,,37780.71484375,,,,,17194183075.0,,,
2022-01-30,,37917.6015625,,,,,38266.33984375,,,,,37437.7109375,,,,,38151.91796875,,,,,14643548444.0,,,
2022-01-31,149.57350158691406,38483.125,1795.0,134.19436645507812,300.2137451171875,150.36050415039062,38647.26171875,1798.5,134.3624868099739,301.5652706042171,144.30050659179688,36733.57421875,1785.0999755859375,131.12573488414426,295.76333004152133,144.75,37920.28125,1788.5,133.06222894230496,298.254025795733,78308000.0,20734730465.0,1735.0,39986000.0,46444500.0
2022-02-01,151.19349670410156,38743.2734375,1800.300048828125,136.51568603515625,298.07061767578125,151.70799255371094,39115.1328125,1806.0999755859375,136.66346669345492,299.87587283189384,147.62750244140625,38113.6640625,1797.0999755859375,133.2670388818161,294.56628497930495,150.0,38481.765625,1797.199951171875,136.466592286511,299.66348813934843,59220000.0,20288500328.0,223.0,68644000.0,40950400.0
2022-02-02,150.6125030517578,36952.984375,1809.199951171875,146.7868194580078,302.60784912109375,155.0749969482422,38834.6171875,1810.0999755859375,150.3042417927189,304.21038262271304,148.86349487304688,36832.73046875,1795.0999755859375,144.32963459516995,298.1864239841783,155.05050659179688,38743.71484375,1797.800048828125,150.01017866907893,298.91045860750387,87330000.0,19155189416.0,1690.0,123200000.0,36636000.0
2022-02-03,138.8455047607422,37154.6015625,1803.0,141.9170684814453,290.820556640625,144.24749755859375,37154.6015625,1808.0999755859375,148.4480970136978,300.4550540690847,138.33299255371094,36375.5390625,1787.9000244140625,141.49604864905484,289.57520891247447,141.7375030517578,36944.8046875,1805.800048828125,144.5111378369467,298.7752738080084,225532000.0,18591534769.0,466.0,71518000.0,43730000.0
2022-02-04,157.63949584960938,41500.875,1806.5999755859375,142.11839294433594,295.3481750488281,161.1999969482422,41527.78515625,1813.699951171875,143.68742564570832,298.1091459827031,150.60800170898438,37093.62890625,1792.5,139.36316498296367,289.58485887080843,155.60650634765625,37149.265625,1806.0,142.26865554288074,289.81654049853466,253456000.0,29412210792.0,571.0,57998000.0,35096500.0
2022-02-05,,41441.1640625,,,,,41847.1640625,,,,,41038.09765625,,,,,41501.48046875,,,,,19652846215.0,,,
2022-02-06,,42412.43359375,,,,,42500.78515625,,,,,41244.90625,,,,,41441.12109375,,,,,16142097334.0,,,
2022-02-07,157.9355010986328,43840.28515625,1820.5999755859375,138.05996704101562,290.5309753417969,162.6909942626953,44401.86328125,1821.300048828125,143.06757616212872,297.1824248464775,157.25,41748.15625,1809.0999755859375,137.76142430297742,289.5173091795903,158.52000427246094,42406.78125,1812.199951171875,143.06757616212872,295.57025756283554,102624000.0,28641855926.0,601.0,54974000.0,28533300.0
2022-02-08,161.4134979248047,44118.4453125,1826.5999755859375,138.25633239746094,294.01605224609375,161.79249572753906,45293.8671875,1827.5999755859375,138.85240387304552,294.9814319893397,155.55050659179688,42807.8359375,1815.0,135.89088796533107,289.56566577103484,156.75050354003906,43854.65234375,1818.9000244140625,137.8868882442639,290.8206476528339,76040000.0,33079398868.0,108.0,54284000.0,32421200.0
2022-02-09,161.1894989013672,44338.796875,1835.199951171875,140.43133544921875,300.4356994628906,163.83450317382812,44727.80078125,1835.199951171875,141.35620183871598,301.1307737737914,160.25,43232.96875,1825.300048828125,139.03785374463664,296.74797273384456,162.87350463867188,44096.703125,1825.4000244140625,139.80799308806806,299.14209466836076,68786000.0,23245887300.0,683.0,40144000.0,31284700.0
2022-02-10,159.0034942626953,43565.11328125,1836.199951171875,137.4836883544922,291.91143798828125,160.7165069580078,45661.171875,1842.0999755859375,140.3247091861647,298.41808594638906,157.75,43402.80859375,1820.800048828125,136.8261287196153,290.2896076096914,158.35000610351562,44347.80078125,1833.300048828125,138.55831786227063,293.51397138416485,68268000.0,32142048537.0,365.0,39330000.0,45386200.0
2022-02-11,153.2935028076172,42407.9375,1840.800048828125,133.18179321289062,284.8255920410156,159.0,43810.83203125,1864.800048828125,138.01583421809383,293.7553529211515,152.73399353027344,42114.5390625,1822.0,132.30651976404573,284.03397373558494,158.13450622558594,43571.12890625,1822.0,137.4639076899907,292.69342951887205,77100000.0,26954925781.0,181.0,39958000.0,39175600.0
2022-02-12,,42244.46875,,,,,42992.55078125,,,,,41852.57421875,,,,,42412.30078125,,,,,18152390304.0,,,
2022-02-13,,42197.515625,,,,,42693.0546875,,,,,41950.94140625,,,,,42236.56640625,,,,,14741589015.0,,,
2022-02-14,155.16700744628906,42586.91796875,1868.0,134.41505432128906,284.7869873046875,158.44850158691406,42775.77734375,1870.5999755859375,135.18271167288583,286.48606485987114,151.64999389648438,41681.95703125,1854.5999755859375,132.16415735662878,281.26335759126283,151.75100708007812,42157.3984375,1861.800048828125,132.16415735662878,283.5995597685924,83230000.0,20827783012.0,79.0,34302000.0,36359500.0
2022-02-15,156.510498046875,44575.203125,1854.800048828125,135.4886932373047,290.0675964355469,158.0070037841797,44667.21875,1879.699951171875,136.9763973849014,290.3861587262389,154.6374969482422,42491.03515625,1847.4000244140625,134.7081419187358,286.7370251821731,157.60549926757812,42586.46484375,1872.5999755859375,136.4427979327925,289.62353008877903,56440000.0,22721659051.0,86.0,26680000.0,27058300.0
2022-02-16,158.10049438476562,43961.859375,1870.199951171875,136.6089324951172,289.7289733886719,158.83399963378906,44578.27734375,1870.199951171875,136.95407185843112,291.05427315111,154.7344970703125,43456.69140625,1856.300048828125,133.81798904852437,284.09884067695083,155.79049682617188,44578.27734375,1858.699951171875,135.5263729022058,288.6358343081328,52704000.0,19792547657.0,34.0,25022000.0,29982100.0
2022-02-17,154.65249633789062,40538.01171875,1900.699951171875,131.45252990722656,281.2451171875,160.3489990234375,44132.97265625,1900.699951171875,135.98952448924578,287.1170646088115,154.5,40249.37109375,1876.199951171875,131.39252475863216,280.53892237568306,158.14599609375,43937.0703125,1876.300048828125,135.1261616337196,286.6914169855192,64032000.0,26246662813.0,393.0,38950000.0,32461600.0
2022-02-18,152.60150146484375,40030.9765625,1898.5999755859375,129.33404541015625,278.5364685058594,155.49949645996094,40929.15234375,1899.4000244140625,132.97099324127743,284.2729991216109,150.89300537109375,39637.6171875,1890.699951171875,129.1292409403073,276.9693246500047,155.49949645996094,40552.1328125,1899.4000244140625,132.37292423632954,283.4894271936835,63604000.0,23310007704.0,51.0,45620000.0,34264000.0
2022-02-19,,40122.15625,,,,,40418.87890625,,,,,39713.05859375,,,,,40026.0234375,,,,,13736557863.0,,,
2022-02-20,,38431.37890625,,,,,40119.890625,,,,,38112.8125,,,,,40118.1015625,,,,,18340576452.0,,,
2022-02-21,,37075.28125,,,,,39394.4375,,,,,36950.4765625,,,,,38423.2109375,,,,,29280402798.0,,,
2022-02-22,150.19749450683594,38286.02734375,1906.0999755859375,128.74937438964844,278.33331298828125,152.9824981689453,38359.85546875,1912.0,131.09696037872362,282.02869492098785,148.48550415039062,36488.93359375,1890.800048828125,127.17239674726402,275.21836232867406,150.47850036621094,37068.76953125,1908.0999755859375,128.77366398895006,275.70205013593005,66128000.0,25493150450.0,173.0,44990000.0,41736100.0
2022-02-23,144.82699584960938,37296.5703125,1909.199951171875,126.54212951660156,271.12640380859375,151.76300048828125,39122.39453125,1910.5999755859375,130.9685427450542,282.18353159730316,144.6510009765625,37201.81640625,1895.699951171875,126.48212435927555,270.9619664555194,151.65049743652344,38285.28125,1896.5999755859375,130.56934576146136,280.71310149282795,64244000.0,21849073843.0,73.0,32786000.0,37811200.0
2022-02-24,151.35800170898438,38332.609375,1925.0999755859375,131.603271484375,284.97918701171875,151.74899291992188,38968.83984375,1972.5,131.90974417427157,285.53059821327315,139.5,34459.21875,1911.699951171875,123.92920350156645,262.6618238516017,139.83749389648438,37278.56640625,1911.9000244140625,123.92920350156645,263.61954581271243,100786000.0,46383802093.0,2706.0,54456000.0,56989700.0
2022-02-25,153.7884979248047,39214.21875,1886.5,133.3572998046875,287.6104431152344,153.99000549316406,39630.32421875,1920.0,134.16264009522365,287.92001039879176,149.2135009765625,38111.34375,1883.5999755859375,130.67149031409218,282.135093565402,150.5500030517578,38333.74609375,1906.9000244140625,132.45723763350745,285.5112545529005,62396000.0,26545599159.0,586.0,36406000.0,32546700.0
2022-02-26,,39105.1484375,,,,,40005.34765625,,,,,38702.53515625,,,,,39213.08203125,,,,,17467554129.0,,,
2022-02-27,,37709.78515625,,,,,39778.94140625,,,,,37268.9765625,,,,,39098.69921875,,,,,23450127612.0,,,
2022-02-28,153.56300354003906,43193.234375,1899.4000244140625,133.94992065429688,289.0422058105469,154.4499969482422,43760.45703125,1928.4000244140625,134.63871633436403,289.3807932241622,150.85000610351562,37518.21484375,1894.199951171875,131.50561460625966,283.4410920061188,152.4250030517578,37706.0,1928.300048828125,131.95936863524972,284.7083518645938,57684000.0,35690014104.0,390.0,38864000.0,34627500.0
2022-03-01,151.14199829101562,44354.63671875,1942.4000244140625,132.9625701904297,285.3274841308594,154.0989990234375,44793.6015625,1942.4000244140625,135.13858587625842,290.18369968046295,149.9770050048828,42952.5859375,1903.800048828125,132.1264932248051,282.61881436647946,152.7324981689453,43194.50390625,1908.300048828125,133.77287444721637,286.7301612299099,44874000.0,32479047645.0,547.0,26496000.0,31217800.0
2022-03-02,152.05250549316406,43924.1171875,1920.9000244140625,133.46839904785156,290.3965148925781,152.99949645996094,45077.578125,1948.199951171875,134.15372912259033,291.63475461259384,148.75,43432.8515625,1919.800048828125,131.9806947822643,284.118256021791,150.8489990234375,44357.6171875,1945.5999755859375,133.52443917740345,285.7240737108103,47334000.0,29183112630.0,109.0,23520000.0,31873000.0
2022-03-03,147.89849853515625,42451.7890625,1934.4000244140625,132.80189514160156,286.2658386230469,153.9290008544922,44021.578125,1940.300048828125,135.32106741558047,293.24060936073806,146.8560028076172,41914.75,1924.800048828125,131.93505144439177,284.45682121195006,153.531494140625,43925.1953125,1930.5,134.8950837847723,293.0084486328815,65198000.0,24967782593.0,122.0,24604000.0,27314500.0
2022-03-04,145.64100646972656,39137.60546875,1965.0999755859375,130.82522583007812,280.4034423828125,147.85000610351562,42479.61328125,1970.9000244140625,132.75428947542676,286.01423787839684,143.8070068359375,38805.84765625,1935.5999755859375,129.26908704703752,277.80122950255003,147.15899658203125,42458.140625,1937.0,131.83786771432526,284.6889381946854,60934000.0,28516271427.0,47.0,30430000.0,32356500.0
2022-03-05,,39400.5859375,,,,,39566.3359375,,,,,38777.03515625,,,,,39148.44921875,,,,,16975917450.0,,,
2022-03-06,,38419.984375,,,,,39640.17578125,,,,,38211.6484375,,,,,39404.19921875,,,,,19745229902.0,,,
2022-03-07,137.4530029296875,38062.0390625,1993.9000244140625,125.34253692626953,269.81072998046875,146.09449768066406,39430.2265625,2001.0999755859375,130.65512671280234,280.2390376841762,137.41650390625,37260.203125,1963.0,125.25971770982827,269.4431225318955,145.44349670410156,38429.3046875,1989.0,130.41015738314775,279.1168784545169,86934000.0,28546143503.0,2516.0,45112000.0,43157200.0
2022-03-08,136.01449584960938,38737.26953125,2040.0999755859375,126.06259155273438,266.8505554199219,140.69949340820312,39304.44140625,2072.0,130.17411000501144,274.69595707889357,133.57249450683594,37957.38671875,1998.0,124.64431332771989,261.1914024621827,136.68350219726562,38059.90234375,1999.4000244140625,125.21509629053482,268.736920057862,91662000.0,25776583476.0,1813.0,40428000.0,48159500.0
2022-03-09,139.2790069580078,41982.92578125,1985.9000244140625,132.32630920410156,279.08782958984375,140.25,42465.671875,2063.0,132.63922887603567,280.1519485359989,136.8280029296875,38706.09375,1980.800048828125,128.83565901257037,271.6196896067693,139.5,38742.81640625,2053.60009765625,130.17409924594682,274.1929119594873,82656000.0,32284121034.0,1022.0,37026000.0,35204500.0
2022-03-10,146.8175048828125,39437.4609375,1998.0999755859375,131.34396362304688,276.27276611328125,148.67449951171875,42004.7265625,2010.5,132.17955633727135,277.24982481746815,143.97799682617188,38832.94140625,1978.0999755859375,129.83940035172492,271.4262054005378,145.68499755859375,41974.0703125,1978.0999755859375,130.19000303239358,273.7866039875139,135062000.0,31078064711.0,670.0,27102000.0,30628000.0
2022-03-11,145.52450561523438,38794.97265625,1982.699951171875,128.80592346191406,270.93292236328125,149.6750030517578,40081.6796875,1996.0,132.698752456179,280.06495143344847,145.36900329589844,38347.43359375,1959.9000244140625,128.56888416798853,270.31378773793114,149.57449340820312,39439.96875,1985.0,132.39426221843516,278.5655013687833,68900000.0,26364890465.0,865.0,31526000.0,27209300.0
2022-03-12,,38904.01171875,,,,,39308.59765625,,,,,38772.53515625,,,,,38794.46484375,,,,,14616450657.0,,,
2022-03-13,,37849.6640625,,,,,39209.3515625,,,,,37728.14453125,,,,,38884.7265625,,,,,17300745310.0,,,
2022-03-14,141.85299682617188,39666.75390625,1959.5999755859375,124.91854858398438,267.42132568359375,147.4499969482422,39742.5,1977.699951171875,129.34000556632407,276.08900319722903,140.88400268554688,37680.734375,1959.5999755859375,124.2480949884942,266.8215575071672,145.9810028076172,37846.31640625,1976.5,129.18231231398767,271.19408479495587,74086000.0,24322159070.0,145.0,38812000.0,30660700.0
2022-03-15,147.3665008544922,39338.78515625,1928.5,128.138916015625,277.7818908691406,147.98500061035156,39794.62890625,1939.9000244140625,128.79004377353704,278.4300454950149,142.0,38310.2109375,1910.699951171875,124.68992141435149,269.63660504784883,142.85000610351562,39664.25,1939.800048828125,125.93513042039176,271.2037487581612,75584000.0,23934000868.0,71.0,30920000.0,34245100.0
2022-03-16,153.10400390625,41143.9296875,1908.0,132.18795776367188,284.78570556640625,153.14999389648438,41465.453125,1922.4000244140625,132.24001771815753,284.95982608211176,147.35350036621094,39022.34765625,1907.199951171875,127.67921762993845,273.96077067732267,148.5,39335.5703125,1922.4000244140625,129.66133986214837,279.67793426336954,84958000.0,39616916192.0,104.0,35576000.0,37826300.0
2022-03-17,157.23899841308594,40951.37890625,1942.0999755859375,132.7418975830078,285.58868408203125,157.49850463867188,41287.53515625,1947.199951171875,132.98141880336502,285.96594529158506,152.13999938964844,40662.87109375,1933.9000244140625,131.10144887364655,279.9295297629921,152.6405029296875,41140.84375,1933.9000244140625,132.05755123913005,283.7216558783688,72934000.0,22009601093.0,39.0,28264000.0,30816600.0
2022-03-18,161.25050354003906,41801.15625,1928.199951171875,135.00962829589844,290.6286926269531,161.593994140625,42195.74609375,1939.300048828125,135.12715666182308,291.1801038956817,156.01100158691406,40302.3984375,1928.199951171875,131.1743232843676,283.1799169846614,156.81300354003906,40944.83984375,1934.5,132.33076547882177,285.73377364082944,102962000.0,34421564942.0,28.0,44566000.0,43390600.0
2022-03-19,,42190.65234375,,,,,42316.5546875,,,,,41602.66796875,,,,,41794.6484375,,,,,19664853187.0,,,
2022-03-20,,41247.82421875,,,,,42241.1640625,,,,,41004.7578125,,,,,42191.40625,,,,,20127946682.0,,,
2022-03-21,161.4915008544922,41077.99609375,1928.5999755859375,134.98583984375,289.40008544921875,163.08399963378906,41454.41015625,1928.5999755859375,135.92656630102422,290.3481241566419,159.55299377441406,40668.04296875,1925.0,132.99330550843302,285.27905598306444,161.12100219726562,41246.1328125,1925.4000244140625,135.04732810159504,289.1389046674614,66538000.0,24615543271.0,5.0,26832000.0,28351200.0
2022-03-22,164.88900756835938,42358.80859375,1920.699951171875,138.72146606445312,294.1402587890625,166.16700744628906,43124.70703125,1920.699951171875,139.89378371835335,295.04959432677754,161.69900512695312,40948.28125,1920.699951171875,134.9858461376951,289.0228329688514,161.8054962158203,41074.10546875,1920.699951171875,134.9858461376951,290.01922877865013,64086000.0,32004652376.0,26.0,35496000.0,27599700.0
2022-03-23,163.4080047607422,42892.95703125,1936.5999755859375,137.14202880859375,289.71942138671875,166.3699951171875,42893.5078125,1936.5999755859375,138.4442694271566,293.33742760917113,162.68699645996094,41877.5078125,1936.5999755859375,136.70514886604158,288.0071765383999,163.7050018310547,42364.37890625,1936.5999755859375,137.56553055143635,290.7061637755566,55812000.0,25242943069.0,204.0,25154000.0,25715400.0
2022-03-24,163.64950561523438,43960.93359375,1961.5999755859375,140.4114990234375,294.1789245605469,164.11849975585938,44131.85546875,1964.0,140.458110844999,294.2756680245102,160.0500030517578,42726.1640625,1961.5999755859375,136.62132231474047,288.58749479820733,163.74949645996094,42886.65234375,1963.5999755859375,138.058933800913,289.380749871962,56798000.0,31042992291.0,8.0,26396000.0,24484500.0
2022-03-25,164.77349853515625,44348.73046875,1953.800048828125,140.51165771484375,293.7725830078125,165.36849975585938,44999.4921875,1953.800048828125,140.87068978159917,295.5332134926127,162.25,43706.28515625,1953.800048828125,138.59202264033723,289.5258199394837,164.0,43964.546875,1953.800048828125,140.7526620000857,295.27203273707045,49032000.0,30574413034.0,83.0,24126000.0,22566500.0
2022-03-26,,44500.828125,,,,,44735.99609375,,,,,44166.2734375,,,,,44349.859375,,,,,16950455995.0,,,
2022-03-27,,46820.4921875,,,,,46827.546875,,,,,44437.29296875,,,,,44505.35546875,,,,,28160889722.0,,,
2022-03-28,168.99049377441406,47128.00390625,1939.5999755859375,140.2959747314453,300.5635986328125,169.03750610351562,48086.8359375,1939.5999755859375,140.83848798996723,300.66031257135194,164.89999389648438,46690.203125,1932.5999755859375,138.66543848117558,294.4013915103594,164.97500610351562,46821.8515625,1932.5999755859375,139.74551627484473,294.4013915103594,59854000.0,36362175703.0,7.0,35050000.0,29578200.0
2022-03-29,169.31500244140625,47465.73046875,1912.0,141.3373565673828,305.1199951171875,170.8314971923828,48022.2890625,1912.0,142.6148082235357,305.51662272546986,167.86849975585938,47100.4375,1893.5,140.87418935059165,298.9674698693951,170.38400268554688,47100.4375,1893.5,141.47820601311636,303.66893146238317,66154000.0,31397059069.0,128051.0,34318000.0,30393400.0
2022-03-30,166.30099487304688,47062.6640625,1933.5,140.7749786376953,303.6204833984375,168.95050048828125,47655.1484375,1937.0,141.55056596107124,305.6423243268449,165.5,46746.2109375,1914.5,140.43925249315063,301.41486827122543,168.50950622558594,47456.8984375,1918.4000244140625,141.29220332405055,303.52376945863284,56168000.0,29333883962.0,17765.0,19884000.0,28163600.0
2022-03-31,162.99749755859375,45538.67578125,1949.199951171875,137.9275360107422,298.2515869140625,166.4949951171875,47512.02734375,1949.9000244140625,140.9431091731122,304.858779193998,162.95350646972656,45390.5390625,1919.0999755859375,137.88488921822,297.84530566978634,166.44500732421875,47062.1484375,1933.5,140.88855215145054,303.6592133025089,59966000.0,33327427106.0,3617.0,37524000.0,33422100.0
2022-04-01,163.55999755859375,46281.64453125,1919.0999755859375,139.00164794921875,299.3253479003906,165.82699584960938,46616.2421875,1938.0,139.31951637020538,300.01217625691254,162.3195037841797,44403.140625,1917.0,137.17375319145697,295.57192614031334,164.14950561523438,45554.1640625,1935.0,138.356482806623,299.27696141097135,57090000.0,38162644287.0,1016.0,25942000.0,27110500.0
2022-04-02,,45868.94921875,,,,,47028.28125,,,,,45782.51171875,,,,,46285.5,,,,,29336594194.0,,,
2022-04-03,,46453.56640625,,,,,47313.4765625,,,,,45634.10546875,,,,,45859.12890625,,,,,25414397610.0,,,
2022-04-04,168.34649658203125,46622.67578125,1929.199951171875,141.79954528808594,304.6943359375,168.39450073242188,46791.08984375,1936.0999755859375,142.53398429656113,304.8297531887579,163.20550537109375,45235.81640625,1915.5999755859375,139.16036224405133,299.60593013266003,164.125,46445.2734375,1921.199951171875,139.2079728997419,299.9735376348756,49882000.0,32499785455.0,371.0,25942000.0,24289600.0
2022-04-05,164.05499267578125,45555.9921875,1922.9000244140625,139.4385528564453,300.73773193359375,168.11050415039062,47106.140625,1943.5,141.8183741448747,304.59755113932056,163.26600646972656,45544.80859375,1918.4000244140625,139.23176584389168,299.7606731283504,167.7415008544922,46624.5078125,1927.0999755859375,141.69787954637118,303.04974427141804,53728000.0,29640604055.0,412.0,21418000.0,23156700.0
2022-04-06,158.75599670410156,43206.73828125,1918.4000244140625,135.42868041992188,289.7289733886719,162.1999969482422,45544.35546875,1931.800048828125,138.21812553888182,296.9842899176036,157.25450134277344,43193.953125,1916.699951171875,134.40612601563646,287.0299873737609,161.65049743652344,45544.35546875,1916.699951171875,137.6126258686909,295.23334255704475,79056000.0,39393395788.0,138.0,32468000.0,40110400.0
2022-04-07,157.7845001220703,43503.84765625,1933.800048828125,134.77459716796875,291.5379943847656,160.07899475097656,43860.69921875,1934.800048828125,136.04013849416,293.7436096818607,154.51150512695312,42899.90625,1919.5,133.1272020827794,286.6817792585373,158.39999389648438,43207.5,1919.5,134.89509176328988,286.9816633477329,68136000.0,26101973106.0,311.0,26234000.0,31411200.0
2022-04-08,154.4604949951172,42287.6640625,1941.5999755859375,132.19491577148438,287.2815246582031,157.36849975585938,43903.01953125,1947.699951171875,134.5578779659387,291.2961273756615,154.2310028076172,42183.2890625,1928.800048828125,131.87554910979466,286.6140331520905,156.75,43505.13671875,1928.800048828125,134.47208496943966,290.6383190722913,46002000.0,27215995394.0,153.0,25142000.0,24361900.0
2022-04-09,,42782.13671875,,,,,42786.81640625,,,,,42183.25390625,,,,,42282.078125,,,,,16050772496.0,,,
2022-04-10,,42207.671875,,,,,43376.37890625,,,,,42021.20703125,,,,,42781.08984375,,,,,17654475582.0,,,
2022-04-11,151.1219940185547,39521.90234375,1944.300048828125,127.7674789428711,275.9535827636719,154.13650512695312,42424.58984375,1968.4000244140625,131.00967873403485,283.06377005501855,150.5345001220703,39373.05859375,1941.800048828125,127.61375075642972,275.70205565183903,152.71299743652344,42201.0390625,1946.5999755859375,130.7428866294104,282.27054447193905,52112000.0,33949912166.0,163.0,36884000.0,34569300.0
2022-04-12,150.78750610351562,40127.18359375,1972.0999755859375,126.6676025390625,272.85797119140625,155.0989990234375,40617.5859375,1977.0999755859375,130.52125805208976,281.25478467779203,150.38299560546875,39388.328125,1950.5999755859375,125.74969005200958,271.33918434835886,153.6925048828125,39533.71484375,1952.5,130.52125805208976,279.80372121494815,55178000.0,30991500854.0,246.0,32710000.0,30966700.0
2022-04-13,155.54100036621094,41166.73046875,1981.0,128.82923889160156,278.2365417480469,156.02499389648438,41430.0546875,1981.0,129.26563457471275,279.1652139791266,149.60000610351562,39712.74609375,1969.5,126.69388743885823,272.12272138935975,150.01849365234375,40123.5703125,1969.5,126.9507670450841,273.50609081671024,53390000.0,27691105228.0,204.0,27928000.0,21907200.0
2022-04-14,151.7064971923828,39935.515625,1970.9000244140625,125.69116973876953,270.7007141113281,155.89700317382812,41451.48046875,1978.699951171875,129.40993832117093,278.9040702197633,151.4720001220703,39695.74609375,1963.0,125.56322179244722,270.2073726066549,155.38999938964844,41160.21875,1977.199951171875,129.40993832117093,278.6912463967013,51598000.0,24342001973.0,101.0,31598000.0,28221600.0
2022-04-15,,40553.46484375,,,,,40617.72265625,,,,,39866.83203125,,,,,39939.40234375,,,,,21756855753.0,,,
2022-04-16,,40424.484375,,,,,40633.6796875,,,,,40078.42578125,,,,,40552.31640625,,,,,16833150693.0,,,
2022-04-17,,39716.953125,,,,,40570.7265625,,,,,39620.89453125,,,,,40417.77734375,,,,,19087633042.0,,,
2022-04-18,152.78500366210938,40826.21484375,1982.9000244140625,126.62991333007812,271.3681945800781,154.0395050048828,40986.3203125,1997.0999755859375,127.16151517107208,273.2449056189471,150.25050354003906,38696.19140625,1972.800048828125,125.14766477730133,269.25932284261444,151.52349853515625,39721.203125,1973.4000244140625,125.95896028482899,269.81073402373755,46514000.0,33705182072.0,196.0,20808000.0,20778000.0
2022-04-19,158.11549377441406,41502.75,1955.699951171875,128.9432830810547,275.9922790527344,158.6490020751953,41672.9609375,1978.300048828125,129.26461711503015,276.8339207213191,151.55050659179688,40618.6328125,1945.699951171875,125.95844660693362,269.3270757429713,152.0294952392578,40828.17578125,1973.800048828125,126.64477542409657,270.2654313652648,54926000.0,25303206547.0,130.0,26490000.0,22297700.0
2022-04-20,153.9980010986328,41374.37890625,1952.300048828125,126.99041748046875,277.0176696777344,157.6024932861328,42126.30078125,1953.5999755859375,130.3218916355038,280.24873024308215,153.60350036621094,40961.09765625,1945.5,126.45485065417712,276.05997725645005,157.6024932861328,41501.74609375,1945.5,129.81904388797793,279.95849984253823,59630000.0,27819532341.0,621.0,31696000.0,22906700.0
2022-04-21,148.29600524902344,40527.36328125,1944.9000244140625,123.79136657714844,271.64874267578125,156.73800659179688,42893.58203125,1944.9000244140625,129.0320490590413,283.73125459736195,147.58949279785156,40063.828125,1942.5,123.50572537982224,270.9232109682988,154.71400451660156,41371.515625,1942.5,128.1905088826277,279.1652405373938,63970000.0,35372786395.0,4.0,36446000.0,29454600.0
2022-04-22,144.35000610351562,39740.3203125,1931.0,118.65482330322266,265.0899353027344,149.61500549316406,40777.7578125,1950.4000244140625,124.37405657587937,273.9607825716903,143.69749450683594,39315.41796875,1930.199951171875,117.95015236959706,264.4611470651918,148.25,40525.86328125,1949.5999755859375,123.97535142196246,272.49035276111147,73078000.0,28011716745.0,178.0,56884000.0,29405800.0
2022-04-23,,39486.73046875,,,,,39935.859375,,,,,39352.203125,,,,,39738.72265625,,,,,16138021249.0,,,
2022-04-24,,39469.29296875,,,,,39845.92578125,,,,,39233.5390625,,,,,39478.375,,,,,17964398167.0,,,
2022-04-25,146.07400512695312,40458.30859375,1893.199951171875,122.06511688232422,271.5616760253906,146.22149658203125,40491.75390625,1925.0,122.26694757146747,271.93893715298736,142.30650329589844,38338.37890625,1889.300048828125,117.53952544553482,261.9362771237636,144.0229949951172,39472.60546875,1925.0,118.12468537703205,264.3740824976134,61874000.0,35445730570.0,748.0,46128000.0,35678900.0
2022-04-26,139.39100646972656,38117.4609375,1901.4000244140625,117.67739868164062,261.4042663574219,144.8560028076172,40713.890625,1909.0999755859375,121.50575793064277,269.2786893101123,138.92950439453125,37884.984375,1894.0,117.53953815889362,261.19144251967543,144.8000030517578,40448.421875,1900.5,121.29202455748772,268.4467603674442,77530000.0,34569088416.0,302.0,73054000.0,46518400.0
2022-04-27,138.16700744628906,39241.12109375,1885.9000244140625,113.35760498046875,273.9801025390625,141.94850158691406,39397.91796875,1900.5999755859375,116.2809382238553,281.47726299922044,135.7834930419922,37997.3125,1882.199951171875,111.81237758233146,270.05256019523966,140.19149780273438,38120.30078125,1897.800048828125,113.53116592670582,272.89664665414017,71336000.0,30981015184.0,1786.0,91820000.0,63477700.0
2022-04-28,144.59649658203125,39773.828125,1888.699951171875,117.55094146728516,280.1810302734375,145.9375,40269.46484375,1893.0,118.66870208583143,281.4869933800965,140.3000030517578,38941.421875,1872.9000244140625,113.17956960106591,272.27755777079875,142.17799377441406,39241.4296875,1883.800048828125,115.46071897101857,275.8858797797823,117316000.0,33903704907.0,513.0,48884000.0,33646600.0
2022-04-29,124.28150177001953,38609.82421875,1909.300048828125,113.17411804199219,268.46612548828125,130.76100158691406,39887.26953125,1918.199951171875,116.9533836790152,280.4229059103156,121.625,38235.53515625,1902.4000244140625,112.88153803374084,267.4794127851195,129.8489990234375,39768.6171875,1902.699951171875,115.77760037683389,279.19431973149324,272662000.0,30882994649.0,132.0,42676000.0,37073900.0
2022-04-30,,37714.875,,,,,38771.2109375,,,,,37697.94140625,,,,,38605.859375,,,,,23895713731.0,,,
2022-05-01,,38469.09375,,,,,38627.859375,,,,,37585.7890625,,,,,37713.265625,,,,,27002760110.0,,,
2022-05-02,124.5,38529.328125,1861.800048828125,115.6273422241211,275.1893615722656,124.66799926757812,39074.97265625,1896.800048828125,115.78850866046761,275.6440293239036,118.375,38156.5625,1853.0,111.67699010622513,267.2085121919129,122.4010009765625,38472.1875,1896.699951171875,112.47539163673035,268.6498925117606,148788000.0,32922642426.0,385.0,35534000.0,35151100.0
2022-05-03,124.25350189208984,37750.453125,1868.800048828125,116.37217712402344,272.587158203125,126.22049713134766,38629.99609375,1868.800048828125,117.47109620573961,274.86049729139387,122.82499694824219,37585.62109375,1868.800048828125,115.08333000535104,271.01033088824136,124.05349731445312,38528.109375,1868.800048828125,115.4760799985851,274.69603041183086,79134000.0,27326943244.0,466.0,24968000.0,25978600.0
2022-05-04,125.92849731445312,39698.37109375,1867.0,121.25879669189453,280.51959228515625,126.0,39902.94921875,1867.0,121.84742986414153,281.39022443680767,119.18299865722656,37732.05859375,1867.0,114.1723618582886,267.7018653489587,123.5999984741211,37748.01171875,1867.0,116.07216443085974,273.37067229887913,110746000.0,36754404490.0,1.0,49916000.0,33599300.0
2022-05-05,116.40699768066406,36575.140625,1874.0,115.55047607421875,268.3016052246094,123.4990005493164,39789.28125,1904.300048828125,120.04681450711568,277.0079848672341,115.07250213623047,35856.515625,1874.0,114.06277194925556,265.3897954748828,123.0,39695.74609375,1897.0,119.21866011890872,276.22441306115445,144392000.0,43106256317.0,80.0,45840000.0,43260400.0
2022-05-06,114.77249908447266,36040.921875,1881.199951171875,114.7977066040039,265.7671203613281,119.05049896240234,36624.359375,1890.300048828125,116.60775134383856,270.13964762879215,113.08149719238281,35482.1328125,1871.5,113.08090065435618,262.41997938914824,114.8499984741211,36573.18359375,1874.699951171875,114.24031691379543,265.8444974229105,124260000.0,37795577489.0,214.0,39710000.0,37780300.0
2022-05-07,,35501.953125,,,,,36129.92578125,,,,,34940.82421875,,,,,36042.50390625,,,,,24375896406.0,,,
2022-05-08,,34059.265625,,,,,35502.94140625,,,,,33878.96484375,,,,,35502.94140625,,,,,36763041910.0,,,
2022-05-09,108.78900146484375,30296.953125,1857.0999755859375,111.5887222290039,255.9481964111328,114.0,34222.07421875,1867.5,114.13368999515002,263.4743766088099,107.95700073242188,30296.953125,1854.0,111.08240885566522,254.7293233579173,111.3125,34060.015625,1866.5999755859375,112.3216628968711,261.2494247709762,128124000.0,63355494961.0,304.0,40802000.0,47726000.0
2022-05-10,108.85900115966797,31022.90625,1839.9000244140625,113.457275390625,260.707763671875,112.64250183105469,32596.30859375,1839.9000244140625,115.29707287210782,264.8191105943443,107.1709976196289,29944.802734375,1839.9000244140625,111.97502692676184,256.4222962003139,111.25,30273.654296875,1839.9000244140625,114.56065900721823,262.82631891838696,105434000.0,59811038817.0,1540.0,39900000.0,39336400.0
2022-05-11,105.37200164794922,28936.35546875,1852.5999755859375,112.6712646484375,252.0496826171875,110.15599822998047,32013.40234375,1852.5999755859375,115.41062467447975,262.50700973823547,104.42849731445312,28170.4140625,1841.0,112.30826753178046,250.84046320428226,108.10350036621094,31016.18359375,1841.5,112.30826753178046,257.01232381126397,109704000.0,70388855818.0,892.0,37534000.0,48975900.0
2022-05-12,106.93049621582031,29047.751953125,1823.800048828125,111.91898345947266,247.0193634033203,110.78050231933594,30032.439453125,1851.9000244140625,113.35808557765253,251.40157365565182,102.40550231933594,26350.490234375,1822.199951171875,108.92423453859938,241.86324972493676,102.75,28936.734375,1849.800048828125,110.4645054940696,249.28301874671405,132026000.0,66989173272.0,153.0,53836000.0,51033800.0
2022-05-13,113.05500030517578,29283.103515625,1807.4000244140625,115.09919738769531,252.60108947753906,113.18399810791016,30924.802734375,1825.0,116.90874243005263,254.45846345397297,107.80000305175781,28782.330078125,1807.4000244140625,112.67374826062365,247.0193433899871,109.06900024414062,29030.91015625,1825.0,113.59413498511711,248.95409441787507,93684000.0,42841124537.0,335.0,35038000.0,34925100.0
2022-05-14,,30101.265625,,,,,30192.802734375,,,,,28702.91015625,,,,,29285.642578125,,,,,28579868620.0,,,
2022-05-15,,31305.11328125,,,,,31308.19140625,,,,,29527.740234375,,,,,30098.5859375,,,,,25835372065.0,,,
2022-05-16,110.81050109863281,29862.91796875,1813.5,113.50687408447266,252.96868896484375,113.99250030517578,31305.341796875,1813.5,115.2177324454328,257.14775813932226,110.35399627685547,29251.884765625,1787.0,112.95593136795685,247.43530001769813,113.0999984741211,31304.375,1790.5,114.01318748987721,251.47892245393152,74566000.0,32613897286.0,34.0,25990000.0,32550900.0
2022-05-17,115.36849975585938,30425.857421875,1818.199951171875,115.51823425292969,258.1151123046875,115.80000305175781,30694.490234375,1828.5999755859375,115.94173593854345,259.57582908936917,111.27649688720703,29570.302734375,1816.699951171875,113.92837768916225,253.89734019307082,113.2750015258789,29862.408203125,1824.9000244140625,115.88272204406621,257.4282545122422,76448000.0,29101473475.0,121.0,23054000.0,28828800.0
2022-05-18,107.11250305175781,28720.271484375,1815.9000244140625,110.98223876953125,246.36328125,112.85299682617188,30618.716796875,1819.699951171875,114.45404808670412,255.5941513427868,106.2490005493164,28720.271484375,1805.0,110.64105684052672,245.0930699203447,111.43949890136719,30424.478515625,1815.0,114.05732544136315,255.01236815888072,108380000.0,31285268319.0,311.0,35126000.0,31356000.0
2022-05-19,107.31900024414062,30314.333984375,1841.199951171875,109.47915649414062,245.45179748535156,110.03399658203125,30430.751953125,1841.199951171875,112.08362994881233,249.84422891050363,106.19300079345703,28708.955078125,1810.699951171875,109.0983015778271,244.2300707046364,106.28050231933594,28720.359375,1810.9000244140625,110.51807047133238,246.18870993787448,88142000.0,33773447707.0,138.0,34144000.0,32692300.0
2022-05-20,107.59100341796875,29200.740234375,1841.800048828125,108.01526641845703,244.8894500732422,109.89800262451172,30664.9765625,1841.800048828125,111.26392181263742,250.6878410141278,105.0094985961914,28793.60546875,1836.300048828125,104.92927571810837,238.95532648602892,109.56849670410156,30311.119140625,1839.0999755859375,111.03332188964714,249.42730580573198,99500000.0,30749382605.0,110.0,48962000.0,39199300.0
2022-05-21,,29432.2265625,,,,,29588.869140625,,,,,29027.39453125,,,,,29199.859375,,,,,17274840442.0,,,
2022-05-22,,30323.72265625,,,,,30425.861328125,,,,,29275.18359375,,,,,29432.47265625,,,,,21631532270.0,,,
2022-05-23,107.55699920654297,29098.91015625,1847.800048828125,110.5741195678711,252.7337188720703,108.81900024414062,30590.5859375,1863.0,111.22821369487593,253.55790919869958,103.94999694824219,28975.560546875,1845.800048828125,107.849635394683,245.73299835989616,108.46099853515625,30309.396484375,1846.300048828125,108.68920071794678,247.73044594268052,107798000.0,31483454557.0,216.0,37184000.0,33175400.0
2022-05-24,104.0999984741211,29655.5859375,1865.0999755859375,105.1013412475586,251.73501586914062,105.4000015258789,29774.35546875,1867.0,105.58583938493665,253.39307277606676,101.26000213623047,28786.58984375,1852.5,101.04932840845038,245.80089254690245,104.0250015258789,29101.125,1852.5,104.90496623527923,250.0575770395254,102934000.0,26616506245.0,33.0,76780000.0,29043900.0
2022-05-25,106.7750015258789,29562.361328125,1846.199951171875,104.93769073486328,254.54696655273438,108.17500305175781,30157.78515625,1846.199951171875,105.62699334651613,256.5443997067437,103.6500015258789,29384.94921875,1846.199951171875,103.0051614939558,249.32068220222658,103.65550231933594,29653.134765625,1846.199951171875,104.12490462445021,250.30001685401606,93120000.0,27525063551.0,0.0,40258000.0,28547900.0
2022-05-26,111.07749938964844,29267.224609375,1847.4000244140625,106.90890502929688,257.8242492675781,112.66549682617188,29834.16015625,1847.4000244140625,107.75887468895839,258.9974916357113,107.45349884033203,28261.90625,1840.4000244140625,104.3624465360755,253.49000806634814,107.97000122070312,29564.77734375,1840.4000244140625,104.8107448453719,254.3044925724609,93002000.0,36774325352.0,123355.0,37948000.0,25002100.0
2022-05-27,115.14649963378906,28627.57421875,1851.300048828125,111.39581298828125,264.94134521484375,115.18699645996094,29346.943359375,1860.699951171875,111.39730365863458,265.03831400617037,112.62799835205078,28326.61328125,1845.9000244140625,108.24386241128829,259.43386111985046,113.55000305175781,29251.140625,1848.300048828125,108.58554373009294,260.32593257304654,93660000.0,36582005748.0,30091.0,37914000.0,26910800.0
2022-05-28,,28814.900390625,,,,,28814.900390625,,,,,28554.56640625,,,,,28622.625,,,,,35519577634.0,,,
2022-05-29,,29445.95703125,,,,,29498.009765625,,,,,28841.107421875,,,,,29019.8671875,,,,,18093886409.0,,,
2022-05-30,,31726.390625,,,,,31949.630859375,,,,,29303.572265625,,,,,29443.365234375,,,,,39277993274.0,,,
2022-05-31,120.20950317382812,31792.310546875,1842.699951171875,112.82946014404297,263.6129150390625,121.99449920654297,32249.86328125,1862.0999755859375,114.78628645360023,266.42483197869467,115.67500305175781,31286.154296875,1832.800048828125,111.15975811404779,260.76220467116406,116.27999877929688,31723.865234375,1850.300048828125,111.8222815933293,264.2528734472352,144634000.0,33538210634.0,4073.0,50012000.0,37827700.0
2022-06-01,121.68399810791016,29799.080078125,1843.300048828125,112.95840454101562,264.1462707519531,125.17900085449219,31957.28515625,1847.9000244140625,116.14159882441551,269.2562034890883,120.62249755859375,29501.587890625,1825.300048828125,112.32166882859197,261.8385496478532,122.25599670410156,31792.5546875,1831.0,113.91351567650608,266.84183742859545,127528000.0,41135817341.0,1623.0,36606000.0,25292200.0
2022-06-02,125.51100158691406,30467.48828125,1866.5,116.65831756591797,266.24066162109375,125.61000061035156,30604.734375,1868.699951171875,116.93304735382672,266.30854273854516,120.04499816894531,29652.705078125,1842.0999755859375,112.02065295107872,253.6548987948604,121.68399810791016,29794.890625,1845.4000244140625,113.06551449385536,256.4183467798957,100560000.0,29083562061.0,551.0,37992000.0,44008200.0
2022-06-03,122.3499984741211,29704.390625,1845.4000244140625,113.6020736694336,261.819091796875,124.4000015258789,30633.03515625,1871.800048828125,115.36798068092384,265.14494022982973,121.04650115966797,29375.689453125,1845.4000244140625,112.5879563145143,260.25800402669876,124.19999694824219,30467.806640625,1867.5999755859375,115.11110111753601,262.1002923632558,97604000.0,26175547452.0,53.0,26136000.0,28059000.0
2022-06-04,,29832.9140625,,,,,29930.564453125,,,,,29500.005859375,,,,,29706.138671875,,,,,16588370958.0,,,
2022-06-05,,29906.662109375,,,,,30117.744140625,,,,,29574.44921875,,,,,29835.1171875,,,,,17264085441.0,,,
2022-06-06,124.79000091552734,31370.671875,1839.199951171875,115.8628921508789,260.5877380371094,128.99000549316406,31693.291015625,1854.0999755859375,118.3686786203438,265.85281527967646,123.80999755859375,29894.1875,1839.199951171875,115.21177191367441,259.10420716791305,125.25,29910.283203125,1849.0,115.74783813274163,263.79720697367605,135269000.0,31947336829.0,142.0,33542000.0,22400300.0
2022-06-07,123.0,31155.478515625,1847.5,116.1891860961914,264.2238464355469,124.0999984741211,31489.68359375,1851.5999755859375,116.726251121794,264.83471731044557,120.62999725341797,29311.68359375,1835.0,114.10888390906136,257.8630839124664,122.01000213623047,31371.7421875,1836.9000244140625,114.53386869403015,258.54183590473656,85156700.0,40770974039.0,1168.0,31590000.0,22860700.0
2022-06-08,121.18000030517578,30214.35546875,1851.9000244140625,116.23333740234375,262.1972961425781,123.75,31253.69140625,1855.0,117.59855692060148,264.70863088470054,120.75,29944.404296875,1844.4000244140625,115.64420478456094,261.42157544049917,122.61000061035156,31151.48046875,1844.800048828125,115.80437996795135,263.4578015962176,64926600.0,30242059107.0,218.0,26108000.0,17372300.0
2022-06-09,116.1500015258789,30111.998046875,1848.800048828125,113.8941650390625,256.74798583984375,121.30000305175781,30609.310546875,1850.0999755859375,117.32927476403499,264.4274283960142,116.0999984741211,30020.265625,1837.9000244140625,113.83515114216875,256.59284170053377,119.98999786376953,30215.279296875,1846.0999755859375,115.37393150433296,259.64716611698157,67029800.0,21692004719.0,159.0,25798000.0,26439700.0
2022-06-10,109.6500015258789,29083.8046875,1871.5,110.25028228759766,245.30636596679688,114.5,30245.80859375,1875.5999755859375,112.3504249488664,252.6658293283701,109.05000305175781,28978.146484375,1823.9000244140625,109.46130149167207,244.86033026242538,113.41999816894531,30110.330078125,1842.699951171875,111.52326180460535,252.6658293283701,87266000.0,29867476527.0,1490.0,41452000.0,31422800.0
2022-06-11,,28360.810546875,,,,,29401.916015625,,,,,28236.212890625,,,,,29084.666015625,,,,,27246574439.0,,,
2022-06-12,,26762.6484375,,,,,28502.685546875,,,,,26762.6484375,,,,,28373.513671875,,,,,34163220274.0,,,
2022-06-13,103.66999816894531,22487.388671875,1828.0,105.5203628540039,234.9022674560547,106.54000091552734,26795.58984375,1873.800048828125,107.8996918485191,241.45696760455806,101.86000061035156,22141.2578125,1818.699951171875,105.24910628823997,234.19444257567676,104.19000244140625,26737.578125,1873.800048828125,105.91113030460595,237.66571545060387,99277700.0,68204556440.0,127.0,47252000.0,46135800.0
2022-06-14,102.30999755859375,22206.79296875,1809.5,105.84072875976562,237.06451416015625,104.87999725341797,23018.951171875,1825.5,107.03981794977923,238.27654997365488,101.43000030517578,20950.818359375,1805.300048828125,104.93273646839161,234.17501012811695,104.19000244140625,22487.986328125,1825.0,105.66171211229965,236.45364337563802,69728800.0,50913575242.0,536.0,33706000.0,28651500.0
2022-06-15,107.66999816894531,22572.83984375,1815.300048828125,108.86474609375,244.1137237548828,109.05999755859375,22642.671875,1839.0,110.5101436125187,247.54621774471534,103.52999877929688,20178.376953125,1810.800048828125,106.7869179368398,238.93590988722116,103.86000061035156,22196.73046875,1814.0999755859375,107.65523726592659,240.76850759522998,85011100.0,54912007015.0,108.0,39698000.0,33111700.0
2022-06-16,103.66000366210938,20381.650390625,1845.699951171875,105.16431427001953,237.52993774414062,104.58000183105469,22868.921875,1850.5999755859375,107.75787626146192,239.90552503927643,102.01000213623047,20265.2265625,1814.9000244140625,104.27615475355856,235.63916478659826,104.47000122070312,22576.3046875,1819.199951171875,106.34207999882139,238.50925737974993,82186300.0,31183975654.0,136.0,51684000.0,33169200.0
2022-06-17,106.22000122070312,20471.482421875,1835.5999755859375,106.26521301269531,240.12857055664062,106.9800033569336,21243.3125,1853.699951171875,107.80845775947009,242.89201860259925,102.51000213623047,20326.51953125,1833.5999755859375,104.18490323391687,236.61851897442415,102.80000305175781,20385.71875,1853.699951171875,105.16431141911136,237.26816850622123,99772100.0,27132421514.0,170.0,51376000.0,43084800.0
2022-06-18,,19017.642578125,,,,,20736.041015625,,,,,17708.623046875,,,,,20473.42578125,,,,,42009436760.0,,,
2022-06-19,,20553.271484375,,,,,20683.822265625,,,,,18067.15234375,,,,,19010.90234375,,,,,35329942625.0,,,
2022-06-20,,20599.537109375,,,,,20913.322265625,,,,,19689.169921875,,,,,20553.37109375,,,,,30818458597.0,,,
2022-06-21,108.68000030517578,20710.59765625,1834.5999755859375,110.62964630126953,246.0336151123047,111.62999725341797,21620.62890625,1838.5999755859375,111.56739902352787,247.0129348663082,103.55999755859375,20415.0625,1830.0999755859375,107.70977872020165,241.93207466775263,108.19999694824219,20594.294921875,1835.300048828125,108.03657603615589,242.6592962620597,70901200.0,28970212744.0,216.0,47416000.0,29928300.0
2022-06-22,108.94999694824219,19987.029296875,1834.300048828125,110.5736312866211,245.442138671875,112.12999725341797,20835.75,1842.699951171875,112.4173865018154,249.35944724213846,107.0199966430664,19848.078125,1821.5999755859375,109.47768572845992,242.76595376071094,107.43000030517578,20719.4140625,1829.5,109.65026300843356,244.23979365415195,60040100.0,28574793478.0,115.0,30774000.0,25939900.0
2022-06-23,112.44000244140625,21085.876953125,1825.699951171875,111.32191467285156,250.99813842773438,113.0,21135.76171875,1841.199951171875,111.8183154317785,251.4926586664572,107.93000030517578,19950.1171875,1825.699951171875,109.59469700214912,245.926997904077,110.38999938964844,19986.607421875,1835.5,111.31150268168844,247.80808045407758,64345300.0,26188097173.0,9.0,28362000.0,25861400.0
2022-06-24,116.45999908447266,21231.65625,1826.5,117.0079345703125,259.56964111328125,116.70999908447266,21472.91796875,1826.5,117.11108593640661,259.84113599314713,111.43000030517578,20777.51171875,1815.800048828125,112.02660588324883,253.77125024741073,112.37999725341797,21084.6484375,1820.5,112.0687608319365,253.85851328836165,69867600.0,24957784918.0,61.0,41164000.0,33923200.0
2022-06-25,,21502.337890625,,,,,21520.9140625,,,,,20964.5859375,,,,,21233.609375,,,,,18372538715.0,,,
2022-06-26,,21027.294921875,,,,,21783.724609375,,,,,21016.26953125,,,,,21496.494140625,,,,,18027170497.0,,,
2022-06-27,113.22000122070312,20735.478515625,1820.9000244140625,114.88398742675781,256.844970703125,117.9800033569336,21478.08984375,1830.699951171875,117.60747238809732,260.1513786610391,112.69999694824219,20620.19921875,1819.9000244140625,114.23534152789627,255.28385304721854,117.08999633789062,21028.23828125,1830.5,117.30348914348141,260.06411562547476,62133200.0,20965695707.0,77.0,36420000.0,24615100.0
2022-06-28,107.4000015258789,20280.634765625,1817.5,111.08934783935547,248.69041442871094,114.8499984741211,21164.423828125,1826.0,116.34788803372125,258.80363608311393,107.04000091552734,20228.8125,1817.5,110.9311551773519,248.53527026411476,113.5,20731.544921875,1824.199951171875,114.85323751449626,255.9626306963356,74942900.0,21381535161.0,391.0,35792000.0,27295500.0
2022-06-29,108.91999816894531,20104.0234375,1813.699951171875,110.7858657836914,252.35557556152344,110.98999786376953,20364.15625,1830.300048828125,112.2329057759541,254.0136323572645,106.91000366210938,19937.791015625,1812.800048828125,109.96365886170436,247.9922316052621,107.37999725341797,20281.169921875,1818.300048828125,110.63759325554062,249.76665390613857,66375300.0,23552740328.0,173.0,24716000.0,20069800.0
2022-06-30,106.20999908447266,19784.7265625,1804.0999755859375,108.0698013305664,249.02975463867188,108.18000030517578,20141.16015625,1817.300048828125,109.97902466562923,251.64776426602208,102.5199966430664,18729.65625,1801.0,105.87494437052855,245.21912051123442,108.11000061035156,20108.3125,1809.5999755859375,109.09830333262894,249.2430741608317,97679400.0,26267239923.0,328.0,43170000.0,31730900.0
2022-07-01,109.55999755859375,19269.3671875,1798.9000244140625,107.84614562988281,251.6962432861328,109.75,20632.671875,1806.0999755859375,108.35444147045118,251.88047513446844,105.8499984741211,19073.708984375,1791.5999755859375,105.85559392220435,246.87720152441233,106.29000091552734,19820.470703125,1795.5,107.04823602503195,248.60315448518915,73021200.0,30767551159.0,77.0,35476000.0,22837700.0
2022-07-02,,19242.255859375,,,,,19371.748046875,,,,,19027.08203125,,,,,19274.8359375,,,,,18100418740.0,,,
2022-07-03,,19297.076171875,,,,,19558.26953125,,,,,18966.951171875,,,,,19242.095703125,,,,,16390821947.0,,,
2022-07-04,,20231.26171875,,,,,20258.748046875,,,,,19063.06640625,,,,,19297.314453125,,,,,21594638208.0,,,
2022-07-05,113.5,20190.115234375,1761.800048828125,112.33456420898438,254.86691284179688,114.08000183105469,20635.466796875,1805.4000244140625,112.44762815748757,254.99296930885941,106.31999969482422,19341.232421875,1761.800048828125,104.86479945326545,247.0032233964507,107.5999984741211,20225.353515625,1805.4000244140625,106.22258079388362,248.3800943919095,76583700.0,26715546990.0,64.0,39342000.0,22941000.0
2022-07-06,114.33000183105469,20548.24609375,1734.9000244140625,113.63282775878906,258.1249084472656,115.4800033569336,20595.529296875,1768.0,114.64198891272858,259.8508467542047,112.01000213623047,19823.51171875,1734.0,110.5622056578975,254.43062460156605,113.20999908447266,20194.619140625,1762.5,112.37324154606672,255.73962957154674,66958900.0,24598943708.0,1729.0,37432000.0,23824400.0
2022-07-07,116.33000183105469,21637.587890625,1737.9000244140625,117.80929565429688,260.2483215332031,116.98999786376953,21771.81640625,1745.199951171875,118.21246520183128,260.88827998765817,113.48999786376953,20296.103515625,1737.0,113.8921774820959,256.9709719895022,113.8499984741211,20547.814453125,1745.199951171875,114.13665496771533,257.06794077182286,57872300.0,25814972520.0,1869.0,40936000.0,20859900.0
2022-07-08,115.54000091552734,21731.1171875,1740.5999755859375,118.37512969970703,259.53082275390625,116.58000183105469,22314.94140625,1749.300048828125,118.70390952621402,259.9574617514012,113.69000244140625,21257.453125,1732.0999755859375,115.94322591003493,255.29355004720045,114.5999984741211,21637.154296875,1738.0999755859375,116.28887225514453,256.7479931048278,45719700.0,49899834488.0,370.0,38238000.0,19658800.0
2022-07-09,,21592.20703125,,,,,21877.138671875,,,,,21445.95703125,,,,,21716.828125,,,,,29641127858.0,,,
2022-07-10,,20860.44921875,,,,,21591.080078125,,,,,20727.123046875,,,,,21591.080078125,,,,,28688807249.0,,,
2022-07-11,111.75,19970.556640625,1730.0,114.72826385498047,256.47650146484375,114.30000305175781,20856.353515625,1736.699951171875,117.03073649463757,258.4351408209991,110.87000274658203,19924.5390625,1730.0,114.38509945369388,254.2172499828831,114.08000183105469,20856.353515625,1732.5,117.03073649463757,257.5818628153171,53487600.0,24150249025.0,75.0,31196000.0,19455200.0
2022-07-12,109.22000122070312,19323.9140625,1723.300048828125,113.08585357666016,245.96572875976562,113.2300033569336,20043.4453125,1735.5,116.01514205426072,257.8630779320997,108.33999633789062,19308.53125,1723.300048828125,112.75806498456316,244.38522912726302,112.16000366210938,19970.474609375,1734.199951171875,115.26236105063236,257.80490257305115,54280300.0,25810220018.0,451.0,29960000.0,35868500.0
2022-07-13,110.4000015258789,20212.07421875,1734.199951171875,110.44071197509766,245.0446014404297,111.77999877929688,20223.052734375,1734.199951171875,113.25991018567453,245.84939515245566,106.01000213623047,18999.953125,1710.0,110.28995752777116,240.5746118996446,107.02999877929688,19325.97265625,1710.0,110.78535950872107,242.5914416607407,61353800.0,33042430345.0,368.0,43722000.0,29497400.0
2022-07-14,110.62999725341797,20569.919921875,1704.5,109.4627914428711,246.36328125,111.18000030517578,20789.89453125,1710.5,110.18234634307093,247.39108538558793,107.58000183105469,19689.2578125,1704.5,107.48464162453597,238.47050360298064,110.23999786376953,20211.466796875,1710.300048828125,109.30708070983803,242.959889571624,51163100.0,31158743333.0,1289.0,37004000.0,25102800.0
2022-07-15,113.55000305175781,20836.328125,1702.4000244140625,110.8612289428711,248.923095703125,115.58999633789062,21138.244140625,1709.699951171875,112.21306263725859,252.46223474835,111.58999633789062,20397.0,1701.0999755859375,109.99092716981522,247.03232258587656,112.5,20573.15625,1705.4000244140625,111.08240810060202,247.95346694603754,84317800.0,25905575359.0,721.0,46770000.0,29774100.0
2022-07-16,,21190.31640625,,,,,21514.404296875,,,,,20518.8984375,,,,,20834.103515625,,,,,24302954056.0,,,
2022-07-17,,20779.34375,,,,,21600.640625,,,,,20778.1796875,,,,,21195.041015625,,,,,22927802083.0,,,
2022-07-18,113.76000213623047,22485.689453125,1709.199951171875,108.13624572753906,246.52810668945312,117.23999786376953,22633.033203125,1712.4000244140625,112.74812973437768,252.91795652335915,113.1500015258789,20781.912109375,1709.199951171875,107.48165988903675,245.60696234722735,115.0,20781.912109375,1712.199951171875,111.71665403211723,251.86106474959863,59115400.0,39974475562.0,264.0,43164600.0,20975000.0
2022-07-19,118.20999908447266,23389.43359375,1710.0,112.87706756591797,251.6477508544922,118.94999694824219,23666.962890625,1714.4000244140625,113.08534523356836,251.8319826861172,114.02999877929688,21683.40625,1706.0999755859375,108.66190591539453,245.975416691355,115.69999694824219,22467.849609375,1712.300048828125,109.94133235969358,249.7569629365393,60990000.0,48765202697.0,1684.0,36530900.0,25012600.0
2022-07-20,122.7699966430664,23231.732421875,1699.5,112.96633911132812,254.30455017089844,123.4800033569336,24196.818359375,1708.5,114.45404329391755,256.8255911221819,118.31999969482422,23009.94921875,1699.5,111.55798096785527,251.046611408544,118.62000274658203,23393.19140625,1707.0999755859375,112.24231974638516,252.00653450982264,71268300.0,42932549127.0,130.0,35600400.0,22788300.0
2022-07-21,124.62999725341797,23164.62890625,1712.699951171875,113.40272521972656,256.79644775390625,124.8499984741211,23388.322265625,1715.5,113.61101046049744,256.84494694076886,121.26000213623047,22431.1484375,1679.800048828125,110.1992065063923,249.22365037531554,123.19999694824219,23233.201171875,1687.0,113.34321947485182,251.89983491458102,60239900.0,33631012204.0,183.0,32676200.0,22404700.0
2022-07-22,122.41999816894531,22714.978515625,1727.0999755859375,107.01551818847656,252.45248413085938,125.5,23671.927734375,1735.0,111.41911725096242,257.27153938086525,121.3499984741211,22603.416015625,1713.0,105.62699282575305,251.2016845618034,125.01000213623047,23163.751953125,1713.300048828125,110.09010519867219,257.18427635912064,51463800.0,31421555646.0,61.0,48901200.0,21881300.0
2022-07-23,,22465.478515625,,,,,22977.2109375,,,,,22002.91015625,,,,,22706.984375,,,,,24021799169.0,,,
2022-07-24,,22609.1640625,,,,,22974.001953125,,,,,22306.83984375,,,,,22465.509765625,,,,,23565495303.0,,,
2022-07-25,121.13999938964844,21361.701171875,1719.0,106.62871551513672,250.9690399169922,123.63999938964844,22649.12109375,1732.0,108.9693706048637,253.55796214891018,120.02999877929688,21361.642578125,1719.0,105.4286350985414,249.01040015458366,122.69999694824219,22607.15625,1727.0,107.52133950136387,253.07314768973444,50221300.0,35574561406.0,67.0,34690900.0,21056000.0
2022-07-26,114.80999755859375,21239.75390625,1717.699951171875,104.15911102294922,244.24949645996094,118.1500015258789,21361.12109375,1718.0,106.32124110364808,251.98714517922437,114.52999877929688,20776.81640625,1717.699951171875,103.21690153174416,241.9902743050441,115.79000091552734,21361.12109375,1718.0,105.72616102673679,251.96773366455324,67075100.0,28624673855.0,1.0,47991000.0,39348000.0
2022-07-27,120.97000122070312,22930.548828125,1719.0999755859375,112.13322448730469,260.5780029296875,121.9000015258789,22986.529296875,1719.0999755859375,112.97626293838638,261.84821413779025,117.16000366210938,21070.806640625,1719.0999755859375,107.12462478286679,250.9883906372331,117.30999755859375,21244.169921875,1719.0999755859375,108.36437830874573,253.22823052881697,61582000.0,31758955233.0,144865.0,59858500.0,45994000.0
2022-07-28,122.27999877929688,23843.88671875,1750.300048828125,113.28372192382812,268.0151062011719,122.83999633789062,24110.470703125,1755.0,113.40273342218575,269.40166831465785,118.08000183105469,22722.265625,1732.0,110.54634395877491,259.7344677770861,121.56999969482422,22933.640625,1732.300048828125,111.44888817788124,261.5573746966984,82245500.0,40212386158.0,37236.0,32816600.0,33459300.0
2022-07-29,134.9499969482422,23804.6328125,1762.9000244140625,115.36649322509766,272.2135314941406,137.64999389648438,24294.787109375,1765.699951171875,115.75329568436271,273.4352730341739,132.41000366210938,23481.173828125,1750.0,112.13321420730232,268.22837203750606,134.89999389648438,23845.212890625,1754.0,112.15305449933629,269.26588177100365,148892900.0,35887249746.0,3485.0,37223400.0,32152800.0
2022-07-30,,23656.20703125,,,,,24572.580078125,,,,,23580.5078125,,,,,23796.818359375,,,,,28148218301.0,,,
2022-07-31,,23336.896484375,,,,,24121.642578125,,,,,23275.703125,,,,,23652.0703125,,,,,23553591896.0,,,
2022-08-01,135.38999938964844,23314.19921875,1769.0,113.91846466064453,269.5664978027344,138.8300018310547,23464.787109375,1772.5,115.76321838407448,272.7371731572371,133.50999450683594,22890.796875,1756.0999755859375,113.4027229923445,267.4623903988592,134.9600067138672,23336.71875,1763.9000244140625,114.35486029276694,269.3822659732868,76846900.0,25849159141.0,705.0,26034300.0,21539600.0
2022-08-02,134.16000366210938,22978.1171875,1771.0999755859375,114.18624877929688,266.4733581542969,137.44000244140625,23415.041015625,1786.5999755859375,115.39624935448683,269.45012527255744,134.08999633789062,22710.083984375,1759.4000244140625,112.78781082558956,264.1074618325668,134.72000122070312,23308.43359375,1772.0999755859375,113.0655143870716,267.6175128829661,61922400.0,28389250717.0,1078.0,20236000.0,22754200.0
2022-08-03,139.52000427246094,22846.5078125,1758.0,117.11205291748047,273.8910217285156,140.49000549316406,23578.650390625,1770.5,117.64762722993017,274.8897381119249,136.0500030517578,22747.8359375,1753.0,114.53336766879379,268.20898212498906,136.2100067138672,22981.302734375,1756.699951171875,114.76147802953791,268.3544501034442,71827800.0,26288169966.0,399.0,28499000.0,23518900.0
2022-08-04,142.57000732421875,22630.95703125,1788.5,117.2211685180664,275.0351867675781,143.55999755859375,23198.009765625,1792.0999755859375,117.80632850385459,275.18062516074315,139.5500030517578,22485.701171875,1767.699951171875,115.93182192650802,271.6608976832657,140.5800018310547,22848.21484375,1769.4000244140625,116.51698947915064,273.2413676766203,70585000.0,25120229769.0,285.0,21602900.0,18098700.0
2022-08-05,140.8000030517578,23289.314453125,1772.9000244140625,116.50706481933594,274.3176574707031,142.86000061035156,23422.828125,1791.4000244140625,117.14181794438285,275.03517323549517,139.60000610351562,22612.177734375,1764.199951171875,115.0491136341377,270.2161174409248,140.10000610351562,22626.833984375,1791.199951171875,115.27723158541431,270.67184411090017,50686900.0,28881249043.0,645.0,19159500.0,16774600.0
2022-08-06,,22961.279296875,,,,,23326.5625,,,,,22961.279296875,,,,,23291.423828125,,,,,15978259885.0,,,
2022-08-07,,23175.890625,,,,,23359.009765625,,,,,22894.556640625,,,,,22963.505859375,,,,,15886817043.0,,,
2022-08-08,139.41000366210938,23809.486328125,1786.800048828125,116.33847045898438,271.806396484375,144.22999572753906,24203.689453125,1786.800048828125,119.16510690112827,277.23632456484415,138.2899932861328,23176.546875,1771.800048828125,115.92190753578308,270.8367675268172,142.0500030517578,23179.52734375,1771.800048828125,117.41953186952958,275.423093558,52229000.0,28575544847.0,127.0,19138300.0,18739200.0
2022-08-09,137.8300018310547,23164.318359375,1794.0,115.67395782470703,273.72613525390625,138.9499969482422,23898.615234375,1796.0999755859375,116.35830417801051,274.48244435979353,136.2100067138672,22982.0,1789.0,114.76150106487229,269.1785748637903,138.0500030517578,23811.484375,1790.0,116.17977937135981,271.14694928077154,40434700.0,23555719219.0,249.0,19086500.0,23405200.0
2022-08-10,142.69000244140625,23947.642578125,1795.5999755859375,118.71878051757812,280.3778076171875,144.60000610351562,24127.4140625,1804.9000244140625,119.92878102588605,281.0080602847514,141.00999450683594,22771.51953125,1787.800048828125,117.43936168959127,278.2252309562204,142.89999389648438,23162.8984375,1804.4000244140625,117.80632384689984,279.41788477875497,54773800.0,32837431722.0,601.0,30930400.0,24687800.0
2022-08-11,140.63999938964844,23957.529296875,1789.699951171875,117.8658447265625,278.30279541015625,144.49000549316406,24822.62890625,1794.300048828125,120.49412374035786,282.3655416886504,139.75999450683594,23900.99609375,1785.699951171875,117.58814114476164,277.8083049364427,143.86000061035156,23948.345703125,1794.300048828125,120.28584605400722,282.01648958955855,44867300.0,37127036580.0,1235.0,24293700.0,20065900.0
2022-08-12,143.5500030517578,24402.818359375,1798.5999755859375,120.68255615234375,283.04425048828125,143.57000732421875,24412.56640625,1800.4000244140625,120.68255615234375,283.04425048828125,140.1199951171875,23657.265625,1784.300048828125,118.48075288719056,278.22519580433124,142.0500030517578,23957.203125,1786.300048828125,119.2741980957184,279.7184319349008,47643500.0,27265804688.0,187.0,19096300.0,22619700.0
2022-08-13,,24424.068359375,,,,,24860.05078125,,,,,24346.115234375,,,,,24402.1875,,,,,22987346289.0,,,
2022-08-14,,24319.333984375,,,,,24974.9140625,,,,,24206.259765625,,,,,24429.056640625,,,,,22994133555.0,,,
2022-08-15,143.17999267578125,24136.97265625,1781.4000244140625,121.07927703857422,284.556884765625,143.75999450683594,25135.58984375,1799.0,121.29747484616601,285.24531273382235,141.49000549316406,23839.775390625,1774.699951171875,119.62132583953287,281.29891753044353,142.8000030517578,24318.31640625,1799.0,120.13705992096004,282.16190112229856,39014600.0,35123501685.0,64.0,19494800.0,18085700.0
2022-08-16,144.77999877929688,23883.291015625,1773.199951171875,120.70240020751953,283.8199768066406,146.57000732421875,24228.416015625,1777.4000244140625,121.42641959577725,285.10959940447333,142.0,23733.5,1771.4000244140625,119.65109163936246,281.59954863684186,143.91000366210938,24126.13671875,1777.4000244140625,120.52387539718579,283.12184303694977,59102900.0,27753685646.0,308.0,19041200.0,18102900.0
2022-08-17,142.10000610351562,23335.998046875,1760.300048828125,118.57003021240234,283.07183837890625,143.3800048828125,24407.05859375,1769.699951171875,120.2957650012785,285.0443616245307,140.77999877929688,23243.353515625,1760.0,118.40141798211481,281.2742116606303,142.69000244140625,23881.31640625,1769.699951171875,119.13535751738875,281.536556451653,48149800.0,30931623076.0,23.0,22847000.0,18253400.0
2022-08-18,142.3000030517578,23212.73828125,1755.300048828125,119.18492889404297,281.9544372558594,142.77000427246094,23563.83203125,1762.9000244140625,119.82960216377192,283.645163191212,140.3800048828125,23177.6015625,1753.4000244140625,117.74681800275492,280.8952723028826,141.32000732421875,23341.0390625,1762.9000244140625,118.45099701321593,281.9738603210982,37458700.0,23747613147.0,321.0,17987700.0,17186200.0
2022-08-19,138.22999572753906,20877.552734375,1747.5999755859375,116.24920654296875,278.0482177734375,141.11000061035156,23213.3125,1754.300048828125,118.17330641726673,281.06045328122894,137.91000366210938,20868.84765625,1747.5,115.80289830486177,277.47492602525494,140.47000122070312,23213.3125,1753.699951171875,118.08404022953236,280.72035691439993,47792800.0,40509610260.0,49.0,21809500.0,20570000.0
2022-08-20,,21166.060546875,,,,,21350.806640625,,,,,20856.73046875,,,,,20872.841796875,,,,,27595671000.0,,,
2022-08-21,,21534.12109375,,,,,21668.845703125,,,,,21103.197265625,,,,,21160.392578125,,,,,23102307723.0,,,
2022-08-22,133.22000122070312,21398.908203125,1734.0,113.30354309082031,269.8860168457031,136.32000732421875,21531.462890625,1740.5,114.68214829640736,274.46265350884744,132.85000610351562,20939.18359375,1726.5,112.91674062691341,269.3710240123007,135.72000122070312,21531.462890625,1740.5,114.25567281481072,274.0934077691384,50461500.0,31666498758.0,347.0,21456600.0,25061100.0
2022-08-23,133.6199951171875,21528.087890625,1746.800048828125,112.9266586303711,268.6131591796875,134.99000549316406,21646.203125,1748.9000244140625,114.06723327503279,270.96462513583367,132.9499969482422,20955.138671875,1731.9000244140625,112.50018315686643,267.6025963871895,133.41000366210938,21401.044921875,1738.0,112.54977631975122,268.6131591796875,36252100.0,31878280659.0,509.0,15870400.0,17527400.0
2022-08-24,133.8000030517578,21395.01953125,1747.800048828125,112.758056640625,267.9815368652344,135.47000122070312,21783.076171875,1751.800048828125,113.83911800192885,269.38076836522134,132.10000610351562,21195.005859375,1743.5999755859375,111.94477869138811,267.32076724046834,132.75,21526.455078125,1745.0,112.5696116974473,267.61229110085856,38627000.0,31962253368.0,187.0,17734600.0,18137000.0
2022-08-25,137.27999877929688,21600.904296875,1757.699951171875,115.69379425048828,270.95489501953125,137.4199981689453,21789.63671875,1761.800048828125,115.76322014148404,271.12006518473976,134.27999877929688,21362.44140625,1755.0,113.17461431501371,266.74747418276837,135.25999450683594,21395.458984375,1761.5999755859375,113.3035459506188,269.4779119694947,37496300.0,31028679593.0,172.0,16956800.0,16583400.0
2022-08-26,130.75,20260.01953125,1736.0999755859375,109.4355239868164,260.4995422363281,137.8300018310547,21804.908203125,1755.0,114.17634801578959,272.40270697945806,130.5,20199.482421875,1736.0999755859375,109.28675961123744,260.3926709090645,136.5500030517578,21596.0859375,1754.0,113.77962535824993,271.1783719738918,53322700.0,42326789564.0,202.0,37245700.0,27549300.0
2022-08-27,,20041.73828125,,,,,20340.775390625,,,,,19890.5234375,,,,,20262.48046875,,,,,30116729776.0,,,
2022-08-28,,19616.814453125,,,,,20139.0546875,,,,,19616.814453125,,,,,20041.03515625,,,,,24366810591.0,,,
2022-08-29,129.7899932861328,20297.994140625,1736.5999755859375,108.5230484008789,257.72052001953125,131.9499969482422,20357.462890625,1741.199951171875,110.04050530416411,259.82906392811554,128.77000427246094,19600.78515625,1732.0999755859375,107.90813557656172,256.3795873901303,129.89999389648438,19615.154296875,1732.4000244140625,109.08837563086466,258.3229611362696,48101600.0,32637854078.0,950.0,21191200.0,20338500.0
2022-08-30,128.72999572753906,19796.80859375,1723.199951171875,108.0469970703125,255.5245361328125,132.07000732421875,20542.64453125,1739.0,109.59420698279374,259.48900611595445,126.8499984741211,19617.640625,1720.699951171875,106.91634250859858,253.27994149506821,131.25,20298.611328125,1736.4000244140625,109.26691024996742,259.11978995833886,49203000.0,34483360283.0,385.0,27513300.0,22767100.0
2022-08-31,126.7699966430664,20049.763671875,1712.800048828125,107.33289337158203,254.06698608398438,130.58999633789062,20420.990234375,1720.9000244140625,109.94133184491908,259.54728502076154,126.73999786376953,19799.58203125,1708.5,107.24362719051874,253.93093567831625,129.4499969482422,19799.58203125,1718.300048828125,109.74297432432968,257.8760119467737,53648700.0,33225232872.0,2133.0,28627000.0,24791800.0
2022-09-01,127.81999969482422,20127.140625,1696.5999755859375,108.84044647216797,253.0272674560547,128.02000427246094,20198.390625,1707.9000244140625,109.544625612437,253.50341421016233,123.66000366210938,19653.96875,1693.9000244140625,106.47995833013141,248.17855922552292,126.0,20050.498046875,1707.9000244140625,107.39241516821053,251.54058765801105,56636100.0,30182031010.0,683.0,28360900.0,23263400.0
2022-09-02,127.51000213623047,19969.771484375,1709.800048828125,106.9659194946289,248.81015014648438,131.3800048828125,20401.568359375,1715.699951171875,109.83222868726963,257.2443854879001,126.38999938964844,19814.765625,1703.0999755859375,106.38075953474187,247.26517150345208,129.5,20126.072265625,1703.4000244140625,109.6834567691589,254.2904786042123,57429800.0,29123998928.0,182.0,24160700.0,22855400.0
2022-09-03,,19832.087890625,,,,,20037.009765625,,,,,19698.35546875,,,,,19969.71875,,,,,23613051457.0,,,
2022-09-04,,19986.712890625,,,,,19999.689453125,,,,,19636.81640625,,,,,19832.470703125,,,,,25245861652.0,,,
2022-09-05,,19812.37109375,,,,,20031.16015625,,,,,19673.046875,,,,,19988.7890625,,,,,28813460025.0,,,
2022-09-06,126.11000061035156,18837.66796875,1700.4000244140625,105.9344482421875,246.07969665527344,128.6199951171875,20155.26953125,1717.4000244140625,107.14444879573196,250.53000941495102,124.73999786376953,18800.171875,1699.699951171875,104.91289263064388,244.80678924426493,127.91999816894531,19817.724609375,1709.699951171875,106.42043703294185,248.94618474623337,43888600.0,43403978910.0,697.0,25068300.0,21328200.0
2022-09-07,129.47999572753906,19290.32421875,1715.300048828125,108.55281829833984,250.78265380859375,129.82000732421875,19427.171875,1715.300048828125,109.07848016205685,251.5016925834483,125.4000015258789,18644.466796875,1694.699951171875,106.02372558510477,246.05054362667008,126.12000274658203,18837.68359375,1694.800048828125,106.1824101054521,247.4886360031437,47900300.0,35239757134.0,651.0,23167000.0,24126700.0
2022-09-08,129.82000732421875,19329.833984375,1708.0,107.49158477783203,251.20050048828125,130.27999877929688,19417.3515625,1718.199951171875,108.70158540495544,253.05642612748184,127.0999984741211,19076.71484375,1705.300048828125,106.28159171756349,247.5761123040182,127.72000122070312,19289.94140625,1718.199951171875,107.15437545780347,250.21911682986428,43988500.0,32194477850.0,1193.0,24238300.0,20319900.0
2022-09-09,133.27000427246094,21381.15234375,1716.199951171875,109.74297332763672,256.9722595214844,133.69000244140625,21439.41015625,1720.0,110.08018262294702,257.72047726789003,130.75999450683594,19310.962890625,1712.800048828125,108.12633003878351,252.92034253890802,130.91000366210938,19328.140625,1719.199951171875,108.17592320190764,253.12438844541632,49387600.0,48469528171.0,635.0,23197700.0,22084700.0
2022-09-10,,21680.5390625,,,,,21760.275390625,,,,,21168.72265625,,,,,21376.912109375,,,,,36913738894.0,,,
2022-09-11,,21769.255859375,,,,,21770.552734375,,,,,21406.9453125,,,,,21678.54296875,,,,,34493951963.0,,,
2022-09-12,136.4499969482422,22370.44921875,1728.0999755859375,109.95125579833984,259.10028076171875,136.49000549316406,22439.181640625,1728.0999755859375,110.70502802301867,259.8776479982531,134.0,21603.896484375,1727.4000244140625,109.02887891863624,257.65247691062,134.10000610351562,21770.1484375,1727.4000244140625,110.0801874345021,258.25491798547915,53826900.0,50212088965.0,68.0,22966800.0,18747700.0
2022-09-13,126.81999969482422,20296.70703125,1705.0,103.4648666381836,244.85537719726562,131.39999389648438,22673.8203125,1720.5,107.4122450675289,253.02725242179903,126.2699966430664,20062.669921875,1697.300048828125,103.2367486673143,244.46669355719365,131.00999450683594,22371.48046875,1720.5,106.91634367306543,251.51142329243044,72694000.0,51091116622.0,432.0,38172900.0,33353300.0
2022-09-14,128.5500030517578,20241.08984375,1696.5,104.1392822265625,245.07887268066406,128.83999633789062,20467.201171875,1701.800048828125,104.41698576847003,247.03195802459214,126.33000183105469,19793.396484375,1696.5,102.81027025690392,242.78569098884205,127.36000061035156,20184.5546875,1698.699951171875,103.71280676810338,246.35178015556986,45316800.0,37872380889.0,532.0,26395100.0,23913000.0
2022-09-15,126.27999877929688,19701.2109375,1665.4000244140625,102.0664291381836,238.43255615234375,130.3699951171875,20318.166015625,1686.0,104.40707676995653,244.28210110293705,125.5,19636.734375,1662.300048828125,101.51101442821535,237.11106126505769,127.37999725341797,20242.2890625,1685.5,103.17724342441045,242.69826140604198,52887200.0,36389011503.0,1125.0,34188300.0,31530900.0
2022-09-16,123.52999877929688,19772.583984375,1671.699951171875,101.95732879638672,237.8106689453125,123.87000274658203,19870.62890625,1674.9000244140625,102.28461796293107,238.354811263805,120.69999694824219,19400.076171875,1651.699951171875,100.11257502049808,235.2065402152561,122.77999877929688,19704.005859375,1660.4000244140625,101.23330943767259,237.34424853509077,115667800.0,30123362273.0,464.0,42797200.0,39791800.0
2022-09-17,,20127.576171875,,,,,20162.53125,,,,,19777.033203125,,,,,19777.033203125,,,,,24957448100.0,,,
2022-09-18,,19419.505859375,,,,,20127.234375,,,,,19387.4921875,,,,,20127.234375,,,,,31254779144.0,,,
2022-09-19,124.66000366210938,19544.12890625,1666.199951171875,102.22510528564453,237.5968780517578,124.70999908447266,19639.48046875,1669.4000244140625,102.48297610964131,238.19931916772862,121.80000305175781,18390.318359375,1658.5,100.71756849189899,234.03078901134762,122.16000366210938,19418.572265625,1661.800048828125,100.91592600767855,235.60491699915002,47279700.0,40177002624.0,580.0,23036800.0,26826900.0
2022-09-20,122.19000244140625,18890.7890625,1659.699951171875,100.31092834472656,235.5854949951172,124.4000015258789,19602.45703125,1659.699951171875,101.53084904223219,236.61548077642544,121.13999938964844,18813.455078125,1659.699951171875,99.6960079229227,232.85505707344666,123.3499984741211,19545.591796875,1659.699951171875,101.24322534010722,235.21626404112513,47698400.0,36791346508.0,2830.0,26517100.0,26660300.0
2022-09-21,118.54000091552734,18547.400390625,1664.5999755859375,98.46617889404297,232.18458557128906,123.76000213623047,19674.630859375,1680.0999755859375,102.03666739252802,240.64798513191113,118.44999694824219,18290.314453125,1664.5999755859375,98.45625874751293,232.13599826014462,122.48999786376953,18891.283203125,1665.5,100.83658693545453,237.35396708033133,58498900.0,46363793975.0,2337.0,31487300.0,28625600.0
2022-09-22,117.30999755859375,19413.55078125,1670.800048828125,99.31912994384766,234.15708923339844,118.79000091552734,19456.91015625,1670.800048828125,100.4101114902342,236.9555520614077,116.26000213623047,18415.591796875,1668.300048828125,97.98019770206167,230.8436483959942,117.08000183105469,18534.650390625,1668.300048828125,98.00995057481285,231.13514258494146,55229200.0,41135767926.0,973.0,34298600.0,31061200.0
2022-09-23,113.77999877929688,19297.638671875,1645.300048828125,97.93060302734375,231.18374633789062,116.05000305175781,19464.671875,1667.0,98.84306732316416,234.30286782239332,112.05999755859375,18617.552734375,1645.300048828125,96.67101684353818,228.54075677381346,116.0,19412.400390625,1667.0,98.81330688401681,232.75787437724338,65126700.0,38896078052.0,1224.0,31625400.0,34176000.0
2022-09-24,,18937.01171875,,,,,19310.197265625,,,,,18861.974609375,,,,,19296.990234375,,,,,26149643168.0,,,
2022-09-25,,18802.09765625,,,,,19134.732421875,,,,,18696.46875,,,,,18936.310546875,,,,,23359966112.0,,,
2022-09-26,115.1500015258789,19222.671875,1623.300048828125,97.36527252197266,230.72706604003906,117.33999633789062,19274.873046875,1623.300048828125,99.06125428806656,234.6138138859922,113.12999725341797,18721.28515625,1623.300048828125,96.99831035340091,230.19263524586722,113.30000305175781,18803.900390625,1623.300048828125,97.29584663330873,230.3383971861503,62723300.0,44148798321.0,1205.0,27072700.0,27694200.0
2022-09-27,114.41000366210938,19110.546875,1626.699951171875,96.70076751708984,229.71649169921875,118.31999969482422,20338.455078125,1636.5999755859375,99.18027437650241,234.95388322610455,113.05000305175781,18915.66796875,1626.699951171875,96.07593451258548,227.86056625784224,117.19999694824219,19221.83984375,1632.199951171875,98.61494711523052,233.18540604277874,60094700.0,58571439619.0,888.0,30072800.0,27018700.0
2022-09-28,118.01000213623047,19426.720703125,1660.4000244140625,99.22986602783203,234.24456787109375,118.69999694824219,19688.34375,1660.4000244140625,99.87453174796886,235.46888802626256,113.80000305175781,18553.296875,1620.4000244140625,96.31396358421772,228.0840616627681,114.37999725341797,19104.62109375,1620.4000244140625,96.84953796570939,230.10517219200622,55763800.0,53071298734.0,18311.0,32466300.0,29029700.0
2022-09-29,114.80000305175781,19573.05078125,1658.5,96.62142944335938,230.77561950683594,116.06999969482422,19589.265625,1662.5999755859375,97.8314301011561,233.15624924797467,113.05999755859375,18924.353515625,1640.0,95.17339822616405,227.77311079462302,115.5999984741211,19427.779296875,1657.0,97.8314301011561,232.1262635921422,58969700.0,41037843771.0,6028.0,31047200.0,27484200.0
2022-09-30,113.0,19431.7890625,1662.4000244140625,94.86593627929688,226.30587768554688,116.91999816894531,20109.849609375,1672.699951171875,98.08929527552542,233.72956515957875,112.83999633789062,19265.662109375,1658.0,94.77667009540615,226.14069268839654,114.08000183105469,19573.431640625,1661.699951171875,96.25446166796625,231.54326959007867,59479600.0,43975248085.0,548.0,32941500.0,35694800.0
2022-10-01,,19312.095703125,,,,,19471.154296875,,,,,19231.08203125,,,,,19431.10546875,,,,,18719537670.0,,,
2022-10-02,,19044.107421875,,,,,19370.30859375,,,,,18970.62109375,,,,,19311.849609375,,,,,20765955327.0,,,
2022-10-03,115.87999725341797,19623.580078125,1692.9000244140625,97.8314208984375,233.92393493652344,116.91000366210938,19653.54296875,1700.0,98.47609418773558,234.76929788636286,112.44999694824219,19025.2265625,1661.9000244140625,95.72879638211501,228.01607616652782,113.58000183105469,19044.068359375,1667.199951171875,95.9668344859771,228.74484142032514,50941900.0,30484729489.0,410.0,27982000.0,28880400.0
2022-10-04,121.08999633789062,20336.84375,1721.0999755859375,100.80683898925781,241.83343505859375,123.0,20380.34375,1728.0,101.0051965284241,243.27152748723756,119.79000091552734,19523.83984375,1696.0,99.557165305316,238.04384733649516,119.88999938964844,19623.583984375,1701.199951171875,99.61667862054995,238.15073348619765,62812600.0,35887278685.0,291.0,28850800.0,34888400.0
2022-10-05,120.94999694824219,20160.716796875,1711.4000244140625,100.59856414794922,242.1443328857422,121.75,20343.748046875,1726.5999755859375,101.09446557674383,243.48526533285255,117.69000244140625,19801.80078125,1703.0,97.99012535655747,237.18873940282495,118.58000183105469,20335.900390625,1724.0999755859375,99.01168108917751,239.02522675019813,48217500.0,33223790572.0,418.0,22176900.0,20347100.0
2022-10-06,120.30000305175781,19955.443359375,1711.699951171875,100.58863830566406,239.80258178710938,121.52999877929688,20408.392578125,1723.300048828125,102.08626265455283,243.25207293473719,119.5,19900.087890625,1709.0999755859375,99.76544016442644,239.11269245364227,120.7699966430664,20161.0390625,1721.0,99.85470635132027,240.91030415961444,42253800.0,34711412966.0,133.0,22324000.0,20239900.0
2022-10-07,114.55999755859375,19546.849609375,1700.5,97.87110137939453,227.60797119140625,118.16999816894531,20041.0859375,1710.0999755859375,99.7059350605101,234.4875170205017,113.87999725341797,19395.79296875,1693.699951171875,97.49421903648668,226.56825897097391,118.0,19957.55859375,1710.0999755859375,99.03150884851111,234.07939542761454,54678000.0,29227315390.0,179.0,27502800.0,37769600.0
2022-10-08,,19416.568359375,,,,,19601.6953125,,,,,19299.4140625,,,,,19546.328125,,,,,16437423167.0,,,
2022-10-09,,19446.42578125,,,,,19542.5390625,,,,,19349.259765625,,,,,19417.478515625,,,,,16837262532.0,,,
2022-10-10,113.66999816894531,19141.484375,1667.300048828125,97.05780792236328,222.7592010498047,116.25,19515.466796875,1693.4000244140625,98.28764108949238,227.91885563531727,112.43000030517578,19102.978515625,1667.0,96.21477718333813,220.3105461386793,115.0999984741211,19446.416015625,1693.4000244140625,98.18846233787536,226.45161389079223,42339700.0,27425022774.0,195.0,18225100.0,29743600.0
2022-10-11,112.20999908447266,19051.41796875,1678.699951171875,96.38339233398438,219.02796936035156,115.4800033569336,19241.9609375,1678.699951171875,98.43642374055914,222.57462096558834,110.38999938964844,18925.603515625,1661.0,95.52052121037734,217.76477330000458,112.70999908447266,19139.0,1661.800048828125,96.6313430235072,221.1753893188512,56432200.0,28711532910.0,167.0,26507100.0,30474000.0
2022-10-12,112.9000015258789,19157.4453125,1670.300048828125,96.7602767944336,219.3583221435547,113.83000183105469,19203.19921875,1672.699951171875,97.94052452401523,221.4085821373912,111.4000015258789,19029.7578125,1668.0,95.94699881751596,217.61900908089987,112.48999786376953,19052.646484375,1668.0,96.50241351977157,219.01822579092038,45728700.0,24950173846.0,149.0,21876400.0,21903900.0
2022-10-13,112.52999877929688,19382.904296875,1670.0,98.24797821044922,227.60797119140625,113.44000244140625,19453.328125,1675.300048828125,98.96207740272202,229.41530962809037,105.3499984741211,18319.822265625,1641.5,93.6063410275305,212.9257798365081,107.87999725341797,19156.966796875,1675.199951171875,94.37003338415455,213.62539567179016,86868100.0,44219840004.0,729.0,34574500.0,42551800.0
2022-10-14,106.9000015258789,19185.65625,1641.699951171875,95.76847076416016,222.08876037597656,114.95999908447266,19889.146484375,1667.0,99.86462094928686,230.5230105633838,106.5999984741211,19115.408203125,1640.0,95.58003338781863,221.87498806713398,114.0999984741211,19382.533203125,1665.300048828125,99.1703544867437,228.87113093564267,67737300.0,38452356727.0,82.0,25410700.0,30198600.0
2022-10-15,,19067.634765625,,,,,19212.541015625,,,,,19019.25,,,,,19185.4375,,,,,16192235532.0,,,
2022-10-16,,19268.09375,,,,,19389.603515625,,,,,19068.9140625,,,,,19068.9140625,,,,,17988916650.0,,,
2022-10-17,113.79000091552734,19550.7578125,1657.0,99.15052795410156,230.80477905273438,114.19000244140625,19635.802734375,1657.0,100.10265774202443,232.1942989747583,110.08999633789062,19173.333984375,1646.800048828125,98.0198733580147,228.4824480465505,110.11000061035156,19268.5625,1650.199951171875,98.04962623156622,229.14320282236488,62782000.0,27472552998.0,238.0,28419200.0,28142300.0
2022-10-18,116.36000061035156,19334.416015625,1649.0,99.94396209716797,231.74732971191406,119.5199966430664,19666.994140625,1655.199951171875,102.62183412414964,237.02358255454533,114.79000091552734,19144.76953125,1649.0,99.15052441894925,228.70594491704173,119.05999755859375,19550.466796875,1651.4000244140625,102.28461724659432,236.35313103627706,65607400.0,30580012344.0,597.0,24060700.0,26329600.0
2022-10-19,115.06999969482422,19139.53515625,1627.5,98.81330871582031,229.78451538085938,116.58999633789062,19348.416015625,1637.5,100.1919139812081,232.82590014122383,113.22000122070312,19127.6875,1627.5,98.10912964670428,227.65651868442322,114.70999908447266,19335.02734375,1637.5,99.19019861679422,230.32865767594038,47198100.0,22425387184.0,84.0,23811100.0,19985700.0
2022-10-20,115.25,19053.740234375,1630.800048828125,99.15052795410156,229.4638671875,118.23999786376953,19315.19921875,1641.4000244140625,101.48126304018042,234.477775405208,113.51000213623047,18971.458984375,1622.800048828125,98.57528050925599,228.220109078315,113.83000183105469,19138.0859375,1622.800048828125,99.18028082765306,229.094636228901,48795100.0,24493974420.0,477.0,25323200.0,21811000.0
2022-10-21,119.31999969482422,19172.46875,1651.0,100.30101013183594,235.2648162841797,119.58999633789062,19237.384765625,1653.9000244140625,100.47953493084219,236.11990546004,114.5,18770.970703125,1634.0999755859375,96.9189666638649,227.86056720320732,114.79000091552734,19053.203125,1634.0999755859375,97.04789829825931,228.09377738574145,55660500.0,32459287866.0,224.0,32458700.0,26299700.0
2022-10-22,,19208.189453125,,,,,19248.068359375,,,,,19132.244140625,,,,,19172.380859375,,,,,16104440957.0,,,
2022-10-23,,19567.0078125,,,,,19646.65234375,,,,,19124.197265625,,,,,19207.734375,,,,,22128794335.0,,,
2022-10-24,119.81999969482422,19345.572265625,1648.699951171875,101.67961883544922,240.2495880126953,120.38999938964844,19589.125,1662.699951171875,101.9077368068661,240.8228797300147,116.56999969482422,19206.32421875,1648.699951171875,99.16044640435987,234.4680538752151,119.9800033569336,19567.76953125,1662.699951171875,100.9655271818657,236.85839536600284,49531500.0,30202235805.0,29.0,27176400.0,24911200.0
2022-10-25,120.5999984741211,20095.857421875,1652.800048828125,103.6235580444336,243.5630340576172,121.31999969482422,20348.412109375,1652.800048828125,103.96076735839142,243.93226498550914,118.94999694824219,19261.447265625,1637.300048828125,101.87798302852408,238.86978470276068,119.6500015258789,19344.96484375,1648.199951171875,102.05650783204726,240.2592898081023,50934600.0,47761524910.0,880.0,40611400.0,34775500.0
2022-10-26,115.66000366210938,20770.44140625,1664.0,94.15184020996094,224.77061462402344,119.3499984741211,20938.134765625,1667.0,97.50413095357072,231.55298484742156,114.76000213623047,20076.1171875,1649.800048828125,93.91380965641918,223.5462796746697,116.0,20092.236328125,1649.800048828125,95.63954441159298,224.62485269698536,68802300.0,58895950537.0,89.0,88114100.0,82543200.0
2022-10-27,110.95999908447266,20285.8359375,1660.699951171875,91.46405792236328,220.32998657226562,114.12000274658203,20854.044921875,1660.699951171875,94.64774408921001,227.0734954795491,109.7699966430664,20255.373046875,1660.699951171875,91.04750255104241,219.38744917013727,113.91999816894531,20772.802734375,1660.699951171875,93.74519988449306,224.49851650888635,129605400.0,49625110402.0,2298.0,60710900.0,40424600.0
2022-10-28,103.41000366210938,20595.3515625,1639.5999755859375,95.50069427490234,229.19180297851562,103.95999908447266,20724.98046875,1661.0,95.75856512636024,229.90114514841537,97.66000366210938,20086.068359375,1638.699951171875,91.37479091899618,219.64984455522253,97.91000366210938,20287.95703125,1661.0,91.51364270819928,219.8344674535042,223133400.0,43994715910.0,626.0,43697300.0,40647700.0
2022-10-29,,20818.4765625,,,,,20988.39453125,,,,,20566.484375,,,,,20595.103515625,,,,,40369840645.0,,,
2022-10-30,,20635.603515625,,,,,20917.005859375,,,,,20547.462890625,,,,,20817.982421875,,,,,31486345556.0,,,
2022-10-31,102.44000244140625,20495.7734375,1635.9000244140625,93.73527526855469,225.5576934814453,104.87000274658203,20795.3203125,1641.800048828125,95.242812042702,228.2686935125121,100.73999786376953,20287.458984375,1633.4000244140625,93.20962104840368,224.6054296076982,103.55999755859375,20633.6953125,1641.800048828125,94.637811790529,227.14153310691304,99251400.0,45668466815.0,522.0,31675000.0,28357300.0
2022-11-01,96.79000091552734,20485.2734375,1645.0,89.72840118408203,221.7097930908203,104.58000183105469,20647.2890625,1653.699951171875,95.24282237108928,229.0654698713663,96.05999755859375,20359.845703125,1630.800048828125,89.62922241672638,220.89357967203034,103.98999786376953,20494.8984375,1630.800048828125,94.66757492682962,227.95774742393274,153370000.0,39819303159.0,985.0,47161400.0,30592300.0
2022-11-02,92.12000274658203,20159.50390625,1645.699951171875,86.257080078125,213.86830139160156,97.73999786376953,20742.810546875,1664.699951171875,90.43256844263183,224.7511921525638,92.01000213623047,20087.134765625,1634.0,86.16781390238052,213.80998772072712,97.31999969482422,20482.958984375,1650.800048828125,90.19453791873643,222.9632917416644,135761800.0,55552169483.0,612.0,57038300.0,38407000.0
2022-11-03,89.30000305175781,20209.98828125,1627.300048828125,82.74610900878906,208.1839141845703,93.5,20382.095703125,1629.199951171875,85.81077606951776,214.16950892795055,89.0199966430664,20086.240234375,1615.0999755859375,82.65684282083558,207.9215545752939,92.47000122070312,20162.689453125,1629.199951171875,85.61241853361773,213.85856200928737,136683300.0,43228750179.0,1427.0,61288000.0,36633900.0
2022-11-04,90.9800033569336,21147.23046875,1672.5,85.87027740478516,215.1217803955078,92.44000244140625,21209.560546875,1674.5,85.92978314388307,215.31611482659386,88.04000091552734,20188.01953125,1629.0,83.02380100389072,207.3871454934429,91.48999786376953,20208.76953125,1630.199951171875,84.69994994578491,211.3905059422956,129101300.0,64072727950.0,159.0,51124900.0,36789100.0
2022-11-05,,21282.69140625,,,,,21446.88671875,,,,,21097.634765625,,,,,21144.83203125,,,,,37846047609.0,,,
2022-11-06,,20926.486328125,,,,,21345.376953125,,,,,20920.19140625,,,,,21285.056640625,,,,,35082693210.0,,,
2022-11-07,90.52999877929688,20602.81640625,1676.5,87.76461791992188,221.41830444335938,92.0999984741211,21053.24609375,1677.9000244140625,88.1712606549143,221.9430237085704,89.04000091552734,20489.97265625,1672.9000244140625,86.13806211366017,215.01489088874334,91.94999694824219,20924.62109375,1676.9000244140625,86.56453757303696,215.70479515914553,77495700.0,53510852236.0,42.0,34078900.0,33498000.0
2022-11-08,89.9800033569336,18541.271484375,1712.0999755859375,88.17127227783203,222.3899688720703,91.72000122070312,20664.607421875,1712.0999755859375,89.5796304672484,225.091257180639,88.2300033569336,17603.544921875,1703.199951171875,86.87200543719126,219.44575884635148,90.79000091552734,20600.671875,1703.199951171875,88.17127227783203,222.22478388362,88703400.0,118992465607.0,23.0,30429000.0,28192500.0
2022-11-09,86.13999938964844,15880.7802734375,1710.0999755859375,86.60420989990234,218.15338134765625,89.4800033569336,18590.458984375,1720.199951171875,88.70683431006073,222.15674073787417,85.87000274658203,15682.6923828125,1706.0,86.56453688459513,217.97848485395787,89.47000122070312,18543.76171875,1707.4000244140625,87.72494420662868,220.93240597493428,90796200.0,102905151606.0,497.0,31769100.0,27852900.0
2022-11-10,96.62999725341797,17586.771484375,1750.300048828125,93.16996002197266,236.1004638671875,98.69000244140625,18054.3125,1750.300048828125,93.61626826753488,236.44056019136823,91.6500015258789,15834.0185546875,1708.199951171875,90.8590576182188,228.34640704745314,92.94000244140625,15883.158203125,1708.199951171875,91.49381082236977,228.7642252711611,173414900.0,83202283721.0,325.0,51620100.0,46268000.0
2022-11-11,100.79000091552734,17034.29296875,1766.0,95.61971282958984,240.1135711669922,101.19000244140625,17650.943359375,1766.0,96.13544696291301,240.96866045732685,96.66000366210938,16543.482421875,1757.5999755859375,93.1501183771832,235.0802248808406,97.87999725341797,17583.251953125,1763.800048828125,93.9138107806014,236.1102255381831,111590500.0,55871616488.0,257.0,33090500.0,34620200.0
2022-11-12,,16799.185546875,,,,,17066.67578125,,,,,16651.775390625,,,,,17036.875,,,,,29717699419.0,,,
2022-11-13,,16353.365234375,,,,,16920.765625,,,,,16320.634765625,,,,,16799.72265625,,,,,27209183682.0,,,
2022-11-14,98.48999786376953,16618.19921875,1773.5999755859375,94.91551971435547,234.7109832763672,100.12000274658203,17109.32421875,1773.5999755859375,95.99658864167773,237.00416504738854,97.29000091552734,15872.94140625,1761.5999755859375,93.73527959271193,232.4372393956365,98.7699966430664,16352.0283203125,1762.0,94.31051943427285,235.13852790216598,99533100.0,49630243054.0,358.0,30179500.0,31123300.0
2022-11-15,98.94000244140625,16884.61328125,1773.800048828125,97.6330795288086,235.11907958984375,103.79000091552734,17051.962890625,1773.800048828125,99.31914142570112,240.00666349429483,97.33999633789062,16542.55078125,1769.9000244140625,95.91725718886971,233.23400463788948,103.20999908447266,16617.484375,1770.800048828125,97.45455470480834,238.70460661108956,111336300.0,36599436183.0,57.0,41640800.0,31390100.0
2022-11-16,97.12000274658203,16669.439453125,1773.0,98.03970336914062,235.54783630371094,98.48999786376953,16960.294921875,1778.9000244140625,98.82322847399864,237.564903920351,95.54000091552734,16430.111328125,1773.0,96.83962291238991,234.2713414708657,96.8499984741211,16884.341796875,1776.5999755859375,97.09749375411836,236.58072479842383,87958800.0,33925512989.0,303.0,29105200.0,24093300.0
2022-11-17,94.8499984741211,16687.517578125,1760.800048828125,97.55371856689453,235.4990692138672,96.97000122070312,16726.439453125,1763.0,98.46617527590662,237.02892387588912,94.02999877929688,16460.68359375,1756.0,95.99658856050377,231.5526591490044,95.37000274658203,16670.42578125,1763.0,96.17511335721086,231.69881697787037,82617900.0,27868914022.0,18.0,26052600.0,23123500.0
2022-11-18,94.13999938964844,16697.77734375,1751.9000244140625,96.63133239746094,235.05088806152344,95.98999786376953,16947.05859375,1763.300048828125,98.08928350222853,237.50644414793118,92.4800033569336,16564.611328125,1747.5999755859375,95.58002401088457,232.91689413023886,95.94999694824219,16687.912109375,1763.300048828125,97.96034431506853,237.2823156083128,72428200.0,26862218609.0,414.0,28342300.0,27613500.0
2022-11-19,,16711.546875,,,,,16797.876953125,,,,,16570.41015625,,,,,16696.220703125,,,,,16106223492.0,,,
2022-11-20,,16291.83203125,,,,,16746.779296875,,,,,16248.6923828125,,,,,16712.919921875,,,,,21313378652.0,,,
2022-11-21,92.45999908447266,15787.2841796875,1737.4000244140625,94.81634521484375,235.85963439941406,95.0199966430664,16291.2236328125,1744.9000244140625,97.5933960537091,238.41262379283273,90.58999633789062,15599.046875,1736.0999755859375,94.57831466395251,235.02162809086872,93.97000122070312,16291.2236328125,1739.0,96.49249435141179,235.2554806346632,84330300.0,37429485518.0,544.0,21647400.0,26394700.0
2022-11-22,93.19999694824219,16189.76953125,1738.300048828125,96.25445556640625,238.76339721679688,93.3499984741211,16253.0478515625,1741.699951171875,96.42306021024527,239.03623507377168,90.87000274658203,15656.6064453125,1738.300048828125,93.2790474508061,234.55388823165154,92.62000274658203,15782.30078125,1741.699951171875,95.16346653720288,237.36022259889907,62192000.0,30726828760.0,15.0,23438500.0,19665700.0
2022-11-23,94.12999725341797,16610.70703125,1744.9000244140625,97.65289306640625,241.2482452392578,94.58000183105469,16638.193359375,1750.9000244140625,97.95043690355139,241.93034005381193,92.83000183105469,16170.5029296875,1736.5,96.29412064149612,238.02289950514685,93.23999786376953,16195.5888671875,1736.5,96.29412064149612,238.84141328261182,59414700.0,32958875628.0,39.0,18868100.0,19508500.0
2022-11-24,,16604.46484375,,,,,16771.474609375,,,,,16501.767578125,,,,,16611.63671875,,,,,26129037414.0,,,
2022-11-25,93.41000366210938,16521.841796875,1753.300048828125,96.66109466552734,241.16049194335938,94.43000030517578,16603.31640625,1757.9000244140625,97.83142220785665,242.33953807886874,93.06999969482422,16388.404296875,1749.199951171875,96.60158892219253,240.4199192943966,93.79000091552734,16602.26953125,1753.0,97.43469959629758,240.98508768019255,35088600.0,18678255976.0,216.0,9701400.0,9200800.0
2022-11-26,,16464.28125,,,,,16666.86328125,,,,,16416.228515625,,,,,16521.576171875,,,,,18000008764.0,,,
2022-11-27,,16444.626953125,,,,,16594.40625,,,,,16437.025390625,,,,,16463.8828125,,,,,20443898509.0,,,
2022-11-28,93.94999694824219,16217.322265625,1740.0999755859375,95.26266479492188,235.57704162597656,96.4000015258789,16482.93359375,1741.300048828125,96.78012191327572,240.34198047417644,93.43000030517578,16054.5302734375,1740.0999755859375,94.8262691285725,234.64160171816698,93.93000030517578,16440.22265625,1741.300048828125,96.24454747735288,239.78656581676748,74943100.0,27743025156.0,132767.0,26237500.0,24778200.0
2022-11-29,92.41999816894531,16444.982421875,1748.4000244140625,94.40970611572266,234.18359375,94.41000366210938,16522.2578125,1758.199951171875,95.33208297513312,236.58067124825368,91.44000244140625,16139.396484375,1737.9000244140625,93.33855733056448,232.1178172281639,94.04000091552734,16217.6396484375,1739.5,94.94528050830175,235.2262209095606,65567300.0,23581685468.0,19416.0,20061700.0,17956300.0
2022-11-30,96.54000091552734,17168.56640625,1746.0,100.16215515136719,248.61483764648438,96.54000091552734,17190.9375,1769.4000244140625,100.21174831439473,248.79998080802568,91.52999877929688,16445.4765625,1745.0999755859375,93.64601154608545,233.72562221636355,92.47000122070312,16445.4765625,1748.0999755859375,94.04273414974281,234.41747063024718,102805800.0,29523576583.0,3339.0,43647500.0,47594200.0
2022-12-01,95.5,16967.1328125,1801.0999755859375,100.16215515136719,248.17636108398438,97.2300033569336,17197.498046875,1803.699951171875,101.4118287044889,249.56978200844247,94.91999816894531,16888.388671875,1768.699951171875,99.42822325305634,244.50277384992842,96.98999786376953,17168.001953125,1768.699951171875,100.191908022442,247.37732526853793,68488000.0,22895392882.0,1053.0,28687100.0,26041500.0
2022-12-02,94.12999725341797,17088.66015625,1795.9000244140625,99.61666870117188,248.49789428710938,95.36000061035156,17088.66015625,1802.300048828125,99.94395785152076,249.51128985352395,93.77999877929688,16877.880859375,1779.4000244140625,98.08929158774455,243.30420669643533,94.4800033569336,16968.68359375,1802.0,98.23806351073277,243.43088671794231,72496400.0,19539705127.0,1725.0,21480700.0,21528500.0
2022-12-03,,16908.236328125,,,,,17116.041015625,,,,,16888.140625,,,,,17090.09765625,,,,,16217776704.0,,,
2022-12-04,,17130.486328125,,,,,17157.767578125,,,,,16903.439453125,,,,,16908.169921875,,,,,16824520830.0,,,
2022-12-05,91.01000213623047,16974.826171875,1767.4000244140625,98.6645278930664,243.80117797851562,94.05999755859375,17378.15234375,1808.0,100.54894681617124,247.32860725398484,90.81999969482422,16922.431640625,1764.300048828125,98.18845930640768,241.71590868022093,93.05000305175781,17128.89453125,1795.699951171875,98.58518186748104,245.56488518197608,71535500.0,22209086834.0,1713.0,24405100.0,23435300.0
2022-12-06,88.25,17089.50390625,1769.300048828125,96.18502807617188,238.8511199951172,91.04000091552734,17091.86328125,1779.4000244140625,98.96207106432217,245.4187517382797,87.9000015258789,16939.921875,1767.9000244140625,95.62961342505861,237.54539368771614,90.5,16975.23828125,1768.5999755859375,98.48601001120109,244.4053559887348,75503600.0,19889922369.0,105.0,24910700.0,22463700.0
2022-12-07,88.45999908447266,16848.126953125,1785.5,94.16175842285156,238.1202850341797,89.88999938964844,17109.376953125,1790.300048828125,96.08585067198514,239.8645144954358,87.4800033569336,16750.55859375,1769.300048828125,93.94356060039664,236.0155378698541,88.33999633789062,17089.505859375,1769.300048828125,95.61970972120518,238.56852717524598,68086900.0,19675404389.0,422.0,31045400.0,20481500.0
2022-12-08,90.3499984741211,17233.474609375,1788.699951171875,92.94182586669922,241.0727996826172,90.86000061035156,17267.916015625,1790.9000244140625,94.79649955511114,242.37854081110692,87.87999725341797,16788.783203125,1782.0,92.68395505775045,236.84379768747013,89.23999786376953,16847.349609375,1782.0,94.59813448405295,238.57827343420877,73305900.0,20496603770.0,713.0,32213300.0,22611800.0
2022-12-09,89.08999633789062,17133.15234375,1798.0999755859375,92.06904602050781,239.1434326171875,90.30000305175781,17280.546875,1804.300048828125,93.48732417745734,241.9595208718469,88.62999725341797,17100.8359375,1791.0999755859375,91.98969998883905,237.91566220853431,88.9000015258789,17232.1484375,1794.9000244140625,93.00133540862666,238.44184527837177,67398500.0,20328426366.0,125.0,28225400.0,20609700.0
2022-12-10,,17128.724609375,,,,,17216.826171875,,,,,17120.68359375,,,,,17134.220703125,,,,,12706781969.0,,,
2022-12-11,,17104.193359375,,,,,17245.634765625,,,,,17091.8203125,,,,,17129.7109375,,,,,14122486832.0,,,
2022-12-12,90.55000305175781,17206.4375,1780.5,92.54511260986328,246.05210876464844,90.58000183105469,17212.564453125,1793.9000244140625,92.79306329851202,246.0813403319802,87.87000274658203,16899.39453125,1777.699951171875,90.85905095379364,240.84868161991452,89.20999908447266,17102.5,1787.300048828125,91.9500324704772,241.12151949404333,61999800.0,19617581341.0,85.0,29420000.0,30665100.0
2022-12-13,92.48999786376953,17781.318359375,1813.9000244140625,94.8460922241211,250.34933471679688,96.25,17930.0859375,1819.800048828125,98.7141243795283,257.1703110963209,90.5199966430664,17111.763671875,1780.5,94.2510121002556,246.59779176063924,95.2300033569336,17206.44140625,1780.699951171875,96.95863687909693,254.99733220148903,100212000.0,26634741631.0,205.0,40593700.0,42196900.0
2022-12-14,91.58000183105469,17815.650390625,1807.5,94.29068756103516,250.64169311523438,93.45999908447266,18318.53125,1812.800048828125,96.07593554575189,255.87435255775398,89.87000274658203,17739.513671875,1797.9000244140625,92.83273630132557,247.80611173983112,92.5,17782.06640625,1810.800048828125,94.4196191950435,250.55399840099744,70298000.0,25534481470.0,1074.0,28733600.0,35410900.0
2022-12-15,88.44999694824219,17364.865234375,1777.199951171875,90.11519622802734,242.64163208007812,89.97000122070312,17846.744140625,1801.0,92.87240659372344,247.69890163014767,87.47000122070312,17322.58984375,1774.800048828125,89.27216542487523,241.0143436570325,89.88999938964844,17813.64453125,1801.0,92.36658508509045,247.23118166191023,84802900.0,20964448341.0,421.0,40107000.0,35560400.0
2022-12-16,87.86000061035156,16647.484375,1790.0,89.5201187133789,238.43214416503906,89.3499984741211,17505.525390625,1791.4000244140625,90.58134735770545,243.4504288310408,86.7300033569336,16584.701171875,1777.9000244140625,88.786179227131,237.28231450643366,88.2699966430664,17364.546875,1777.9000244140625,90.01602009048204,242.19342665644314,146144100.0,24031608960.0,206.0,58011800.0,86102000.0
2022-12-17,,16795.091796875,,,,,16800.58984375,,,,,16614.029296875,,,,,16646.982421875,,,,,14463581825.0,,,
2022-12-18,,16757.9765625,,,,,16815.38671875,,,,,16697.8203125,,,,,16795.609375,,,,,10924354698.0,,,
2022-12-19,84.91999816894531,16439.6796875,1787.699951171875,87.71504974365234,234.30052185058594,87.62999725341797,16807.52734375,1796.300048828125,89.81766702120841,238.93879503110043,84.51000213623047,16398.13671875,1785.5999755859375,87.48693175023637,232.60503162349835,87.51000213623047,16759.041015625,1791.5999755859375,89.52013069523537,238.59774028481047,83531500.0,17221074814.0,79.0,29493000.0,29696400.0
2022-12-20,85.19000244140625,16906.3046875,1815.9000244140625,88.290283203125,235.61602783203125,86.61000061035156,17012.984375,1821.4000244140625,88.44897528550977,236.69764045155708,84.33000183105469,16427.8671875,1786.5,86.72324050727767,232.32246573736623,85.33000183105469,16441.787109375,1786.5,87.38774657684024,233.2773983167744,74348300.0,22722096615.0,51.0,23453800.0,25150800.0
2022-12-21,86.7699966430664,16817.53515625,1815.9000244140625,88.845703125,238.1787567138672,87.2300033569336,16916.80078125,1821.4000244140625,89.48045635798302,239.33832514030232,85.20999908447266,16755.912109375,1814.4000244140625,87.59602938706544,233.9692473656318,86.18000030517578,16904.52734375,1817.4000244140625,88.34980168880355,235.5088410448142,59267200.0,14882945045.0,35.0,24745600.0,23690600.0
2022-12-22,83.79000091552734,16830.341796875,1787.0,87.04061126708984,232.09832763671875,85.68000030517578,16866.673828125,1818.0999755859375,87.81421619968995,235.8011461609529,82.25,16592.408203125,1785.0,85.61241288884075,227.8888038739563,85.5199966430664,16818.380859375,1818.0999755859375,87.43733387958731,235.08980509983985,81431300.0,16441573050.0,411.0,27658300.0,28651700.0
2022-12-23,85.25,16796.953125,1795.9000244140625,88.4985580444336,232.62454223632812,85.77999877929688,16905.21875,1802.800048828125,88.81593460502073,232.76096118037862,82.93000030517578,16794.458984375,1794.0999755859375,86.35626058532988,227.9570517012324,83.25,16829.64453125,1794.300048828125,86.39593360126003,230.07155276829016,57433700.0,15329265213.0,49.0,23003000.0,21207000.0
2022-12-24,,16847.755859375,,,,,16864.703125,,,,,16793.52734375,,,,,16796.9765625,,,,,9744636213.0,,,
2022-12-25,,16841.986328125,,,,,16860.5546875,,,,,16755.25390625,,,,,16847.505859375,,,,,11656379938.0,,,
2022-12-26,,16919.8046875,,,,,16920.123046875,,,,,16812.369140625,,,,,16842.25,,,,,11886957804.0,,,
2022-12-27,83.04000091552734,16717.173828125,1814.800048828125,86.67362976074219,230.89981079101562,85.3499984741211,16959.845703125,1826.300048828125,88.21092683791771,232.8194148295831,83.0,16642.072265625,1803.4000244140625,86.29674749179976,229.7987055148439,84.97000122070312,16919.291015625,1803.4000244140625,88.07207507742031,232.59530118818017,57284000.0,15748580239.0,69.0,20097300.0,16688600.0
2022-12-28,81.81999969482422,16552.572265625,1807.9000244140625,85.31486511230469,228.53192138671875,83.4800033569336,16768.169921875,1807.9000244140625,87.31831080815121,233.58919012039783,81.69000244140625,16497.556640625,1803.0999755859375,85.23552664693922,228.18112775003155,82.80000305175781,16716.400390625,1803.199951171875,86.2670023652313,230.83156525643543,58228600.0,17005713920.0,434.0,19523200.0,17457100.0
2022-12-29,84.18000030517578,16642.341796875,1819.5,87.7249526977539,234.84622192382812,84.55000305175781,16651.755859375,1819.5,88.12167532237186,235.73295246137508,82.55000305175781,16508.68359375,1805.800048828125,85.9000392181079,229.62330203859167,82.87000274658203,16552.322265625,1805.800048828125,85.9099593646084,229.62330203859167,54995900.0,14472237479.0,277.0,23333500.0,19770700.0
2022-12-30,84.0,16602.5859375,1819.699951171875,87.50675964355469,233.6866912841797,84.05000305175781,16643.427734375,1822.300048828125,87.57618553312793,233.8231102365172,82.47000122070312,16408.474609375,1816.800048828125,85.86036345245435,230.60750365307476,83.12000274658203,16641.330078125,1817.0,86.26700621056507,232.11786589802279,62401200.0,15929162910.0,95.0,23986300.0,21938500.0
2022-12-31,,16547.49609375,,,,,16628.986328125,,,,,16517.51953125,,,,,16603.673828125,,,,,11239186456.0,,,
2023-01-01,,16625.080078125,,,,,16630.439453125,,,,,16521.234375,,,,,16547.9140625,,,,,9244361700.0,,,
2023-01-02,,16688.470703125,,,,,16759.34375,,,,,16572.228515625,,,,,16625.509765625,,,,,12097775227.0,,,
2023-01-03,85.81999969482422,16679.857421875,1839.699951171875,88.38945770263672,233.45278930664062,86.95999908447266,16760.447265625,1839.699951171875,90.30363718067711,239.46499095764855,84.20999908447266,16622.37109375,1836.199951171875,87.79437004023141,231.32853465622566,85.45999908447266,16688.84765625,1836.199951171875,88.85559860680175,236.86327747897744,76706000.0,13903079207.0,29.0,28131200.0,25740000.0
2023-01-04,85.13999938964844,16863.23828125,1852.800048828125,87.35798645019531,223.24082946777344,86.9800033569336,16964.5859375,1859.0999755859375,89.90691916874918,226.9144019342719,83.36000061035156,16667.763671875,1845.5999755859375,86.55462109181812,220.18113479471134,86.55000305175781,16680.205078125,1845.5999755859375,89.60937532240884,226.3394946084548,68885100.0,18421743322.0,25.0,34854800.0,50623400.0
2023-01-05,83.12000274658203,16836.736328125,1834.800048828125,85.49340057373047,216.6244659423828,85.41999816894531,16884.021484375,1855.199951171875,86.85217316940673,221.7304593927792,83.06999969482422,16790.283203125,1834.800048828125,85.19586426604603,216.0885291034545,85.33000183105469,16863.47265625,1855.199951171875,86.75299440017858,221.3894046220388,67930800.0,13692758566.0,24.0,27194400.0,39585600.0
2023-01-06,86.08000183105469,16951.96875,1864.199951171875,86.62405395507812,219.1774444580078,86.4000015258789,16991.994140625,1868.199951171875,86.97119099271035,219.98621912634763,81.43000030517578,16716.421875,1835.300048828125,84.16438721912351,213.74016514069575,83.02999877929688,16836.47265625,1838.4000244140625,86.0785669486724,217.29681103305526,83303400.0,14413662913.0,26.0,41381500.0,43613600.0
2023-01-07,,16955.078125,,,,,16975.017578125,,,,,16914.19140625,,,,,16952.1171875,,,,,7714767174.0,,,
2023-01-08,,17091.14453125,,,,,17091.14453125,,,,,16924.05078125,,,,,16954.146484375,,,,,9768827914.0,,,
2023-01-09,87.36000061035156,17196.5546875,1872.699951171875,87.29846954345703,221.31146240234375,89.4800033569336,17389.95703125,1880.0,89.31183536259933,225.3261046224166,87.08000183105469,17093.9921875,1867.0,87.13978504764104,220.61962878753835,87.45999908447266,17093.9921875,1867.0,87.63568639320383,220.65859925614794,65266100.0,18624736866.0,62.0,29003900.0,27369800.0
2023-01-10,89.87000274658203,17446.29296875,1871.5999755859375,87.69519805908203,222.9972381591797,90.19000244140625,17484.720703125,1878.0999755859375,87.94314874861813,225.3943160955878,87.29000091552734,17162.990234375,1871.5999755859375,85.12643254757823,221.51610752466433,87.56999969482422,17192.94921875,1877.800048828125,85.2752044746708,221.9351032710945,67756600.0,15808338949.0,101.0,30467800.0,27033900.0
2023-01-11,95.08999633789062,17934.896484375,1874.5999755859375,90.76979064941406,229.74024963378906,95.26000213623047,17934.896484375,1877.800048828125,90.84913669096524,229.91563904515138,90.93000030517578,17337.994140625,1873.0999755859375,88.28037102229985,225.1994243157805,90.93000030517578,17446.359375,1873.0999755859375,88.44897568545483,225.37481372714282,103126200.0,18372283782.0,1236.0,26862000.0,28669300.0
2023-01-12,95.2699966430664,18869.587890625,1895.5,90.38298034667969,232.41017150878906,97.19000244140625,19030.087890625,1897.4000244140625,91.11691981733598,233.76462207264603,93.5,17995.203125,1877.199951171875,89.01429529901861,227.58676927741644,96.93000030517578,18117.59375,1877.199951171875,90.73011735676101,229.2432893034318,85254800.0,34971338710.0,59.0,30258100.0,27269500.0
2023-01-13,98.12000274658203,19909.57421875,1918.4000244140625,91.36487579345703,233.11172485351562,98.37000274658203,19964.322265625,1920.9000244140625,91.43430168612433,233.24814377999738,94.12000274658203,18753.1640625,1898.300048828125,89.39118279204233,228.91195482909734,94.18000030517578,18868.90625,1899.0,90.10528201196577,230.93876092864622,85549400.0,29225029694.0,512.0,26329200.0,21333300.0
2023-01-14,,20976.298828125,,,,,21075.142578125,,,,,19907.828125,,,,,19910.537109375,,,,,38967784639.0,,,
2023-01-15,,20880.798828125,,,,,20993.748046875,,,,,20606.986328125,,,,,20977.484375,,,,,19298407543.0,,,
2023-01-16,,21169.6328125,,,,,21360.875,,,,,20715.74609375,,,,,20882.224609375,,,,,26792494050.0,,,
2023-01-17,96.05000305175781,21161.51953125,1907.199951171875,90.54167175292969,234.20315551757812,98.88999938964844,21438.66015625,1920.0999755859375,91.49380146174484,234.7488313735143,95.7300033569336,20978.533203125,1905.199951171875,89.3118384915669,231.0265191342253,98.68000030517578,21175.833984375,1920.0999755859375,91.30535652243567,231.88401826129754,72755000.0,24999983362.0,706.0,32602400.0,29831300.0
2023-01-18,95.45999908447266,20688.78125,1904.4000244140625,90.37307739257812,229.77920532226562,99.31999969482422,21564.501953125,1911.0999755859375,92.03930646438202,236.18118605908887,95.37999725341797,20541.544921875,1903.0999755859375,89.89700870055337,229.49662855484155,97.25,21161.05078125,1911.0999755859375,91.38471295870488,235.39190402162816,79570400.0,30005625418.0,1027.0,29116700.0,30028700.0
2023-01-19,93.68000030517578,21086.79296875,1922.0999755859375,92.2872543334961,225.99844360351562,95.44000244140625,21163.01171875,1931.800048828125,92.84266148471706,229.49664158993286,92.86000061035156,20685.380859375,1922.0999755859375,89.88708578674498,224.78041202749904,94.73999786376953,20686.74609375,1922.0999755859375,89.97635197425116,227.80113628343994,69002700.0,21152848261.0,371.0,37000400.0,28623000.0
2023-01-20,97.25,22676.552734375,1926.4000244140625,97.21649932861328,234.07644653320312,97.3499984741211,22692.357421875,1928.5,97.49421044649547,234.583151851916,93.19999694824219,20919.126953125,1921.4000244140625,94.24109116727796,228.51247153332469,93.86000061035156,21085.373046875,1922.0999755859375,94.3204372009586,228.85352633542087,67481500.0,28799154319.0,1346.0,63191100.0,35389800.0
2023-01-21,,22777.625,,,,,23282.34765625,,,,,22511.833984375,,,,,22677.427734375,,,,,32442278429.0,,,
2023-01-22,,22720.416015625,,,,,23056.73046875,,,,,22387.900390625,,,,,22777.986328125,,,,,24746386230.0,,,
2023-01-23,97.5199966430664,22934.431640625,1927.0999755859375,98.97200012207031,236.37608337402344,97.77999877929688,23126.486328125,1927.0999755859375,99.21995081656387,238.89984125052814,95.86000061035156,22654.3046875,1915.0,96.70077085248677,233.5210096061912,97.55999755859375,22721.087890625,1926.5,97.1470790758333,234.9339381400993,76501100.0,26518700512.0,218.0,40005100.0,31934000.0
2023-01-24,96.31999969482422,22636.46875,1933.9000244140625,96.89913177490234,235.84988403320312,98.08999633789062,23134.01171875,1936.800048828125,98.79347877926642,237.7110398533446,96.0,22549.744140625,1931.800048828125,96.40323036854797,234.29081253406932,96.93000030517578,22929.626953125,1931.800048828125,97.29585441335684,236.29812619619068,66929500.0,26405069715.0,201.0,33078500.0,40234400.0
2023-01-25,97.18000030517578,23117.859375,1941.199951171875,94.439453125,234.4564666748047,97.23999786376953,23722.099609375,1941.199951171875,95.37175007274746,237.07767305092727,91.5199966430664,22406.076171875,1939.800048828125,92.99142210911067,224.99479068566467,92.55999755859375,22639.267578125,1941.199951171875,94.786582552293,228.4832349642451,94261600.0,30685366709.0,7.0,42330000.0,66526600.0
2023-01-26,99.22000122070312,23032.77734375,1929.0999755859375,96.7206039428711,241.65744018554688,99.48999786376953,23237.078125,1937.0999755859375,96.77019710869844,241.95950960681114,96.91999816894531,22911.373046875,1927.0999755859375,94.59814659536165,235.8108892133159,98.23999786376953,23108.955078125,1936.5999755859375,95.70896843494373,237.41868478326023,68523600.0,26357839322.0,131.0,30114000.0,33454500.0
2023-01-27,102.23999786376953,23078.728515625,1928.5999755859375,98.5554428100586,241.8134002685547,103.48999786376953,23417.720703125,1928.5999755859375,99.49765240364174,243.4406888312385,99.52999877929688,22654.59375,1928.5999755859375,96.5123239826297,240.5174127589452,99.52999877929688,23030.716796875,1928.5999755859375,96.5123239826297,242.6221750994486,87775600.0,25383335641.0,150902.0,33879800.0,26498900.0
2023-01-28,,23031.08984375,,,,,23165.896484375,,,,,22908.845703125,,,,,23079.96484375,,,,,14712928379.0,,,
2023-01-29,,23774.56640625,,,,,23919.890625,,,,,22985.0703125,,,,,23031.44921875,,,,,27423687259.0,,,
2023-01-30,100.55000305175781,22840.138671875,1922.9000244140625,96.14537048339844,236.50274658203125,101.73999786376953,23789.34765625,1933.5999755859375,97.48430281450548,239.31883481228712,99.01000213623047,22657.58203125,1920.300048828125,95.60979603758457,236.00578021468996,101.08999633789062,23774.6484375,1928.300048828125,96.6809449292123,238.25670004532253,70691900.0,27205595568.0,27220.0,27226200.0,25867400.0
2023-01-31,103.12999725341797,23139.283203125,1929.5,98.02978515625,241.47232055664062,103.3499984741211,23225.021484375,1930.4000244140625,98.0694581762873,241.60873949787776,101.13999938964844,22765.568359375,1900.5999755859375,96.02634682892345,236.73661321290928,101.16000366210938,22840.796875,1923.0,96.07593999568378,237.22382584140612,66527300.0,22837828665.0,1910.0,29870700.0,26541100.0
2023-02-01,105.1500015258789,23723.76953125,1927.800048828125,99.60675048828125,246.28598022460938,106.23999786376953,23764.5390625,1955.0,100.36052269702401,248.65382642873757,101.23999786376953,22877.75,1922.0,96.78011416406397,239.19216564342997,102.52999877929688,23137.8359375,1927.199951171875,97.90084854753133,241.65746031930018,80450100.0,26683255504.0,2290.0,35531100.0,31259900.0
2023-02-02,112.91000366210938,23471.87109375,1916.300048828125,106.85681915283203,257.83294677734375,114.0,24167.2109375,1959.0999755859375,106.96591805351979,257.9206414880855,108.87999725341797,23468.595703125,1911.300048828125,104.74428215805406,250.67091469575902,110.25,23720.82421875,1952.300048828125,104.93272708957909,252.20076959193378,158154200.0,32066936882.0,748.0,69883800.0,39940400.0
2023-02-03,103.38999938964844,23449.322265625,1862.9000244140625,103.92108917236328,251.74273681640625,108.77999877929688,23678.103515625,1917.0,106.92625024321528,257.44312974111796,102.5199966430664,23279.955078125,1861.5,101.73912618609937,250.52470541100183,105.26000213623047,23469.412109375,1912.4000244140625,102.08625562934304,252.90230509331886,144374800.0,27083066007.0,992.0,65309300.0,29077300.0
2023-02-04,,23331.84765625,,,,,23556.94921875,,,,,23291.794921875,,,,,23446.3203125,,,,,15639298538.0,,,
2023-02-05,,22955.666015625,,,,,23423.435546875,,,,,22841.759765625,,,,,23332.248046875,,,,,19564262605.0,,,
2023-02-06,102.18000030517578,22760.109375,1866.199951171875,102.0564956665039,250.20318603515625,103.94999694824219,23119.279296875,1880.0,103.5045266483121,251.69405562891393,100.6500015258789,22692.025390625,1863.4000244140625,101.04485271151285,248.264089107466,102.93000030517578,22954.021484375,1865.5999755859375,101.56059433437012,250.8560641029921,81945200.0,23825006542.0,424.0,31999600.0,22518000.0
2023-02-07,102.11000061035156,23264.291015625,1871.699951171875,106.75765228271484,260.7171630859375,102.41000366210938,23310.974609375,1875.699951171875,107.29322670020932,261.8962090659223,98.08000183105469,22756.2578125,1868.0,102.27470697729218,253.428453032111,101.16999816894531,22757.267578125,1870.0,102.37388574345306,253.86695619791232,119501300.0,27187964471.0,297.0,49010200.0,50841400.0
2023-02-08,100.05000305175781,22939.3984375,1877.4000244140625,98.5554428100586,259.9084777832031,102.66999816894531,23367.958984375,1880.4000244140625,102.29453587919534,269.681962608756,98.77999877929688,22731.09765625,1872.0999755859375,97.23634332555855,259.4017575821844,102.04000091552734,23263.416015625,1872.0999755859375,101.2134745048074,266.2130108288476,75878300.0,25371367758.0,230.0,94743500.0,54686000.0
2023-02-09,98.23999786376953,21819.0390625,1866.199951171875,94.2311782836914,256.8780212402344,101.77999877929688,22996.4375,1884.5999755859375,99.21002459482034,266.9730839280978,97.56999969482422,21773.974609375,1859.800048828125,92.8624856911135,256.0789852689524,101.31999969482422,22946.56640625,1875.300048828125,99.18027172399981,266.79766475449935,64622500.0,32572572185.0,223.0,119455000.0,42375100.0
2023-02-10,97.61000061035156,21651.18359375,1862.800048828125,93.79478454589844,256.3713073730469,98.81999969482422,21941.185546875,1863.5,95.95691481547425,257.3359789229723,96.2300033569336,21539.392578125,1852.4000244140625,93.47740797269714,253.99370721574917,97.55999755859375,21819.005859375,1861.5999755859375,94.6675682304884,254.8414524853322,52740100.0,27078406594.0,27.0,54980700.0,25818500.0
2023-02-11,,21870.875,,,,,21891.41015625,,,,,21618.44921875,,,,,21651.841796875,,,,,16356226232.0,,,
2023-02-12,,21788.203125,,,,,22060.994140625,,,,,21682.828125,,,,,21870.90234375,,,,,17821046406.0,,,
2023-02-13,99.54000091552734,21808.1015625,1851.9000244140625,93.83446502685547,264.3811340332031,99.68000030517578,21898.4140625,1861.0,94.4196250562035,267.5772484865755,96.91000366210938,21460.087890625,1850.0,93.07077262109874,260.31776661024463,97.8499984741211,21787.0,1859.0,93.96339666886732,260.79525532690366,52841500.0,23918742607.0,569.0,50076100.0,44630900.0
2023-02-14,99.69999694824219,22220.8046875,1854.0,93.90387725830078,265.2093200683594,100.91999816894531,22293.140625,1862.0,94.07248189644318,267.93769873660716,97.5199966430664,21632.39453125,1846.199951171875,91.50371660885547,262.3932169633668,98.41000366210938,21801.822265625,1854.0999755859375,93.65592659037824,265.69653266891055,56202900.0,26792596581.0,656.0,54726100.0,37047900.0
2023-02-15,101.16000366210938,24307.841796875,1834.199951171875,96.14537048339844,263.0894775390625,101.16999816894531,24307.841796875,1842.0,96.32389529866973,264.46686175376715,98.44999694824219,22082.76953125,1828.199951171875,93.37823963012109,260.0221049308035,99.08999633789062,22220.5859375,1842.0,93.7154489662695,262.11261183883863,47957600.0,32483312909.0,368.0,50169000.0,28922400.0
2023-02-16,98.1500015258789,23623.474609375,1842.0,94.72708892822266,256.08544921875,100.62999725341797,25134.1171875,1843.699951171875,96.8792992195654,260.5692611640796,98.0999984741211,23602.5234375,1827.199951171875,93.96339652364621,255.84123268701143,99.20999908447266,24307.349609375,1838.5999755859375,94.58823713954602,257.9121841063004,56339200.0,39316664596.0,222.0,42462600.0,29603600.0
2023-02-17,97.19999694824219,24565.6015625,1840.4000244140625,93.57658386230469,252.08999633789062,97.94000244140625,24924.041015625,1842.199951171875,94.77666422937034,254.07303280103977,95.6500015258789,23460.755859375,1818.4000244140625,92.44592938203277,250.07765509199857,97.80000305175781,23621.283203125,1827.4000244140625,94.07248521564689,253.38924459984534,60029400.0,41358451255.0,35.0,34284100.0,30000100.0
2023-02-18,,24641.27734375,,,,,24798.8359375,,,,,24468.373046875,,,,,24565.296875,,,,,19625427158.0,,,
2023-02-19,,24327.642578125,,,,,25093.0546875,,,,,24327.642578125,,,,,24640.02734375,,,,,25555105670.0,,,
2023-02-20,,24829.1484375,,,,,25020.458984375,,,,,23927.91015625,,,,,24336.623046875,,,,,28987376573.0,,,
2023-02-21,94.58000183105469,24436.353515625,1833.0,91.03758239746094,246.82469177246094,95.61000061035156,25126.8515625,1843.0,92.3368416794246,249.57946061577636,94.2699966430664,24200.36328125,1833.0,90.96815650224582,245.7696748690076,95.33999633789062,24833.048828125,1842.5999755859375,92.23766291009657,248.59281657060217,56580400.0,31252098714.0,862.0,33629300.0,28397400.0
2023-02-22,95.79000091552734,24188.84375,1832.0,90.89871978759766,245.69154357910156,97.01000213623047,24472.33984375,1836.199951171875,91.35494812568693,248.4560759372167,94.80000305175781,23644.318359375,1825.0999755859375,89.86724406227897,244.54861223485597,95.0999984741211,24437.41796875,1835.699951171875,90.94830538293209,248.21185945581914,59534100.0,30199996781.0,278.0,30884000.0,22491100.0
2023-02-23,95.81999969482422,23947.4921875,1818.0,90.14495086669922,248.8761444091797,96.43000030517578,24572.08984375,1827.5,91.18634677544837,250.89824919216971,93.66999816894531,23693.919921875,1818.0,89.02421648917793,244.68538110016482,96.12000274658203,24190.71875,1826.4000244140625,91.1665064831145,249.64786195781076,48467000.0,30476264066.0,291.0,41206400.0,29219100.0
2023-02-24,93.5,23198.126953125,1808.800048828125,88.39938354492188,243.4545135498047,94.13999938964844,24103.705078125,1808.800048828125,89.1531558147064,245.1933336076266,92.31999969482422,23007.072265625,1808.800048828125,87.85389652834307,242.36042854419725,93.52999877929688,23946.0078125,1808.800048828125,88.70684756779147,244.17739966038974,57053800.0,26811744928.0,404.0,36585100.0,24990900.0
2023-02-25,,23175.375,,,,,23210.2109375,,,,,22861.55859375,,,,,23200.125,,,,,16100721565.0,,,
2023-02-26,,23561.212890625,,,,,23654.3671875,,,,,23084.220703125,,,,,23174.150390625,,,,,16644534842.0,,,
2023-02-27,93.76000213623047,23522.87109375,1817.0,89.1333236694336,244.372802734375,94.77999877929688,23857.890625,1817.5,89.42094740013515,246.971269878113,93.13999938964844,23205.87890625,1808.9000244140625,88.6076618097586,243.6206117389156,94.27999877929688,23561.451171875,1811.5999755859375,89.1333236694336,246.6195975210222,47470300.0,22660763494.0,829.0,27502300.0,21190000.0
2023-02-28,94.2300033569336,23147.353515625,1828.9000244140625,89.32176208496094,243.6498565673828,94.69000244140625,23585.384765625,1830.0,90.48217716813194,245.67197584948505,92.91999816894531,23077.650390625,1808.0999755859375,88.58783009603324,242.97581680668205,93.13999938964844,23521.837890625,1808.0999755859375,88.59775024323443,243.30796249415872,43959300.0,20535363434.0,618.0,30142000.0,22491000.0
2023-03-01,92.16999816894531,23646.55078125,1837.699951171875,89.61930084228516,240.57278442382812,94.68000030517578,23880.6328125,1841.699951171875,90.28380689652273,245.12496847434377,91.58999633789062,23088.626953125,1827.0999755859375,88.93495449477956,240.10387803031043,93.87000274658203,23150.9296875,1827.0999755859375,89.24241850559551,244.9589030496448,52299500.0,24662841200.0,211.0,31111200.0,27565300.0
2023-03-02,92.12999725341797,23475.466796875,1833.5,91.24585723876953,245.30081176757812,92.2300033569336,23739.138671875,1836.300048828125,91.52356081097336,245.58409633737872,90.38999938964844,23245.021484375,1830.0,88.85560886814189,239.9280489885474,91.41000366210938,23647.01953125,1830.0,88.92504232804767,240.8463053757084,55509400.0,20386398516.0,154.0,32204400.0,24808200.0
2023-03-03,94.9000015258789,22362.6796875,1847.699951171875,92.88233184814453,249.38412475585938,94.94000244140625,23479.34765625,1855.4000244140625,92.96167788657921,249.70649233770646,92.66000366210938,22213.23828125,1837.300048828125,91.69216397218837,245.5743531627447,92.73999786376953,23476.6328125,1837.300048828125,91.7219244117424,246.35584897578673,55759600.0,26062404610.0,61.0,35160100.0,30760100.0
2023-03-04,,22353.349609375,,,,,22405.177734375,,,,,22198.98046875,,,,,22362.923828125,,,,,11166012913.0,,,
2023-03-05,,22435.513671875,,,,,22613.685546875,,,,,22307.142578125,,,,,22354.14453125,,,,,13317001733.0,,,
2023-03-06,93.75,22429.7578125,1847.9000244140625,94.3501968383789,250.92755126953125,96.55000305175781,22584.29296875,1853.800048828125,95.18331511806566,254.1023656002355,93.73999786376953,22331.314453125,1844.199951171875,93.22946240796787,250.0581411721239,95.19000244140625,22436.81640625,1853.300048828125,93.24929513438325,250.49772786752465,52112400.0,17353192895.0,5.0,32639300.0,24109800.0
2023-03-07,93.55000305175781,22219.76953125,1813.9000244140625,93.09060668945312,248.2704620361328,95.08999633789062,22527.41796875,1840.9000244140625,94.8857672449639,251.72857566259853,92.77999877929688,22011.26171875,1813.9000244140625,92.76330996601668,247.52804931967242,94.05999755859375,22428.322265625,1840.9000244140625,94.20142849315206,250.37071775470054,49100700.0,22765452204.0,450.0,27835500.0,21473200.0
2023-03-08,93.91999816894531,21718.080078125,1812.699951171875,93.47740936279297,247.8308563232422,94.16999816894531,22268.896484375,1812.9000244140625,95.1733911604508,248.65142003720348,92.18000030517578,21708.05078125,1811.5,93.229458674828,245.0077146908978,93.5999984741211,22216.44140625,1811.5999755859375,93.3484777291188,248.16298712568516,44899100.0,22536575684.0,75.0,34103300.0,17340200.0
2023-03-09,92.25,20363.021484375,1829.300048828125,91.563232421875,246.4828338623047,96.20999908447266,21802.716796875,1829.300048828125,94.74691844025844,253.55533409337485,92.18000030517578,20210.306640625,1815.5999755859375,91.14667706997915,245.7599476632948,93.68000030517578,21720.080078125,1816.4000244140625,93.27905456209555,249.90186482884056,56218700.0,30364664171.0,332.0,28813500.0,26653400.0
2023-03-10,90.7300033569336,20187.244140625,1862.0,89.88707733154297,242.83909606933594,93.56999969482422,20370.595703125,1868.5,92.02937482791765,246.94192996221227,90.25,19628.25390625,1852.0,89.65896694454361,241.87200834587694,92.66999816894531,20367.001953125,1852.300048828125,91.41445442058324,245.27149758216976,69827500.0,39578257695.0,248.0,35941000.0,28333900.0
2023-03-11,,20632.41015625,,,,,20792.525390625,,,,,20068.66015625,,,,,20187.876953125,,,,,30180288176.0,,,
2023-03-12,,22163.94921875,,,,,22185.03125,,,,,20448.806640625,,,,,20628.029296875,,,,,29279035521.0,,,
2023-03-13,92.43000030517578,24197.533203125,1911.699951171875,90.36314392089844,248.04576110839844,94.0199966430664,24550.837890625,1913.0999755859375,91.81117494395599,251.94346100015755,88.12000274658203,21918.19921875,1875.0999755859375,88.68699494914536,240.04522785498133,89.97000122070312,22156.40625,1890.800048828125,89.35150093708918,241.67659194545388,72397100.0,49466362688.0,503.0,37335600.0,33339700.0
2023-03-14,94.87999725341797,24746.07421875,1906.199951171875,93.19969940185547,254.75682067871094,95.06999969482422,26514.716796875,1912.199951171875,93.58650184316622,255.0303418891499,92.70999908447266,24081.18359375,1901.0999755859375,91.6822425064281,249.94086490517674,93.83000183105469,24201.765625,1912.199951171875,91.80125398569051,250.81027480388371,60912700.0,54622230164.0,107.0,36050200.0,33620300.0
2023-03-15,96.19999694824219,24375.9609375,1926.5999755859375,95.3221664428711,259.2992858886719,96.66999816894531,25240.615234375,1926.5999755859375,96.13544442535732,260.3152347680269,93.06999969482422,23964.91015625,1898.5,91.88060956204423,253.21340062279128,93.22000122070312,24770.92578125,1903.9000244140625,92.45585699442236,253.96560644232494,70731800.0,43655701450.0,564.0,50622100.0,46028000.0
2023-03-16,100.04000091552734,25052.7890625,1919.0,99.49765014648438,269.8103332519531,100.98999786376953,25190.326171875,1931.699951171875,100.36052125064333,270.1619906139307,95.61000061035156,24225.111328125,1909.9000244140625,94.71716126290511,257.18921458978684,95.75,24373.45703125,1909.9000244140625,95.41142015117943,259.0745583407351,84446900.0,33866061747.0,394.0,65492000.0,54768800.0
2023-03-17,98.94999694824219,27423.9296875,1969.800048828125,100.78699493408203,272.9656066894531,100.66000366210938,27787.8125,1985.0999755859375,101.99698789396676,276.7753773938965,97.45999908447266,24955.169921875,1946.0,99.27945056518114,269.9275683237235,99.79000091552734,25055.123046875,1946.0,99.43814263216196,271.8226903839095,87300200.0,50730261335.0,82.0,61028500.0,69527400.0
2023-03-18,,26965.87890625,,,,,27725.953125,,,,,26636.26171875,,,,,27448.1171875,,,,,35723036817.0,,,
2023-03-19,,28038.67578125,,,,,28440.560546875,,,,,26907.716796875,,,,,26969.50390625,,,,,37769448859.0,,,
2023-03-20,97.70999908447266,27767.236328125,1979.199951171875,100.39027404785156,265.9322204589844,98.4800033569336,28527.724609375,2003.9000244140625,100.91592828670724,271.0607665452562,95.69999694824219,27242.880859375,1968.9000244140625,99.05134186896636,263.607274796688,98.41000366210938,28041.6015625,1988.300048828125,99.29929255271749,270.57233358465885,62388900.0,44774027664.0,389.0,32960400.0,43466600.0
2023-03-21,100.61000061035156,28175.81640625,1938.0,104.05994415283203,267.4463195800781,100.8499984741211,28439.5625,1973.800048828125,104.23846895297474,268.6380970576698,98.0,27439.646484375,1938.0,100.39027695383191,263.2848617004978,98.13999938964844,27768.392578125,1973.800048828125,100.4200298260466,268.5208779306245,58597300.0,36102192830.0,47.0,42110300.0,34558700.0
2023-03-22,98.69999694824219,27307.4375,1946.800048828125,102.52265930175781,265.9908142089844,102.0999984741211,28803.3359375,1974.0,105.71625799716358,274.5383905110529,98.61000061035156,26759.99609375,1946.800048828125,102.48298628129344,265.8833434620223,100.44999694824219,28158.720703125,1946.800048828125,103.41527577821408,267.0751210074597,57475400.0,33382021890.0,50.0,43427400.0,34873300.0
2023-03-23,98.70999908447266,28333.97265625,1993.800048828125,104.73436737060547,271.236572265625,101.05999755859375,28729.84375,1994.5999755859375,105.42863382566868,274.55791015384574,97.62000274658203,27183.36328125,1990.5,103.60371285731998,268.8334906504202,100.43000030517578,27301.95703125,1990.5,104.19879298533533,271.5100935079119,57559300.0,24220433689.0,33.0,40797800.0,36610900.0
2023-03-24,98.12999725341797,27493.28515625,1982.0999755859375,104.57569885253906,274.07928466796875,98.30000305175781,28388.4375,1995.4000244140625,104.62528445678801,274.1378942395977,96.4000015258789,27039.265625,1982.0999755859375,102.98880817946215,268.911655484411,98.06999969482422,28324.111328125,1991.699951171875,104.12938301316537,270.82630438464923,56095400.0,25980310960.0,19.0,30393300.0,28172000.0
2023-03-25,,27494.70703125,,,,,27791.826171875,,,,,27196.234375,,,,,27487.337890625,,,,,13383005987.0,,,
2023-03-26,,27994.330078125,,,,,28178.14453125,,,,,27445.046875,,,,,27495.5234375,,,,,13878363192.0,,,
2023-03-27,98.04000091552734,27139.888671875,1952.4000244140625,101.62010955810547,269.9862060546875,99.33999633789062,28037.92578125,1957.199951171875,103.90125892558605,274.9486717802247,97.08000183105469,26606.689453125,1952.4000244140625,101.09445530767543,269.1460858667074,99.06999969482422,27994.068359375,1957.199951171875,103.76240714497641,274.0108888501196,46721300.0,18188895178.0,877.0,31120900.0,26840200.0
2023-03-28,97.23999786376953,27268.130859375,1972.4000244140625,100.20183563232422,268.86273193359375,98.44000244140625,27460.71875,1972.4000244140625,101.61019379170308,269.7516832139701,96.29000091552734,26677.818359375,1972.4000244140625,98.92240911282488,265.75627664438014,98.11000061035156,27132.888671875,1972.4000244140625,101.60028121184264,269.40977428896804,38720100.0,17783600385.0,21.0,32057900.0,21878600.0
2023-03-29,100.25,28348.44140625,1966.0999755859375,100.55888366699219,274.0206298828125,100.41999816894531,28619.54296875,1966.0999755859375,101.64986521604924,274.63606009495277,98.55999755859375,27259.662109375,1966.0999755859375,99.82495172553267,271.96920577953756,98.69000244140625,27267.03125,1966.0999755859375,101.44158753942646,272.5064700346815,49783300.0,20684945906.0,88563.0,28779600.0,25087000.0
2023-03-30,102.0,28033.5625,1980.300048828125,100.06298065185547,277.478759765625,103.04000091552734,29159.90234375,1984.4000244140625,100.33077163663715,277.8792783804837,101.01000213623047,27720.16015625,1954.9000244140625,98.96207897409658,274.9682369436602,101.55000305175781,28350.140625,1965.9000244140625,100.0828209446528,277.65461829253616,53633400.0,22435349951.0,10119.0,33086200.0,25053400.0
2023-03-31,103.29000091552734,28478.484375,1969.0,102.87969207763672,281.6304016113281,103.48999786376953,28639.896484375,1986.800048828125,103.03837656666258,282.57796264121714,101.94999694824219,27583.71484375,1968.0,100.21174053127761,276.45302473352956,102.16000366210938,28032.26171875,1981.300048828125,100.46961133865507,277.1661475082968,56750300.0,19001327598.0,957.0,36863400.0,32766000.0
2023-04-01,,28411.03515625,,,,,28802.45703125,,,,,28297.171875,,,,,28473.33203125,,,,,10876469901.0,,,
2023-04-02,,28199.30859375,,,,,28518.958984375,,,,,27884.087890625,,,,,28462.845703125,,,,,12284641999.0,,,
2023-04-03,102.41000366210938,27790.220703125,1983.9000244140625,103.50454711914062,280.585205078125,103.29000091552734,28475.623046875,1991.699951171875,103.67315178936734,281.60112415662576,101.43000030517578,27276.720703125,1950.0,101.09446586563742,277.3810860970175,102.30000305175781,28183.080078125,1968.0999755859375,101.55069427340956,279.89160882011697,41135700.0,19556501327.0,737.0,25035400.0,24883300.0
2023-04-04,103.94999694824219,28168.08984375,2022.199951171875,103.86158752441406,280.536376953125,104.19999694824219,28433.7421875,2027.0999755859375,104.71453851392779,283.7307479234541,102.11000061035156,27681.3046875,1979.0,103.18716133658586,279.0613295322564,102.75,27795.2734375,1984.5999755859375,103.47478504857116,280.5852381411604,48662500.0,15284538859.0,811.0,24420100.0,25824300.0
2023-04-05,101.0999984741211,28177.984375,2020.9000244140625,103.61363983154297,277.76202392578125,103.91000366210938,28739.23828125,2033.800048828125,105.2302756731111,280.5070144974699,100.75,27843.763671875,2013.5999755859375,102.8102819841236,276.37489115464507,103.91000366210938,28169.7265625,2022.0999755859375,104.91289907946413,279.23710085498425,45175400.0,17052315986.0,525.0,28290500.0,22064800.0
2023-04-06,102.05999755859375,28044.140625,2011.9000244140625,107.53125762939453,284.8540954589844,102.37999725341797,28178.384765625,2023.300048828125,108.27510972849137,285.3229720001434,99.80000305175781,27738.759765625,2005.0,103.47478781441008,275.50548186907776,100.75,28175.2265625,2022.199951171875,104.39716471996435,276.65817644820123,43808000.0,13837809380.0,0.0,48711500.0,29770300.0
2023-04-07,,27925.859375,,,,,28111.59375,,,,,27794.03125,,,,,28038.966796875,,,,,10861680497.0,,,
2023-04-08,,27947.794921875,,,,,28159.86328125,,,,,27883.38671875,,,,,27920.513671875,,,,,9373255556.0,,,
2023-04-09,,28333.05078125,,,,,28532.830078125,,,,,27828.48046875,,,,,27952.3671875,,,,,12175322951.0,,,
2023-04-10,102.16999816894531,29652.98046875,1989.0999755859375,105.5674819946289,282.69525146484375,102.19999694824219,29771.46484375,2006.5999755859375,106.70804904814693,282.9003849670169,99.56999969482422,28189.271484375,1984.0,104.2583027310059,278.123496163904,100.95999908447266,28336.02734375,2000.0,106.10305636159114,282.5193929371124,37261200.0,19282400094.0,652.0,27067400.0,23103000.0
2023-04-11,99.91999816894531,30235.05859375,2004.800048828125,104.48641204833984,276.2869873046875,101.0,30509.083984375,2006.5,105.85510460555605,279.36413893859026,99.01000213623047,29609.30078125,1991.4000244140625,103.82190606100231,275.1245442349261,100.80000305175781,29653.6796875,1991.4000244140625,105.67657981839106,279.1394490348436,60417800.0,20121259843.0,68.0,26311800.0,27276600.0
2023-04-12,97.83000183105469,30139.052734375,2010.9000244140625,103.78223419189453,276.93170166015625,100.51000213623047,30462.48046875,2025.699951171875,105.87493849967197,280.37028867291156,97.70999908447266,29725.57421875,2005.199951171875,103.48469035438097,275.43709804068334,100.4000015258789,30231.58203125,2005.199951171875,105.70633385627954,278.20164520430563,56735000.0,18651929926.0,172.0,24370300.0,27403400.0
2023-04-13,102.4000015258789,30399.06640625,2041.300048828125,106.54936218261719,283.13482666015625,102.56999969482422,30539.845703125,2048.60009765625,106.6088679220058,283.1934362329106,98.70999908447266,29878.623046875,2015.5999755859375,104.9723919871335,276.61914739244156,98.94999694824219,29892.740234375,2015.5999755859375,104.9723919871335,277.02941440172174,67925100.0,17487721001.0,1043.0,24843600.0,24222700.0
2023-04-14,102.51000213623047,30485.69921875,2002.199951171875,107.97755432128906,279.5204162597656,103.19999694824219,31005.607421875,2047.800048828125,108.04698020224498,281.8062788337825,101.11000061035156,30044.498046875,1995.0,105.96418863986013,277.1270829372931,102.06999969482422,30409.5625,2041.0,106.01378179776587,280.36050660414264,51450500.0,22659995079.0,718.0,26578000.0,20987900.0
2023-04-15,,30318.49609375,,,,,30601.740234375,,,,,30245.8828125,,,,,30490.75,,,,,11940685378.0,,,
2023-04-16,,30315.35546875,,,,,30555.537109375,,,,,30157.83203125,,,,,30315.9765625,,,,,12854816417.0,,,
2023-04-17,102.73999786376953,29445.044921875,1994.199951171875,105.1013412475586,282.1188659667969,103.7300033569336,30319.197265625,2007.5999755859375,105.2897861961485,284.85410843164084,101.58999633789062,29275.37109375,1983.199951171875,103.66322268410477,279.53995543823305,103.16000366210938,30317.146484375,2002.699951171875,103.80208203407157,283.22272922701467,39919500.0,17872186762.0,554.0,37571200.0,23836200.0
2023-04-18,102.30000305175781,30397.552734375,2007.4000244140625,103.64337921142578,281.6988830566406,104.19999694824219,30470.302734375,2007.4000244140625,105.66665757008278,285.0104735694553,101.5199966430664,29154.849609375,1996.9000244140625,103.21690375984336,280.3703594203557,103.94999694824219,29449.091796875,1996.9000244140625,105.61706440974724,284.8248666185642,39790500.0,19480529496.0,72.0,26596400.0,20161800.0
2023-04-19,104.30000305175781,28822.6796875,1995.199951171875,103.32601928710938,281.7770080566406,105.12000274658203,30411.0546875,2006.4000244140625,104.11946457904193,282.36310380411163,101.38999938964844,28669.8984375,1969.800048828125,102.22511753880913,277.957458440505,101.58000183105469,30394.1875,2005.699951171875,102.73093910158751,279.3738962456723,58398900.0,24571565421.0,61.0,20905700.0,17150300.0
2023-04-20,103.80999755859375,28245.98828125,2007.5999755859375,104.42691040039062,279.4911193847656,105.25,29076.400390625,2007.5999755859375,105.37904011363008,282.3435812467073,103.20999908447266,28037.2578125,1998.0,103.01855233915232,278.4849485884654,103.52999877929688,28823.68359375,1998.0,103.05822535639409,278.6510289270091,57696900.0,21340360360.0,164.0,27820800.0,23244400.0
2023-04-21,106.95999908447266,27276.91015625,1979.5,104.54592895507812,279.14923095703125,108.1500015258789,28349.96875,1996.199951171875,105.13108893118996,279.64741233312054,105.08000183105469,27177.365234375,1974.0999755859375,103.92108839505883,276.5116808961058,106.0999984741211,28249.23046875,1996.199951171875,104.6054346972307,278.41658147472793,86774200.0,20759504330.0,132.0,25800100.0,21676400.0
2023-04-22,,27817.5,,,,,27872.142578125,,,,,27169.5703125,,,,,27265.89453125,,,,,13125734602.0,,,
2023-04-23,,27591.384765625,,,,,27820.244140625,,,,,27400.314453125,,,,,27816.14453125,,,,,12785446832.0,,,
2023-04-24,106.20999908447266,27525.33984375,1989.0999755859375,105.1013412475586,275.2514953613281,109.2300033569336,27979.982421875,1989.800048828125,105.75592714410803,278.35795159650013,105.06999969482422,27070.849609375,1977.4000244140625,103.84174748622819,272.27206627525993,107.66000366210938,27591.73046875,1981.300048828125,104.62527258627793,275.564099605755,69575600.0,17703288330.0,145.0,23542800.0,26611000.0
2023-04-25,102.56999969482422,28307.59765625,1994.0,102.99871826171875,269.0484619140625,105.44999694824219,28371.078125,1999.0999755859375,105.81544212100182,275.0854869775857,102.44999694824219,27207.931640625,1982.300048828125,102.98879811509617,268.99960072437375,104.91000366210938,27514.873046875,1995.699951171875,104.96249111597527,273.0438405005658,65026800.0,17733373139.0,306.0,46664100.0,45772200.0
2023-04-26,104.9800033569336,28422.701171875,1985.699951171875,102.85985565185547,288.5368347167969,106.62000274658203,29995.837890625,1998.800048828125,105.47821413741524,292.6396828327942,104.0999984741211,27324.548828125,1985.5999755859375,101.78870693498448,285.9579246128152,105.04000091552734,28300.05859375,1997.800048828125,104.05993599383254,289.83608287187946,73803800.0,31854242019.0,615.0,53347600.0,64599200.0
2023-04-27,109.81999969482422,29473.787109375,1989.9000244140625,106.70805358886719,297.77801513671875,110.86000061035156,29871.546875,2002.300048828125,107.48166608530138,298.13948055653924,106.80000305175781,28402.88671875,1979.9000244140625,102.6912570160058,288.419653058881,108.16000366210938,28428.46484375,1990.5999755859375,103.59379357823073,289.1229976897944,149961200.0,27153445027.0,355.0,50089200.0,46462600.0
2023-04-28,105.44999694824219,29340.26171875,1990.0999755859375,106.46011352539062,300.1518249511719,109.4800033569336,29572.791015625,1990.0999755859375,106.47003367253913,301.78317430412875,104.33000183105469,28929.609375,1977.699951171875,104.22855712885315,296.2931927346846,107.7300033569336,29481.013671875,1986.9000244140625,106.16257721263207,296.9770107869876,130715900.0,17544464887.0,152.0,36139800.0,36469600.0
2023-04-29,,29248.48828125,,,,,29452.455078125,,,,,29088.04296875,,,,,29336.56640625,,,,,10662634333.0,,,
2023-04-30,,29268.806640625,,,,,29952.029296875,,,,,29114.021484375,,,,,29245.515625,,,,,14652199272.0,,,
2023-05-01,102.05000305175781,28091.568359375,1983.4000244140625,106.32125091552734,298.49114990234375,105.2300033569336,29329.935546875,2005.0,107.1047759897289,301.460830664017,101.81999969482422,27680.79296875,1976.9000244140625,105.9443685976354,298.0906312953761,104.94999694824219,29227.103515625,1980.0999755859375,105.96420132305943,299.8685344351108,74728100.0,18655599976.0,210.0,26681700.0,21294100.0
2023-05-02,103.62999725341797,28680.537109375,2014.300048828125,104.45667266845703,298.3446044921875,103.9000015258789,28881.298828125,2018.0,106.32125924543107,302.02737803508757,101.1500015258789,27924.123046875,1994.699951171875,102.85986952338662,296.8793057090036,101.47000122070312,28087.17578125,1994.699951171875,106.26175349764249,300.640245214825,73469400.0,16432924527.0,1896.0,30997200.0,26404400.0
2023-05-03,103.6500015258789,29006.30859375,2028.5999755859375,104.54592895507812,297.35797119140625,105.95999908447266,29259.533203125,2035.0999755859375,106.60887287386203,301.47056824435134,103.27999877929688,28178.388671875,2015.199951171875,104.09961318837087,297.05514515019064,103.73999786376953,28680.494140625,2017.0999755859375,104.66494043938329,299.52661466140324,65051900.0,19122972518.0,1349.0,21795400.0,22360800.0
2023-05-04,104.0,28847.7109375,2048.0,103.83184814453125,298.3446044921875,105.38999938964844,29353.185546875,2072.0,104.73438484982799,300.640245214825,103.30999755859375,28694.0390625,2040.0,103.11774884499437,296.38109458301545,104.04000091552734,29031.3046875,2045.0,104.6252859253512,299.15539003512066,45345500.0,15548678514.0,930.0,23419500.0,22519900.0
2023-05-05,105.66000366210938,29534.384765625,2017.4000244140625,104.7046127319336,303.46343994140625,105.76000213623047,29668.908203125,2046.4000244140625,105.01206915340022,304.75291031393346,103.55000305175781,28845.509765625,2004.300048828125,103.25658167035746,297.2310296191115,104.2699966430664,28851.48046875,2046.4000244140625,103.96076069275621,298.6474973511191,56951700.0,17936566518.0,59.0,26639300.0,28197100.0
2023-05-06,,28904.623046875,,,,,29820.126953125,,,,,28468.966796875,,,,,29538.859375,,,,,15913866714.0,,,
2023-05-07,,28454.978515625,,,,,29157.517578125,,,,,28441.3671875,,,,,28901.623046875,,,,,11301355486.0,,,
2023-05-08,105.83000183105469,27694.2734375,2026.300048828125,106.88658142089844,301.5096130371094,106.0999984741211,28663.271484375,2026.300048828125,107.07502636899285,303.0237728629805,104.69999694824219,27310.134765625,2022.5,104.29798314719713,299.0088390583922,105.04000091552734,28450.45703125,2022.5,104.3178158732233,302.95538510450854,49430900.0,19122903752.0,3.0,26511400.0,21318600.0
2023-05-09,106.62000274658203,27658.775390625,2036.199951171875,106.47002410888672,299.8978576660156,106.79000091552734,27821.400390625,2037.300048828125,109.2470748463162,302.8675386103428,105.16000366210938,27375.6015625,2025.9000244140625,106.31133960304034,299.22381775082977,105.4800033569336,27695.068359375,2026.5999755859375,107.50149988087897,300.8747236518984,44089400.0,14128593256.0,241.0,36360100.0,21340800.0
2023-05-10,110.19000244140625,27621.755859375,2030.5,110.83394622802734,305.0849609375,110.66999816894531,28322.6875,2044.300048828125,112.01419380388454,305.7590007361898,108.05000305175781,26883.669921875,2029.5,107.04526040460696,300.5523190484158,108.0999984741211,27654.63671875,2032.300048828125,107.0849334186618,301.4803236876646,78627600.0,20656025026.0,248.0,63153400.0,30078000.0
2023-05-11,112.18000030517578,27000.7890625,2014.699951171875,115.61444854736328,302.93585205078125,113.27999877929688,27621.94140625,2038.300048828125,116.95338077292648,303.922496091225,110.48999786376953,26781.826171875,2014.0,113.4721584998331,299.17494240713177,111.02999877929688,27621.0859375,2034.0999755859375,114.45404112299883,302.92610366423224,74924800.0,16724343943.0,90.0,78900000.0,31680200.0
2023-05-12,110.26000213623047,26804.990234375,2014.5,116.54674530029297,301.8222351074219,112.63999938964844,27055.646484375,2014.5,117.06247940985591,303.463362538451,109.31999969482422,25878.4296875,2014.5,115.15821991274791,299.50706787229524,112.16000366210938,26987.662109375,2014.5,115.72354718741605,303.3656699936466,49852700.0,19313599897.0,115.0,41102300.0,19774700.0
2023-05-13,,26784.078125,,,,,27030.482421875,,,,,26710.873046875,,,,,26807.76953125,,,,,9999171605.0,,,
2023-05-14,,26930.638671875,,,,,27150.9765625,,,,,26661.35546875,,,,,26788.974609375,,,,,10014858959.0,,,
2023-05-15,111.19999694824219,27192.693359375,2018.0,115.55494689941406,302.3009338378906,112.29000091552734,27646.34765625,2018.0,117.50879963545604,302.73075724835036,109.25,26766.09765625,2013.800048828125,115.05904549704219,300.4741992492285,111.1500015258789,26931.384765625,2013.800048828125,115.15822426414559,301.94927639928727,53011100.0,14413231792.0,3.0,36266800.0,16336500.0
2023-05-16,113.4000015258789,27036.650390625,1988.4000244140625,118.53034210205078,304.5281066894531,114.79000091552734,27299.3046875,1988.4000244140625,119.76017532413435,306.4525333293128,111.05000305175781,26878.947265625,1988.4000244140625,115.47558798788296,302.6622896072277,111.05000305175781,27171.513671875,1988.4000244140625,115.5350937281414,302.6622896072277,71472900.0,12732238816.0,49.0,45035600.0,26730300.0
2023-05-17,115.5,27398.802734375,1980.699951171875,119.84943389892578,307.4064025878906,115.83000183105469,27465.927734375,1983.5999755859375,120.67263195090871,307.82736596878567,114.22000122070312,26600.14453125,1980.699951171875,117.91542167256014,304.21484884759707,114.88999938964844,27035.470703125,1983.5999755859375,118.62952082286563,305.73231876094286,65655200.0,15140006925.0,13.0,33323600.0,24315000.0
2023-05-18,118.1500015258789,26832.208984375,1956.5,121.8231430053711,311.8315124511719,118.5999984741211,27466.52734375,1956.800048828125,122.29920412469264,312.3406122958503,116.33999633789062,26415.1015625,1956.5,119.83953735220288,307.1323177228801,116.69000244140625,27401.650390625,1956.5,119.95854884860573,307.9253064598199,73174100.0,15222938600.0,23.0,35234200.0,27276000.0
2023-05-19,116.25,26890.12890625,1978.699951171875,121.75370788574219,311.6552734375,118.30999755859375,27128.619140625,1978.699951171875,124.93739380984856,312.05666755980644,115.69999694824219,26700.2109375,1960.0,121.1487076020142,309.7266396617467,118.16000366210938,26826.75390625,1960.0,122.53723296740392,310.08886536616376,55056300.0,11258983301.0,106.0,41353400.0,27546700.0
2023-05-20,,27129.5859375,,,,,27155.158203125,,,,,26843.27734375,,,,,26888.841796875,,,,,7044911360.0,,,
2023-05-21,,26753.826171875,,,,,27265.91796875,,,,,26706.921875,,,,,27118.423828125,,,,,8647416921.0,,,
2023-05-22,115.01000213623047,26851.27734375,1974.800048828125,124.02494049072266,314.4356384277344,116.7699966430664,27045.734375,1980.5,125.39362560112353,315.8160338813464,114.25,26549.734375,1974.800048828125,121.73387092669454,311.33222095812204,116.7699966430664,26749.892578125,1980.5,121.93223602252743,311.90982815472574,70741100.0,11056770492.0,8.0,35253000.0,24115700.0
2023-05-23,114.98999786376953,27225.7265625,1972.4000244140625,121.55533599853516,308.6399841308594,117.13999938964844,27434.68359375,1972.4000244140625,123.60836727655007,315.94332604860966,113.77999877929688,26816.1796875,1972.4000244140625,121.20820656831121,308.63018455651456,114.2699966430664,26855.9609375,1972.4000244140625,123.14222636559451,313.3098099504378,67576300.0,13697203143.0,1.0,34046300.0,30797200.0
2023-05-24,116.75,26334.818359375,1962.800048828125,119.90894317626953,307.2595520019531,117.33999633789062,27224.603515625,1975.4000244140625,120.91066598216418,309.85389937046375,115.0199966430664,26106.576171875,1962.800048828125,118.8774675012544,306.0455701210907,115.3499984741211,27224.603515625,1975.4000244140625,120.12714097229151,308.12107789264667,63487900.0,16299104428.0,189.0,34182600.0,23384900.0
2023-05-25,115.0,26476.20703125,1943.0999755859375,122.46780395507812,319.07611083984375,116.87000274658203,26591.51953125,1943.0999755859375,124.2927173391139,320.03551297467794,114.30999755859375,25890.59375,1943.0999755859375,120.96025957388359,313.28041010709336,116.62999725341797,26329.4609375,1943.0999755859375,123.49927213144791,316.4523646988683,66496700.0,13851122697.0,1.0,42317000.0,43301700.0
2023-05-26,120.11000061035156,26719.291015625,1944.0999755859375,123.58854675292969,325.8998107910156,121.5,26916.669921875,1948.4000244140625,124.2332200823341,326.39908122008313,116.0199966430664,26343.94921875,1944.0999755859375,121.44624908602053,317.07899806419516,116.04000091552734,26474.181640625,1948.199951171875,122.16034830832359,317.2160427328644,96779900.0,12711619225.0,166036.0,35635900.0,36630600.0
2023-05-27,,26868.353515625,,,,,26888.8828125,,,,,26621.140625,,,,,26720.181640625,,,,,7892015141.0,,,
2023-05-28,,28085.646484375,,,,,28193.44921875,,,,,26802.751953125,,,,,26871.158203125,,,,,14545229578.0,,,
2023-05-29,,27745.884765625,,,,,28432.0390625,,,,,27563.876953125,,,,,28075.591796875,,,,,15181308984.0,,,
2023-05-30,121.66000366210938,27702.349609375,1958.0,122.65625,324.25506591796875,122.91999816894531,28044.759765625,1962.5999755859375,124.62994301273424,328.6899413465032,119.86000061035156,27588.501953125,1931.0,120.99994114625623,323.5795525189351,122.37000274658203,27745.123046875,1942.699951171875,124.61010271936992,328.19067091699185,64314800.0,13251081851.0,37838.0,35076700.0,29503100.0
2023-05-31,120.58000183105469,27219.658203125,1963.9000244140625,121.8628158569336,321.49432373046875,122.04000091552734,27831.677734375,1973.0,123.04305607346541,328.88577326121145,119.16999816894531,26866.453125,1953.0,121.49584608754014,320.45655463188933,121.44999694824219,27700.529296875,1958.199951171875,121.74379679384124,325.31242368593024,72800800.0,15656371534.0,5959.0,37325800.0,45950600.0
2023-06-01,122.7699966430664,26819.97265625,1978.0,122.7058334350586,325.5962829589844,123.48999786376953,27346.10546875,1983.0,123.40009231065325,326.52634626965755,119.93000030517578,26671.720703125,1954.300048828125,121.61485195904373,317.90134604784606,120.69000244140625,27218.412109375,1963.199951171875,121.81320947582672,319.08592941453026,54375100.0,14678970415.0,750.0,30772700.0,26773900.0
2023-06-02,124.25,27249.58984375,1952.4000244140625,123.6480484008789,328.3570861816406,126.38999938964844,27303.861328125,1982.5,125.11591981661117,330.4129952384752,124.0199966430664,26574.64453125,1947.4000244140625,122.74551182311099,325.5669260242761,124.91999816894531,26824.556640625,1977.0999755859375,122.97362222070807,327.2312404695121,61264400.0,14837415000.0,356.0,26980100.0,25873800.0
2023-06-03,,27075.12890625,,,,,27317.052734375,,,,,26958.00390625,,,,,27252.32421875,,,,,8385597470.0,,,
2023-06-04,,27119.06640625,,,,,27407.01953125,,,,,26968.224609375,,,,,27075.123046875,,,,,9360912318.0,,,
2023-06-05,125.30000305175781,25760.09765625,1958.0,124.9770736694336,328.8857116699219,125.80000305175781,27129.982421875,1961.9000244140625,126.38543183753264,331.4506903935802,123.02999877929688,25445.16796875,1937.800048828125,122.82485583017811,327.6325911531441,123.36000061035156,27123.109375,1947.5,122.99346805796284,328.18082951193753,47950100.0,21513292646.0,713.0,32305500.0,21307100.0
2023-06-06,126.61000061035156,27238.783203125,1965.5,126.26641082763672,326.6732177734375,127.4000015258789,27313.8203125,1965.5,127.23837332481472,328.3277327209836,125.0,25434.8671875,1958.800048828125,124.33239841304952,325.1949458046118,125.06999969482422,25732.109375,1960.800048828125,124.97707174019685,328.2885642949618,45695200.0,21929670693.0,164.0,26638300.0,20396200.0
2023-06-07,121.2300033569336,26345.998046875,1942.699951171875,121.4958267211914,316.5895080566406,127.37000274658203,27332.181640625,1968.4000244140625,127.98220950527097,327.4662003191764,120.62999725341797,26146.98828125,1940.699951171875,121.11894443175632,315.72798196124086,127.01000213623047,27235.650390625,1959.0,125.92918585387761,324.6858396601391,95663300.0,19530045082.0,139.0,52539000.0,40717100.0
2023-06-08,124.25,26508.216796875,1963.5999755859375,121.13878631591797,318.4299621582031,125.62999725341797,26797.513671875,1969.0,122.21985523958173,319.7809886890354,122.26000213623047,26246.6640625,1943.0999755859375,120.24616233464845,316.5600661501271,123.01000213623047,26347.654296875,1943.199951171875,121.22805249747213,317.137673313342,62159300.0,11904824295.0,433.0,29389200.0,23277700.0
2023-06-09,123.43000030517578,26480.375,1962.199951171875,121.22805786132812,319.9278869628906,125.80000305175781,26770.2890625,1969.800048828125,122.74551491320051,323.06067362544843,123.19000244140625,26339.314453125,1960.300048828125,120.9106812724846,317.59785876983193,124.08000183105469,26505.923828125,1965.0999755859375,121.2478905876319,318.16566645574613,51396000.0,11015551640.0,49.0,23778300.0,22529000.0
2023-06-10,,25851.240234375,,,,,26531.044921875,,,,,25501.8359375,,,,,26481.76171875,,,,,19872933189.0,,,
2023-06-11,,25940.16796875,,,,,26203.439453125,,,,,25668.986328125,,,,,25854.03125,,,,,10732609603.0,,,
2023-06-12,126.56999969482422,25902.5,1955.300048828125,122.6264877319336,324.8816223144531,126.77999877929688,26087.919921875,1963.5,123.0331304793446,325.1263726657708,123.52999877929688,25675.197265625,1951.4000244140625,120.66272258318774,318.33210052305157,124.0199966430664,25934.28515625,1959.699951171875,121.78345693305364,321.6802685980965,51338000.0,11677889997.0,212.0,28306400.0,24260300.0
2023-06-13,126.66000366210938,25918.728515625,1944.5999755859375,122.81494140625,327.2703552246094,128.41000366210938,26376.3515625,1967.5,124.13404093411759,329.90387113011326,125.18000030517578,25728.365234375,1940.300048828125,122.17026807883049,323.4522561033348,128.1199951171875,25902.94140625,1960.5999755859375,123.95551612909149,327.44656828941845,50564800.0,14143474486.0,343.0,22278300.0,22951300.0
2023-06-14,126.41999816894531,25124.67578125,1955.300048828125,122.65625,330.25634765625,126.94999694824219,26041.80078125,1958.199951171875,123.03313990537379,331.9206620825264,124.12000274658203,24902.15234375,1940.300048828125,120.45444658155986,325.82147225464075,126.69999694824219,25920.2578125,1946.199951171875,122.09092270879414,327.3193432875882,52422500.0,14265717766.0,202.0,30592300.0,26003800.0
2023-06-15,127.11000061035156,25576.39453125,1957.800048828125,124.06460571289062,340.7904052734375,127.69000244140625,25735.30859375,1958.800048828125,124.43157546435972,342.4938582086499,124.31999969482422,24797.16796875,1926.0,121.39666138886585,330.1192956143464,125.20999908447266,25121.673828125,1941.699951171875,122.13059332494937,330.393414820895,60458500.0,15837384409.0,329.0,35246300.0,38899100.0
2023-06-16,125.48999786376953,26327.462890625,1958.4000244140625,122.51739501953125,335.1415100097656,127.9000015258789,26463.173828125,1962.9000244140625,125.07624798326509,344.08959644957883,125.30000305175781,25245.357421875,1953.5,122.26944432692575,334.76951460321436,127.70999908447266,25575.283203125,1961.4000244140625,124.89772318191494,343.9427522263679,84247100.0,16324646965.0,119.0,45535600.0,46552000.0
2023-06-17,,26510.67578125,,,,,26769.39453125,,,,,26174.4921875,,,,,26328.6796875,,,,,11090276850.0,,,
2023-06-18,,26336.212890625,,,,,26675.92578125,,,,,26325.890625,,,,,26510.45703125,,,,,9565695129.0,,,
2023-06-19,,26851.029296875,,,,,26984.611328125,,,,,26312.83203125,,,,,26335.44140625,,,,,12826986222.0,,,
2023-06-20,125.77999877929688,28327.48828125,1935.5,122.09091186523438,330.9513854980469,127.25,28388.96875,1958.5999755859375,123.5488630569753,334.89675963715365,124.5,26668.791015625,1931.300048828125,121.13878217339122,328.8073702091856,124.97000122070312,26841.6640625,1958.5999755859375,121.9223072208865,332.1849367263642,56930100.0,22211859147.0,193.0,26097500.0,26375400.0
2023-06-21,124.83000183105469,30027.296875,1933.300048828125,119.56183624267578,326.55572509765625,126.7300033569336,30737.330078125,1936.800048828125,121.6545408553707,330.638174337756,123.8499984741211,28283.41015625,1920.0,119.11552042137501,325.09702248062774,125.63999938964844,28311.310546875,1935.5999755859375,121.39666999640949,329.30671681424553,52137700.0,33346760979.0,557.0,30306300.0,25117800.0
2023-06-22,130.14999389648438,29912.28125,1912.699951171875,122.14051055908203,332.5765380859375,130.3300018310547,30495.998046875,1921.0,122.22976917477193,332.9779322220441,125.13999938964844,29679.158203125,1912.0999755859375,117.85592296831348,326.3403043071654,125.30999755859375,29995.935546875,1920.0,119.01633037340913,327.1039241601426,90354600.0,20653160491.0,237.0,26952200.0,23556800.0
2023-06-23,129.3300018310547,30695.46875,1919.0999755859375,121.3371353149414,327.9850158691406,130.83999633789062,31389.5390625,1932.5,121.78345105765439,330.86328217867896,128.27999877929688,29845.21484375,1918.699951171875,120.06762910490728,326.44800648245837,129.11000061035156,29896.3828125,1918.699951171875,120.38500565741582,327.33887140406574,71927800.0,24115570085.0,105.0,34913600.0,23146900.0
2023-06-24,,30548.6953125,,,,,30804.1484375,,,,,30290.146484375,,,,,30708.73828125,,,,,12147822496.0,,,
2023-06-25,,30480.26171875,,,,,31041.271484375,,,,,30327.943359375,,,,,30545.150390625,,,,,12703464114.0,,,
2023-06-26,127.33000183105469,30271.130859375,1923.699951171875,117.36994171142578,321.6998291015625,131.49000549316406,30636.029296875,1928.5,120.99994365310945,329.0521084557262,127.0999984741211,29955.744140625,1922.5,117.30051581692196,321.5921234240104,129.3300018310547,30480.5234375,1922.9000244140625,119.77011027896118,326.71231091411966,59989300.0,16493186997.0,71.0,33969900.0,21520600.0
2023-06-27,129.17999267578125,30688.1640625,1914.0,117.36001586914062,327.5445251464844,130.08999633789062,31006.787109375,1929.4000244140625,118.10386789770331,329.0913343051698,127.55000305175781,30236.650390625,1914.0,115.14829250813179,322.38516833897705,128.6300048828125,30274.3203125,1927.0,116.12026248820283,324.89140968264053,46801000.0,16428827944.0,49.0,39535900.0,24354100.0
2023-06-28,129.0399932861328,30086.24609375,1912.300048828125,119.19485473632812,328.7976379394531,131.47999572753906,30703.279296875,1912.300048828125,119.4031324056984,330.88291577640626,128.44000244140625,29921.822265625,1912.300048828125,115.89214976448287,326.80046664644476,128.94000244140625,30696.560546875,1912.300048828125,116.1301803056411,327.6326238415943,52149500.0,14571500779.0,628.0,27091400.0,20259500.0
2023-06-29,127.9000015258789,30445.3515625,1909.199951171875,118.12370300292969,328.014404296875,129.25999450683594,30796.25,1909.9000244140625,119.0758327106557,329.05214338180554,127.26000213623047,30057.203125,1892.5,117.33026536325183,325.6354380857654,128.77000427246094,30086.1875,1909.9000244140625,118.26255477904468,327.6815474089493,40761000.0,13180860821.0,289.0,24090900.0,16997000.0
2023-06-30,130.36000061035156,30477.251953125,1921.0999755859375,118.71878051757812,333.3891296386719,131.25,31256.86328125,1921.0999755859375,120.08747309044965,335.5331449952425,128.9499969482422,29600.275390625,1900.5999755859375,118.70886793868348,330.11926869973666,129.47000122070312,30441.353515625,1908.5999755859375,119.18492899866601,330.65770749403055,54350700.0,26387306197.0,445.0,29532200.0,26832800.0
2023-07-01,,30590.078125,,,,,30641.2890625,,,,,30328.865234375,,,,,30471.84765625,,,,,9086606733.0,,,
2023-07-02,,30620.76953125,,,,,30766.140625,,,,,30264.01953125,,,,,30587.26953125,,,,,10533418042.0,,,
2023-07-03,130.22000122070312,31156.439453125,1921.699951171875,118.91715240478516,330.8926086425781,131.85000610351562,31375.61328125,1929.5,119.2047761131289,333.7415057423032,130.07000732421875,30586.513671875,1917.9000244140625,117.84600360823359,329.5024436585688,130.82000732421875,30624.515625,1917.9000244140625,118.26255895127434,332.06742204256125,28264800.0,15271884873.0,41.0,14467900.0,12508700.0
2023-07-04,,30777.58203125,,,,,31325.197265625,,,,,30659.35546875,,,,,31156.865234375,,,,,12810828427.0,,,
2023-07-05,130.3800048828125,30514.166015625,1919.5999755859375,120.7519760131836,331.0493469238281,131.39999389648438,30877.330078125,1933.9000244140625,121.60492692137657,334.475852129054,129.63999938964844,30225.61328125,1914.699951171875,118.25263659472891,327.7011785685613,130.24000549316406,30778.724609375,1923.5,118.26254917337135,328.05360476311387,35895400.0,12481622280.0,193.0,27584800.0,18172400.0
2023-07-06,128.36000061035156,29909.337890625,1908.699951171875,119.12542724609375,334.103759765625,128.72999572753906,31460.052734375,1910.199951171875,119.31387218735846,335.78764318092107,127.37000274658203,29892.2265625,1903.199951171875,117.42944547527459,328.4549330731704,128.25,30507.150390625,1909.300048828125,118.81797081927608,330.21712344596347,40639900.0,21129219509.0,81.0,24745200.0,28161200.0
2023-07-07,129.77999877929688,30342.265625,1926.199951171875,118.50059509277344,330.1388854980469,130.97000122070312,30434.64453125,1934.0999755859375,120.05772509699975,334.6129295027738,128.1300048828125,29777.28515625,1913.4000244140625,118.42124905726847,329.9235039739729,128.58999633789062,29907.998046875,1913.4000244140625,119.1155079508008,332.1947946138884,41992300.0,13384770155.0,61.0,21709500.0,21214800.0
2023-07-08,,30292.541015625,,,,,30374.4375,,,,,30080.16015625,,,,,30346.921875,,,,,7509378699.0,,,
2023-07-09,,30171.234375,,,,,30427.58984375,,,,,30085.591796875,,,,,30291.611328125,,,,,7903327692.0,,,
2023-07-10,127.12999725341797,30414.470703125,1925.0,115.49542999267578,324.8620300292969,129.27999877929688,31026.083984375,1926.0999755859375,117.34018375745839,328.1906587789502,125.91999816894531,29985.39453125,1912.300048828125,115.18797355416356,320.71107354380314,129.07000732421875,30172.423828125,1923.5999755859375,117.33027117785484,327.57388310031735,61889300.0,14828209155.0,269.0,35315200.0,32791400.0
2023-07-11,128.77999877929688,30620.951171875,1931.300048828125,116.1797866821289,325.4886169433594,129.77000427246094,30788.314453125,1937.0,116.74511401095428,325.8704119772488,127.3499984741211,30358.09765625,1924.199951171875,114.40445865062509,320.13347775646093,127.75,30417.6328125,1925.0,115.33675576256198,324.10822129809816,49951500.0,12151839152.0,142.0,23078800.0,26698200.0
2023-07-12,130.8000030517578,30391.646484375,1956.199951171875,117.95510864257812,330.1192626953125,131.25999450683594,30959.96484375,1958.0,119.34363409167489,334.4758007177013,128.8300018310547,30228.8359375,1932.199951171875,117.4393745101533,328.62139184518895,130.30999755859375,30622.24609375,1932.300048828125,117.82617700118566,329.53185591792584,54022800.0,14805659717.0,132.0,30404400.0,29995300.0
2023-07-13,134.3000030517578,31476.048828125,1959.199951171875,123.51911163330078,335.4645690917969,134.6699981689453,31814.515625,1961.0999755859375,123.80673533006852,336.5218772871451,132.7100067138672,30268.3515625,1953.0,119.46263457450904,331.9009902308977,134.0399932861328,30387.48828125,1961.0999755859375,119.93870320943425,332.4296592669453,61170900.0,23686079548.0,121.0,44297900.0,20567200.0
2023-07-14,134.67999267578125,30334.068359375,1960.0999755859375,124.39190673828125,337.990478515625,136.64999389648438,31582.25390625,1960.5999755859375,125.74075916657561,344.05050037393715,134.05999755859375,29966.38671875,1952.699951171875,122.47772701039696,337.0800142635262,134.05999755859375,31474.720703125,1958.4000244140625,123.77699383825481,340.2911380855163,54487100.0,20917902660.0,94.0,33283100.0,28352700.0
2023-07-15,,30295.806640625,,,,,30407.78125,,,,,30263.462890625,,,,,30331.783203125,,,,,8011667756.0,,,
2023-07-16,,30249.1328125,,,,,30437.560546875,,,,,30089.669921875,,,,,30297.47265625,,,,,8516564470.0,,,
2023-07-17,133.55999755859375,30145.888671875,1952.4000244140625,123.62821197509766,338.47021484375,135.6199951171875,30336.400390625,1956.5,126.05812564014278,339.70373647401993,133.2100067138672,29685.783203125,1946.5999755859375,123.18189620588134,335.01434058563115,134.55999755859375,30249.626953125,1954.0,124.9076384065508,338.4212468404557,48450200.0,13240156074.0,29.0,25716200.0,20363900.0
2023-07-18,132.8300018310547,29856.5625,1977.199951171875,122.74551391601562,351.9411926269531,133.86000061035156,30233.65625,1978.4000244140625,123.65797065567115,359.0781209733801,131.35000610351562,29556.427734375,1963.4000244140625,121.95206866692536,334.98491162000175,132.7100067138672,30147.0703125,1968.800048828125,123.57862461739118,338.56803033946636,54882900.0,13138897269.0,83.0,26193600.0,64738600.0
2023-07-19,135.36000061035156,29913.923828125,1977.5,121.02969360351562,347.62384033203125,135.99000549316406,30184.181640625,1977.5,124.15387391443447,354.84887620014064,132.52999877929688,29794.26953125,1973.0,120.80158319859368,345.039291901566,133.38999938964844,29862.046875,1977.0,123.57862647852336,354.15379349891674,54531000.0,12128602812.0,35.0,37224000.0,39732900.0
2023-07-20,129.9600067138672,29792.015625,1968.300048828125,118.22288513183594,339.586181640625,134.7899932861328,30195.53125,1973.699951171875,123.0727999886977,350.4531022216543,129.3300018310547,29638.095703125,1965.5999755859375,117.25092267132642,338.11767966688456,134.07000732421875,29915.25,1973.699951171875,120.42468845421087,346.1455024073654,59820600.0,14655207121.0,638.0,37906800.0,33778400.0
2023-07-21,130.0,29908.744140625,1964.300048828125,119.03616333007812,336.55133056640625,131.3699951171875,30045.998046875,1964.300048828125,119.99821321316037,342.9442090840303,128.4199981689453,29733.8515625,1961.800048828125,117.75674443491287,332.6940623159266,131.33999633789062,29805.111328125,1961.800048828125,119.6312510365837,341.81836334887606,133307300.0,10972789818.0,50.0,72937900.0,69405400.0
2023-07-22,,29771.802734375,,,,,29991.615234375,,,,,29664.12109375,,,,,29908.697265625,,,,,7873300598.0,,,
2023-07-23,,30084.5390625,,,,,30330.640625,,,,,29741.52734375,,,,,29790.111328125,,,,,9220145050.0,,,
2023-07-24,128.8000030517578,29176.916015625,1960.300048828125,120.53379821777344,337.8631286621094,131.66000366210938,30093.39453125,1965.5,121.99174960669664,339.63514852458513,128.35000610351562,28934.294921875,1960.300048828125,119.98831119460458,335.1219369374352,130.30999755859375,30081.662109375,1965.300048828125,120.66273743006377,338.5876099496475,45591100.0,15395817395.0,2.0,29686100.0,26678100.0
2023-07-25,129.1300048828125,29227.390625,1962.0999755859375,121.20821380615234,343.6099548339844,129.5800018310547,29353.16015625,1962.5,122.14051081744289,344.500849777994,128.52999877929688,29062.43359375,1953.0,120.02796610605938,337.82405242404576,129.30999755859375,29178.970703125,1953.0,120.36518297759501,339.8211939588815,39236700.0,10266772793.0,19.0,52509600.0,41637700.0
2023-07-26,128.14999389648438,29354.97265625,1968.9000244140625,128.21034240722656,330.6772766113281,129.0800018310547,29675.552734375,1972.0,129.90631659089652,337.43240985586726,126.11000061035156,29113.912109375,1966.199951171875,127.26813284588675,326.11512671611416,126.51000213623047,29225.759765625,1966.199951171875,129.00378761340536,334.2702247265649,53910100.0,13497554655.0,51.0,61682100.0,58383700.0
2023-07-27,128.25,29210.689453125,1945.4000244140625,128.33929443359375,323.77532958984375,132.6300048828125,29560.966796875,1945.4000244140625,132.14782922633054,334.1625196341891,127.79000091552734,29099.3515625,1945.4000244140625,127.73429403460449,322.1403841798644,131.0,29353.798828125,1945.4000244140625,130.5906913457291,333.33039238314757,52610700.0,10770779217.0,194253.0,44952100.0,39635300.0
2023-07-28,132.2100067138672,29319.24609375,1960.4000244140625,131.4932098388672,331.26470947265625,133.00999450683594,29521.513671875,1962.199951171875,132.64370465595107,332.8702861605579,129.3300018310547,29125.845703125,1944.199951171875,129.49969176817697,326.17391995680913,129.69000244140625,29212.1640625,1945.5,129.7079618698937,326.6634206723763,46317400.0,11218474952.0,23155.0,36591200.0,28484900.0
2023-07-29,,29356.91796875,,,,,29396.84375,,,,,29264.166015625,,,,,29319.4453125,,,,,6481775959.0,,,
2023-07-30,,29275.30859375,,,,,29443.169921875,,,,,29059.501953125,,,,,29357.09375,,,,,8678454527.0,,,
2023-07-31,133.67999267578125,29230.111328125,1970.5,131.63206481933594,328.8661804199219,133.8699951171875,29489.873046875,1971.5999755859375,132.43542264148525,330.60880180685933,132.3800048828125,29131.578125,1950.0,130.6997677943249,326.3599092198598,133.1999969482422,29278.314453125,1959.199951171875,131.64197739889866,329.8451818704879,41901500.0,11656781982.0,1025.0,28055500.0,25446000.0
2023-08-01,131.69000244140625,29675.732421875,1940.699951171875,130.4716796875,329.27734375,133.69000244140625,29675.732421875,1965.4000244140625,131.5428286779553,331.431158888361,131.6199951171875,28657.0234375,1940.699951171875,129.60880083941242,326.69279546072005,133.5500030517578,29230.873046875,1964.9000244140625,129.70798718682403,328.151498059074,42098500.0,18272392391.0,688.0,23166800.0,18311900.0
2023-08-02,128.2100067138672,29151.958984375,1937.4000244140625,127.32762908935547,320.6229553222656,130.22999572753906,29987.998046875,1953.5999755859375,129.02360314650636,326.6242386250664,126.81999969482422,28946.509765625,1933.199951171875,126.51434365192316,319.5068793964864,130.14999389648438,29704.146484375,1948.4000244140625,128.3888500556574,326.6242386250664,51027600.0,19212655598.0,652.0,26273300.0,27761300.0
2023-08-03,128.91000366210938,29178.6796875,1932.0,127.39705657958984,319.8006286621094,129.83999633789062,29375.70703125,1936.5,128.32935355941024,322.95301463874944,126.41000366210938,28959.48828125,1928.0,126.37550098690372,319.1055459732793,127.4800033569336,29161.8125,1934.199951171875,126.92099551059741,319.1544840968255,88585200.0,12780357746.0,773.0,20089500.0,18253700.0
2023-08-04,139.57000732421875,29074.091796875,1939.5999755859375,127.05985260009766,320.8970947265625,143.6300048828125,29302.078125,1945.0,130.43197594152576,328.10256094885904,139.32000732421875,28885.3359375,1920.0,126.86149507419762,320.3684255770162,141.05999755859375,29174.3828125,1934.9000244140625,128.2202600170075,324.91100665492644,153128500.0,12036639988.0,290.0,26147200.0,23741500.0
2023-08-05,,29042.126953125,,,,,29102.46484375,,,,,28957.796875,,,,,29075.388671875,,,,,6598366353.0,,,
2023-08-06,,29041.85546875,,,,,29160.822265625,,,,,28963.833984375,,,,,29043.701171875,,,,,7269806994.0,,,
2023-08-07,142.22000122070312,29180.578125,1933.5,130.45181274414062,323.17816162109375,142.5399932861328,29244.28125,1941.0,130.53115877911966,324.15716309321493,138.9499969482422,28724.140625,1929.800048828125,127.962393323222,320.64255139351025,140.99000549316406,29038.513671875,1941.0,128.10124510100812,321.47470862016405,71213100.0,13618163710.0,376.0,22746300.0,17741500.0
2023-08-08,139.94000244140625,29765.4921875,1924.0999755859375,130.32289123535156,319.2033996582031,140.83999633789062,30176.796875,1933.199951171875,130.431990156543,321.84671543145896,138.4199981689453,29113.814453125,1923.0,128.4781372893849,316.21745729083267,140.6199951171875,29180.01953125,1931.699951171875,129.54928620643435,320.094294531756,51710500.0,17570561357.0,555.0,23535200.0,22327600.0
2023-08-09,137.85000610351562,29561.494140625,1915.4000244140625,128.59713745117188,315.463623046875,140.32000732421875,30093.435546875,1928.800048828125,130.95761750800182,320.24112464866727,137.10000610351562,29376.80078125,1913.699951171875,127.94254405878128,314.3083787208824,139.97000122070312,29766.6953125,1925.4000244140625,130.58074278541653,319.614579306117,50017300.0,18379521213.0,451.0,24912900.0,22373300.0
2023-08-10,138.55999755859375,29429.591796875,1914.4000244140625,128.6269073486328,316.1488952636719,140.41000366210938,29688.564453125,1927.800048828125,130.9675625582551,321.3669891320305,137.49000549316406,29354.447265625,1911.4000244140625,128.38886922887625,314.43564292025485,139.07000732421875,29563.97265625,1921.0999755859375,130.2435507528464,319.1740058162668,58928400.0,11865344789.0,178.0,20857800.0,20113700.0
2023-08-11,138.41000366210938,29397.71484375,1912.9000244140625,128.4979705810547,314.26922607421875,139.3300018310547,29517.7734375,1916.5999755859375,128.86493278064867,315.63982195899507,137.0,29253.517578125,1911.800048828125,127.11936527043054,312.50700575657817,137.39999389648438,29424.90234375,1913.0,127.60535409901688,313.53497507772255,42905800.0,10195168197.0,57.0,19591100.0,24355500.0
2023-08-12,,29415.96484375,,,,,29465.11328125,,,,,29357.587890625,,,,,29399.787109375,,,,,6194358008.0,,,
2023-08-13,,29282.9140625,,,,,29441.43359375,,,,,29265.806640625,,,,,29416.59375,,,,,7329897180.0,,,
2023-08-14,140.57000732421875,29408.443359375,1910.5999755859375,130.2534637451172,317.235595703125,140.58999633789062,29660.25390625,1912.5999755859375,130.29312919834737,317.2551649738709,137.75,29124.10546875,1903.300048828125,127.90289594820355,313.35872896949473,138.3000030517578,29283.263671875,1909.300048828125,128.3293638886943,314.64124818370647,47148700.0,14013695304.0,46.0,24695600.0,18836100.0
2023-08-15,137.6699981689453,29170.34765625,1902.5,128.71617126464844,315.10137939453125,141.27999877929688,29439.12109375,1907.699951171875,130.34272731563817,318.2635647035866,137.22999572753906,29088.853515625,1895.0,128.22026984503316,314.16154640668196,140.0500030517578,29408.048828125,1906.0,130.02535827661376,316.21745534246327,42781500.0,12640195779.0,73.0,19770700.0,16966300.0
2023-08-16,135.07000732421875,28701.779296875,1896.0999755859375,127.6449966430664,314.33612060546875,137.27000427246094,29221.9765625,1904.5,129.2120466291058,318.2800574602853,135.00999450683594,28701.779296875,1890.300048828125,126.82180620330841,313.74747018564494,137.19000244140625,29169.07421875,1904.5,127.6449966430664,314.72854423868324,41675900.0,14949271904.0,22.0,25216100.0,20698900.0
2023-08-17,133.97999572753906,26664.55078125,1884.0999755859375,128.85499572753906,310.8827819824219,136.08999633789062,28745.947265625,1902.4000244140625,130.90803443349202,315.77833241862345,133.52999877929688,25409.111328125,1884.0,128.23015522856085,310.22544912717694,135.4600067138672,28699.802734375,1893.699951171875,128.7359842548602,314.47351697046,48354100.0,31120851211.0,245.0,33446300.0,21257200.0
2023-08-18,133.22000122070312,26049.556640625,1886.0999755859375,126.41517639160156,310.49029541015625,134.07000732421875,26808.1953125,1891.800048828125,128.19050420505582,312.35432993277385,131.14999389648438,25668.921875,1886.0999755859375,125.34402761585469,305.6535780676786,131.6199951171875,26636.078125,1891.800048828125,127.4565647289768,308.5379378845716,48497700.0,24026236529.0,19.0,30504800.0,24755000.0
2023-08-19,,26096.205078125,,,,,26249.44921875,,,,,25802.408203125,,,,,26047.83203125,,,,,10631443812.0,,,
2023-08-20,,26189.583984375,,,,,26260.681640625,,,,,26004.314453125,,,,,26096.861328125,,,,,9036580420.0,,,
2023-08-21,134.67999267578125,26124.140625,1893.300048828125,127.31771087646484,315.78814697265625,135.19000244140625,26220.201171875,1893.5999755859375,127.6747604625636,316.6612873829202,132.7100067138672,25846.087890625,1893.300048828125,125.52255036686307,311.03975175794454,133.74000549316406,26188.69140625,1893.5999755859375,126.13747078000077,311.91289216820854,41442500.0,13371557893.0,876.0,25248700.0,24040000.0
2023-08-22,134.25,26031.65625,1896.4000244140625,128.02191162109375,316.3571472167969,135.64999389648438,26135.5078125,1896.800048828125,129.21207199508038,319.9086306831472,133.72999572753906,25520.728515625,1892.800048828125,127.2681469154346,315.37607311272194,135.0800018310547,26130.748046875,1894.5999755859375,127.4565767415667,319.3396208763862,32905400.0,14503820706.0,46.0,22054900.0,16084600.0
2023-08-23,135.52000427246094,26431.640625,1918.5,131.284912109375,320.81121826171875,135.9499969482422,26786.8984375,1918.5,132.31639534159987,322.96959317403787,133.22000122070312,25804.998046875,1909.5999755859375,128.80540548113294,317.3382076991705,134.5,26040.474609375,1909.5999755859375,129.11286188164175,317.69140993027924,42801000.0,16985265785.0,547.0,27819700.0,21166400.0
2023-08-24,131.83999633789062,26162.373046875,1918.199951171875,128.71617126464844,313.91424560546875,136.77999877929688,26554.91015625,1920.800048828125,133.14953116670597,326.67802778915836,131.8300018310547,25914.92578125,1918.199951171875,128.5079011432878,313.9044252847735,136.39999389648438,26431.51953125,1920.0,132.85198728819475,326.55048338012807,43646300.0,12871532023.0,337.0,28500700.0,23281400.0
2023-08-25,133.25999450683594,26047.66796875,1911.0999755859375,128.81533813476562,316.86737060546875,133.8699951171875,26248.103515625,1919.800048828125,129.68811421046675,319.2023021602644,130.5800018310547,25786.8125,1911.0999755859375,126.20689221900474,312.7664575046709,132.47000122070312,26163.6796875,1919.800048828125,128.47811371877063,315.3859389138882,44147500.0,12406045118.0,195.0,26762900.0,21684100.0
2023-08-26,,26008.462890625,,,,,26107.384765625,,,,,25983.87890625,,,,,26047.234375,,,,,6034817316.0,,,
2023-08-27,,26089.693359375,,,,,26165.373046875,,,,,25965.09765625,,,,,26008.2421875,,,,,6913768611.0,,,
2023-08-28,133.13999938964844,26106.150390625,1917.9000244140625,129.93606567382812,317.5736999511719,133.9499969482422,26198.578125,1921.5,131.45352258706555,319.97731354583135,131.85000610351562,25880.599609375,1915.5,129.0732021716326,315.63116244372804,133.77999877929688,26089.615234375,1915.5,130.23360950918428,319.49659681490056,34108400.0,11002805166.0,99.0,20543300.0,14808500.0
2023-08-29,134.91000366210938,27727.392578125,1936.5,133.46690368652344,322.19451904296875,135.13999938964844,28089.337890625,1936.5,135.45050919179718,322.75373841396754,133.25,25912.62890625,1916.9000244140625,131.15600145683445,315.78810695872727,133.3800048828125,26102.486328125,1917.9000244140625,131.15600145683445,315.78810695872727,38646100.0,29368391712.0,1674.0,43075600.0,19284600.0
2023-08-30,135.07000732421875,27297.265625,1944.300048828125,134.7661590576172,322.56732177734375,135.67999267578125,27760.16015625,1946.4000244140625,135.16287409396253,323.5680064570228,133.9199981689453,27069.20703125,1934.5999755859375,132.9709985475354,320.2716122604317,134.92999267578125,27726.083984375,1936.0,133.67517000710467,322.4495976903229,36137000.0,16343655235.0,396.0,28315800.0,15222100.0
2023-08-31,138.00999450683594,25931.47265625,1938.199951171875,135.05377197265625,321.556884765625,138.7899932861328,27456.078125,1944.4000244140625,136.8687727314443,324.6472624633452,135.0,25752.9296875,1938.199951171875,134.67688210350767,320.5954212849975,135.05999755859375,27301.9296875,1944.4000244140625,134.8950799084139,322.9696339885842,58781300.0,20181001451.0,491.0,30053800.0,26411000.0
2023-09-01,138.1199951171875,25800.724609375,1939.800048828125,134.5479736328125,322.4398498535156,139.9600067138672,26125.869140625,1950.0,136.3332217281178,325.7068137627579,136.8800048828125,25362.609375,1936.5999755859375,133.7446157733526,320.5954255688949,139.4600067138672,25934.021484375,1950.0,136.3332217281178,325.039690493004,40991500.0,17202862221.0,167.0,21543700.0,14942000.0
2023-09-02,,25868.798828125,,,,,25970.28515625,,,,,25753.09375,,,,,25800.91015625,,,,,10100387473.0,,,
2023-09-03,,25969.56640625,,,,,26087.1484375,,,,,25817.03125,,,,,25869.47265625,,,,,8962524523.0,,,
2023-09-04,,25812.416015625,,,,,26081.525390625,,,,,25657.025390625,,,,,25968.169921875,,,,,10680635106.0,,,
2023-09-05,137.27000427246094,25779.982421875,1926.199951171875,134.65707397460938,327.23724365234375,137.8000030517578,25858.375,1934.4000244140625,135.30173975827023,328.512657905709,135.82000732421875,25589.98828125,1924.699951171875,133.47682618982745,322.4398070250058,137.72999572753906,25814.95703125,1934.4000244140625,134.32977722585983,322.77336861557694,40636700.0,11094740040.0,113.0,19403100.0,18553900.0
2023-09-06,135.36000061035156,25753.236328125,1918.0999755859375,133.35780334472656,326.5799560546875,137.4499969482422,25953.015625,1925.300048828125,135.41082715108524,328.13003998213503,134.61000061035156,25404.359375,1916.300048828125,132.57427070368973,323.9310439692956,136.32000732421875,25783.931640625,1924.0999755859375,134.9050132008134,327.0704931119819,41785500.0,12752705327.0,24.0,18684500.0,17535800.0
2023-09-07,137.85000610351562,26240.1953125,1917.5,134.15122985839844,323.6661376953125,138.02999877929688,26409.302734375,1921.5,134.46861399155742,326.7761256123241,133.16000366210938,25608.201171875,1917.5,131.8601680068501,322.8027877562041,133.89999389648438,25748.3125,1917.5999755859375,132.49492113945962,325.0200246507322,48498900.0,11088307100.0,41.0,18844300.0,18381000.0
2023-09-08,138.22999572753906,25905.654296875,1918.4000244140625,135.26205444335938,327.9436340332031,138.85000610351562,26414.005859375,1924.699951171875,135.53975798327252,329.79787848396427,136.75,25677.48046875,1918.4000244140625,133.74459755250976,323.2246699296337,136.86000061035156,26245.208984375,1924.0,133.80410329196144,323.8427514132207,38348200.0,10817356400.0,105.0,23558300.0,19530100.0
2023-09-09,,25895.677734375,,,,,25921.9765625,,,,,25810.494140625,,,,,25905.42578125,,,,,5481314132.0,,,
2023-09-10,,25832.2265625,,,,,25978.130859375,,,,,25640.26171875,,,,,25895.2109375,,,,,7899553047.0,,,
2023-09-11,143.10000610351562,25162.654296875,1923.300048828125,135.79763793945312,331.5442199707031,143.6199951171875,25883.947265625,1928.300048828125,136.35304508761172,332.01514636855427,138.63999938964844,24930.296875,1921.800048828125,134.676895929534,329.0817141298704,138.75,25831.71484375,1923.0,135.42074803161276,330.8574560496714,56764500.0,14600006467.0,50.0,20763400.0,16583300.0
2023-09-12,141.22999572753906,25833.34375,1911.300048828125,134.23057556152344,325.490966796875,143.0,26451.939453125,1920.800048828125,135.74803250189984,330.41597829482106,140.61000061035156,25133.078125,1911.300048828125,134.08181120803886,325.2064768442106,142.32000732421875,25160.658203125,1920.800048828125,135.14303224154853,329.46433515175244,42668500.0,18657279324.0,365.0,18405500.0,17565500.0
2023-09-13,144.85000610351562,26228.32421875,1909.0999755859375,135.58937072753906,329.69970703125,144.97999572753906,26376.11328125,1914.5999755859375,135.77780055178212,330.4747638297537,140.8699951171875,25781.123046875,1908.9000244140625,133.05034278578884,324.90227101671604,140.9499969482422,25837.5546875,1910.300048828125,133.98263986174015,325.0396057999948,60465200.0,13072077070.0,15.0,20749500.0,16544400.0
2023-09-14,144.72000122070312,26539.673828125,1910.0,136.9679718017578,332.289794921875,145.86000061035156,26774.623046875,1910.0,137.563044397484,334.4088885367708,142.9499969482422,26171.451171875,1903.0,135.1232180009584,330.2001023910707,145.0800018310547,26228.27734375,1903.0,136.47207040513118,332.7312602833099,64033600.0,13811359124.0,169.0,24751000.0,20267000.0
2023-09-15,140.38999938964844,26608.693359375,1923.699951171875,136.27369689941406,323.9703369140625,143.57000732421875,26840.498046875,1927.300048828125,137.3845263119322,331.01444277565355,140.08999633789062,26240.701171875,1923.5,135.36124015129133,323.4111174113431,142.69000244140625,26533.818359375,1923.5,136.84894433199983,330.54354630179284,102909300.0,11479735788.0,8.0,38919600.0,37679800.0
2023-09-16,,26568.28125,,,,,26754.76953125,,,,,26473.890625,,,,,26606.19921875,,,,,7402031417.0,,,
2023-09-17,,26534.1875,,,,,26617.998046875,,,,,26445.07421875,,,,,26567.927734375,,,,,6774210670.0,,,
2023-09-18,139.97999572753906,26754.28125,1931.5,137.07704162597656,322.832275390625,141.75,27414.734375,1931.5,138.019251052884,324.14691123207,139.22000122070312,26415.515625,1926.4000244140625,135.49015144003303,320.18336306203616,140.47999572753906,26532.994140625,1928.199951171875,135.49015144003303,321.59611231194907,42823500.0,15615339655.0,19.0,21861300.0,16834200.0
2023-09-19,137.6300048828125,27211.1171875,1932.0,136.90843200683594,322.4300231933594,138.83999633789062,27488.763671875,1934.0,137.2754092805613,323.15603844559445,135.55999755859375,26681.60546875,1932.0,135.50007405103756,318.36839165791633,138.6999969482422,26760.8515625,1934.0,136.2935192027612,319.9969783891352,61482500.0,13807690550.0,6.0,20353700.0,16505900.0
2023-09-20,135.2899932861328,27132.0078125,1945.5999755859375,132.64370727539062,314.69915771484375,139.3699951171875,27379.505859375,1945.5999755859375,136.9481276445737,323.35223927183466,135.1999969482422,26864.08203125,1929.199951171875,132.52468065263594,314.44409878418986,138.5500030517578,27210.228515625,1945.5999755859375,136.9481276445737,323.27376651009695,46263700.0,13281116604.0,119.0,29927500.0,21436500.0
2023-09-21,129.3300018310547,26567.6328125,1919.199951171875,129.3707733154297,313.48260498046875,132.24000549316406,27152.939453125,1924.0,131.14609385607787,319.1924634099481,129.30999755859375,26389.30078125,1919.199951171875,129.00381108346423,309.0383405191742,131.94000244140625,27129.83984375,1924.0,130.36257622016777,313.21772575271143,70343300.0,13371443708.0,9.0,31503900.0,35560400.0
2023-09-22,129.1199951171875,26579.568359375,1925.4000244140625,129.18231201171875,311.0103454589844,132.02999877929688,26726.078125,1925.4000244140625,130.94771974828387,315.3663173545135,128.52000427246094,26495.533203125,1925.4000244140625,128.5376462586181,310.166606068044,131.11000061035156,26564.056640625,1925.4000244140625,129.68812598105728,315.23877291658,59904300.0,10578746709.0,1.0,26397300.0,21447900.0
2023-09-23,,26579.390625,,,,,26634.185546875,,,,,26520.51953125,,,,,26578.556640625,,,,,7404700301.0,,,
2023-09-24,,26256.826171875,,,,,26716.05859375,,,,,26221.05078125,,,,,26579.373046875,,,,,8192867686.0,,,
2023-09-25,131.27000427246094,26298.48046875,1916.5999755859375,130.03526306152344,311.5303039550781,131.77999877929688,26421.5078125,1916.5999755859375,130.0947688069164,311.6578483890655,128.77000427246094,26011.46875,1916.5999755859375,127.90289313849301,309.0383671510389,129.36000061035156,26253.775390625,1916.5999755859375,128.76575671410941,310.59827150671464,46017800.0,11997833257.0,114.0,20094600.0,17836000.0
2023-09-26,125.9800033569336,26217.25,1900.4000244140625,127.51608276367188,306.232421875,130.38999938964844,26389.884765625,1905.0999755859375,129.2914029707038,309.90162868448726,125.27999877929688,26090.712890625,1900.4000244140625,126.17714304040305,304.15252005497035,130.1199951171875,26294.7578125,1905.0,128.7062429989617,309.16582325862754,73048200.0,9985498161.0,161.0,25718700.0,26297600.0
2023-09-27,125.9800033569336,26352.716796875,1871.5999755859375,129.46990966796875,306.8702087402344,127.4800033569336,26817.841796875,1871.5999755859375,129.826959222893,308.35161042949267,124.12999725341797,26111.46484375,1871.5999755859375,127.51607239468865,303.82887271896175,125.76000213623047,26209.498046875,1871.5999755859375,127.51607239468865,306.3894620209308,66553400.0,11718380997.0,12251.0,22746500.0,19410100.0
2023-09-28,125.9800033569336,27021.546875,1860.4000244140625,131.22543334960938,307.7040710449219,126.58000183105469,27259.5,1878.199951171875,132.20732362438937,309.5092436550282,123.04000091552734,26327.322265625,1856.699951171875,128.7260859170761,303.5933684920157,124.04000091552734,26355.8125,1875.5,128.77567908657804,305.10420093112447,54555000.0,14079002707.0,4654.0,22513100.0,19683600.0
2023-09-29,127.12000274658203,26911.720703125,1848.0999755859375,129.78729248046875,309.7741394042969,129.14999389648438,27225.9375,1872.300048828125,132.95114528457344,313.4237361635249,126.31999969482422,26721.763671875,1846.0,129.29139116656413,309.01872314440465,128.1999969482422,27024.841796875,1864.300048828125,132.18745302372233,311.7362875557097,62411700.0,10396435377.0,1605.0,30859800.0,24147300.0
2023-09-30,,26967.916015625,,,,,27091.794921875,,,,,26888.96875,,,,,26911.689453125,,,,,5331172801.0,,,
2023-10-01,,27983.75,,,,,28047.23828125,,,,,26965.09375,,,,,26967.396484375,,,,,9503917434.0,,,
2023-10-02,129.4600067138672,27530.78515625,1830.0,133.0701446533203,315.7096252441406,130.47000122070312,28494.458984375,1845.9000244140625,133.31809528771953,315.79794825806266,126.54000091552734,27347.787109375,1826.699951171875,130.09473704052985,309.21491966040423,127.27999877929688,27976.798828125,1844.0999755859375,130.13441761690893,310.29410713051254,48029700.0,19793041322.0,2309.0,22288000.0,20570000.0
2023-10-03,124.72000122070312,27429.978515625,1824.5999755859375,131.34445190429688,307.4588317871094,128.52000427246094,27667.19140625,1830.9000244140625,133.15945304283952,315.3074247202829,124.25,27216.001953125,1816.800048828125,130.7592918203912,305.320067458415,128.05999755859375,27508.251953125,1825.0,132.84208398165953,314.75799567015525,51565000.0,11407814187.0,310.0,22989400.0,21033500.0
2023-10-04,127.0,27799.39453125,1818.5,134.1314239501953,312.92340087890625,127.36000061035156,27826.658203125,1828.199951171875,134.45872070934675,313.9829777218184,125.68000030517578,27248.10546875,1816.4000244140625,131.44363154646038,308.0572815033295,126.05999755859375,27429.07421875,1821.800048828125,131.70149484137792,308.0867125300766,44203900.0,11143355314.0,357.0,26752300.0,20720100.0
2023-10-05,125.95999908447266,27415.912109375,1816.5999755859375,133.96282958984375,313.3157958984375,126.7300033569336,28091.861328125,1826.300048828125,134.3793850061725,313.92408696226687,124.33000183105469,27375.6015625,1815.5999755859375,132.35609854547656,308.94021399543317,126.70999908447266,27798.646484375,1826.300048828125,133.96282958984375,313.05091668193415,39660600.0,11877253670.0,393.0,19832600.0,16965600.0
2023-10-06,127.95999908447266,27946.59765625,1830.199951171875,136.45223999023438,321.0663146972656,128.4499969482422,28252.537109375,1831.800048828125,137.02748746801123,322.9597804960645,124.12999725341797,27215.552734375,1809.4000244140625,132.9114964978089,310.31372116687385,124.16000366210938,27412.123046875,1819.0,132.9114964978089,310.5589896881692,46836700.0,13492391599.0,390.0,27597600.0,25673600.0
2023-10-07,,27968.83984375,,,,,28028.091796875,,,,,27870.423828125,,,,,27946.78125,,,,,6553044316.0,,,
2023-10-08,,27935.08984375,,,,,28102.169921875,,,,,27740.662109375,,,,,27971.677734375,,,,,7916875290.0,,,
2023-10-09,128.25999450683594,27583.677734375,1849.5,137.28530883789062,323.5778503417969,128.7899932861328,27989.470703125,1861.5,137.80105040765056,324.0487467241728,124.76000213623047,27302.5625,1842.5,134.4983460596191,317.06350427889305,126.22000122070312,27934.47265625,1842.5,135.81744528333422,318.6037977229235,38773700.0,12007668568.0,232.0,19278100.0,19891200.0
2023-10-10,129.47999572753906,27391.01953125,1861.0,136.92828369140625,322.17498779296875,130.74000549316406,27715.84765625,1861.4000244140625,138.57467986983306,324.83369063109717,128.0500030517578,27301.654296875,1852.800048828125,136.20427192955205,321.46861313435045,128.82000732421875,27589.201171875,1857.0,137.36467931785276,324.6963258646944,42178600.0,9973350678.0,236.0,27786600.0,20557100.0
2023-10-11,131.8300018310547,26873.3203125,1872.800048828125,139.3978729248047,326.128662109375,132.0500030517578,27474.115234375,1874.5999755859375,139.95328001705715,326.5210857572993,129.61000061035156,26561.099609375,1869.0999755859375,137.44402038931838,322.91074029238723,129.74000549316406,27392.076171875,1869.5,137.44402038931838,324.9415409038971,40741800.0,13648094333.0,65.0,25884300.0,20063200.0
2023-10-12,132.3300018310547,26756.798828125,1869.300048828125,137.83084106445312,324.89251708984375,134.47999572753906,26921.439453125,1881.199951171875,140.06239744116,327.3157714229003,131.22999572753906,26558.3203125,1867.0,137.12665439341535,322.4986937835042,132.1699981689453,26873.29296875,1874.699951171875,139.89379277540957,324.313686937738,55528600.0,9392909295.0,46.0,24765500.0,19313100.0
2023-10-13,129.7899932861328,26862.375,1927.4000244140625,136.23402404785156,321.5274963378906,133.30999755859375,27092.697265625,1930.0999755859375,138.8523826583463,327.51202571304924,128.9499969482422,26686.322265625,1877.5,135.50008457709373,320.18339937545744,132.97999572753906,26752.87890625,1877.5,138.23746980650327,326.0894859189591,45786600.0,15165312851.0,43.0,23420500.0,21072400.0
2023-10-14,,26861.70703125,,,,,26969.0,,,,,26814.5859375,,,,,26866.203125,,,,,5388116782.0,,,
2023-10-15,,27159.65234375,,,,,27289.169921875,,,,,26817.89453125,,,,,26858.01171875,,,,,7098201980.0,,,
2023-10-16,132.5500030517578,28519.466796875,1921.0999755859375,137.95974731445312,326.3445129394531,133.07000732421875,29448.138671875,1921.0999755859375,138.48540148023622,329.7782723940854,130.42999267578125,27130.47265625,1910.300048828125,136.85884582628907,324.34311333126567,130.69000244140625,27162.62890625,1910.4000244140625,137.03736302959354,324.78457872571454,42832900.0,27833876539.0,53.0,28501900.0,22158000.0
2023-10-17,131.47000122070312,28415.748046875,1922.699951171875,138.57469177246094,325.7754821777344,132.5800018310547,28618.751953125,1925.800048828125,138.75320901659043,327.1489800095309,128.7100067138672,28110.185546875,1914.300048828125,136.05550412475992,321.2134933356926,130.38999938964844,28522.09765625,1914.300048828125,137.49363032645,323.3522278123477,49344600.0,14872527508.0,103.0,23515800.0,18338500.0
2023-10-18,128.1300048828125,28328.341796875,1955.300048828125,136.82913208007812,323.8623352050781,130.6699981689453,28889.009765625,1957.9000244140625,139.56650258267163,329.23863169332765,127.51000213623047,28174.251953125,1935.0,136.25388459322733,322.086593597573,129.89999389648438,28413.53125,1935.0,138.30690868674475,326.197296197931,42699500.0,12724128586.0,67.0,23375000.0,23153600.0
2023-10-19,128.39999389648438,28719.806640625,1968.4000244140625,136.62083435058594,325.0494689941406,132.24000549316406,28892.474609375,1977.699951171875,138.51518131196565,330.50423844384994,127.47000122070312,28177.98828125,1945.699951171875,136.25387216099756,324.6472250314816,130.57000732421875,28332.416015625,1950.0999755859375,137.36468644323884,325.86374730098373,60961400.0,14448058195.0,1945.0,26066000.0,25052100.0
2023-10-20,125.16999816894531,29682.94921875,1982.5,134.48846435546875,320.4875183105469,128.1699981689453,30104.0859375,1988.5999755859375,136.73984579212933,325.6381577998448,124.97000122070312,28601.669921875,1980.4000244140625,133.97272266731449,319.29060660305254,128.0500030517578,28732.8125,1981.0999755859375,136.2042789444492,325.441930986154,56406400.0,21536125230.0,557.0,26335700.0,25027700.0
2023-10-21,,29918.412109375,,,,,30287.482421875,,,,,29481.751953125,,,,,29683.380859375,,,,,11541146996.0,,,
2023-10-22,,29993.896484375,,,,,30199.43359375,,,,,29720.3125,,,,,29918.654296875,,,,,10446520040.0,,,
2023-10-23,126.55999755859375,33086.234375,1976.300048828125,135.3810577392578,323.08734130859375,127.87999725341797,34370.4375,1978.9000244140625,136.53155241147599,326.4328077015871,123.9800033569336,30097.828125,1972.9000244140625,132.85195802947536,318.25065300887303,124.62999725341797,30140.685546875,1976.199951171875,133.93301925405814,319.31019990102027,48260000.0,38363572311.0,127.0,26317900.0,24374700.0
2023-10-24,128.55999755859375,33901.52734375,1975.0,137.67214965820312,324.2744445800781,128.8000030517578,35150.43359375,1975.0,138.2176442463873,325.5596493490343,126.33999633789062,32880.76171875,1970.300048828125,136.2935443173615,321.3999044443215,127.73999786376953,33077.3046875,1970.300048828125,136.70018711343607,325.02986091343166,46477400.0,44934999645.0,10.0,44814300.0,31153600.0
2023-10-25,121.38999938964844,34502.8203125,1984.0999755859375,124.58033752441406,334.2225341796875,126.33999633789062,35133.7578125,1985.300048828125,127.25820178277296,339.64787287454516,120.79000091552734,33709.109375,1971.199951171875,124.04476315937147,331.2302401447983,126.04000091552734,33916.04296875,1971.199951171875,127.10943743152842,338.4901826566504,74577500.0,25254318008.0,97.0,84366200.0,55053800.0
2023-10-26,119.56999969482422,34156.6484375,1987.199951171875,121.27764129638672,321.6844177246094,121.63999938964844,34832.91015625,1988.199951171875,123.31083999813282,335.1643669777935,118.3499984741211,33762.32421875,1980.4000244140625,120.27591838168972,320.75238530520863,120.62999725341797,34504.2890625,1988.199951171875,122.25952391827924,334.0949997460641,100419500.0,19427195376.0,521.0,57061100.0,37828500.0
2023-10-27,127.73999786376953,33909.80078125,1988.5999755859375,121.16854095458984,323.568115234375,130.02000427246094,34238.2109375,1988.5999755859375,122.29919549173574,330.3473422977212,125.5199966430664,33416.88671875,1988.5999755859375,119.22460845972752,322.18479686683145,126.19999694824219,34156.5,1988.5999755859375,121.87272000373477,324.1763765151363,125309300.0,16418032871.0,372.0,44566500.0,29856500.0
2023-10-28,,34089.57421875,,,,,34399.390625,,,,,33874.8046875,,,,,33907.72265625,,,,,10160330825.0,,,
2023-10-29,,34538.48046875,,,,,34743.26171875,,,,,33947.56640625,,,,,34089.37109375,,,,,11160323986.0,,,
2023-10-30,132.7100067138672,34502.36328125,1996.199951171875,123.43976593017578,330.92608642578125,133.0,34843.93359375,2004.0999755859375,124.37206291068779,333.02559927042574,128.55999755859375,34110.97265625,1992.5,121.74378418278033,325.5497898368821,129.72000122070312,34531.7421875,2004.0999755859375,122.20001252709248,327.09990360704097,72485500.0,17184860315.0,157.0,28940100.0,22828100.0
2023-10-31,133.08999633789062,34667.78125,1985.199951171875,123.0628890991211,331.7109375,133.57000732421875,34719.25390625,2001.0,124.34231557609246,332.5841077884047,131.7100067138672,34083.30859375,1983.699951171875,121.68428385885795,328.3556809665902,132.75,34500.078125,1996.5,124.03485157297696,332.4369526667647,51589400.0,15758270810.0,84.0,26292300.0,20265300.0
2023-11-01,137.0,35437.25390625,1978.800048828125,125.41345977783203,339.5202941894531,137.35000610351562,35527.9296875,1990.5,125.45313279745749,340.84475010797416,133.7100067138672,34170.69140625,1977.800048828125,122.70584239837481,333.2217857907102,133.9600067138672,34657.2734375,1990.5,123.05297186152897,333.35915052507676,61529400.0,22446272005.0,41.0,30082400.0,28158800.0
2023-11-02,138.07000732421875,34938.2421875,1985.5999755859375,126.44493103027344,341.727783203125,138.80999755859375,35919.84375,1990.300048828125,127.92271501549958,342.22811070154637,136.47000122070312,34401.57421875,1979.5,125.88952390924445,338.2449517203371,138.72999572753906,35441.578125,1989.0999755859375,127.36730789447058,340.6682062676254,52236700.0,20998158544.0,39.0,27124600.0,24348100.0
2023-11-03,138.60000610351562,34732.32421875,1991.5,128.04173278808594,346.1228942871094,139.49000549316406,34942.47265625,1991.5,128.46820067879287,347.6828282900891,137.4499969482422,34133.44140625,1989.0,126.81189200957998,340.75641832403534,138.99000549316406,34942.47265625,1989.0,126.9705840713952,343.0129064819289,44059800.0,17158456701.0,12.0,26393100.0,23637700.0
2023-11-04,,35082.1953125,,,,,35256.03125,,,,,34616.69140625,,,,,34736.32421875,,,,,9561294264.0,,,
2023-11-05,,35049.35546875,,,,,35340.33984375,,,,,34594.2421875,,,,,35090.01171875,,,,,12412743996.0,,,
2023-11-06,139.74000549316406,35037.37109375,1981.5999755859375,129.18231201171875,349.7823486328125,140.72999572753906,35286.02734375,1981.5999755859375,129.27157062977093,350.7732430573265,138.36000061035156,34765.36328125,1977.4000244140625,127.61526180428386,346.66254017187435,138.75999450683594,35044.7890625,1981.5999755859375,127.9921517032279,346.76065357014403,44970400.0,12693436420.0,130.0,19052700.0,23828300.0
2023-11-07,142.7100067138672,35443.5625,1966.800048828125,129.89639282226562,353.70660400390625,143.3699951171875,35892.41796875,1966.800048828125,130.82868972418774,355.6000696167938,140.5,34545.81640625,1960.699951171875,128.81533157799734,350.86149542423027,140.5500030517578,35047.79296875,1966.5,129.6385295842965,352.59798560610096,53553500.0,18834737789.0,20.0,29757300.0,25833900.0
2023-11-08,142.0800018310547,35655.27734375,1951.5,130.75929260253906,356.32611083984375,143.1199951171875,35994.41796875,1967.800048828125,131.12626997179123,356.9834136941428,141.22000122070312,35147.80078125,1947.699951171875,129.70798393466782,353.72624062685685,142.97000122070312,35419.4765625,1967.800048828125,129.89642890979786,354.8348591059033,44521700.0,17295394918.0,43.0,26425800.0,26767800.0
2023-11-09,140.60000610351562,36693.125,1964.199951171875,129.17239379882812,353.8636474609375,142.64999389648438,37926.2578125,1964.199951171875,131.46345569784398,357.8860575764988,139.83999633789062,35592.1015625,1945.300048828125,129.0037891497348,353.53987621597344,142.02000427246094,35633.6328125,1951.699951171875,130.8782957156304,355.44316251543404,36235400.0,37762672382.0,10.0,23747800.0,24847300.0
2023-11-10,143.55999755859375,37313.96875,1932.5999755859375,131.50311279296875,362.6736755371094,143.64999389648438,37493.80078125,1959.5999755859375,131.71139801314916,363.0955302142946,139.91000366210938,36362.75390625,1932.5999755859375,128.34918755672095,354.23643229337705,140.4600067138672,36702.25,1959.5999755859375,129.0335338225466,354.6484666487655,49287800.0,22711265155.0,375.0,26913300.0,28042100.0
2023-11-11,,37138.05078125,,,,,37407.09375,,,,,36773.66796875,,,,,37310.0703125,,,,,13924272142.0,,,
2023-11-12,,37054.51953125,,,,,37227.69140625,,,,,36779.1171875,,,,,37133.9921875,,,,,11545715999.0,,,
2023-11-13,142.58999633789062,36502.35546875,1945.5,131.00721740722656,359.7402648925781,143.22999572753906,37405.1171875,1947.199951171875,131.50311876629735,361.49639601773487,140.6699981689453,36399.60546875,1934.0,130.1741067560777,358.9750282473155,142.0800018310547,37070.3046875,1939.9000244140625,130.69976098599605,361.2511274783557,35680600.0,19057712790.0,191.0,18324800.0,19986500.0
2023-11-14,145.8000030517578,35537.640625,1961.800048828125,132.52467346191406,363.2623291015625,147.25999450683594,36753.3515625,1965.800048828125,134.58762491778677,364.9105564931209,144.67999267578125,34948.5,1961.800048828125,132.22714475544407,360.39760923672634,145.0,36491.7890625,1965.800048828125,133.0900082716238,363.98834436046604,56674600.0,23857403554.0,2.0,32395200.0,27683900.0
2023-11-15,143.1999969482422,37880.58203125,1960.0999755859375,133.5164794921875,363.4097595214844,147.2899932861328,37964.89453125,1962.800048828125,133.92312224608222,366.81115702997374,142.58999633789062,35383.78125,1960.0,132.4750987262402,360.8930847744488,147.05999755859375,35548.11328125,1962.800048828125,133.76443017621472,364.9924802404826,63875700.0,27365821679.0,6.0,23861500.0,26860100.0
2023-11-16,142.8300018310547,36154.76953125,1983.9000244140625,135.80755615234375,369.7997131347656,143.32000732421875,37934.625,1983.9000244140625,136.09518745195533,369.97665770103697,139.52000427246094,35545.47265625,1964.5999755859375,133.21896525810197,363.91113117269197,140.91000366210938,37879.98046875,1965.300048828125,134.08182888951592,364.6779209606421,49653500.0,26007385366.0,39.0,28013200.0,27182300.0
2023-11-17,145.17999267578125,36596.68359375,1981.5999755859375,134.2008514404297,363.5867919921875,145.22999572753906,36704.484375,1984.0,134.94470363462352,368.0302373841038,142.5399932861328,35901.234375,1979.800048828125,132.55445495185654,360.7850492336775,142.66000366210938,36164.82421875,1982.5,134.88519788048188,367.2830979816267,49636700.0,22445028430.0,32.0,37240600.0,40157000.0
2023-11-18,,36585.703125,,,,,36839.28125,,,,,36233.3125,,,,,36625.37109375,,,,,11886022717.0,,,
2023-11-19,,37386.546875,,,,,37509.35546875,,,,,36414.59765625,,,,,36585.765625,,,,,12915986553.0,,,
2023-11-20,146.1300048828125,37476.95703125,1977.699951171875,135.13314819335938,371.0482177734375,146.6300048828125,37756.8203125,1979.4000244140625,135.5397910236834,372.45399413615905,144.72999572753906,36882.53125,1969.699951171875,132.5247016643439,364.7172740131472,145.1300048828125,37374.07421875,1978.699951171875,132.59413513310187,364.9335496074717,41951200.0,20888209068.0,182.0,27815500.0,52465100.0
2023-11-21,143.89999389648438,35813.8125,1999.300048828125,135.84722900390625,366.75225830078125,144.0500030517578,37631.140625,2005.5,136.05549911438757,369.8489086679745,141.5,35813.8125,1988.5,134.84551363674532,364.8352685492538,143.91000366210938,37469.16015625,1990.699951171875,135.17279523893023,369.30823463589167,71226000.0,25172163756.0,16.0,22635300.0,28423100.0
2023-11-22,146.7100067138672,37432.33984375,1991.4000244140625,137.35476684570312,371.4513244628906,147.74000549316406,37856.98046875,1999.4000244140625,138.2771361292862,373.35847403198227,144.57000732421875,35670.97265625,1991.0,136.34312381394363,368.62009087575336,144.57000732421875,35756.5546875,1999.0999755859375,136.34312381394363,371.5987782953916,45669100.0,24397247860.0,6075.0,17813900.0,23345300.0
2023-11-23,,37289.62109375,,,,,37643.91796875,,,,,36923.86328125,,,,,37420.43359375,,,,,14214948217.0,,,
2023-11-24,146.74000549316406,37720.28125,2002.199951171875,135.5695343017578,371.0383605957031,147.1999969482422,38415.33984375,2002.199951171875,136.997732830458,371.56922430315524,145.32000732421875,37261.60546875,1991.5,134.8752753318926,368.7871624674301,146.6999969482422,37296.31640625,1991.9000244140625,136.89854649174416,370.9400480571713,22378400.0,22922957823.0,63.0,12514300.0,10176600.0
2023-11-25,,37796.79296875,,,,,37892.4296875,,,,,37617.41796875,,,,,37721.4140625,,,,,9099571165.0,,,
2023-11-26,,37479.12109375,,,,,37820.30078125,,,,,37162.75,,,,,37796.828125,,,,,13744796068.0,,,
2023-11-27,147.72999572753906,37254.16796875,2011.800048828125,135.29180908203125,372.1983947753906,149.25999450683594,37559.35546875,2011.800048828125,137.2853270482676,374.19404643508545,146.8800048828125,36750.12890625,2011.699951171875,134.88516634551732,369.82923344697656,147.52999877929688,37454.19140625,2011.699951171875,134.91491921563218,370.3993982063347,53762400.0,19002925720.0,228.0,23436500.0,22179200.0
2023-11-28,147.02999877929688,37831.0859375,2039.699951171875,136.07533264160156,376.2191162109375,147.60000610351562,38368.48046875,2042.699951171875,136.1249258052487,376.51402381152496,145.52999877929688,36891.08984375,2039.699951171875,134.309924978467,371.7559911838167,146.97999572753906,37247.9921875,2040.5999755859375,134.964518417708,371.9427759977799,42711700.0,21696137014.0,174665.0,18730000.0,20453100.0
2023-11-29,146.32000732421875,37858.4921875,2047.0999755859375,133.8834686279297,372.4343566894531,148.5399932861328,38366.11328125,2052.10009765625,137.15640583938017,377.79204546279357,145.97000122070312,37612.6328125,2036.0,133.73468912413915,371.0482307864117,147.85000610351562,37826.10546875,2041.699951171875,136.44232172928395,377.2612117132878,40610900.0,20728546658.0,15290.0,23967200.0,28963400.0
2023-11-30,146.08999633789062,37712.74609375,2038.0999755859375,131.443603515625,372.4933166503906,146.92999267578125,38141.75390625,2047.0999755859375,134.4388517451667,373.6533266294802,144.3300018310547,37531.140625,2033.0999755859375,130.2038502076351,369.1115692531181,144.75999450683594,37861.1171875,2046.0999755859375,133.94295042197072,372.0804159794598,65814000.0,18115982627.0,2506.0,38988300.0,30554400.0
2023-12-01,147.02999877929688,38688.75,2071.0,130.77911376953125,368.1678771972656,147.25,38954.109375,2073.199951171875,131.02706446186437,371.75606034220374,145.5500030517578,37629.359375,2036.0,129.5988660526321,365.0220555355019,146.0,37718.0078125,2038.300048828125,130.77911376953125,370.37977461547416,39951800.0,23512784002.0,614.0,31442300.0,33040500.0
2023-12-02,,39476.33203125,,,,,39678.9375,,,,,38652.59375,,,,,38689.27734375,,,,,15534035612.0,,,
2023-12-03,,39978.390625,,,,,40135.60546875,,,,,39298.1640625,,,,,39472.20703125,,,,,15769696322.0,,,
2023-12-04,144.83999633789062,41980.09765625,2024.0999755859375,128.21034240722656,362.8887634277344,145.35000610351562,42371.75,2130.199951171875,128.96410702955671,363.26230306598103,142.80999755859375,39978.62890625,2021.0,126.85156995087304,356.75441514637487,145.25,39978.62890625,2075.300048828125,128.81534267439568,362.84943241289693,48294200.0,39856129827.0,1071.0,36669900.0,32063300.0
2023-12-05,146.8800048828125,44080.6484375,2018.5,129.91624450683594,366.2115173339844,148.57000732421875,44408.6640625,2037.0,131.05681158807658,366.76203156592914,143.1300048828125,41421.1484375,2010.199951171875,127.19869958988002,359.4283719754838,143.5500030517578,41986.265625,2035.0999755859375,127.89295847123121,360.2443330697854,46822400.0,36312154535.0,289.0,27384800.0,23065000.0
2023-12-06,144.52000427246094,43746.4453125,2030.5,128.95419311523438,362.5545349121094,147.85000610351562,44265.76953125,2035.800048828125,130.75926618523522,367.84343196383037,144.27999877929688,43478.08203125,2019.0,128.81534134061891,361.79758529719794,147.5800018310547,44080.0234375,2019.9000244140625,130.36255115310777,367.214285660699,39679000.0,29909761586.0,417.0,23576200.0,21182100.0
2023-12-07,146.8800048828125,43292.6640625,2029.9000244140625,135.80755615234375,364.6681213378906,147.9199981689453,44042.58984375,2034.9000244140625,137.42419963070353,365.15965403682253,145.33999633789062,42880.6484375,2024.0,133.59584004786453,360.11652374565716,146.14999389648438,43769.1328125,2029.199951171875,133.93304938270325,361.99418225567007,52352800.0,27635760671.0,67.0,56767100.0,23118900.0
2023-12-08,147.4199981689453,44166.6015625,1998.300048828125,133.8834686279297,367.892578125,147.83999633789062,44705.515625,2033.0999755859375,135.28189910781614,368.11866396815253,145.39999389648438,43125.296875,1995.0,132.9313312582846,361.99418568198814,145.47999572753906,43293.13671875,2031.699951171875,133.09993592227912,362.94776032697274,41906000.0,24421116687.0,449.0,32260100.0,20154400.0
2023-12-09,,43725.984375,,,,,44361.2578125,,,,,43627.59765625,,,,,44180.01953125,,,,,17368210171.0,,,
2023-12-10,,43779.69921875,,,,,44034.625,,,,,43593.28515625,,,,,43728.3828125,,,,,13000481418.0,,,
2023-12-11,145.88999938964844,41243.83203125,1978.0,132.1973876953125,365.01214599609375,146.19000244140625,43808.375,2004.199951171875,132.24698086173262,365.3070835963392,143.63999938964844,40234.578125,1977.199951171875,130.28321556791462,359.90022426700926,145.66000366210938,43792.01953125,2004.0999755859375,131.29485865478858,362.23992455873395,50907300.0,40632672038.0,651.0,31138000.0,27708800.0
2023-12-12,147.47999572753906,41450.22265625,1977.800048828125,131.43370056152344,368.0400085449219,147.5,42048.3046875,1994.199951171875,131.90976162921305,368.079339558926,145.3000030517578,40667.5625,1977.800048828125,130.18401944998905,364.1863791933993,145.52000427246094,41238.734375,1984.199951171875,130.7295139721899,364.5697890781994,44944300.0,24779520132.0,95.0,29032800.0,24838300.0
2023-12-13,148.83999633789062,42890.7421875,1982.300048828125,131.4833221435547,368.0301513671875,149.4600067138672,43429.78125,2024.800048828125,132.40569160742476,371.24479409698984,146.82000732421875,40676.8671875,1975.0,130.49151921016573,364.49111028889564,148.1199951171875,41468.46484375,1978.5,132.28668009820586,369.6522031111794,52766200.0,26797884674.0,2252.0,30104800.0,30955500.0
2023-12-14,147.4199981689453,43023.97265625,2030.199951171875,130.85845947265625,359.73309326171875,150.5399932861328,43390.859375,2040.0999755859375,132.6238671868591,367.43051168709843,145.52000427246094,41767.08984375,2024.300048828125,128.62690324736187,357.9635876470979,149.92999267578125,42884.26171875,2024.699951171875,132.28665787823815,366.98812028305656,58400800.0,25578530178.0,236.0,38722400.0,43277500.0
2023-12-15,149.97000122070312,41929.7578125,2021.0999755859375,131.5130615234375,364.4518737792969,150.57000732421875,43087.82421875,2043.4000244140625,132.41559059857232,366.09357631955413,147.8800048828125,41692.96875,2018.300048828125,130.10468818490273,360.07722042205063,148.3800048828125,43028.25,2032.5999755859375,130.54108385219968,360.6375749421143,110089300.0,19639442462.0,261.0,50847100.0,78502300.0
2023-12-16,,42240.1171875,,,,,42664.9453125,,,,,41723.11328125,,,,,41937.7421875,,,,,14386729590.0,,,
2023-12-17,,41364.6640625,,,,,42359.49609375,,,,,41274.54296875,,,,,42236.109375,,,,,16678702876.0,,,
2023-12-18,154.07000732421875,42623.5390625,2026.300048828125,134.68682861328125,366.33929443359375,154.85000610351562,42720.296875,2032.800048828125,136.0257533662055,366.68337330414107,150.0500030517578,40530.2578125,2024.0,131.34444275367903,362.4365238179664,150.55999755859375,41348.203125,2024.300048828125,131.5428154285214,363.1935033333252,62512800.0,25224642008.0,100.0,32258000.0,21802900.0
2023-12-19,153.7899932861328,42270.52734375,2038.4000244140625,135.5298309326172,366.9389953613281,155.1199951171875,43354.296875,2042.699951171875,136.34311639898218,366.9389953613281,152.69000244140625,41826.3359375,2025.199951171875,134.96451127135808,363.5768985428581,154.39999389648438,42641.51171875,2025.199951171875,135.71827586427287,365.19895042864266,43171300.0,23171001281.0,498.0,25476800.0,20603700.0
2023-12-20,152.1199951171875,43652.25,2034.5,137.20599365234375,364.34368896484375,155.6300048828125,44275.5859375,2037.0999755859375,140.5384516154751,369.662076309118,151.55999755859375,42223.81640625,2030.300048828125,136.93821779664987,364.2552166800982,152.89999389648438,42261.30078125,2037.0999755859375,137.83083424971508,368.6495201604417,50322100.0,27868908174.0,258.0,49107200.0,26316700.0
2023-12-21,153.83999633789062,43869.15234375,2039.0999755859375,139.2689208984375,367.2142028808594,153.97000122070312,44240.66796875,2044.5,139.5367118409951,368.069464850555,152.10000610351562,43330.05078125,2033.0,138.03908021197546,363.7734744965304,153.3000030517578,43648.125,2035.800048828125,138.34655173387108,366.25078813296983,36305700.0,22452766169.0,228.0,27488300.0,17708000.0
2023-12-22,153.4199981689453,43997.90234375,2057.10009765625,140.33018493652344,368.23663330078125,154.35000610351562,44367.95703125,2068.699951171875,140.8260863411753,368.8264785553031,152.7100067138672,43441.96875,2052.199951171875,139.5565799559633,366.3983057581292,153.77000427246094,43868.98828125,2055.699951171875,139.61608570312794,367.35188041938636,29514100.0,21028503216.0,202.0,26532200.0,17107500.0
2023-12-23,,43739.54296875,,,,,44015.69921875,,,,,43351.35546875,,,,,44012.19921875,,,,,13507796558.0,,,
2023-12-24,,43016.1171875,,,,,43945.5234375,,,,,42786.91796875,,,,,43728.3671875,,,,,18830554085.0,,,
2023-12-25,,43613.140625,,,,,43765.09375,,,,,42765.76953125,,,,,43010.57421875,,,,,21115795370.0,,,
2023-12-26,153.41000366210938,42520.40234375,2058.199951171875,140.35992431640625,368.3152770996094,153.97999572753906,43603.17578125,2060.800048828125,141.5104039629761,370.5566649551992,153.02999877929688,41676.48828125,2054.199951171875,140.03262760475596,367.1749176642006,153.55999755859375,43599.84765625,2060.0,140.42934263685476,368.649515727109,25067200.0,30026850982.0,64.0,16780300.0,12673100.0
2023-12-27,153.33999633789062,43442.85546875,2081.89990234375,139.21934509277344,367.7352600097656,154.77999877929688,43683.16015625,2081.89990234375,140.9153344287429,368.70848509896524,153.1199951171875,42167.58203125,2064.800048828125,138.74328401733115,366.49658807749455,153.55999755859375,42518.46875,2067.300048828125,140.42934564037535,367.36169037934906,31434700.0,25260941032.0,586.0,19628600.0,14905400.0
2023-12-28,153.3800048828125,42627.85546875,2073.89990234375,139.08050537109375,368.9248046875,154.0800018310547,43804.78125,2087.300048828125,139.98304957042203,370.0848147302982,152.9499969482422,42318.55078125,2066.5,138.60444425438513,367.82377617224904,153.72000122070312,43468.19921875,2081.60009765625,139.62599994946305,369.01327697882084,27057000.0,22992093014.0,338.0,16045700.0,14327000.0
2023-12-29,151.94000244140625,42099.40234375,2062.39990234375,138.544921875,369.67193603515625,153.88999938964844,43124.32421875,2068.89990234375,139.20942786934887,370.77296452657316,151.02999877929688,41424.0625,2062.10009765625,137.6423777840169,367.1552909116957,153.10000610351562,42614.64453125,2068.0,138.4854161342685,369.6326050173838,39823200.0,26000021055.0,47.0,18733000.0,18730800.0
2023-12-30,,42156.90234375,,,,,42584.125,,,,,41556.2265625,,,,,42091.75390625,,,,,16013925945.0,,,
2023-12-31,,42265.1875,,,,,42860.9375,,,,,41998.25390625,,,,,42152.09765625,,,,,16397498810.0,,,
2024-01-01,,44167.33203125,,,,,44175.4375,,,,,42214.9765625,,,,,42280.234375,,,,,18426978443.0,,,
2024-01-02,149.92999267578125,44957.96875,2064.39990234375,137.03738403320312,364.58941650390625,152.3800048828125,45899.70703125,2073.699951171875,138.30689034141093,369.5342336746233,148.38999938964844,44176.94921875,2057.10009765625,135.36123496575607,360.5588428456871,151.5399932861328,44187.140625,2063.5,137.41427392066478,367.52877209819934,47339400.0,39335274536.0,61.0,23711200.0,25258600.0
2024-01-03,148.47000122070312,42848.17578125,2034.199951171875,137.78125,364.3240661621094,151.0500030517578,45503.2421875,2044.0,138.48543668179107,366.9390238907261,148.3300018310547,40813.53515625,2034.199951171875,135.95633638949388,362.2694629469342,149.1999969482422,44961.6015625,2034.199951171875,136.12494105781897,362.7609956778596,49425500.0,46342323118.0,54.0,24212100.0,23083500.0
2024-01-04,144.57000732421875,44179.921875,2042.300048828125,135.27198791503906,361.7091064453125,147.3800048828125,44770.0234375,2044.5,138.01928600247774,366.7817278006742,144.0500030517578,42675.17578125,2038.0,135.23232246051418,360.95215684412767,145.58999633789062,42855.81640625,2041.5999755859375,137.2853464572302,364.3928859416935,56039800.0,30448091210.0,88.0,27137700.0,20901500.0
2024-01-05,145.24000549316406,44162.69140625,2042.4000244140625,134.61740112304688,361.5223083496094,146.58999633789062,44353.28515625,2048.10009765625,136.0356871158028,365.7593179114421,144.52999877929688,42784.71875,2042.4000244140625,134.04215363464405,360.29347657411785,144.69000244140625,44192.98046875,2044.5,135.62904430152844,362.72164936252017,45153100.0,32336029347.0,12.0,22513900.0,21004600.0
2024-01-06,,43989.1953125,,,,,44227.6328125,,,,,43475.15625,,,,,44178.953125,,,,,16092503468.0,,,
2024-01-07,,43943.09765625,,,,,44495.5703125,,,,,43662.23046875,,,,,43998.46484375,,,,,19330573863.0,,,
2024-01-08,149.10000610351562,46970.50390625,2026.5999755859375,137.70188903808594,368.3447265625,149.39999389648438,47218.0,2033.699951171875,137.87049368814525,368.8460994479234,146.14999389648438,43244.08203125,2019.0999755859375,135.1430361482217,362.7609230571881,146.74000549316406,43948.70703125,2019.0999755859375,135.17278901977872,363.0459903834981,46757100.0,42746192015.0,10.0,21404000.0,23134000.0
2024-01-09,151.3699951171875,46139.73046875,2026.4000244140625,139.7946014404297,369.42608642578125,151.7100067138672,47893.69921875,2035.800048828125,140.33018342656837,369.62268146878824,148.2100067138672,45244.71484375,2026.4000244140625,137.01755057751834,364.9039804258466,148.3300018310547,46987.640625,2035.800048828125,137.3646876105234,365.7101011042531,43812600.0,39821290992.0,27.0,24759600.0,20830000.0
2024-01-10,153.72999572753906,46627.77734375,2021.699951171875,141.1137237548828,376.28790283203125,154.4199981689453,47647.22265625,2035.5999755859375,141.8278230958526,377.66421828465786,151.8800048828125,44483.15234375,2021.699951171875,139.7549585442349,369.94714950002793,152.05999755859375,46121.5390625,2029.0,139.8442171784281,369.99629076586194,44421800.0,50114613298.0,538.0,21320200.0,25514200.0
2024-01-11,155.17999267578125,46368.5859375,2014.300048828125,140.9153594970703,378.11651611328125,157.1699981689453,48969.37109375,2025.0999755859375,144.02962003416567,384.06405082914983,153.1199951171875,45678.64453125,2014.300048828125,139.4871608829634,373.93848742836093,155.0399932861328,46656.07421875,2025.0999755859375,142.31380523452594,379.46331114806014,49072700.0,45833734549.0,97.0,24008700.0,27850800.0
2024-01-12,154.6199951171875,42853.16796875,2046.699951171875,141.4806671142578,381.89141845703125,156.1999969482422,46498.13671875,2057.0,142.0261616954496,382.0978537915272,154.00999450683594,41903.76953125,2031.0999755859375,140.6574840861167,378.13610141587486,155.38999938964844,46354.79296875,2031.0999755859375,141.5005074082221,378.96187275463393,40484200.0,43332698900.0,390.0,18785500.0,21661200.0
2024-01-13,,42842.3828125,,,,,43234.66015625,,,,,42464.14453125,,,,,42799.4453125,,,,,20601860469.0,,,
2024-01-14,,41796.26953125,,,,,43065.59765625,,,,,41724.61328125,,,,,42842.26171875,,,,,17521429522.0,,,
2024-01-15,,42511.96875,,,,,43319.72265625,,,,,41705.41796875,,,,,41715.06640625,,,,,22320220558.0,,,
2024-01-16,153.16000366210938,43154.9453125,2026.0,141.32199096679688,383.6609191894531,154.99000549316406,43566.2734375,2054.800048828125,143.16674483949535,387.3572546583597,152.14999389648438,42085.99609375,2026.0,140.29050754673418,381.0558019045163,153.52999877929688,42499.3359375,2051.699951171875,140.83600213102596,386.9935252639614,41384600.0,24062872740.0,46.0,22670500.0,27202300.0
2024-01-17,151.7100067138672,42742.65234375,2002.5999755859375,140.31033325195312,382.8744812011719,152.14999389648438,43189.890625,2026.5,140.67729541881693,383.50362745457204,149.91000366210938,42189.30859375,2002.5999755859375,137.76139297479475,378.29339285307435,151.49000549316406,43132.1015625,2026.5,140.19132176728564,381.4097233605343,34953400.0,20851232595.0,764.0,20968600.0,22234100.0
2024-01-18,153.5,41262.05859375,2018.5999755859375,142.30384826660156,387.199951171875,153.77999877929688,42876.34765625,2018.5999755859375,143.02787513950906,387.317914215752,151.82000732421875,40631.171875,2009.5,140.8260719176682,383.51345604684644,152.77000427246094,42742.3125,2012.800048828125,140.8855776587382,385.0863666336801,37850200.0,25218357242.0,1474.0,25746400.0,23392100.0
2024-01-19,155.33999633789062,41618.40625,2026.5,145.1800994873047,391.9186706542969,155.75999450683594,42134.16015625,2036.0,145.24951781414885,391.9186706542969,152.74000549316406,40297.45703125,2019.5,143.19649387664043,386.83620966747424,153.8300018310547,41278.4609375,2023.199951171875,143.55354349190839,389.05794692680297,51651600.0,25752407154.0,50.0,34271900.0,29331100.0
2024-01-20,,41665.5859375,,,,,41877.89453125,,,,,41446.82421875,,,,,41624.58984375,,,,,11586690904.0,,,
2024-01-21,,41545.78515625,,,,,41855.3671875,,,,,41497.0078125,,,,,41671.48828125,,,,,9344043642.0,,,
2024-01-22,154.77999877929688,39507.3671875,2019.800048828125,144.79327392578125,389.7952575683594,157.0500030517578,41651.20703125,2021.300048828125,147.17359422579068,393.83564181909105,153.89999389648438,39450.1171875,2019.800048828125,144.64449444846355,386.9246935015416,156.88999938964844,41553.65234375,2021.300048828125,145.89417546961977,393.2457965997971,43687500.0,31338708143.0,12.0,32200400.0,27016900.0
2024-01-23,156.02000427246094,39845.55078125,2023.699951171875,145.83465576171875,392.144775390625,156.2100067138672,40127.3515625,2030.300048828125,145.9735075280984,392.61665757487873,153.92999267578125,38521.89453125,2022.5,144.30728633154266,387.2589392356876,154.85000610351562,39518.71484375,2030.300048828125,144.6940887617222,389.04812543344485,37986000.0,29244553045.0,15.0,21636100.0,20525900.0
2024-01-24,156.8699951171875,40077.07421875,2013.9000244140625,147.48106384277344,395.7427673339844,158.50999450683594,40483.78515625,2033.199951171875,148.6216460696022,398.7607850247389,156.47999572753906,39508.796875,2013.9000244140625,146.88599128129252,393.6685139379053,157.8000030517578,39877.59375,2023.199951171875,147.32237177289502,394.7400515217606,48547300.0,22359526178.0,253.0,25233500.0,24867000.0
2024-01-25,157.75,39933.80859375,2016.9000244140625,150.6250762939453,398.01361083984375,158.50999450683594,40254.48046875,2022.4000244140625,151.7954113890045,400.1173848111113,154.5500030517578,39545.6640625,2012.0999755859375,148.31417410884393,395.71324182502883,156.9499969482422,40075.55078125,2012.0999755859375,148.83984348061125,397.4729369691264,43638600.0,18491782013.0,548.0,29149100.0,21021200.0
2024-01-26,159.1199951171875,41816.87109375,2016.800048828125,150.9424591064453,397.0896301269531,160.72000122070312,42209.38671875,2022.4000244140625,151.28958097989496,399.2917171915394,157.91000366210938,39825.69140625,2016.800048828125,149.77212402167038,395.61503191441454,158.4199981689453,39936.81640625,2021.699951171875,149.86139776851957,397.5221813360267,51047400.0,25598119893.0,49.0,26115500.0,17803300.0
2024-01-27,,42120.0546875,,,,,42195.6328125,,,,,41431.28125,,,,,41815.625,,,,,11422941934.0,,,
2024-01-28,,42035.59375,,,,,42797.17578125,,,,,41696.91015625,,,,,42126.125,,,,,16858971687.0,,,
2024-01-29,161.25999450683594,43288.24609375,2025.199951171875,152.2516326904297,402.7815246582031,161.2899932861328,43305.8671875,2025.199951171875,152.51942366682596,403.037131241998,158.89999389648438,41818.33203125,2025.199951171875,150.18868118167268,397.4827881758261,159.33999633789062,42030.9140625,2025.199951171875,150.81352174869434,399.18350198201716,45270400.0,20668476578.0,150708.0,27784300.0,24510200.0
2024-01-30,159.0,42952.609375,2031.5,150.21844482421875,401.6706848144531,161.72999572753906,43838.9453125,2048.5,152.3607271720474,406.05514806143475,158.49000549316406,42711.37109375,2028.0999755859375,149.95065385559957,399.56694047651416,160.6999969482422,43300.2265625,2032.5,151.54745682095233,405.27854800251134,45207400.0,23842814518.0,26907.0,36331800.0,33477600.0
2024-01-31,155.1999969482422,42582.60546875,2048.39990234375,138.95156860351562,390.8471374511719,159.00999450683594,43717.40625,2055.0,142.81959319917652,408.28673844568766,154.80999755859375,42298.9453125,2030.0,138.72344307921892,390.48340804499526,157.0,42946.25,2035.4000244140625,142.44270331878081,400.06829591373173,50284400.0,24673628793.0,2007.0,71910000.0,47871100.0
2024-02-01,159.27999877929688,43075.7734375,2053.0,140.00286865234375,396.9421691894531,159.75999450683594,43243.16796875,2064.5,141.88728767351694,401.09070661971754,155.6199951171875,41879.19140625,2029.0,139.63589137319994,394.9956887835189,155.8699951171875,42569.76171875,2040.199951171875,140.95499074150428,395.02517954720986,76542400.0,21423953779.0,947.0,40466500.0,30657700.0
2024-02-02,171.80999755859375,43185.859375,2036.0999755859375,141.21286010742188,404.25616455078125,172.5,43422.48828125,2055.89990234375,141.45088304766435,405.6619409058491,167.3300018310547,42584.3359375,2027.699951171875,135.38105593217287,396.72587980855803,169.19000244140625,43077.640625,2054.800048828125,138.11842568090873,396.9716461643717,117218300.0,18603843039.0,888.0,62499600.0,28256700.0
2024-02-03,,42992.25,,,,,43359.94140625,,,,,42890.80859375,,,,,43184.96484375,,,,,11169245236.0,,,
2024-02-04,,42583.58203125,,,,,43097.64453125,,,,,42374.83203125,,,,,42994.94140625,,,,,14802225490.0,,,
2024-02-05,170.30999755859375,42658.66796875,2025.699951171875,142.50222778320312,398.7804870605469,170.5500030517578,43494.25,2040.800048828125,144.27756337900828,404.19718719885634,167.6999969482422,42264.81640625,2013.800048828125,141.60961126191953,397.14859484100157,170.1999969482422,42577.62109375,2038.9000244140625,141.64929185123162,402.95851515251775,55081300.0,18715487317.0,412.0,38505400.0,25352300.0
2024-02-06,169.14999389648438,43084.671875,2034.5,142.91879272460938,398.6231994628906,170.7100067138672,43344.1484375,2037.300048828125,144.16845883237673,401.0612125775962,167.64999389648438,42529.01953125,2025.9000244140625,142.0162485243668,396.08690380386986,169.38999938964844,42657.390625,2025.9000244140625,143.4642721698212,399.0066093885159,42505500.0,16798476726.0,249.0,29128200.0,18382600.0
2024-02-07,170.52999877929688,44318.22265625,2035.199951171875,144.3469696044922,407.0382385253906,170.8800048828125,44341.94921875,2039.5,144.4263156427516,407.28400488846614,168.94000244140625,42775.95703125,2032.699951171875,142.7501665270815,400.50085926773676,169.47999572753906,43090.01953125,2032.800048828125,143.57336464859975,400.5401902860463,47174100.0,21126587775.0,71.0,25208900.0,22340500.0
2024-02-08,169.83999633789062,45301.56640625,2032.199951171875,144.7139434814453,407.0971984863281,171.42999267578125,45575.83984375,2036.699951171875,145.13049882211826,408.52265531696276,168.8800048828125,44332.125,2020.300048828125,143.91058567202538,405.5439683543155,169.64999389648438,44332.125,2028.0,144.63459744507298,407.0382169623767,42316500.0,26154524080.0,341.0,22563800.0,21225300.0
2024-02-09,174.4499969482422,47147.19921875,2023.300048828125,147.77862548828125,413.4281005859375,175.0,48152.49609375,2032.0,148.2150211661504,413.69354741786265,170.5800018310547,45260.82421875,2020.0,144.9817341712347,408.06057243943894,170.89999389648438,45297.3828125,2032.0,145.47763559904774,408.217866487787,56986000.0,39316770844.0,62.0,26829500.0,22032800.0
2024-02-10,,47771.27734375,,,,,48146.171875,,,,,46905.3203125,,,,,47153.52734375,,,,,16398681570.0,,,
2024-02-11,,48293.91796875,,,,,48535.9375,,,,,47617.40625,,,,,47768.96875,,,,,19315867136.0,,,
2024-02-12,172.33999633789062,49958.22265625,2018.199951171875,146.3206787109375,408.22772216796875,175.38999938964844,50280.4765625,2025.5,148.1158395150447,413.6149010238027,171.5399932861328,47745.76171875,2011.5999755859375,146.1619866169241,407.7263492449608,174.8000030517578,48296.38671875,2025.5,147.20338267503428,413.43795646301396,51050400.0,34511985805.0,317.0,21564100.0,21202900.0
2024-02-13,168.63999938964844,49742.44140625,1992.9000244140625,143.9502410888672,399.43914794921875,170.9499969482422,50358.390625,2025.800048828125,145.46769798615009,403.12564326770877,165.75,48406.49609375,1990.0,142.51213022242555,396.55877347389134,167.72999572753906,49941.359375,2025.0999755859375,143.73204328748068,398.0825128718903,56345100.0,35593051468.0,198.0,27837700.0,27824900.0
2024-02-14,170.97999572753906,51826.6953125,1990.300048828125,144.74366760253906,403.2998352050781,171.2100067138672,52021.37109375,1993.5,145.31891490169372,403.64455035620506,168.27999877929688,49296.83203125,1984.800048828125,142.90882681844735,398.4542264131706,169.2100067138672,49733.4453125,1990.300048828125,144.88251935518286,401.9013178119368,42815500.0,39105608050.0,1916.0,22704200.0,20401200.0
2024-02-15,169.8000030517578,51938.5546875,2002.0999755859375,141.5996856689453,400.4141540527344,171.1699981689453,52820.06640625,2007.199951171875,142.34353774622787,402.94531135993617,167.58999633789062,51371.62890625,1993.5999755859375,139.30862369230854,398.17847977076707,170.5800018310547,51836.78515625,1993.5999755859375,141.9666478509511,401.97028650604454,49855200.0,38564360533.0,286.0,37590700.0,21825500.0
2024-02-16,169.50999450683594,52160.203125,2011.5,139.36813354492188,397.9519348144531,170.4199981689453,52537.96875,2011.5,142.01624520205476,402.11800189970467,167.1699981689453,51641.3671875,1996.5,138.9912436385364,397.3413119912312,168.74000549316406,51937.7265625,2005.0,141.8178876690081,401.7929735865366,48107700.0,28180567298.0,32.0,31468900.0,22296500.0
2024-02-17,,51662.99609375,,,,,52191.9140625,,,,,50669.66796875,,,,,52161.67578125,,,,,20009091006.0,,,
2024-02-18,,52122.546875,,,,,52356.96484375,,,,,51233.70703125,,,,,51661.96875,,,,,17595377311.0,,,
2024-02-19,,51779.14453125,,,,,52483.32421875,,,,,51711.8203125,,,,,52134.8125,,,,,21362184346.0,,,
2024-02-20,167.0800018310547,52284.875,2027.5,139.9632110595703,396.701171875,168.7100067138672,52945.05078125,2029.0,140.915348438827,398.3754555316585,165.74000549316406,50792.3125,2015.5999755859375,138.34658273143967,391.99343067715284,167.8300018310547,51777.7265625,2015.5999755859375,138.51518739713623,397.1443513475326,41980300.0,33353758256.0,1326.0,25144700.0,24307900.0
2024-02-21,168.58999633789062,51839.1796875,2022.300048828125,141.3814697265625,396.100341796875,170.22999572753906,52368.81640625,2028.199951171875,141.52032149117545,396.20869458459015,167.13999938964844,50671.7578125,2022.300048828125,139.5267884940164,391.2153292491478,168.94000244140625,52273.53515625,2028.199951171875,140.29048076624125,394.12074688500724,44420100.0,28624907020.0,15.0,23223300.0,18518900.0
2024-02-22,174.5800018310547,51304.97265625,2019.699951171875,142.90884399414062,405.4272155761719,174.8000030517578,52009.61328125,2033.199951171875,143.8113880616519,406.5893706886108,171.77000427246094,50926.29296875,2019.699951171875,141.6294252005615,402.393788153555,173.10000610351562,51854.64453125,2033.199951171875,143.74195461013204,403.98929433440406,55392400.0,25413900611.0,964.0,27191900.0,27009900.0
2024-02-23,174.99000549316406,50731.94921875,2038.5999755859375,142.77992248535156,404.13702392578125,175.75,51497.93359375,2038.5999755859375,143.4940065020115,409.5735691126935,173.6999969482422,50561.77734375,2014.9000244140625,142.25425313452644,402.7877385663373,174.27999877929688,51283.90625,2026.0,142.4922912292185,409.38646893086735,59715200.0,21427078270.0,22.0,19493800.0,16295900.0
2024-02-24,,51571.1015625,,,,,51684.1953125,,,,,50585.4453125,,,,,50736.37109375,,,,,15174077879.0,,,
2024-02-25,,51733.23828125,,,,,51950.02734375,,,,,51306.171875,,,,,51565.21484375,,,,,15413239245.0,,,
2024-02-26,174.72999572753906,54522.40234375,2028.5,136.4423065185547,401.3793640136719,176.3699951171875,54938.17578125,2035.4000244140625,141.27238088903258,405.92952022656453,174.25999450683594,50931.03125,2024.800048828125,136.26377416065105,401.2020621700657,175.6999969482422,51730.5390625,2034.0999755859375,140.9748370483321,405.24008986741234,44368600.0,34074411896.0,143.0,53641800.0,16193500.0
2024-02-27,173.5399932861328,57085.37109375,2034.0,137.74156188964844,401.3202819824219,174.6199951171875,57537.83984375,2035.9000244140625,138.10852404072233,402.14758039730725,172.86000061035156,54484.19921875,2034.0,135.9662266066363,397.74515057992284,174.0800018310547,54519.36328125,2035.9000244140625,136.8886109742461,401.82255205730473,31141700.0,49756832031.0,964.0,33099200.0,14835800.0
2024-02-28,173.16000366210938,62504.7890625,2033.0,135.26205444335938,401.556640625,174.0500030517578,63913.1328125,2037.0,136.87868252205917,403.1127430930959,172.27000427246094,56738.42578125,2024.800048828125,134.30000463233606,399.1929265964819,172.44000244140625,57071.09765625,2029.5,136.76958362182845,402.00967855020446,28180500.0,83239156760.0,581.0,37328600.0,13183100.0
2024-02-29,176.75999450683594,61198.3828125,2045.699951171875,137.32501220703125,407.38714599609375,177.22000122070312,63585.64453125,2049.800048828125,137.72172724425474,407.93867824413843,172.85000610351562,60498.73046875,2034.300048828125,135.2818858775754,399.7838456551883,173.00999450683594,62499.18359375,2034.300048828125,136.15467711991738,402.4627294555139,53805400.0,65496611844.0,706.0,42133000.0,31947300.0
2024-03-01,178.22000122070312,62440.6328125,2086.89990234375,136.01583862304688,409.2190246582031,178.72999572753906,63155.1015625,2086.89990234375,137.7316532704347,409.58342668223145,176.07000732421875,60802.52734375,2041.800048828125,135.79764079115824,404.66886847100426,176.75,61168.0625,2043.0999755859375,137.29525760665743,405.0529573414313,31981200.0,40186368423.0,1210.0,31151100.0,17823400.0
2024-03-02,,62029.84765625,,,,,62458.69921875,,,,,61657.2890625,,,,,62431.65234375,,,,,23888473685.0,,,
2024-03-03,,63167.37109375,,,,,63230.2109375,,,,,61435.0234375,,,,,62031.578125,,,,,26253811450.0,,,
2024-03-04,177.5800018310547,68330.4140625,2117.699951171875,132.2568817138672,408.6478271484375,180.13999938964844,68537.03125,2119.800048828125,134.54794328029183,411.04108655942895,177.49000549316406,62386.51953125,2080.699951171875,130.82868355980855,406.0871243373175,177.52999877929688,63137.00390625,2083.60009765625,134.54794328029183,407.19018891902937,37381500.0,70670471105.0,805.0,55999400.0,17596000.0
2024-03-05,174.1199951171875,63801.19921875,2133.5,131.5824737548828,396.5632629394531,176.92999267578125,69170.625,2133.5,132.14780860687847,407.9879154671031,173.3000030517578,59323.91015625,2111.39990234375,129.59886818360178,394.58366790374333,176.92999267578125,68341.0546875,2114.89990234375,130.79895621305897,407.7022908884421,37228300.0,102802940877.0,1287.0,40194800.0,26919200.0
2024-03-06,173.50999450683594,66106.8046875,2150.300048828125,130.32289123535156,396.01171875,176.4600067138672,67637.9296875,2150.300048828125,132.48502936431544,399.03531766594347,173.25999450683594,62848.671875,2125.5,129.77741176310514,392.36766860816914,175.5399932861328,63776.05078125,2125.5,132.02879338468463,396.87842085481464,32090900.0,68750229073.0,443.0,35318600.0,22344100.0
2024-03-07,176.82000732421875,66925.484375,2158.0,133.2784423828125,402.9551696777344,177.99000549316406,68029.921875,2163.0,133.83384943472205,403.5854793634372,173.72000122070312,65655.53125,2147.0,130.531144857788,396.159450830879,174.8300018310547,66099.7421875,2147.0,131.7014646980678,399.98080286179095,34063300.0,46989543159.0,152.0,37738200.0,18718500.0
2024-03-08,175.35000610351562,68300.09375,2178.60009765625,134.3000030517578,400.07928466796875,178.7899932861328,70083.0546875,2194.89990234375,136.95802694070352,404.21580644025056,174.3300018310547,66230.453125,2166.300048828125,132.90155765626992,398.2178408535662,176.44000244140625,66938.09375,2167.300048828125,133.1098428756074,401.79297194630584,37893200.0,59202881172.0,259.0,39370400.0,18002200.0
2024-03-09,,68498.8828125,,,,,68673.0546875,,,,,68053.125,,,,,68299.2578125,,,,,21609650379.0,,,
2024-03-10,,69019.7890625,,,,,70005.203125,,,,,68239.9765625,,,,,68500.2578125,,,,,35683977532.0,,,
2024-03-11,171.9600067138672,72123.90625,2182.5,136.54150390625,398.40496826171875,174.47000122070312,72850.7109375,2184.0,137.95978992775838,399.54743645794565,171.47000122070312,67194.8828125,2177.199951171875,135.01413409372148,395.19426925023413,174.30999755859375,69020.546875,2181.0,135.01413409372148,397.6564774172096,28484800.0,65716656765.0,738.0,32437800.0,16120800.0
2024-03-12,175.38999938964844,71481.2890625,2160.39990234375,137.3646697998047,409.0023193359375,176.75999450683594,72825.65625,2182.699951171875,138.23746099222168,409.28794389731524,171.97999572753906,68728.8515625,2160.39990234375,135.90671866415707,400.64067006988586,173.5,72125.125,2182.5,135.90671866415707,401.4581099515854,36610600.0,62554434520.0,550.0,27563400.0,22457000.0
2024-03-13,176.55999755859375,73083.5,2175.39990234375,138.64410400390625,408.8250427246094,177.6199951171875,73637.4765625,2175.39990234375,139.9334506450809,411.8584699071754,175.5500030517578,71334.09375,2162.5,137.85067388660744,405.2302248765396,175.89999389648438,71482.1171875,2162.5,137.86058646627538,411.7796924719957,30772600.0,48212536929.0,20.0,23347200.0,17115900.0
2024-03-14,178.75,71396.59375,2163.0,141.92697143554688,418.7920837402344,179.52999877929688,73750.0703125,2163.0,142.41294506959082,421.3527863664109,176.47000122070312,68563.0234375,2162.300048828125,139.30861293112127,411.6713665638625,177.69000244140625,73079.375,2163.0,140.03262465964323,413.8873540190868,43705800.0,59594605698.0,515.0,42753400.0,34157300.0
2024-03-15,174.4199981689453,69403.7734375,2157.300048828125,140.022705078125,410.1251525878906,177.92999267578125,72357.1328125,2161.699951171875,142.00631057950346,416.2117246963819,173.89999389648438,65630.6953125,2157.300048828125,138.88213796831596,406.55002108975805,176.63999938964844,71387.875,2161.699951171875,141.33189197321508,412.9517630950902,72147400.0,78320453976.0,100.0,49475400.0,45079900.0
2024-03-16,,65315.1171875,,,,,70046.2734375,,,,,64801.39453125,,,,,69392.484375,,,,,46842198371.0,,,
2024-03-17,,68390.625,,,,,68845.71875,,,,,64545.31640625,,,,,65316.34375,,,,,44716864318.0,,,
2024-03-18,174.47999572753906,67548.59375,2160.699951171875,146.4694366455078,411.0115051269531,176.69000244140625,68897.1328125,2160.699951171875,150.90279656609297,414.3699607798189,174.27999877929688,66594.2265625,2146.199951171875,145.96362264352206,407.52500983634934,175.8000030517578,68371.3046875,2146.199951171875,147.3918211593764,407.9879061886506,31250700.0,49261579492.0,21.0,69273700.0,20106000.0
2024-03-19,175.89999389648438,61912.7734375,2156.300048828125,145.82476806640625,415.0397033691406,176.08999633789062,68106.9296875,2156.300048828125,147.5703355892813,415.2957826626085,173.52000427246094,61536.1796875,2156.10009765625,144.88255840993227,409.26827120822617,174.22000122070312,67556.1328125,2156.10009765625,146.9455101008083,411.5138040831413,26880900.0,74215844794.0,12.0,24070400.0,19837900.0
2024-03-20,178.14999389648438,67913.671875,2157.89990234375,147.52073669433594,418.8019714355469,178.52999877929688,68115.2578125,2185.89990234375,147.639748173652,419.52091706855344,174.63999938964844,60807.78515625,2150.89990234375,145.53713132595888,414.3010471653659,176.13999938964844,61930.15625,2157.300048828125,146.78679725990156,415.62078729077075,29947200.0,66792634382.0,17.0,21311500.0,17860100.0
2024-03-21,178.14999389648438,65491.390625,2182.39990234375,146.3900909423828,422.8793029785156,181.4199981689453,68199.9921875,2211.60009765625,149.13737364463717,424.30739566871944,178.14999389648438,64580.91796875,2182.39990234375,145.6958169152109,420.70271948004165,179.99000549316406,67911.5859375,2207.0,148.24475722928597,423.33234084355416,32824300.0,44480350565.0,63.0,24755600.0,21296200.0
2024-03-22,178.8699951171875,63778.76171875,2158.10009765625,149.53408813476562,422.25885009765625,179.25999450683594,66623.75,2179.60009765625,150.33744585104463,423.3619145681295,176.75,62355.37109375,2157.5,147.75875293589795,419.62922855755534,177.75,65489.9296875,2179.199951171875,147.89760470002383,423.2043596919927,27995400.0,41401116964.0,19.0,29211800.0,17648500.0
2024-03-23,,64062.203125,,,,,65976.3984375,,,,,63038.4921875,,,,,63802.72265625,,,,,24738964812.0,,,
2024-03-24,,67234.171875,,,,,67622.7578125,,,,,63825.8515625,,,,,64070.75390625,,,,,27206630673.0,,,
2024-03-25,179.7100067138672,69958.8125,2174.800048828125,148.83981323242188,416.4677734375,180.99000549316406,71162.59375,2179.39990234375,149.1472695959304,420.94901086959675,177.24000549316406,66414.8359375,2166.199951171875,146.60825753555676,415.23666920718586,178.00999450683594,67234.09375,2166.199951171875,148.7108740604839,418.81180070101897,29815500.0,42700139523.0,79.0,19229300.0,18060500.0
2024-03-26,178.3000030517578,69987.8359375,2175.60009765625,149.43492126464844,415.2760009765625,180.4499969482422,71535.7421875,2182.699951171875,151.011884033954,419.5503905165624,177.9499969482422,69335.609375,2175.60009765625,148.7505749332153,414.9805480350016,180.14999389648438,69931.328125,2182.699951171875,148.98861304571224,419.1761300864183,29659000.0,36010437368.0,202373.0,22149100.0,16725600.0
2024-03-27,179.8300018310547,69455.34375,2190.60009765625,149.63327026367188,415.0593566894531,180.0,71727.6875,2196.199951171875,150.3969625890798,418.0337234540762,177.30999755859375,68381.9296875,2172.10009765625,147.679417711027,412.67595596490696,179.8800048828125,69991.8984375,2179.39990234375,149.94072668288968,418.02386500319915,33272600.0,40827113309.0,31200.0,22879200.0,16705000.0
2024-03-28,180.3800048828125,70744.953125,2217.39990234375,149.69277954101562,414.360107421875,181.6999969482422,71546.0234375,2234.10009765625,150.1886809085542,415.4927172172239,179.25999450683594,68895.5078125,2187.10009765625,148.93901491049212,412.78428811448583,180.1699981689453,69452.7734375,2193.60009765625,149.61344863987313,414.5964697982947,38051600.0,34374900617.0,2040.0,24485400.0,21871200.0
2024-03-29,,69892.828125,,,,,70913.09375,,,,,69076.65625,,,,,70744.796875,,,,,25230851763.0,,,
2024-03-30,,69645.3046875,,,,,70355.4921875,,,,,69601.0625,,,,,69893.4453125,,,,,17130241883.0,,,
2024-03-31,,71333.6484375,,,,,71377.78125,,,,,69624.8671875,,,,,69647.78125,,,,,20050941373.0,,,
2024-04-01,180.97000122070312,69702.1484375,2236.5,154.21542358398438,418.15191650390625,183.0,71342.09375,2264.199951171875,154.4633742852125,421.42173632509054,179.9499969482422,68110.6953125,2230.0,149.3754210532241,415.8374347010724,180.7899932861328,71333.484375,2235.699951171875,149.45476709366227,417.5412936572551,29174500.0,34873527352.0,400.0,31730800.0,16316000.0
2024-04-02,180.69000244140625,65446.97265625,2261.0,153.2930145263672,415.0692138671875,180.7899932861328,69708.3828125,2279.199951171875,153.4318662914426,415.9950065592136,178.3800048828125,64586.59375,2247.60009765625,150.90276651769807,411.5236280313696,179.07000732421875,69705.0234375,2252.0,152.24170614312382,413.7593022671653,32611500.0,50705240709.0,435.0,24586000.0,17912000.0
2024-04-03,182.41000366210938,65980.8125,2294.39990234375,153.6500701904297,414.0941467285156,182.8699951171875,66914.3203125,2298.800048828125,153.8087622521674,416.8616660710103,179.8000030517578,64559.8984375,2267.89990234375,151.47801988823227,412.7546899690478,179.89999389648438,65446.671875,2281.699951171875,152.34089851536356,413.3850296337972,31046600.0,34488018367.0,285.0,24705000.0,16502300.0
2024-04-04,180.0,68508.84375,2288.800048828125,149.2960662841797,411.56304931640625,185.10000610351562,69291.2578125,2302.89990234375,153.5013153792841,422.1899488258563,180.0,65113.796875,2280.0,149.21672024838048,411.2577378896696,184.0,65975.6953125,2301.699951171875,152.2417216532487,418.5655553413228,41624300.0,34439527442.0,251.0,34724700.0,19370900.0
2024-04-05,185.07000732421875,67837.640625,2325.699951171875,151.2499237060547,419.0875244140625,186.27000427246094,68725.7578125,2328.39990234375,152.1623804461379,420.06257930400153,181.97000122070312,66011.4765625,2267.39990234375,148.37370170217739,411.9963827991793,182.3800048828125,68515.7578125,2289.199951171875,148.80016963270904,413.6608379545396,42374000.0,33748230056.0,344.0,23459200.0,16554800.0
2024-04-06,,68896.109375,,,,,69629.6015625,,,,,67491.71875,,,,,67840.5703125,,,,,19967785809.0,,,
2024-04-07,,69362.5546875,,,,,70284.4296875,,,,,68851.6328125,,,,,68897.109375,,,,,21204930369.0,,,
2024-04-08,185.19000244140625,71631.359375,2331.699951171875,153.5806427001953,418.1716003417969,187.2899932861328,72715.359375,2341.800048828125,153.99719798709924,420.8209388461148,184.80999755859375,69064.2421875,2319.0,151.35899936966726,416.9010924581036,186.89999389648438,69362.5546875,2325.60009765625,151.52760400005405,418.7428494922185,39221300.0,37261432669.0,202.0,20702000.0,14272400.0
2024-04-09,185.6699981689453,69139.015625,2343.5,155.31631469726562,419.8360595703125,187.33999633789062,71742.5078125,2364.699951171875,157.26023958727896,421.27398079875763,184.1999969482422,68212.921875,2337.800048828125,153.91786920573918,415.24649970194963,187.24000549316406,71632.5,2337.800048828125,154.81048561572567,419.9936445079337,36520100.0,36426900409.0,211.0,31079500.0,12496900.0
2024-04-10,185.9499969482422,70587.8828125,2329.60009765625,154.86009216308594,416.8616943359375,186.27000427246094,71093.4296875,2358.10009765625,155.32624070054823,417.62004361877445,182.6699981689453,67503.5625,2327.699951171875,153.41205338281176,413.3555123677214,182.77000427246094,69140.2421875,2346.60009765625,154.92952562487014,415.8078620441207,35879200.0,38318601774.0,377.0,22838600.0,16216600.0
2024-04-11,189.0500030517578,70060.609375,2354.800048828125,158.10328674316406,421.4610900878906,189.77000427246094,71256.234375,2376.300048828125,158.37106260079813,422.8793243997448,185.50999450683594,69571.8125,2330.60009765625,155.1774715327962,415.9752830660833,186.74000549316406,70575.734375,2341.5,155.62377976256258,419.3830008173104,40020700.0,30153382941.0,283.0,27166400.0,17966400.0
2024-04-12,186.1300048828125,67195.8671875,2356.199951171875,156.4370574951172,415.52227783203125,188.3800048828125,71222.7421875,2429.0,158.90665201136972,418.75269400595073,185.0800018310547,65254.8359375,2334.300048828125,155.85189745243298,413.4244714952131,187.72000122070312,70061.3828125,2377.300048828125,156.66518304426685,417.6397710155257,38608800.0,44129299406.0,584.0,25353700.0,19253800.0
2024-04-13,,63821.47265625,,,,,67931.4296875,,,,,60919.10546875,,,,,67188.375,,,,,52869738185.0,,,
2024-04-14,,65738.7265625,,,,,65824.4296875,,,,,62205.8515625,,,,,63836.23046875,,,,,49084320047.0,,,
2024-04-15,183.6199951171875,63426.2109375,2365.800048828125,153.59059143066406,407.38714599609375,188.69000244140625,66878.6484375,2384.699951171875,157.93469279815042,420.36790078356154,183.0,62332.0703125,2326.0,153.3228004211546,407.18029886088704,187.42999267578125,65739.6484375,2362.10009765625,157.5578028687453,420.15122525352587,48052400.0,43595917654.0,1801.0,27136500.0,20273500.0
2024-04-16,183.32000732421875,63811.86328125,2390.800048828125,153.13433837890625,408.31292724609375,184.8300018310547,64355.66796875,2390.800048828125,154.3740918150493,412.0751888679084,182.25999450683594,61716.40234375,2371.39990234375,152.17228850176252,407.4758004410801,183.27000427246094,63419.296875,2384.0,152.92606827651122,408.3030988508173,32891300.0,42847528078.0,41.0,20779500.0,16765600.0
2024-04-17,181.27999877929688,61276.69140625,2371.699951171875,154.195556640625,405.61431884765625,184.57000732421875,64486.36328125,2391.39990234375,155.792359485905,412.5479054250206,179.82000732421875,59768.5859375,2369.300048828125,153.3128529021601,404.1271355046504,184.30999755859375,63831.84765625,2384.199951171875,154.3443209821668,410.9425408996239,31359700.0,41915247049.0,37.0,21763100.0,15855500.0
2024-04-18,179.22000122070312,63512.75390625,2382.300048828125,154.73117065429688,398.15875244140625,182.38999938964844,64125.6875,2384.39990234375,155.65355525464724,405.66358827577534,178.64999389648438,60833.48046875,2368.39990234375,153.35256517809685,397.8436126348303,181.47000122070312,61275.31640625,2368.39990234375,154.0666645029772,404.4226257260466,30723800.0,36006307335.0,128.0,19883000.0,21029900.0
2024-04-19,174.6300048828125,63843.5703125,2398.39990234375,152.82688903808594,393.0866394042969,179.0,65481.59765625,2399.800048828125,155.07828562000708,399.35051316442866,173.44000244140625,59651.390625,2377.300048828125,151.0515686940003,391.7570408652649,178.74000549316406,63510.75,2379.300048828125,154.91959354072858,397.9224202787546,56000700.0,49920425401.0,160.0,32615600.0,30565800.0
2024-04-20,,64994.44140625,,,,,65442.45703125,,,,,63172.40234375,,,,,63851.1015625,,,,,23097485495.0,,,
2024-04-21,,64926.64453125,,,,,65723.2421875,,,,,64277.72265625,,,,,64992.81640625,,,,,20506644853.0,,,
2024-04-22,177.22999572753906,66837.6796875,2332.199951171875,154.99891662597656,394.8988037109375,178.8699951171875,67233.9609375,2383.300048828125,156.3477688326678,396.7602475945419,174.55999755859375,64548.1796875,2326.89990234375,152.79711353661722,389.76757007965125,176.94000244140625,64935.6328125,2383.300048828125,153.04506419862878,394.0321015888098,37924900.0,28282686673.0,53.0,26446200.0,20286900.0
2024-04-23,179.5399932861328,66407.2734375,2327.699951171875,156.96270751953125,401.4089050292969,179.92999267578125,67199.2421875,2330.800048828125,157.66689417461689,402.0293863346637,175.97999572753906,65864.8671875,2294.199951171875,154.99894218995382,396.9670716039761,178.0800018310547,66839.890625,2327.699951171875,155.67337597138751,398.1292267170022,37046500.0,24310975583.0,171.0,21151600.0,15734500.0
2024-04-24,176.58999633789062,64276.8984375,2324.5,157.8256072998047,402.8763427734375,180.32000732421875,67075.3671875,2328.699951171875,158.2620030164986,406.2347982871372,176.17999267578125,63589.87109375,2314.60009765625,155.88166687099877,400.6308101493401,179.94000244140625,66408.71875,2321.300048828125,156.19905107721684,403.36878440202247,34185100.0,30276655120.0,95.0,22779100.0,15065300.0
2024-04-25,173.6699981689453,64481.70703125,2329.800048828125,154.72122192382812,393.0078125,173.9199981689453,65275.20703125,2329.800048828125,155.20721069723666,393.84496925671834,166.32000732421875,62783.6328125,2305.0,149.63326920623868,382.1642385201122,169.67999267578125,64275.01953125,2315.0,150.08950510920468,388.0735378998874,49249400.0,32155786816.0,1024.0,57109700.0,40586500.0
2024-04-26,179.6199951171875,63755.3203125,2334.800048828125,170.5404815673828,400.1778259277344,180.82000732421875,64789.65625,2347.89990234375,173.27786687075127,406.7568397543272,176.1300048828125,63322.3984375,2332.800048828125,168.2593321924788,399.6262936342629,177.8000030517578,64485.37109375,2347.89990234375,172.94064243070838,405.93939976601416,43919800.0,24139372950.0,717.0,64665300.0,29694700.0
2024-04-27,,63419.140625,,,,,63898.36328125,,,,,62424.71875,,,,,63750.98828125,,,,,19530783039.0,,,
2024-04-28,,63113.23046875,,,,,64321.484375,,,,,62793.59765625,,,,,63423.515625,,,,,17334827993.0,,,
2024-04-29,180.9600067138672,63841.12109375,2345.39990234375,164.78802490234375,396.1693420410156,183.52999877929688,64174.87890625,2345.5,168.1601634153097,400.1778246357648,179.38999938964844,61795.45703125,2327.89990234375,163.8557430067843,393.1556012841848,182.75,63106.36328125,2334.800048828125,167.67417460775002,399.1239921991836,54063900.0,26635912073.0,405.0,45610000.0,19582100.0
2024-04-30,175.0,60636.85546875,2291.39990234375,161.44566345214844,383.4446105957031,182.99000549316406,64703.33203125,2322.5,166.72206177178046,396.0806804506466,174.8000030517578,59120.06640625,2291.39990234375,161.26714620693434,383.2870557136592,181.08999633789062,63839.41796875,2322.5,164.25246727701446,395.4207954000411,94639800.0,37840840057.0,113.0,33562900.0,28781400.0
2024-05-01,179.0,58254.01171875,2299.89990234375,162.51681518554688,388.96978759765625,185.14999389648438,60780.5,2327.300048828125,165.75008702003925,395.64729473492514,176.55999755859375,56555.29296875,2283.800048828125,161.75312275558537,384.40977340635925,181.63999938964844,60609.49609375,2287.699951171875,162.9532108598106,386.6749928264685,94645100.0,48439780271.0,42.0,33493200.0,23562500.0
2024-05-02,184.72000122070312,59123.43359375,2299.199951171875,165.25416564941406,391.82598876953125,185.10000610351562,59602.296875,2324.699951171875,165.36326455481128,393.88439136644655,179.91000366210938,56937.203125,2292.300048828125,162.54654844018515,388.6842084752251,180.85000610351562,58253.703125,2321.699951171875,163.43916484164697,391.6487169798458,54303500.0,32711813559.0,56.0,24294500.0,17709400.0
2024-05-03,186.2100067138672,62889.8359375,2299.0,165.8690948486328,400.5126647949219,187.8699951171875,63320.50390625,2301.0,166.5831940285256,400.9952480161036,185.4199981689453,58848.3125,2277.60009765625,161.71343896761203,395.7852067038653,186.99000549316406,59122.30078125,2300.0,166.18646385430256,396.1988709336313,39172000.0,33172023048.0,194.0,34662400.0,17446700.0
2024-05-04,,63891.47265625,,,,,64494.95703125,,,,,62599.3515625,,,,,62891.03125,,,,,20620477992.0,,,
2024-05-05,,64031.1328125,,,,,64610.890625,,,,,62955.3046875,,,,,63892.453125,,,,,18296164805.0,,,
2024-05-06,188.6999969482422,63161.94921875,2321.60009765625,166.7220458984375,407.2886657714844,188.75,65494.90234375,2325.5,166.76171134902742,407.67275464571117,184.8000030517578,62746.23828125,2314.199951171875,164.66900697168114,400.22703898277103,186.27999877929688,64038.3125,2322.800048828125,166.08729275303767,402.58092459776026,34725300.0,28697928697.0,9.0,21871300.0,16996600.0
2024-05-07,188.75999450683594,62334.81640625,2315.199951171875,169.84620666503906,403.152099609375,189.94000244140625,64390.45703125,2324.300048828125,170.35202057689946,408.40154408083737,187.30999755859375,62285.98046875,2315.199951171875,167.00965043305126,402.9058788007464,188.9199981689453,63162.76171875,2324.300048828125,167.11874933173186,408.39168563049185,34048900.0,25930730982.0,25.0,28039700.0,20018200.0
2024-05-08,188.0,61187.94140625,2313.60009765625,167.9915771484375,404.333984375,188.42999267578125,62986.0859375,2313.60009765625,168.7552544719988,405.9984394987751,186.38999938964844,60877.12890625,2313.60009765625,167.35682390872975,400.5618646353196,187.44000244140625,62332.640625,2313.60009765625,167.61468721014788,401.99981584395204,26136400.0,26088172222.0,4.0,19569100.0,11792300.0
2024-05-09,189.5,63049.9609375,2332.10009765625,168.56680297851562,406.08709716796875,191.6999969482422,63404.9140625,2339.5,169.2908147525702,406.48104448418644,187.44000244140625,60648.07421875,2310.699951171875,166.80138015076668,402.91577167959764,188.8800048828125,61191.19921875,2310.699951171875,168.00146814371737,404.3635513602943,43368400.0,25453338161.0,5.0,15346700.0,14689700.0
2024-05-10,187.47999572753906,60792.77734375,2367.300048828125,167.26751708984375,408.47052001953125,189.88999938964844,63446.7421875,2367.300048828125,168.45769242107335,409.1008598045123,186.92999267578125,60208.78125,2367.300048828125,164.82769095498062,405.5749605018169,189.16000366210938,63055.19140625,2367.300048828125,166.65260426676096,406.6977419727187,34141800.0,27804954694.0,126.0,29799900.0,13402300.0
2024-05-11,,60793.7109375,,,,,61451.15234375,,,,,60492.625,,,,,60793.35546875,,,,,13842272968.0,,,
2024-05-12,,61448.39453125,,,,,61818.15625,,,,,60632.6015625,,,,,60793.50390625,,,,,13800459405.0,,,
2024-05-13,186.57000732421875,62901.44921875,2336.10009765625,167.7535400390625,407.46588134765625,188.30999755859375,63422.66015625,2358.300048828125,167.89239183817318,412.02589540221663,185.36000061035156,60769.83984375,2336.10009765625,162.65567379498282,404.60972606039115,188.0,61451.21875,2358.300048828125,162.91353709798523,411.6910387187959,24898600.0,27889181179.0,14.0,31327600.0,15440200.0
2024-05-14,187.07000732421875,61552.7890625,2353.39990234375,168.94369506835938,410.26300048828125,187.72000122070312,63092.125,2358.0,169.84623930052865,411.1789347782618,183.4499969482422,61123.765625,2336.0,167.41632532705881,405.3287253515243,183.82000732421875,62900.7734375,2336.0,168.37837530926814,405.79162172220066,38698200.0,28186271527.0,6.0,25127100.0,15109300.0
2024-05-15,185.99000549316406,66267.4921875,2388.699951171875,171.09588623046875,417.4360046386719,186.72000122070312,66454.453125,2388.699951171875,171.23473800953292,418.15627711467357,182.72999572753906,61330.41015625,2356.0,169.11228073886124,411.7035137509103,185.97000122070312,61553.98828125,2361.60009765625,169.23130735927975,412.32511422725236,75459900.0,39815167074.0,29.0,26948400.0,22239500.0
2024-05-16,183.6300048828125,65231.58203125,2380.0,172.75216674804688,415.3738708496094,187.30999755859375,66712.4296875,2392.199951171875,173.6844635980281,419.744796345379,183.4600067138672,64613.0546875,2380.0,171.27439058404832,414.7424242787078,185.60000610351562,66256.109375,2389.5,171.86946305398715,416.1730628235195,38834500.0,31573077994.0,7.0,27867900.0,17530100.0
2024-05-17,184.6999969482422,67051.875,2412.199951171875,174.61680603027344,414.60430908203125,185.3000030517578,67459.4609375,2415.800048828125,174.82509128603235,417.2781788386251,183.35000610351562,65119.31640625,2380.699951171875,172.2662381363207,412.4533979292135,183.75999450683594,65231.296875,2380.699951171875,172.7522118435742,416.903243294278,33175700.0,28031279310.0,213.0,24479300.0,15352200.0
2024-05-18,,66940.8046875,,,,,67387.328125,,,,,66663.5,,,,,67066.2109375,,,,,16712277406.0,,,
2024-05-19,,66278.3671875,,,,,67694.296875,,,,,65937.1796875,,,,,66937.9296875,,,,,19249094538.0,,,
2024-05-20,183.5399932861328,71448.1953125,2433.89990234375,175.46974182128906,419.6658630371094,186.6699981689453,71483.5625,2435.800048828125,177.30458297385175,421.07677928196154,183.27999877929688,66086.171875,2409.699951171875,174.63663113812171,414.3872272445279,184.33999633789062,66278.7421875,2415.800048828125,174.74573004665857,414.6042935983872,30511800.0,43850655717.0,40.0,22554400.0,16272100.0
2024-05-21,183.14999389648438,70136.53125,2421.699951171875,176.39210510253906,423.3164978027344,183.25999450683594,71946.4609375,2429.5,176.68963378677213,427.1940633042462,180.75,69191.125,2421.0,174.36881924751077,419.1823911367933,182.3000030517578,71443.0625,2429.5,175.44988049011022,421.1359581260157,50839100.0,46932005990.0,6.0,16989400.0,21453300.0
2024-05-22,183.1300048828125,69122.3359375,2389.199951171875,174.93417358398438,424.7767639160156,185.22000122070312,70623.6953125,2417.60009765625,175.69785080388766,426.6415653807663,181.97000122070312,68977.6953125,2375.800048828125,173.77376618454468,421.43200286988593,183.8800048828125,70135.3203125,2417.5,175.19203685040134,424.35250743086516,28148800.0,32802561717.0,180.0,17880000.0,18073700.0
2024-05-23,181.0500030517578,67929.5625,2335.0,172.12738037109375,421.3037414550781,184.75999450683594,70041.2734375,2371.199951171875,176.78885054238378,427.81570226312846,180.0800018310547,66356.953125,2335.0,171.53229263275466,419.7448321943187,183.66000366210938,69121.3046875,2371.199951171875,175.61853049301604,427.19410176133954,33670200.0,41895680979.0,365.0,21024900.0,17211700.0
2024-05-24,180.75,68526.1015625,2332.5,173.55555725097656,424.4216003417969,182.44000244140625,69220.296875,2345.39990234375,174.32916213437795,425.3095881756072,180.3000030517578,66622.671875,2332.5,172.22653015180546,418.7483062624099,181.64999389648438,67928.1328125,2342.60009765625,173.54562953855606,421.4912194128948,27471600.0,29197308153.0,25.0,16579400.0,11855300.0
2024-05-25,,69265.9453125,,,,,69579.3203125,,,,,68515.8203125,,,,,68526.921875,,,,,15473071741.0,,,
2024-05-26,,68518.09375,,,,,69506.2265625,,,,,68183.890625,,,,,69264.2890625,,,,,15628433737.0,,,
2024-05-27,,69394.5546875,,,,,70597.8828125,,,,,68232.5,,,,,68512.1796875,,,,,25870990717.0,,,
2024-05-28,182.14999389648438,68296.21875,2355.199951171875,174.95401000976562,424.5794372558594,182.24000549316406,69514.640625,2359.699951171875,175.8168887472588,425.0727671383065,179.49000549316406,67227.15625,2336.89990234375,172.94065151179802,420.9090617260336,179.92999267578125,69392.1953125,2336.89990234375,173.01999755281523,423.8986396092449,29927000.0,32722265965.0,26.0,20572200.0,15718000.0
2024-05-29,182.02000427246094,67578.09375,2340.300048828125,174.45811462402344,423.44482421875,184.0800018310547,68852.4609375,2340.300048828125,175.3904117210104,425.1912013264544,181.5500030517578,67101.4921875,2340.300048828125,173.28779452948098,420.011237075474,181.6999969482422,68296.3515625,2340.300048828125,173.99196607552997,420.011237075474,32009300.0,26707072906.0,119317.0,23388700.0,15517100.0
2024-05-30,179.32000732421875,68364.9921875,2342.89990234375,170.6991729736328,409.13818359375,181.33999633789062,69500.5390625,2349.5,173.78368015073974,418.63969103885734,178.36000061035156,67118.078125,2320.800048828125,170.38178882747087,408.7138970465268,181.30999755859375,67576.0859375,2336.89990234375,173.76383985817733,418.63969103885734,29184700.0,29509712534.0,32587.0,22931500.0,28394500.0
2024-05-31,176.44000244140625,67491.4140625,2322.89990234375,171.08596801757812,409.5920715332031,179.2100067138672,68999.5625,2354.0,171.6413751155462,411.19045552886206,173.8699951171875,66633.421875,2319.0,168.05105413674661,399.1137496856911,178.3000030517578,68362.515625,2344.10009765625,170.4512148865134,411.19045552886206,58903900.0,27387283769.0,941.0,37638900.0,47995300.0
2024-06-01,,67706.9375,,,,,67839.765625,,,,,67386.1953125,,,,,67489.609375,,,,,11641495604.0,,,
2024-06-02,,67751.6015625,,,,,68409.1640625,,,,,67315.5234375,,,,,67710.2734375,,,,,17110588415.0,,,
2024-06-03,178.33999633789062,68804.78125,2346.60009765625,171.75047302246094,408.0035400390625,178.6999969482422,70230.8203125,2347.5,173.09932530985793,410.8747236026411,175.9199981689453,67589.8359375,2312.0,169.75695502874458,403.4649291544174,177.6999969482422,67753.8984375,2322.60009765625,171.12563247401937,409.9867358256656,30786600.0,32401285324.0,781.0,27459100.0,17484700.0
2024-06-04,179.33999633789062,70567.765625,2325.5,172.3654022216797,410.5195007324219,179.82000732421875,71047.40625,2347.699951171875,172.42492310208857,410.8845599967463,176.44000244140625,68564.640625,2313.89990234375,170.480982952228,404.21473091731406,177.63999938964844,68804.5703125,2347.5,171.85958824102724,406.92804504027714,27198400.0,33149696545.0,890.0,26879600.0,14348900.0
2024-06-05,181.27999877929688,71082.8203125,2354.10009765625,173.9721221923828,418.3536071777344,181.5,71735.4140625,2354.300048828125,175.2019479039631,418.42265047577604,178.75,70390.7109375,2326.199951171875,172.50424324144495,410.7464388812518,180.10000610351562,70568.3515625,2326.39990234375,173.7638369582265,412.23630472822083,32116400.0,32810771409.0,295.0,22068500.0,16988000.0
2024-06-06,185.0,70757.1640625,2370.300048828125,175.2812957763672,418.8568115234375,185.0,71625.734375,2375.800048828125,175.6978511153371,419.63628120393724,181.49000549316406,70119.125,2355.0,174.30933331877074,414.96936946485204,181.75,71082.84375,2355.0,174.4580976777925,418.35363549566944,31371200.0,25223152007.0,179.0,23251000.0,14861300.0
2024-06-07,184.3000030517578,69342.5859375,2305.199951171875,173.02989196777344,418.1957702636719,186.2899932861328,71907.8515625,2385.10009765625,176.4119274047294,420.59334639709124,183.36000061035156,68507.2578125,2285.39990234375,172.87119991627856,417.3571033955117,184.89999389648438,70759.1875,2379.89990234375,175.5986571248054,420.51442686018504,28021500.0,36188381096.0,269.0,19661400.0,13621700.0
2024-06-08,,69305.7734375,,,,,69533.3203125,,,,,69210.7421875,,,,,69324.1796875,,,,,14262185861.0,,,
2024-06-09,,69647.9921875,,,,,69817.5234375,,,,,69160.84375,,,,,69297.4921875,,,,,13534028500.0,,,
2024-06-10,187.05999755859375,69512.28125,2307.699951171875,173.7746124267578,422.162109375,187.22999572753906,70146.0703125,2309.300048828125,175.81014466476933,422.36929949498546,183.7899932861328,69232.421875,2290.5,171.54049500356726,418.2352227759558,184.07000732421875,69644.3125,2290.60009765625,173.7349014501534,419.0344147777948,34445600.0,20597699541.0,69.0,23726700.0,13982900.0
2024-06-11,187.22999572753906,67332.03125,2307.5,175.37322998046875,426.9079284667969,187.77000427246094,69549.4140625,2314.10009765625,175.59167820683606,427.04607528322305,184.5399932861328,66123.6015625,2300.0,172.5433572951998,419.57705383558175,187.05999755859375,69508.078125,2300.0,174.9760596512974,419.8039964152252,27265100.0,37116136345.0,871.0,21540600.0,14551100.0
2024-06-12,186.88999938964844,68241.1875,2336.0,176.53500366210938,435.1761779785156,188.35000610351562,69977.890625,2338.699951171875,179.13651982603324,437.48495834500466,185.42999267578125,66902.453125,2310.300048828125,174.86686977172752,427.47036718999846,188.02000427246094,67321.375,2314.89990234375,176.99176326604527,429.51276024474697,33984200.0,34497940694.0,132.0,27864700.0,22366200.0
2024-06-13,183.8300018310547,66756.3984375,2300.199951171875,173.92355346679688,435.689208984375,187.6699981689453,68365.78125,2317.699951171875,175.49240210344783,437.4750908737884,182.6699981689453,66304.5625,2296.199951171875,173.64553119205647,433.508699318619,186.08999633789062,68243.1015625,2309.39990234375,174.8668444097431,434.9689666213265,39721500.0,28955204146.0,298.0,20913300.0,15960600.0
2024-06-14,183.66000366210938,66011.09375,2331.39990234375,175.5420684814453,436.6660461425781,183.72000122070312,67294.6484375,2331.39990234375,175.8101668483586,437.2284494695541,182.22999572753906,65056.89453125,2305.800048828125,172.92070431351652,430.8940801420427,183.0800018310547,66747.5703125,2307.0,172.99021747019344,432.4332670607897,25456400.0,27403884779.0,948.0,18063600.0,13582000.0
2024-06-15,,66191.0,,,,,66402.1875,,,,,65871.7734375,,,,,66006.7421875,,,,,14121265576.0,,,
2024-06-16,,66639.046875,,,,,66894.84375,,,,,66018.25,,,,,66189.359375,,,,,13281140541.0,,,
2024-06-17,184.05999755859375,66490.296875,2312.39990234375,175.98887634277344,442.38861083984375,185.0,67188.3203125,2320.199951171875,177.10096546528717,444.9243335295661,181.22000122070312,65094.96484375,2309.60009765625,173.57602172386774,434.8406700551031,182.52000427246094,66636.515625,2320.199951171875,174.2214424940307,436.68571890132137,35601900.0,30006354476.0,110.0,19618500.0,20790000.0
2024-06-18,182.80999755859375,65140.74609375,2330.39990234375,173.85403442382812,440.3857116699219,184.2899932861328,66556.703125,2330.39990234375,176.13780173263285,444.1350368072149,181.42999267578125,64066.95703125,2311.800048828125,172.8710325397334,438.95507309068336,183.74000549316406,66490.9765625,2311.800048828125,175.88956648496008,443.7107502283828,36659200.0,39481285950.0,43.0,21869900.0,17112500.0
2024-06-19,,64960.296875,,,,,65695.3515625,,,,,64693.30078125,,,,,65146.66015625,,,,,21103423504.0,,,
2024-06-20,186.10000610351562,64828.65625,2353.800048828125,175.05551147460938,439.7542724609375,186.50999450683594,66438.9609375,2354.0,176.03851342488448,440.57318682315986,182.72000122070312,64547.84765625,2328.300048828125,173.7547611134038,435.38334678666155,182.91000366210938,64960.296875,2328.89990234375,174.13206841253606,440.3462442358131,44726800.0,25641109124.0,183.0,20160100.0,19877400.0
2024-06-21,189.0800018310547,64096.19921875,2316.39990234375,178.3619842529297,443.77984619140625,189.27999877929688,65007.546875,2331.199951171875,179.57337340062563,444.569161991758,185.86000061035156,63378.89453125,2316.39990234375,175.36329839952862,440.5534794666223,187.8000030517578,64837.98828125,2331.199951171875,175.7505447565084,441.4118686798834,70792500.0,26188171739.0,76.0,57759000.0,34187100.0
2024-06-22,,64252.578125,,,,,64475.46875,,,,,63929.7578125,,,,,64113.86328125,,,,,9858198793.0,,,
2024-06-23,,63180.796875,,,,,64491.703125,,,,,63180.796875,,,,,64248.96484375,,,,,11170471802.0,,,
2024-06-24,185.57000732421875,60277.4140625,2330.0,177.95489501953125,441.697998046875,191.0,63292.52734375,2332.89990234375,179.61310474396652,446.71021649298933,185.3300018310547,58601.69921875,2322.699951171875,177.40877441541713,440.45479708566984,189.3300018310547,63173.3515625,2323.300048828125,178.88826202454848,443.7995580906483,50610400.0,43152133651.0,99.0,18298000.0,15913700.0
2024-06-25,186.33999633789062,61804.640625,2316.60009765625,182.73094177246094,444.9342346191406,188.83999633789062,62258.26171875,2333.0,182.98910099326696,445.3979659147229,185.4199981689453,60239.75,2316.60009765625,178.15348288701358,440.7902515475345,186.80999755859375,60266.28125,2324.39990234375,178.35206806848578,442.27024120018433,45366400.0,29201215431.0,105.0,23130200.0,16413400.0
2024-06-26,193.61000061035156,60811.27734375,2299.199951171875,182.58200073242188,446.1280517578125,194.8000030517578,62434.13671875,2314.39990234375,183.20754327614856,447.54884412889345,186.25999450683594,60695.1875,2298.0,181.19187420519867,442.21101156026344,186.9199981689453,61789.67578125,2307.89990234375,181.3408244497642,443.01020350518843,65103900.0,22506003064.0,986.0,19839000.0,16507000.0
2024-06-27,197.85000610351562,61604.80078125,2324.5,184.10121154785156,446.8088684082031,199.83999633789062,62293.86328125,2329.0,184.73669324083986,450.0845859651154,194.1999969482422,60585.33203125,2295.0,182.7210240356858,445.74325902922413,195.00999450683594,60811.2265625,2296.800048828125,182.87988309562385,446.14779313508967,74397500.0,21231745045.0,1532.0,18848900.0,14806300.0
2024-06-28,193.25,60320.13671875,2327.699951171875,180.8641815185547,440.987548828125,198.85000610351562,62126.09765625,2338.300048828125,183.82315635258536,449.3050825683631,192.5,59985.40234375,2319.0,180.67553547170056,440.4547441786846,197.72999572753906,61612.8046875,2325.39990234375,183.01887663600002,447.0259011535714,76930200.0,24952866877.0,92.0,29156600.0,28362300.0
2024-06-29,,60887.37890625,,,,,61097.62109375,,,,,60300.96484375,,,,,60319.875,,,,,12652903396.0,,,
2024-06-30,,62678.29296875,,,,,62892.828125,,,,,60632.94921875,,,,,60888.4453125,,,,,17333226409.0,,,
2024-07-01,197.1999969482422,62851.98046875,2327.60009765625,181.6982879638672,450.63714599609375,198.3000030517578,63777.2265625,2329.699951171875,182.58200489120532,451.2685926172397,192.82000732421875,62495.51171875,2321.699951171875,180.02021516731907,439.71481466960876,193.49000549316406,62673.60546875,2323.800048828125,181.7379989393426,442.67479410049566,41192000.0,25468379421.0,237.0,16006100.0,17662800.0
2024-07-02,200.0,62029.015625,2323.0,183.93240356445312,453.15313720703125,200.42999267578125,63203.359375,2334.60009765625,184.2600759255339,453.4589993533835,195.92999267578125,61752.74609375,2323.0,180.27837266146466,447.06543265029325,197.27999877929688,62844.41015625,2330.699951171875,180.7649192250836,447.15425853449676,45600000.0,20151616992.0,30.0,17372500.0,13979800.0
2024-07-03,197.58999633789062,60173.921875,2359.800048828125,184.50830078125,454.62322998046875,200.02999877929688,62187.703125,2361.60009765625,184.77638393795382,454.86989493305913,196.75999450683594,59419.38671875,2330.89990234375,182.7011409192061,451.7717987859675,199.94000244140625,62034.33203125,2330.89990234375,183.545146815405,452.07766091834213,31597900.0,29756701685.0,59.0,10242100.0,9932800.0
2024-07-04,,56977.703125,,,,,60399.67578125,,,,,56777.8046875,,,,,60147.13671875,,,,,41149609230.0,,,
2024-07-05,200.0,56662.375,2388.5,189.25457763671875,461.3226318359375,200.5500030517578,57497.15234375,2388.5,189.51273686548802,462.1021014719612,198.1699981689453,53717.375,2354.89990234375,184.48845737897847,452.8472281684966,198.64999389648438,57022.80859375,2354.89990234375,184.54803142014995,453.478674753155,39858900.0,55417544033.0,72.0,20967500.0,16000300.0
2024-07-06,,58303.5390625,,,,,58472.546875,,,,,56038.9609375,,,,,56659.07421875,,,,,20610320577.0,,,
2024-07-07,,55849.109375,,,,,58371.12109375,,,,,55793.32421875,,,,,58239.4296875,,,,,20553359505.0,,,
2024-07-08,199.2899932861328,56705.09765625,2355.199951171875,187.69564819335938,460.020263671875,201.1999969482422,58131.3359375,2383.800048828125,188.8276004007438,461.4608086849496,197.9600067138672,54321.01953125,2352.800048828125,186.4544718628467,458.26401040115894,200.0399932861328,55849.57421875,2381.699951171875,188.55950207105113,460.3261258064599,34767300.0,39766159899.0,64.0,21035900.0,12962300.0
2024-07-09,199.33999633789062,58009.2265625,2360.10009765625,187.64599609375,453.40966796875,200.57000732421875,58239.1953125,2363.699951171875,190.00920064999954,461.0957263862654,199.0500030517578,56316.875,2360.10009765625,187.38783687416534,451.89020339539763,199.39999389648438,56704.59765625,2363.10009765625,188.96660951335545,460.770141890067,32700100.0,27849512607.0,9.0,15121400.0,17207200.0
2024-07-10,199.7899932861328,57742.49609375,2372.199951171875,189.8304443359375,460.0301513671875,200.11000061035156,59359.43359375,2377.0,190.39642795230205,460.2373415030919,197.69000244140625,57178.4140625,2365.800048828125,187.69562734501247,452.7387206812327,200.0,58033.8828125,2366.300048828125,187.81477541116223,455.06725356597207,32883800.0,26175260526.0,19.0,15952500.0,18196100.0
2024-07-11,195.0500030517578,57344.9140625,2415.0,184.2600860595703,448.6341857910156,200.27000427246094,59299.43359375,2416.699951171875,189.51273777959946,458.5797024992354,192.86000061035156,57120.37890625,2378.699951171875,183.77353946919203,445.526183591136,200.08999633789062,57729.890625,2378.699951171875,188.50987272919218,456.8037270511313,44565000.0,28707803842.0,72.0,25625800.0,23111200.0
2024-07-12,194.49000549316406,57899.46484375,2414.0,183.76358032226562,447.49951171875,196.47000122070312,58532.5546875,2414.0,185.78917309936222,450.2720231711714,193.8300018310547,56590.17578125,2391.300048828125,183.1876727799843,444.6382045032453,194.8000030517578,57341.1953125,2399.800048828125,183.77350427691545,448.2691051092715,30598500.0,25604805221.0,355.0,22898400.0,16324300.0
2024-07-13,,59231.953125,,,,,59787.078125,,,,,57796.44140625,,,,,57908.73828125,,,,,17080061806.0,,,
2024-07-14,,60787.79296875,,,,,61329.52734375,,,,,59225.25,,,,,59225.25,,,,,22223416061.0,,,
2024-07-15,192.72000122070312,64870.15234375,2422.89990234375,185.21328735351562,447.9040222167969,196.19000244140625,64870.15234375,2436.0,186.91122316515236,451.1600172439033,190.8300018310547,60704.9296875,2422.89990234375,183.61465170436622,445.40777441791397,194.55999755859375,60815.45703125,2430.0,183.61465170436622,447.2528232113756,40683200.0,38094526099.0,540.0,16474000.0,14429400.0
2024-07-16,193.02000427246094,65097.1484375,2462.39990234375,182.62171936035156,443.5233154296875,196.6199951171875,65354.33984375,2462.39990234375,187.34811338839907,448.23954820722287,192.24000549316406,62487.96875,2427.39990234375,182.0755987428797,440.7014827721708,195.58999633789062,64784.41796875,2427.39990234375,186.03743905754484,448.1606286695201,33994700.0,41617346768.0,93.0,18290700.0,17175700.0
2024-07-17,187.92999267578125,64118.79296875,2454.800048828125,179.74217224121094,437.60333251953125,191.5800018310547,66066.734375,2473.10009765625,182.25431159390905,438.9156068819966,185.99000549316406,63896.0859375,2454.800048828125,178.63006809161806,433.3212327097638,191.35000610351562,65091.83203125,2472.89990234375,181.67840403365545,436.68574615539535,48076100.0,32525071311.0,10.0,20734100.0,21778000.0
2024-07-18,183.75,63974.06640625,2451.800048828125,176.43568420410156,434.4953918457031,189.67999267578125,65104.66015625,2466.0,181.21172786784336,438.7182947848892,181.4499969482422,63246.1640625,2451.800048828125,175.22429500298105,428.6050313568636,189.58999633789062,64104.73828125,2466.0,180.64574423979403,438.4124326412694,51043600.0,27239305337.0,2.0,25315700.0,20794800.0
2024-07-19,183.1300048828125,66710.15625,2395.5,176.4058837890625,431.2788391113281,184.92999267578125,67442.640625,2419.199951171875,179.0173080512408,435.2551069043024,180.11000061035156,63329.34375,2395.5,175.87962632456976,426.23702212212055,181.13999938964844,63972.32421875,2418.800048828125,177.61727289817895,427.3223538949878,43081800.0,37003855410.0,15.0,18881900.0,20940400.0
2024-07-20,,67163.6484375,,,,,67610.734375,,,,,66299.6171875,,,,,66709.921875,,,,,19029581250.0,,,
2024-07-21,,68154.5234375,,,,,68372.90625,,,,,65842.296875,,,,,67164.9140625,,,,,26652190004.0,,,
2024-07-22,182.5500030517578,67585.25,2392.0,180.3875732421875,437.03106689453125,185.05999755859375,68480.0625,2402.10009765625,181.41030116706474,438.6689256733767,182.47999572753906,66611.296875,2392.0,178.95773590808608,433.05482935357276,185.0,68152.9765625,2402.10009765625,179.31519524161143,435.89641421757136,39931900.0,42649109453.0,18.0,24100300.0,15808800.0
2024-07-23,186.41000366210938,65927.671875,2404.60009765625,180.50672912597656,438.9156188964844,189.38999938964844,67779.015625,2404.60009765625,182.31388893241848,442.40840302613475,183.55999755859375,65484.4609375,2388.699951171875,180.25849388780003,437.1889642431626,184.10000610351562,67584.8046875,2395.800048828125,180.76490347036915,437.9782800404941,47537700.0,35605668666.0,41.0,36352700.0,13107100.0
2024-07-24,180.8300018310547,65372.1328125,2413.300048828125,171.4114227294922,423.1783752441406,185.4499969482422,67113.984375,2421.0,174.9462905344622,435.5905721860423,180.41000366210938,65146.99609375,2411.60009765625,170.60714288242724,421.88585333621705,183.1999969482422,65927.859375,2421.0,172.37457678491225,434.5743138131604,41532400.0,27470942309.0,6.0,49585200.0,26805800.0
2024-07-25,179.85000610351562,65777.2265625,2351.89990234375,166.0991668701172,412.8184509277344,183.89999389648438,66112.421875,2365.5,172.19582391606315,424.066366533815,176.8000030517578,63473.47265625,2351.89990234375,166.00980581766575,411.94033937034624,182.91000366210938,65375.875,2365.5,171.30218308939462,423.0797067418699,44464200.0,38315761670.0,31.0,44852000.0,29943800.0
2024-07-26,182.5,67912.0625,2380.0,165.82115173339844,419.5968017578125,183.19000244140625,68207.6015625,2386.89990234375,166.90345381803442,423.19813411147953,180.24000549316406,65743.765625,2368.699951171875,162.90190268589552,411.7035233681291,180.38999938964844,65771.8125,2368.699951171875,165.97008682721892,412.6211398648851,29506000.0,30488630457.0,95.0,41336900.0,23583800.0
2024-07-27,,67813.3359375,,,,,69398.5078125,,,,,66705.21875,,,,,67911.8125,,,,,34691905492.0,,,
2024-07-28,,68255.8671875,,,,,68301.8515625,,,,,67085.828125,,,,,67808.65625,,,,,18043166945.0,,,
2024-07-29,183.1999969482422,66819.9140625,2377.300048828125,168.3332977294922,421.0373229980469,184.75,69987.5390625,2377.300048828125,169.22693862858085,426.38500194360023,182.3800048828125,66532.59375,2377.300048828125,166.80417515412134,419.0344049240428,183.83999633789062,68259.0546875,2377.300048828125,167.63824201341453,425.8225986635412,33270100.0,40780682628.0,126409.0,20293800.0,15125800.0
2024-07-30,181.7100067138672,66201.015625,2405.0,169.08790588378906,417.2781982421875,185.86000061035156,66987.671875,2409.300048828125,170.02127279088597,423.32639784774454,179.3800048828125,65323.19140625,2373.800048828125,167.25097423676394,411.79234175836467,184.72000122070312,66819.0546875,2380.89990234375,169.03827095768605,422.0141534919779,39508600.0,31380492109.0,25944.0,18959700.0,32687600.0
2024-07-31,186.97999572753906,64619.25,2426.5,170.32908630371094,412.7691345214844,187.94000244140625,66810.2109375,2447.60009765625,173.01996298271357,416.1533704185598,184.4600067138672,64532.046875,2402.800048828125,168.80988784082692,406.7110288792971,185.0500030517578,66201.2734375,2407.10009765625,172.01709806342805,414.89044707540063,41667300.0,31292785994.0,1313.0,25729100.0,42891400.0
2024-08-01,184.07000732421875,65357.5,2435.0,169.55462646484375,411.5456237792969,190.60000610351562,65593.2421875,2455.10009765625,172.82141135501334,421.75755796351626,181.8699951171875,62248.94140625,2430.39990234375,167.68790739296938,407.57926252131097,189.2899932861328,64625.83984375,2446.699951171875,169.04823192931204,415.1765544542287,70435600.0,40975554494.0,690.0,24531400.0,30296400.0
2024-08-02,167.89999389648438,61415.06640625,2425.699951171875,165.48358154296875,403.0406494140625,168.77000427246094,65523.22265625,2477.0,167.32051364473287,409.46381430513844,160.5500030517578,61184.89453125,2416.0,163.50762313025547,398.9460172931046,166.75,65353.5,2444.0,165.26513327016306,406.98728858808795,141448400.0,43060875727.0,550.0,29130100.0,29437900.0
2024-08-03,,60680.09375,,,,,62148.37109375,,,,,59836.52734375,,,,,61414.80859375,,,,,31753030589.0,,,
2024-08-04,,58116.9765625,,,,,61062.98828125,,,,,57210.8046875,,,,,60676.09375,,,,,31758917219.0,,,
2024-08-05,161.02000427246094,53991.45703125,2401.699951171875,158.12588500976562,389.87860107421875,162.9600067138672,58268.828125,2449.800048828125,163.26931311778455,395.6900415573509,151.61000061035156,49121.23828125,2367.39990234375,153.83637178282208,380.43625987349014,154.2100067138672,58110.296875,2442.0,154.40235553543832,383.9783949357412,83149400.0,108991085584.0,334.0,53630700.0,40709200.0
2024-08-06,161.92999267578125,56034.31640625,2389.10009765625,157.1726531982422,394.2790832519531,165.0800018310547,57059.91796875,2421.800048828125,159.436573034586,400.25826896287094,158.5399932861328,53973.2734375,2380.0,155.3059340768458,393.18390539634436,161.7100067138672,53991.34765625,2414.5,158.20532051321726,394.66389500260414,59950800.0,49300484106.0,163.0,49004600.0,24946500.0
2024-08-07,162.77000427246094,55027.4609375,2390.5,157.81805419921875,393.1147766113281,167.5800018310547,57726.8828125,2401.0,161.82952940748444,404.60935491197966,161.42999267578125,54620.5078125,2384.5,157.35137068982363,392.1675918276793,166.5500030517578,56040.6328125,2392.199951171875,160.11174561926643,403.1885927917371,48408200.0,41637562185.0,130.0,25138600.0,20650900.0
2024-08-08,165.8000030517578,61710.13671875,2422.199951171875,160.88623046875,397.3179626464844,166.69000244140625,62673.765625,2422.800048828125,162.5345161798724,400.4456567631783,162.5500030517578,54766.7265625,2384.300048828125,159.07908571101373,394.6046487060997,165.1699981689453,55030.02734375,2384.300048828125,159.37695589283805,397.07129774281304,44616200.0,45298472567.0,201.0,25578800.0,20203000.0
2024-08-09,166.94000244140625,60880.11328125,2432.10009765625,162.51466369628906,400.60357666015625,168.5500030517578,61751.86328125,2432.10009765625,162.63381177677473,402.6064947272633,165.85000610351562,59587.859375,2418.5,157.93720474099763,396.89375651412195,166.39999389648438,61728.20703125,2422.300048828125,158.88049573069213,398.64013341356633,36401000.0,33425553115.0,611.0,28602300.0,19276700.0
2024-08-10,,60945.8125,,,,,61464.51171875,,,,,60287.56640625,,,,,60881.23046875,,,,,15745822278.0,,,
2024-08-11,,58719.484375,,,,,61778.66015625,,,,,58348.82421875,,,,,60944.890625,,,,,22759754812.0,,,
2024-08-12,166.8000030517578,59354.515625,2462.39990234375,161.14439392089844,401.383056640625,168.5500030517578,60680.33203125,2469.800048828125,163.73597062856854,403.30705522680034,166.11000061035156,57688.8984375,2432.0,160.69757348531624,398.84733381774834,168.13999938964844,58719.39453125,2432.699951171875,163.1898651801224,401.6297215819056,30072800.0,37078637820.0,566.0,15895300.0,16762900.0
2024-08-13,170.22999572753906,60609.56640625,2466.699951171875,163.00119018554688,408.487060546875,171.0399932861328,61572.3984375,2470.0,163.56715864917211,409.4145232292732,167.10000610351562,58506.25390625,2456.5,161.81958802944447,404.10628833526175,167.80999755859375,59356.20703125,2461.0,162.25648447214553,404.12601069280254,39237900.0,30327698167.0,510.0,18551700.0,19414300.0
2024-08-14,170.10000610351562,58737.26953125,2439.39990234375,159.23793029785156,411.2989807128906,172.27999877929688,61687.7578125,2472.10009765625,162.0678179768307,412.14752377963794,168.86000061035156,58472.875,2439.39990234375,156.59671896869054,406.9478375879701,172.11000061035156,60611.05078125,2468.0,161.2535991509072,409.26646397851016,28843800.0,29961696180.0,274.0,40591100.0,18267000.0
2024-08-15,177.58999633789062,57560.09765625,2453.10009765625,160.16139221191406,416.1621398925781,177.91000366210938,59838.6484375,2467.699951171875,160.49898852805327,416.24120167718553,173.99000549316406,56161.59375,2431.199951171875,158.4833194361169,412.8311079388872,174.86000061035156,58733.26171875,2451.800048828125,159.36703635252704,414.94635003046426,51698500.0,35682112440.0,285.0,31524300.0,20752100.0
2024-08-16,177.05999755859375,58894.10546875,2498.60009765625,161.80966186523438,413.6317138671875,178.33999633789062,59847.359375,2508.0,163.89482874364478,416.46852653153576,176.25999450683594,57110.01953125,2451.39990234375,159.99257813121338,412.4752279591184,177.0399932861328,57560.2734375,2453.5,160.33017441375463,415.73709195319884,31489200.0,29350938673.0,197.0,24208600.0,22775600.0
2024-08-17,,59478.97265625,,,,,59694.66796875,,,,,58814.83203125,,,,,58893.53125,,,,,13589684021.0,,,
2024-08-18,,58483.96484375,,,,,60262.71875,,,,,58445.40234375,,,,,59468.1328125,,,,,17740625837.0,,,
2024-08-19,178.22000122070312,59493.453125,2501.800048828125,165.4934844970703,416.65631103515625,178.3000030517578,59612.66015625,2508.5,165.5133475605536,416.87376862371895,176.16000366210938,57864.7109375,2487.199951171875,163.1004929084528,411.64492262923585,177.63999938964844,58480.7109375,2508.5,164.1132970310061,414.11601787893187,31129800.0,25911207712.0,88.0,22416200.0,15234000.0
2024-08-20,178.8800048828125,59012.79296875,2511.300048828125,165.99989318847656,419.8885192871094,179.00999450683594,61396.328125,2527.300048828125,167.4495939252533,420.93626132598814,177.42999267578125,58610.8828125,2500.699951171875,165.64244892165763,416.7650812391523,177.9199981689453,59493.453125,2503.5,165.72187088023108,416.82438511571235,26255200.0,31613400008.0,187.0,18341500.0,16387600.0
2024-08-21,180.11000061035156,61175.19140625,2508.39990234375,164.6792755126953,419.23614501953125,182.38999938964844,61834.3515625,2515.39990234375,165.67221654044488,421.46999458583696,178.88999938964844,58823.4453125,2503.89990234375,163.50759722139043,416.8441115746798,179.9199981689453,59014.98828125,2511.0,163.98420467240848,419.17681098270833,35599100.0,32731154072.0,96.0,22902000.0,16067300.0
2024-08-22,176.1300048828125,60381.9140625,2478.89990234375,162.6437530517578,410.7454528808594,181.47000122070312,61408.109375,2504.10009765625,166.4069931043409,421.8555179747642,175.67999267578125,59815.25390625,2471.10009765625,162.15720646482643,409.8163186254232,181.3800048828125,61168.31640625,2504.10009765625,166.07932072756,419.45359039351575,32047500.0,27625734377.0,210.0,22493300.0,19361900.0
2024-08-23,177.0399932861328,64094.35546875,2508.39990234375,164.45089721679688,411.9711608886719,178.97000122070312,64947.0625,2508.39990234375,165.00694179876172,414.4126044200127,175.24000549316406,60372.05078125,2486.5,162.67353934579646,407.32548933843145,177.33999633789062,60380.953125,2486.5,163.55725630307884,412.15896655760116,29150100.0,42530509233.0,94.0,13955700.0,18493800.0
2024-08-24,,64178.9921875,,,,,64513.7890625,,,,,63619.91796875,,,,,64103.87109375,,,,,21430585163.0,,,
2024-08-25,,64333.54296875,,,,,64996.421875,,,,,63833.51953125,,,,,64176.3671875,,,,,18827683555.0,,,
2024-08-26,175.5,62880.66015625,2517.699951171875,164.987060546875,408.70928955078125,177.47000122070312,64489.70703125,2523.10009765625,166.36724776645642,412.4554786638681,174.3000030517578,62849.55859375,2509.10009765625,163.29906407812496,406.58415351672016,176.6999969482422,64342.2265625,2509.89990234375,165.20550875294475,411.55599630876077,22366200.0,27682040631.0,290.0,14190400.0,13152800.0
2024-08-27,173.1199951171875,59504.1328125,2516.0,163.51751708984375,409.0552062988281,174.88999938964844,63210.796875,2523.10009765625,165.26510295168842,409.5691832347041,172.25,58116.75,2506.89990234375,163.29908400819048,405.5067172557128,174.14999389648438,62879.70703125,2515.199951171875,164.66933228950003,408.0865261332207,29842000.0,39103882198.0,100.0,11821900.0,13492900.0
2024-08-28,170.8000030517578,59027.625,2501.0,161.700439453125,405.85272216796875,173.69000244140625,60236.44921875,2501.0,164.431027060309,410.2018441208808,168.9199981689453,57890.67578125,2501.0,160.38975012916,402.6007521142328,173.69000244140625,59507.92578125,2501.0,163.87496740248727,410.08323636580656,29045000.0,40289564698.0,2353.0,16407400.0,14882700.0
2024-08-29,172.1199951171875,59388.1796875,2525.699951171875,160.6380157470703,408.3435363769531,174.2899932861328,61184.08203125,2525.699951171875,164.7984415304893,417.17028122626607,170.80999755859375,58786.2265625,2503.89990234375,159.11881702129344,405.85268326493673,173.22000122070312,59027.46875,2504.10009765625,163.15015560870546,410.142500929111,26407800.0,32224990582.0,3966.0,19699800.0,17045200.0
2024-08-30,178.5,59119.4765625,2493.800048828125,162.2267303466797,412.3171081542969,178.89999389648438,59896.88671875,2525.39990234375,162.50475265729827,412.663037378181,172.60000610351562,57768.53125,2493.800048828125,160.54865737475214,407.3650233246306,172.77999877929688,59388.6015625,2519.5,161.47208537407533,410.7949049431994,43429400.0,32292756405.0,208.0,22123800.0,24308300.0
2024-08-31,,58969.8984375,,,,,59432.59375,,,,,58768.78515625,,,,,59117.48046875,,,,,12403470760.0,,,
2024-09-01,,57325.48828125,,,,,59062.0703125,,,,,57217.82421875,,,,,58969.80078125,,,,,24592449997.0,,,
2024-09-02,,59112.48046875,,,,,59403.0703125,,,,,57136.02734375,,,,,57326.96875,,,,,27036454524.0,,,
2024-09-03,176.25,57431.0234375,2489.89990234375,156.24920654296875,404.70611572265625,178.25999450683594,59815.05859375,2501.800048828125,160.70751737773818,415.02541234976394,175.25999450683594,57425.16796875,2476.300048828125,155.37541355771157,402.32397617802485,177.5500030517578,59106.19140625,2501.60009765625,160.57843019098567,413.0781880012741,37817500.0,26666961053.0,206.0,38945300.0,20313600.0
2024-09-04,173.3300018310547,57971.5390625,2493.39990234375,155.3456268310547,404.1723327636719,175.97999572753906,58511.5703125,2493.39990234375,157.87762958096508,406.48527429622453,172.5399932861328,55673.1640625,2483.5,154.8590954051368,399.6947093805116,174.47999572753906,57430.34765625,2490.89990234375,155.554151121504,401.21691249953295,30309200.0,35627680312.0,470.0,19353800.0,15135800.0
2024-09-05,177.88999938964844,56160.48828125,2511.39990234375,156.1300506591797,403.6682434082031,179.8800048828125,58300.58203125,2513.300048828125,158.32444181781332,408.3237783354607,175.0,55712.453125,2493.39990234375,154.87893528354047,401.4343636867301,175.0,57971.703125,2493.699951171875,155.19668368087028,402.9071267784607,40170500.0,31030280656.0,54.0,18688700.0,14195500.0
2024-09-06,171.38999938964844,53948.75390625,2493.5,149.8546600341797,397.0555725097656,178.3800048828125,56976.109375,2517.89990234375,156.71588626121135,405.9020748639309,171.16000366210938,52598.69921875,2483.699951171875,149.48727669749047,396.1659541424797,177.24000549316406,56160.19140625,2510.300048828125,156.18962872176218,404.33046200098624,41466500.0,49361693566.0,96.0,37912100.0,19609500.0
2024-09-07,,54139.6875,,,,,54838.14453125,,,,,53740.0703125,,,,,53949.0859375,,,,,19061486526.0,,,
2024-09-08,,54841.56640625,,,,,55300.859375,,,,,53653.7578125,,,,,54147.93359375,,,,,18268287531.0,,,
2024-09-09,175.39999389648438,57019.53515625,2501.800048828125,147.856201171875,401.02911376953125,175.85000610351562,58041.125,2504.699951171875,152.51926120186218,403.9252302108811,173.50999450683594,54598.43359375,2491.300048828125,146.37475041538113,397.5003824546475,174.52999877929688,54851.88671875,2491.300048828125,151.63437166613713,402.5315288470681,29037400.0,34618096173.0,96.0,39260500.0,15295100.0
2024-09-10,179.5500030517578,57648.7109375,2512.300048828125,147.80648803710938,409.4111022949219,180.5,58029.9765625,2512.300048828125,150.4015036061094,411.5164502597468,176.7899932861328,56419.4140625,2512.300048828125,147.48831800096144,402.9862541865475,177.49000549316406,57020.09765625,2512.300048828125,149.58620426686707,403.48047327180706,36233800.0,28857630507.0,5.0,31118800.0,19594300.0
2024-09-11,184.52000427246094,57343.171875,2512.10009765625,150.29212951660156,418.14886474609375,184.99000549316406,57991.3203125,2525.800048828125,150.63017379029483,419.0878628478116,175.72999572753906,55567.33984375,2502.300048828125,146.67302891819028,404.8444661227044,180.10000610351562,57650.2890625,2525.800048828125,149.0592434246133,410.6960329818373,42564700.0,37049062672.0,90.0,29607700.0,19266900.0
2024-09-12,187.0,58127.01171875,2551.199951171875,153.8018798828125,422.0630798339844,187.41000366210938,58534.359375,2557.0,153.931138367879,422.42879711427406,183.5399932861328,57330.1015625,2523.39990234375,151.7735836501272,414.89690341994134,184.8000030517578,57343.171875,2529.10009765625,152.91699025153633,418.415740735589,33544200.0,33835707949.0,132.0,29621500.0,17395700.0
2024-09-13,186.49000549316406,60571.30078125,2581.300048828125,156.55596923828125,425.611572265625,188.5,60648.0234375,2581.800048828125,157.47068534964538,426.83722589839596,185.91000366210938,57650.11328125,2565.0,154.318887339598,420.5408798146308,187.0,58130.32421875,2568.800048828125,154.53761027887018,420.9065970976519,26495400.0,32490528356.0,31.0,29591200.0,15874600.0
2024-09-14,,60005.12109375,,,,,60656.72265625,,,,,59517.8828125,,,,,60569.1171875,,,,,16428405496.0,,,
2024-09-15,,59182.8359375,,,,,60381.91796875,,,,,58696.30859375,,,,,60000.7265625,,,,,18120960867.0,,,
2024-09-16,184.88999938964844,58192.5078125,2580.39990234375,157.1525115966797,426.3529357910156,185.80999755859375,59205.51171875,2580.39990234375,157.3414231577179,428.5176178937892,183.36000061035156,57501.33984375,2580.39990234375,155.7009025392383,423.26901338836296,185.2899932861328,59185.2265625,2580.39990234375,156.4068176480649,425.6215011650568,26065500.0,32032822113.0,28.0,18379800.0,13834700.0
2024-09-17,186.8800048828125,60308.5390625,2564.300048828125,158.40528869628906,430.11883544921875,189.4499969482422,61316.08984375,2581.800048828125,159.628222536102,436.7413828200211,186.13999938964844,57628.0703125,2564.300048828125,157.47068317745328,427.2721288798558,186.85000610351562,58192.5078125,2581.199951171875,158.107008079676,435.14011791593873,26091700.0,38075570118.0,22.0,20715600.0,18874200.0
2024-09-18,186.42999267578125,61649.6796875,2570.699951171875,158.89248657226562,425.8290100097656,188.8000030517578,61664.06640625,2570.699951171875,159.57852752922,430.9886580324637,185.05999755859375,59218.25390625,2549.199951171875,157.6894419945441,425.43364080776206,186.4499969482422,60309.0,2570.699951171875,158.9422025434275,429.9705680090547,34448100.0,40990702891.0,25.0,23677300.0,18898000.0
2024-09-19,189.8699951171875,62940.45703125,2588.0,161.20909118652344,433.61798095703125,190.99000549316406,63872.44140625,2588.0,162.8496118323656,436.395490043335,188.47000122070312,61609.8671875,2566.0,160.41368126049775,431.8486680325852,190.0399932861328,61651.15625,2566.0,162.77008449382728,436.1286225735102,39543200.0,42710252573.0,99.0,26587700.0,21706600.0
2024-09-20,191.60000610351562,63192.9765625,2619.89990234375,162.65077209472656,430.2374572753906,191.83999633789062,64119.53125,2621.800048828125,162.78996770160265,434.1615578880838,187.41000366210938,62364.60546875,2590.39990234375,161.1295575441582,429.1996092968504,190.22999572753906,62941.42578125,2590.39990234375,162.5612924555598,432.1649237095232,100378600.0,35177164222.0,17.0,40896400.0,55167100.0
2024-09-21,,63394.83984375,,,,,63543.359375,,,,,62783.10546875,,,,,63184.33984375,,,,,14408616220.0,,,
2024-09-22,,63648.7109375,,,,,63993.421875,,,,,62440.7265625,,,,,63396.8046875,,,,,20183348802.0,,,
2024-09-23,193.8800048828125,63329.80078125,2626.5,160.92076110839844,428.4978332519531,194.4499969482422,64733.55859375,2626.5,164.53986181971814,431.41370770372646,190.57000732421875,62628.078125,2626.5,160.74178667068307,425.4139110417271,191.63999938964844,63643.1015625,2626.5,163.40640761812853,429.2589197702658,36993100.0,31400285425.0,9.0,24150900.0,15128900.0
2024-09-24,193.9600067138672,64301.96875,2651.199951171875,161.35821533203125,424.2080383300781,195.3699951171875,64695.21484375,2662.300048828125,162.28288368359324,428.33970279345715,190.1300048828125,62737.41796875,2625.5,159.7674107357338,421.17352579677157,194.27000427246094,63326.83984375,2636.800048828125,162.09397212944717,427.9937433882553,43478900.0,29938335243.0,35.0,23332100.0,17015800.0
2024-09-25,192.52999877929688,63143.14453125,2659.199951171875,160.56283569335938,427.1139831542969,193.9499969482422,64804.50390625,2664.199951171875,161.87524922923666,428.1123153119531,192.16000366210938,62945.375,2649.300048828125,160.37392412147798,423.61493391499886,193.75,64302.58984375,2656.300048828125,160.5429462723237,424.8603454388432,26391100.0,25078377700.0,175.0,18869200.0,13396400.0
2024-09-26,191.16000366210938,65181.01953125,2669.89990234375,161.79568481445312,426.3232727050781,194.52999877929688,65790.796875,2669.89990234375,163.13793988577822,430.2671314248125,189.5399932861328,62669.26953125,2660.800048828125,161.3482715144051,424.1684846935021,194.30999755859375,63138.546875,2662.300048828125,162.70046370931135,430.0595678513369,36334900.0,36873129847.0,17216.0,20319300.0,14492000.0
2024-09-27,187.97000122070312,65790.6640625,2644.300048828125,163.00869750976562,423.0712585449219,190.89999389648438,66480.6953125,2672.10009765625,164.7486500925775,426.85699330507344,187.33999633789062,64852.9921875,2641.699951171875,161.69628402203105,422.52762966372916,190.67999267578125,65180.6640625,2670.0,161.87524329123835,426.5307918445686,36002300.0,32058813449.0,4228.0,21101300.0,14896100.0
2024-09-28,,65887.6484375,,,,,66255.53125,,,,,65458.03515625,,,,,65792.1796875,,,,,15243637984.0,,,
2024-09-29,,65635.3046875,,,,,66069.34375,,,,,65450.015625,,,,,65888.8984375,,,,,14788214575.0,,,
2024-09-30,186.3300018310547,63329.5,2636.10009765625,164.89779663085938,425.324951171875,188.49000549316406,65635.0546875,2662.10009765625,165.19606207708327,425.4435890958682,184.64999389648438,62873.6171875,2623.199951171875,162.32265529939457,420.451958019216,187.13999938964844,65634.65625,2660.89990234375,162.38232355982177,423.25911892558076,41583900.0,37112957475.0,973.0,20413900.0,16807300.0
2024-10-01,185.1300048828125,60837.0078125,2667.300048828125,166.03126525878906,415.8260498046875,186.19000244140625,64110.98046875,2670.89990234375,168.18880481054381,423.52599147760804,183.4499969482422,60189.27734375,2631.39990234375,163.63509815814953,413.9677812470877,184.89999389648438,63335.60546875,2631.39990234375,166.72724331239,423.49633953955015,36044900.0,50220923500.0,153.0,28338100.0,19092900.0
2024-10-02,184.75999450683594,60632.78515625,2647.10009765625,164.90774536132812,412.30718994140625,186.60000610351562,62357.6875,2657.199951171875,166.5582184121097,417.93140514988795,184.0399932861328,59996.94921875,2640.0,163.7842281975384,411.89203266645677,184.44000244140625,60836.32421875,2650.60009765625,165.46452779504156,417.6941594936009,23704100.0,40762722398.0,72.0,17760200.0,16582300.0
2024-10-03,181.9600067138672,60759.40234375,2657.10009765625,164.90774536132812,411.7240295410156,183.44000244140625,61469.0390625,2657.10009765625,165.6832659184552,414.699207817815,180.8800048828125,59878.8046875,2640.0,162.9788810936898,409.50004373541833,183.0500030517578,60632.484375,2642.800048828125,163.4660733087808,412.80142348929195,30204300.0,36106447279.0,354.0,15073100.0,13686400.0
2024-10-04,186.50999450683594,62067.4765625,2645.800048828125,166.10086059570312,411.24957275390625,187.60000610351562,62465.9921875,2667.0,167.26414148638466,414.8969119270876,183.60000610351562,60459.94140625,2639.0,164.52992998564537,410.172178794162,185.75,60754.625,2656.0,167.0951193232447,413.40436067339476,40890300.0,29585472513.0,114.0,19047400.0,19169700.0
2024-10-05,,62089.94921875,,,,,62371.0234375,,,,,61689.58203125,,,,,62067.609375,,,,,13305410749.0,,,
2024-10-06,,62818.953125,,,,,62959.5703125,,,,,61833.1484375,,,,,62084.98828125,,,,,14776233667.0,,,
2024-10-07,180.8000030517578,62236.66015625,2644.800048828125,162.04428100585938,404.804931640625,183.60000610351562,64443.70703125,2657.39990234375,167.5127039344141,412.28738483151307,180.25,62152.55078125,2639.0,161.81560574950586,404.2711666419644,182.9499969482422,62819.109375,2648.699951171875,166.7570727731855,411.1902330637095,42364200.0,34253562610.0,284.0,22463100.0,20919800.0
2024-10-08,182.72000122070312,62131.96875,2615.0,163.4362335205078,409.91522216796875,183.08999633789062,63174.3046875,2639.0,163.78421492779364,410.8542505804291,180.9199981689453,61843.5625,2609.300048828125,161.93489332497202,403.45085766918714,181.9199981689453,62221.64453125,2639.0,162.99875730912473,406.1492748122983,26372100.0,28134475157.0,687.0,23072700.0,19229300.0
2024-10-09,185.1699981689453,60582.1015625,2606.0,160.93069458007812,412.63336181640625,185.85000610351562,62508.8359375,2607.699951171875,163.89358090449505,415.51961434814075,182.0500030517578,60314.61328125,2603.0,158.8228712424478,409.5098937927917,182.82000732421875,62131.7265625,2603.0,162.51156208330087,411.0518548194861,26343100.0,27670982363.0,152.0,31181800.0,14974300.0
2024-10-10,186.64999389648438,60274.5,2620.60009765625,161.14944458007812,411.0321350097656,188.1300048828125,61236.72265625,2628.300048828125,162.13376610989224,412.5246863355552,185.8300018310547,58895.20703125,2602.5,159.4790821511072,408.37323385448985,187.1300048828125,60581.9296875,2602.5,159.94638493252756,410.4292021904471,27785000.0,30452813570.0,320.0,14144100.0,13848400.0
2024-10-11,188.82000732421875,62445.08984375,2657.60009765625,162.3027801513672,411.5065612792969,189.92999267578125,63400.87109375,2658.10009765625,162.9589793006072,412.3071937353824,186.3000030517578,60046.125,2638.199951171875,160.3142629412503,408.4720490414364,186.6300048828125,60275.4609375,2638.300048828125,161.19915249290503,411.3286496589972,25751600.0,30327141594.0,12.0,15344300.0,14144900.0
2024-10-12,,63193.0234375,,,,,63448.78515625,,,,,62443.26953125,,,,,62444.6171875,,,,,16744110886.0,,,
2024-10-13,,62851.375,,,,,63272.65234375,,,,,62035.63671875,,,,,63192.9453125,,,,,18177529690.0,,,
2024-10-14,187.5399932861328,66046.125,2647.800048828125,164.0128936767578,414.2939758300781,189.8300018310547,66482.4921875,2655.300048828125,165.2755910857808,419.137316675548,187.36000061035156,62442.15234375,2647.800048828125,162.46183762718093,412.692680707405,189.77999877929688,62848.3984375,2655.0,162.70046513584995,412.9397902420181,22614400.0,43706958056.0,40.0,19016100.0,16653100.0
2024-10-15,187.69000244140625,67041.109375,2661.39990234375,164.51004028320312,413.8985595703125,188.41000366210938,67881.6796875,2661.39990234375,166.71728049354707,417.59533856944756,184.5800018310547,64809.1953125,2661.39990234375,163.68480379630955,410.45881429415135,187.6300048828125,66050.3671875,2661.39990234375,164.83813228183462,417.2987890411578,32178900.0,48863870879.0,39.0,20247200.0,18900200.0
2024-10-16,186.88999938964844,67612.71875,2674.0,164.21176147460938,411.30889892578125,187.77999877929688,68375.2890625,2674.0,164.84808640066018,411.5461144410461,185.61000061035156,66758.7265625,2674.0,162.7999160190336,405.7341231638779,187.0500030517578,67042.4609375,2674.0,163.58537367338423,410.369900734698,23456800.0,38195189534.0,6.0,16406000.0,15508900.0
2024-10-17,187.52999877929688,67399.8359375,2691.0,161.99456787109375,411.9019470214844,188.94000244140625,67912.2109375,2691.699951171875,165.41482033547592,417.61511832115826,186.0,66647.390625,2677.199951171875,161.82554570724957,410.78500708577025,188.22000122070312,67617.078125,2677.39990234375,164.7784953540456,417.4767225011017,25039400.0,32790898511.0,30.0,21453400.0,14820000.0
2024-10-18,188.99000549316406,68418.7890625,2713.699951171875,162.48175048828125,413.3253173828125,190.74000549316406,68969.75,2719.60009765625,163.76435267205474,414.79808063402476,186.27999877929688,67177.8203125,2713.699951171875,162.14370618061358,411.44729085370335,187.14999389648438,67419.109375,2713.699951171875,162.25307524146882,412.3171212877513,37417700.0,36857165014.0,29.0,19757700.0,17145300.0
2024-10-19,,68362.734375,,,,,68668.0078125,,,,,68024.640625,,,,,68418.9765625,,,,,14443497908.0,,,
2024-10-20,,69001.703125,,,,,69359.0078125,,,,,68105.71875,,,,,68364.1796875,,,,,18975847518.0,,,
2024-10-21,189.07000732421875,67367.8515625,2723.10009765625,163.12802124023438,413.9381408691406,189.4600067138672,69462.734375,2738.39990234375,163.5555451703661,414.1160525024568,186.39999389648438,66829.8515625,2719.5,161.68633408506915,408.96629801765454,188.0500030517578,69002.0,2721.89990234375,162.01444125458505,411.3088916838687,24639400.0,37498611780.0,52.0,20946500.0,14206100.0
2024-10-22,189.6999969482422,67361.40625,2744.199951171875,164.19186401367188,422.5672302246094,191.52000427246094,67801.578125,2746.0,164.81825178422423,425.6017126142665,186.97999572753906,66581.3671875,2728.60009765625,162.04426180421996,413.20671913798,188.35000610351562,67360.703125,2731.699951171875,162.04426180421996,413.65149823512496,29650600.0,31808472566.0,93.0,16568100.0,25482200.0
2024-10-23,184.7100067138672,66432.1953125,2714.39990234375,161.84542846679688,419.69085693359375,189.16000366210938,67402.7421875,2742.5,164.86798338254357,426.0959170295647,183.69000244140625,65188.03515625,2714.199951171875,161.00030251118483,417.64478266305224,188.85000610351562,67362.375,2742.5,163.81405642655295,425.8784594235447,31937100.0,32263980353.0,18.0,18280500.0,19654400.0
2024-10-24,186.3800048828125,68161.0546875,2734.89990234375,161.78575134277344,419.8193664550781,187.11000061035156,68798.9609375,2736.10009765625,162.3922496608961,421.0549142018695,183.86000061035156,66454.1015625,2729.0,160.08556255879625,417.51628856280456,185.25,66653.703125,2729.0,161.89512038935888,420.41240524174606,21647400.0,31414428647.0,27.0,22412500.0,13581600.0
2024-10-25,187.8300018310547,66642.4140625,2740.89990234375,164.3211212158203,423.19976806640625,190.4499969482422,68722.15625,2742.39990234375,164.63927607521566,427.5192377532194,187.52999877929688,65521.79296875,2725.5,162.48173675810202,421.63804913504384,187.85000610351562,68165.296875,2725.5,162.73030140529735,421.8258547879259,29362100.0,41469984306.0,29.0,19828900.0,16899100.0
2024-10-26,,67014.6953125,,,,,67317.921875,,,,,66360.59375,,,,,66628.734375,,,,,19588098156.0,,,
2024-10-27,,67929.296875,,,,,68221.3125,,,,,66847.2265625,,,,,67023.4765625,,,,,16721307878.0,,,
2024-10-28,188.38999938964844,69907.7578125,2742.89990234375,165.76280212402344,421.6578063964844,190.2100067138672,70212.265625,2742.89990234375,167.78114595500233,426.94595627618617,188.2100067138672,67535.1328125,2729.5,163.00870143582344,421.37115090072086,189.57000732421875,67922.671875,2736.10009765625,167.78114595500233,426.66919481416045,27930800.0,38799856657.0,56.0,32138600.0,14882400.0
2024-10-29,190.8300018310547,72720.4921875,2768.39990234375,168.70579528808594,426.9559020996094,191.4600067138672,73577.2109375,2768.39990234375,169.40178845873763,428.1617979371543,187.82000732421875,69729.9140625,2768.39990234375,166.13066910445878,420.8769829019358,188.5800018310547,69910.046875,2768.39990234375,166.76699401414237,423.0515590564399,35690200.0,58541874402.0,848.0,42169000.0,17644100.0
2024-10-30,192.72999572753906,72339.5390625,2788.5,173.45835876464844,427.5291748046875,195.61000061035156,72905.296875,2789.0,180.9749512117023,433.43015208412135,192.4199981689453,71411.734375,2774.60009765625,173.06064622942904,427.10415361686785,194.6999969482422,72715.3671875,2774.60009765625,179.6426331826948,432.38241000195467,37707600.0,40646637831.0,231.0,68890800.0,29749100.0
2024-10-31,186.39999389648438,70215.1875,2738.300048828125,170.12759399414062,401.65185546875,190.60000610351562,72662.3125,2787.5,175.80481742033143,411.3484314804884,185.22999572753906,69590.5,2733.5,170.01822493850247,401.60241546152275,190.50999450683594,72335.046875,2787.39990234375,172.13600066532192,410.55766284750285,75146800.0,40627912076.0,849.0,44769000.0,53971000.0
2024-11-01,197.92999267578125,69482.46875,2738.60009765625,170.30654907226562,405.6253967285156,200.5,71559.015625,2756.0,171.33064938867685,410.6960897386511,197.02000427246094,68779.703125,2734.199951171875,167.91039737420323,402.78858379903807,199.0,70216.8984375,2745.5,169.0935675366594,404.2811351978572,99687800.0,49989795365.0,109.0,31796500.0,24230400.0
2024-11-02,,69289.2734375,,,,,69867.3515625,,,,,69033.71875,,,,,69486.0234375,,,,,18184612091.0,,,
2024-11-03,,68741.1171875,,,,,69361.65625,,,,,67482.5234375,,,,,69296.3828125,,,,,34868307655.0,,,
2024-11-04,195.77999877929688,67811.5078125,2736.10009765625,168.26834106445312,403.7374267578125,197.3300018310547,69433.1796875,2737.10009765625,169.7497767581588,405.67478719502446,194.30999755859375,66803.6484375,2736.10009765625,167.04539198951443,400.88085627166146,196.4499969482422,68742.1328125,2736.5,168.95436679599575,405.06193022116906,38492100.0,41184819348.0,16.0,21492700.0,19672300.0
2024-11-05,199.5,69359.5625,2740.300048828125,168.7654571533203,406.7027282714844,199.82000732421875,70522.7890625,2743.89990234375,169.55091475770118,410.1029577159873,195.99000549316406,67458.8671875,2740.300048828125,167.87061532690117,403.36180269923256,196.0399932861328,67811.171875,2743.0,168.45722424913848,403.64845819160416,30564800.0,46046889204.0,23.0,18242100.0,17626000.0
2024-11-06,207.08999633789062,75639.078125,2667.60009765625,175.49659729003906,415.3218994140625,207.5500030517578,76460.15625,2734.5,175.92413641911588,415.588796997366,199.13999938964844,69322.03125,2659.39990234375,172.50388407123629,405.7735840748554,200.00999450683594,69358.5,2734.5,172.8021647148181,407.6516405324137,72292200.0,118592653963.0,427.0,33695500.0,26681800.0
2024-11-07,210.0500030517578,75904.859375,2698.39990234375,179.71226501464844,420.51123046875,212.25,76943.1171875,2699.10009765625,180.04037221530027,421.91482589939426,207.19000244140625,74480.421875,2662.5,176.17270637176324,415.0254108601489,207.44000244140625,75637.0859375,2662.5,176.39144450553113,416.40921822256973,52878400.0,63467654989.0,676.0,25352900.0,19901800.0
2024-11-08,208.17999267578125,76545.4765625,2687.5,177.32603454589844,417.6546630859375,209.9600067138672,77252.75,2694.60009765625,179.86138194143007,421.568869701991,207.44000244140625,75648.7421875,2682.89990234375,177.05758046511664,416.90344044148964,209.72000122070312,75902.8359375,2688.5,179.6128172813832,420.40251992805025,36075800.0,55176858003.0,1038.0,22006200.0,16891400.0
2024-11-09,,76778.8671875,,,,,76932.765625,,,,,75773.7890625,,,,,76556.1875,,,,,29009480361.0,,,
2024-11-10,,80474.1875,,,,,81474.421875,,,,,76565.4296875,,,,,76775.546875,,,,,82570594495.0,,,
2024-11-11,206.83999633789062,88701.484375,2611.199951171875,179.31454467773438,413.1770324707031,209.64999389648438,89604.5,2671.699951171875,179.513393363608,419.89839969038087,205.58999633789062,80283.25,2611.199951171875,177.44533365392132,411.1902621762221,208.5,80471.4140625,2671.699951171875,177.55470270682915,417.6348679260246,35456000.0,117966845037.0,20.0,17450400.0,24503300.0
2024-11-12,208.91000366210938,87955.8125,2600.0,180.57723999023438,418.13897705078125,209.5399932861328,89956.8828125,2605.5,181.44225527864106,419.5326784209289,206.00999450683594,85155.109375,2592.800048828125,178.3600475857902,412.37639607879026,208.3699951171875,88705.5625,2605.5,178.78758666786376,413.41424403977334,38942900.0,133673285375.0,118.0,25134900.0,19401200.0
2024-11-13,214.10000610351562,90584.1640625,2580.800048828125,177.85299682617188,420.2839050292969,215.08999633789062,93434.3515625,2611.800048828125,179.92105669289288,424.366129168666,209.13999938964844,86256.9296875,2580.800048828125,177.5149373462163,413.3747019871383,209.39999389648438,87929.96875,2611.10009765625,179.42392735486908,416.7650676989441,46212900.0,123559027869.0,53.0,23184000.0,21502200.0
2024-11-14,211.47999572753906,87250.4296875,2568.199951171875,174.57192993164062,421.954345703125,215.89999389648438,91765.21875,2576.199951171875,177.79333331489727,423.2195452366953,210.8800048828125,86682.8125,2554.199951171875,173.3191695348543,415.14399286491056,214.16000366210938,90574.8828125,2555.10009765625,177.2564251654299,420.0861832561595,42620300.0,87616705248.0,27.0,31007500.0,30246900.0
2024-11-15,202.61000061035156,91066.0078125,2565.699951171875,171.4996795654297,410.20184326171875,207.33999633789062,91868.7421875,2565.699951171875,173.1402002652983,417.91164897279026,199.61000061035156,87124.8984375,2565.699951171875,170.236966835199,408.85758182070697,206.75999450683594,87284.1796875,2565.699951171875,172.73255057874763,414.9661225121513,86591100.0,78243109518.0,20.0,32504600.0,28247600.0
2024-11-16,,90558.4765625,,,,,91763.9453125,,,,,90094.2265625,,,,,91064.3671875,,,,,44333192814.0,,,
2024-11-17,,89845.8515625,,,,,91433.0390625,,,,,88741.6640625,,,,,90558.4609375,,,,,46350159305.0,,,
2024-11-18,201.6999969482422,90542.640625,2610.60009765625,174.2935333251953,410.95306396484375,204.6699981689453,92596.7890625,2610.699951171875,174.43272892051993,413.56252505276035,200.9499969482422,89393.59375,2589.39990234375,171.90730361382492,407.33537663624696,204.14999389648438,89843.71875,2591.699951171875,172.4243223269658,410.0733395128572,36409900.0,75535775084.0,136.0,20135300.0,24727000.0
2024-11-19,204.61000061035156,92343.7890625,2627.10009765625,177.09735107421875,412.9595642089844,205.3000030517578,94002.8671875,2627.699951171875,177.8430450835762,413.10782389174204,198.77999877929688,90426.984375,2619.300048828125,172.56353392471485,406.79168992363145,199.3300018310547,90536.8125,2621.89990234375,172.72261895446178,408.3336509537854,31197900.0,74521048295.0,87.0,23434900.0,18133500.0
2024-11-20,202.8800048828125,94339.4921875,2648.199951171875,174.96961975097656,410.6861572265625,203.1300048828125,94902.0234375,2648.199951171875,176.65985629395433,412.46536399512735,199.4499969482422,91619.5,2638.5,172.7822539205829,405.8329222910528,202.97999572753906,92341.890625,2638.5,176.32181201959514,412.05020669970736,32769000.0,71730956426.0,27.0,18997100.0,19191700.0
2024-11-21,198.3800048828125,98504.7265625,2672.10009765625,166.66758728027344,408.913330078125,203.49000549316406,99014.21875,2672.10009765625,173.1302686962832,415.7571129679985,195.75,94132.6015625,2655.699951171875,162.76014278127062,406.35806834126146,203.49000549316406,94334.640625,2659.300048828125,172.9015782767723,415.4797975064388,58800000.0,106024505582.0,33.0,59734400.0,20780200.0
2024-11-22,197.1199951171875,98997.6640625,2709.89990234375,163.81405639648438,413.00372314453125,199.25999450683594,99655.5,2710.5,165.5043083073982,413.39988374041405,196.75,97222.6640625,2685.60009765625,162.95899331574788,407.1206461090675,198.25,98496.4296875,2687.5,164.8978098993039,407.4276728377604,31530800.0,78473580551.0,41.0,38604600.0,24814600.0
2024-11-23,,97777.28125,,,,,99014.6796875,,,,,97232.890625,,,,,99006.7421875,,,,,44414644677.0,,,
2024-11-24,,98013.8203125,,,,,98647.1796875,,,,,95788.078125,,,,,97778.09375,,,,,51712020623.0,,,
2024-11-25,201.4499969482422,93102.296875,2616.800048828125,166.68743896484375,414.7765808105469,201.9499969482422,98935.03125,2689.39990234375,167.6618232619843,417.0446130867062,199.0,92642.9140625,2616.800048828125,164.65915820880082,410.8743369468268,199.27999877929688,98033.4453125,2689.39990234375,165.13639806236714,414.3705063731925,40685700.0,80909462490.0,94.0,33135300.0,27691100.0
2024-11-26,207.86000061035156,91985.3203125,2620.300048828125,168.14903259277344,423.888427734375,208.0,94991.75,2625.60009765625,168.84502584498395,424.92838338966095,201.7899932861328,90770.8125,2620.300048828125,166.61788081451584,414.83603494213827,201.89999389648438,93087.28125,2625.60009765625,166.6675967855572,415.5689336176803,41673700.0,91656519855.0,177858.0,20486700.0,23458900.0
2024-11-27,205.74000549316406,95962.53125,2639.89990234375,168.25839233398438,418.93634033203125,207.63999938964844,97361.1796875,2657.89990234375,168.5069570042289,423.13572759358533,205.0500030517578,91778.6640625,2627.199951171875,167.0553478258637,417.97563494679554,206.97999572753906,91978.140625,2633.5,168.0297170852908,421.03601885024915,28061600.0,71133452438.0,61653.0,19266500.0,18332400.0
2024-11-28,,95652.46875,,,,,96650.203125,,,,,94677.3515625,,,,,95954.9453125,,,,,52260008261.0,,,
2024-11-29,207.88999938964844,97461.5234375,2657.0,167.97998046875,419.4018249511719,208.1999969482422,98693.171875,2664.300048828125,168.45722032902532,420.808229889217,204.58999633789062,95407.8828125,2620.699951171875,166.20026432388437,413.7960631011275,205.8300018310547,95653.953125,2636.39990234375,167.53256715154302,416.06412568619913,24892400.0,54968682476.0,3861.0,14257200.0,16271900.0
2024-11-30,,96449.0546875,,,,,97499.34375,,,,,96144.21875,,,,,97468.8125,,,,,31634227866.0,,,
2024-12-01,,97279.7890625,,,,,97888.125,,,,,95770.1875,,,,,96461.3359375,,,,,36590695296.0,,,
2024-12-02,210.7100067138672,95865.3046875,2634.89990234375,170.5054168701172,426.8498229980469,212.99000549316406,98152.6015625,2649.800048828125,171.09202581712017,428.8504539576372,209.50999450683594,94482.8671875,2621.699951171875,167.60218350894124,417.2724796995242,209.9600067138672,97276.0078125,2649.0,167.80103219947992,417.52999772728793,39523200.0,72680784305.0,695.0,23789100.0,20207200.0
2024-12-03,213.44000244140625,96002.1640625,2644.699951171875,170.35626220703125,427.0676574707031,214.02000427246094,96297.203125,2654.699951171875,171.68856506902026,428.32547569363487,209.64999389648438,93629.5625,2636.0,169.86908521024029,423.6407942127541,210.30999755859375,95854.59375,2639.0,170.50541009739786,425.72067515411175,32214800.0,67067810961.0,1062.0,22248700.0,18302000.0
2024-12-04,218.16000366210938,98768.53125,2653.800048828125,173.36886596679688,433.2280578613281,220.0,99207.328125,2658.300048828125,173.90577410275552,435.4564952904926,215.75,94660.5234375,2637.0,170.0778724521122,428.483953715763,215.9600067138672,95988.53125,2639.199951171875,170.1673520843779,428.8801143248133,48745700.0,77199817112.0,249.0,31615100.0,26009400.0
2024-12-05,220.5500030517578,96593.5703125,2626.60009765625,171.6488037109375,438.3782043457031,222.14999389648438,103900.46875,2655.0,175.0491662947447,440.3986627358307,217.3000030517578,91998.78125,2625.699951171875,171.34058597302015,431.9900352112823,218.02999877929688,98741.5390625,2652.39990234375,174.35318831054713,433.72326431540773,41140200.0,149218945580.0,573.0,21356200.0,21697800.0
2024-12-06,227.02999877929688,99920.7109375,2638.60009765625,173.70692443847656,439.3191223144531,227.14999389648438,102039.8828125,2643.10009765625,174.07479526094843,441.82487523918803,220.60000610351562,96514.875,2617.5,170.8732813965907,437.5363542028089,220.75,97074.2265625,2620.199951171875,171.04230353586647,438.0612738202398,44178100.0,94534772658.0,571.0,21462400.0,18821000.0
2024-12-07,,99923.3359375,,,,,100563.3828125,,,,,99030.8828125,,,,,99916.7109375,,,,,44177510897.0,,,
2024-12-08,,101236.015625,,,,,101399.9921875,,,,,98771.515625,,,,,99921.9140625,,,,,44125751925.0,,,
2024-12-09,226.08999633789062,97432.71875,2664.89990234375,174.56297302246094,441.74560546875,230.0800018310547,101272.5078125,2677.10009765625,175.44887679032834,444.03346541962105,225.6699981689453,94355.9140625,2630.800048828125,172.85088694703188,436.2785166631167,227.2100067138672,101237.0625,2632.10009765625,173.15947313956298,438.3583975889403,46819400.0,110676473908.0,935.0,25389600.0,19144400.0
2024-12-10,225.0399932861328,96675.4296875,2697.60009765625,184.31788635253906,439.0813903808594,229.05999755859375,98270.15625,2698.199951171875,185.5024126630823,445.31111943385133,224.1999969482422,94321.2578125,2661.0,180.21685055142655,437.3679889585384,226.08999633789062,97441.234375,2662.300048828125,182.00857038298057,440.13125981361975,31199900.0,104823780634.0,437.0,54813000.0,18469500.0
2024-12-11,230.25999450683594,101173.03125,2733.800048828125,194.50079345703125,444.6871643066406,231.1999969482422,101913.359375,2733.800048828125,194.7098337526011,446.034146674654,226.25999450683594,95747.2265625,2693.10009765625,183.99935507018319,439.7945036123786,226.41000366210938,96656.0625,2701.800048828125,184.45722971599074,439.7945036123786,35385800.0,85391409936.0,3387.0,67894100.0,19200200.0
2024-12-12,228.97000122070312,100043.0,2687.5,191.07662963867188,445.2516784667969,231.08999633789062,102524.9140625,2725.10009765625,194.28179760891206,451.78843398650577,227.6300048828125,99339.953125,2677.39990234375,190.8277801088796,444.8059789125675,229.8300018310547,101167.8046875,2725.10009765625,194.10263323797517,444.8059789125675,28204100.0,72073983533.0,2365.0,34817500.0,20834800.0
2024-12-13,227.4600067138672,101459.2578125,2656.0,188.9464874267578,442.9836120605469,230.1999969482422,101888.8046875,2689.300048828125,191.84308455058388,447.10374865296643,225.86000061035156,99233.28125,2647.89990234375,188.76730785856873,441.3098056253416,228.39999389648438,100046.6484375,2688.199951171875,190.1309984875668,444.14241275611795,28768100.0,56894751583.0,1125.0,25143500.0,20177800.0
2024-12-14,,101372.96875,,,,,102618.8828125,,,,,100634.0546875,,,,,101451.4375,,,,,40422968793.0,,,
2024-12-15,,104298.6953125,,,,,105047.5390625,,,,,101227.03125,,,,,101373.53125,,,,,51145914137.0,,,
2024-12-16,232.92999267578125,106029.71875,2651.39990234375,195.75498962402344,447.2622375488281,233.0,107780.578125,2663.300048828125,198.08421748080238,447.8465797272876,228.00999450683594,103322.984375,2651.0,191.733572884141,441.01271109813007,230.22999572753906,104293.578125,2658.300048828125,191.98242240358925,442.9836304987913,37552100.0,91020417816.0,877.0,44934900.0,23598800.0
2024-12-17,231.14999389648438,106140.6015625,2644.39990234375,194.52069091796875,450.104736328125,232.72999572753906,108268.4453125,2652.300048828125,200.4930793963414,450.92679906279125,227.85000610351562,105291.734375,2632.5,194.082713332717,445.26161469090005,232.38999938964844,106030.6875,2651.800048828125,196.3422712265007,446.6878170659997,35948100.0,68589364868.0,705.0,43504000.0,22733500.0
2024-12-18,220.52000427246094,100041.5390625,2636.5,187.53298950195312,433.1983642578125,231.39999389648438,106470.609375,2647.10009765625,196.09341894237798,448.31210217470453,220.11000061035156,100041.5390625,2590.199951171875,186.87603832190538,432.83188469873346,230.77000427246094,106147.296875,2644.300048828125,194.32161160052223,446.994861295181,43281400.0,93865656139.0,566.0,34166100.0,24444500.0
2024-12-19,223.2899932861328,97490.953125,2592.199951171875,187.64248657226562,432.841796875,226.08999633789062,102748.1484375,2610.300048828125,192.1416901461699,438.93285336164837,222.9199981689453,95587.6796875,2582.10009765625,187.513095150107,432.1386095010433,224.91000366210938,100070.6875,2582.10009765625,190.748138909751,437.38780577162396,39918700.0,97221662392.0,238.0,32265200.0,22963700.0
2024-12-20,224.9199981689453,97755.9296875,2628.699951171875,190.52915954589844,432.4159240722656,226.2100067138672,98098.9140625,2631.60009765625,192.00234452424112,439.48748337745457,218.72999572753906,92175.1796875,2604.89990234375,184.36764269628742,424.5223020050907,219.83999633789062,97484.6953125,2605.300048828125,184.92506321844033,428.9593493416428,88279200.0,105634083408.0,592.0,63462900.0,64263700.0
2024-12-21,,97224.7265625,,,,,99507.1015625,,,,,96426.5234375,,,,,97756.1953125,,,,,51765334294.0,,,
2024-12-22,,95104.9375,,,,,97360.265625,,,,,94202.1875,,,,,97218.3203125,,,,,43147981314.0,,,
2024-12-23,225.05999755859375,94686.2421875,2612.300048828125,193.73434448242188,431.078857421875,226.8800048828125,96416.2109375,2627.699951171875,194.20218282242337,433.4558513948008,223.89999389648438,92403.1328125,2611.10009765625,189.2749498878787,428.6820357713906,225.00999450683594,95099.390625,2620.0,191.73358450411797,432.5545685943141,28070000.0,65239002919.0,451.0,25675000.0,19152500.0
2024-12-24,229.0500030517578,98676.09375,2620.0,195.20751953125,435.11968994140625,229.13999938964844,99404.0625,2620.0,195.20751953125,435.3871217541817,226.1300048828125,93448.015625,2609.5,192.88824016493578,430.0289645876171,226.94000244140625,94684.34375,2613.0,193.94335970742864,430.4845477379295,15007500.0,47114953674.0,35.0,10403300.0,7164500.0
2024-12-25,,99299.1953125,,,,,99478.75,,,,,97593.46875,,,,,98675.9140625,,,,,33700394629.0,,,
2024-12-26,227.0500030517578,95795.515625,2638.800048828125,194.69989013671875,433.91143798828125,228.5,99884.5703125,2638.800048828125,195.84459196860374,436.71433412405435,226.6699981689453,95137.8828125,2627.89990234375,193.48550314170072,432.4456406431818,228.5,99297.6953125,2628.5,194.25194880473947,434.8721433787049,16146700.0,47054980873.0,84.0,12046600.0,8194200.0
2024-12-27,223.75,94164.859375,2617.199951171875,191.87294006347656,426.4040832519531,226.02999877929688,97294.84375,2617.699951171875,194.42117206113832,431.04913980352325,220.89999389648438,93310.7421875,2616.39990234375,189.77264937982267,422.2641488688207,225.60000610351562,95704.9765625,2617.699951171875,194.05286442098586,430.4350863105853,27367100.0,52419934565.0,642.0,18891400.0,18117700.0
2024-12-28,,95163.9296875,,,,,95525.8984375,,,,,94014.2890625,,,,,94160.1875,,,,,24107436185.0,,,
2024-12-29,,93530.2265625,,,,,95174.875,,,,,92881.7890625,,,,,95174.0546875,,,,,29635885267.0,,,
2024-12-30,221.3000030517578,92643.2109375,2606.10009765625,190.3599395751953,420.7586975097656,223.0,94903.3203125,2626.89990234375,191.66390866604786,423.45263204127576,218.42999267578125,91317.1328125,2597.0,188.24968525874627,417.8567839421245,220.05999755859375,93527.1953125,2620.699951171875,188.9265638700057,421.9769208859116,28321200.0,56188003691.0,794.0,14264700.0,13158700.0
2024-12-31,219.38999938964844,93429.203125,2629.199951171875,188.4288787841797,417.4606018066406,223.22999572753906,96090.6015625,2629.199951171875,191.07664159206533,422.64049156656444,218.94000244140625,91914.03125,2604.89990234375,187.64250571524292,416.6286554798762,222.97000122070312,92643.25,2608.39990234375,190.20068633205602,422.016524265212,24819700.0,43625106843.0,401.0,17466900.0,13246500.0
2025-01-01,,94419.7578125,,,,,94929.8671875,,,,,92788.125,,,,,93425.1015625,,,,,24519888919.0,,,
2025-01-02,220.22000122070312,96886.875,2658.89990234375,188.55825805664062,414.568603515625,225.14999389648438,97739.8203125,2663.10009765625,191.11643850843902,421.9868450538027,218.19000244140625,94201.5703125,2633.0,186.63714698089748,410.8743686174563,222.02999877929688,94416.2890625,2633.0,189.7726449747486,421.45201157982797,33956600.0,46009564411.0,1728.0,20370800.0,16896500.0
2025-01-03,224.19000244140625,98107.4296875,2645.0,190.90740966796875,419.29290771484375,225.36000061035156,98956.9140625,2658.699951171875,192.32088844513342,419.9663838035234,221.6199951171875,96034.6171875,2641.800048828125,189.10574139792004,415.5194225803269,222.50999450683594,96881.7265625,2658.699951171875,190.48934425629204,417.0446425061394,27515600.0,35611391163.0,591.0,18596200.0,16662900.0
2025-01-04,,98236.2265625,,,,,98734.4296875,,,,,97562.9765625,,,,,98106.9921875,,,,,22342608078.0,,,
2025-01-05,,98314.9609375,,,,,98813.3046875,,,,,97291.765625,,,,,98233.90625,,,,,20525254825.0,,,
2025-01-06,227.61000061035156,102078.0859375,2638.39990234375,195.9640350341797,423.7497863769531,228.83999633789062,102482.875,2647.0,197.30782865396526,430.15778356293015,224.83999633789062,97926.1484375,2617.300048828125,192.95794346331456,421.4025036603563,226.77999877929688,98314.953125,2645.5,193.0873348986171,423.8983428352595,31849800.0,51823432705.0,960.0,29563600.0,20573600.0
2025-01-07,222.11000061035156,96922.703125,2656.699951171875,194.59039306640625,418.3222961425781,228.3800048828125,102712.484375,2657.5,200.0750314967655,426.52294519780327,221.4600067138672,96132.875,2653.0,193.70448930563006,416.7673346717813,227.89999389648438,102248.8515625,2653.39990234375,196.20293323603758,424.88876369017254,28084200.0,58685738547.0,643.0,26487200.0,18139100.0
2025-01-08,222.1300048828125,95043.5234375,2664.5,193.05746459960938,420.49127197265625,223.52000427246094,97258.3203125,2676.89990234375,195.38669258245946,422.87817962096636,220.1999969482422,92525.84375,2653.5,191.49469743094454,417.50022470253026,223.19000244140625,96924.1640625,2655.5,191.683825506133,419.40180766065134,25033300.0,63875859171.0,999.0,24864800.0,15054600.0
2025-01-09,,92484.0390625,2683.800048828125,,,,95349.71875,2686.300048828125,,,,91220.84375,2667.89990234375,,,,95043.484375,2669.699951171875,,,,62777261693.0,1139.0,,
2025-01-10,218.94000244140625,94701.453125,2708.5,191.15625,414.9350280761719,221.7100067138672,95770.609375,2720.10009765625,195.61564455345277,420.6398068835906,216.5,92250.09375,2683.699951171875,189.4342154897214,411.0426680414125,221.4600067138672,92494.4921875,2686.10009765625,193.40585949210492,420.5605868581897,36811500.0,62058693684.0,403.0,26665200.0,20201100.0
2025-01-11,,94566.59375,,,,,94977.6875,,,,,93840.046875,,,,,94700.8359375,,,,,18860894100.0,,,
2025-01-12,,94488.4375,,,,,95367.5390625,,,,,93712.5078125,,,,,94565.7265625,,,,,20885130965.0,,,
2025-01-13,218.4600067138672,94516.5234375,2673.5,190.1309814453125,413.19195556640625,219.39999389648438,95837.0,2711.199951171875,190.3001972959748,414.489399057034,216.47000122070312,89260.1015625,2673.5,186.49778453538255,408.3389196630922,218.05999755859375,94488.890625,2711.10009765625,189.19532001022134,411.26063086426467,27262700.0,72978998252.0,765.0,21823700.0,17604800.0
2025-01-14,217.75999450683594,96534.046875,2677.5,188.7871856689453,411.6864929199219,221.82000732421875,97352.6640625,2688.300048828125,191.0965010983969,415.7174656234234,216.1999969482422,94322.15625,2670.800048828125,187.44339231242577,406.783918522941,220.44000244140625,94519.0078125,2673.60009765625,190.35991630944454,413.80596878606093,24711700.0,53769675818.0,794.0,17174900.0,16935900.0
2025-01-15,223.35000610351562,100504.4921875,2712.5,194.6501007080078,422.2244873046875,223.57000732421875,100697.234375,2712.5,195.4563707355863,424.04685017409594,220.75,96501.640625,2690.800048828125,190.97707930364396,414.2615295855494,222.8300018310547,96534.046875,2690.800048828125,192.20141470890871,415.1133035563719,31291300.0,57805923627.0,930.0,21776000.0,19637800.0
2025-01-16,220.66000366210938,99756.90625,2746.39990234375,192.02224731445312,420.5110778808594,224.64999389648438,100781.5859375,2749.800048828125,194.58041248274841,425.3740271428382,220.30999755859375,97364.4453125,2731.699951171875,191.92270143099617,420.3229265289763,224.4199981689453,100505.296875,2731.699951171875,193.2465827004133,424.5916197701724,24757300.0,54103781805.0,1721.0,17815400.0,15300000.0
2025-01-17,225.94000244140625,104462.0390625,2744.300048828125,195.0980224609375,424.91845703125,226.50999450683594,105884.2265625,2751.60009765625,196.32235783888785,430.31623990051855,223.0800018310547,99948.90625,2725.5,192.85837679493184,424.06671321451194,225.83999633789062,100025.765625,2736.0,195.6255822249555,429.9299628963343,42370100.0,71888972663.0,1214.0,27735100.0,26197500.0
2025-01-18,,104408.0703125,,,,,104913.203125,,,,,102226.6171875,,,,,104124.953125,,,,,50445655726.0,,,
2025-01-19,,101089.609375,,,,,106299.796875,,,,,99570.53125,,,,,104411.2890625,,,,,76789928525.0,,,
2025-01-20,,102016.6640625,,,,,109114.8828125,,,,,99471.359375,,,,,101083.75,,,,,126279678351.0,,,
2025-01-21,230.7100067138672,106146.265625,2755.0,197.1385955810547,424.3935546875,231.77999877929688,107180.921875,2755.0,201.3590737795005,426.770548715405,226.94000244140625,100103.953125,2724.800048828125,196.9594160260543,421.52135231106814,228.89999389648438,102052.578125,2746.0,198.15390588987137,426.07727516253885,39951500.0,88733878242.0,1439.0,29971300.0,26085700.0
2025-01-22,235.00999450683594,103653.0703125,2767.60009765625,197.45712280273438,441.9239196777344,235.44000244140625,106294.34375,2768.800048828125,199.5574134711185,442.98364251820686,231.19000244140625,103360.265625,2753.5,196.62099201618707,431.82165779523024,232.02000427246094,106136.3828125,2754.5,198.14394994474472,433.366705345479,41448200.0,53878181052.0,2079.0,26200600.0,27803800.0
2025-01-23,235.4199981689453,103960.171875,2763.10009765625,197.06890869140625,442.4289855957031,235.52000427246094,106820.328125,2765.0,199.37823954000908,442.46861072225846,231.50999450683594,101257.8046875,2745.39990234375,194.30170322912596,437.26892363486763,234.10000610351562,103657.671875,2760.0,197.22817603032425,437.7641319289048,26404400.0,104104515428.0,2201.0,26951400.0,18389300.0
2025-01-24,234.85000610351562,104819.484375,2777.300048828125,199.28866577148438,439.804443359375,236.39999389648438,107098.546875,2792.0,199.9754777209976,442.3696190202124,232.92999267578125,102772.125,2759.800048828125,197.08882922694013,437.16993127456703,234.5,103965.671875,2759.800048828125,197.18837511510904,440.8939077892008,25890700.0,52388229265.0,1593.0,23877500.0,15549500.0
2025-01-25,,104714.6484375,,,,,105243.7890625,,,,,104120.375,,,,,104824.03125,,,,,23888996502.0,,,
2025-01-26,,102682.5,,,,,105438.6484375,,,,,102507.7109375,,,,,104713.2109375,,,,,22543395879.0,,,
2025-01-27,235.4199981689453,102087.6875,2737.5,190.9273223876953,430.39544677734375,235.61000061035156,103214.109375,2762.199951171875,195.97399844848505,431.0293279263355,225.86000061035156,97795.9375,2737.5,189.85229053116194,419.4414413066827,226.2100067138672,102680.3046875,2761.10009765625,191.5245673708486,419.9465634582157,49428300.0,89006608428.0,984.0,41728900.0,35647800.0
2025-01-28,238.14999389648438,101332.4765625,2766.800048828125,194.40126037597656,442.9143371582031,241.77000427246094,103730.8203125,2766.800048828125,194.58042475121238,444.08302154903276,233.97999572753906,100238.1875,2738.0,189.80251062684363,427.24593852989443,234.2899932861328,102095.4140625,2738.0,191.8629920734772,430.43508134605355,41587200.0,47180685494.0,2307.0,24157900.0,23491700.0
2025-01-29,237.07000732421875,103703.2109375,2769.10009765625,194.5107421875,438.0909423828125,240.38999938964844,104750.8046875,2769.10009765625,195.88438120776217,442.5973558524787,236.14999389648438,101283.8203125,2769.10009765625,192.5398430560715,436.17944568172504,239.02000427246094,101317.5234375,2769.10009765625,194.66004582386458,442.4091742886292,26091700.0,47432049818.0,125692.0,18218300.0,23581400.0
2025-01-30,234.63999938964844,104735.3046875,2823.0,199.94561767578125,411.01300048828125,237.9499969482422,106418.765625,2829.5,200.47317747002577,418.8075747745586,232.22000122070312,103321.6484375,2770.0,196.76034669489817,409.20055129765046,237.13999938964844,103709.3359375,2772.5,197.08882990069444,414.75677425796516,32020700.0,41915744521.0,40141.0,24354700.0,54586300.0
2025-01-31,237.67999267578125,102405.0234375,2812.5,203.0811309814453,411.08233642578125,240.2899932861328,106026.3515625,2838.0,204.5344037474068,416.6583870568431,236.41000366210938,101543.8828125,2804.0,200.87134591508243,410.933779971825,236.5,104737.5625,2829.0,201.0704225036096,414.964783031506,36110200.0,45732764360.0,3443.0,32001100.0,34161900.0
2025-02-01,,100655.90625,,,,,102755.7265625,,,,,100297.7109375,,,,,102402.796875,,,,,27757944848.0,,,
2025-02-02,,97688.9765625,,,,,101430.6640625,,,,,96216.078125,,,,,100661.5390625,,,,,63091816853.0,,,
2025-02-03,237.4199981689453,101405.421875,2833.89990234375,200.30393981933594,406.98199462890625,239.25,102514.171875,2848.39990234375,202.81234708889096,411.4289554040879,232.89999389648438,91242.890625,2780.89990234375,199.17915038211245,404.74364348455,234.05999755859375,97681.1015625,2818.199951171875,199.7664315701441,407.6554706497357,37285900.0,115400897748.0,2649.0,27838300.0,25679100.0
2025-02-04,242.05999755859375,97871.8203125,2853.300048828125,205.43026733398438,408.4181213378906,242.52000427246094,101745.6171875,2853.300048828125,206.09718224678258,409.9532853263689,238.02999877929688,96208.109375,2816.10009765625,201.87668878157095,405.81332063447735,239.00999450683594,101398.71875,2827.60009765625,202.454021509494,408.73506192939664,29713800.0,73002130211.0,2187.0,43856400.0,20532100.0
2025-02-05,236.1699981689453,96615.4453125,2871.60009765625,190.4495391845703,409.3293151855469,238.32000732421875,99113.2109375,2880.5,191.86300280413045,409.8641184268012,235.1999969482422,96174.828125,2848.0,187.16472209106553,406.4669964929513,237.02000427246094,97878.0078125,2850.0,190.19074112078758,408.39832109505767,38727300.0,49125911241.0,4519.0,70373900.0,16316700.0
2025-02-06,238.8300018310547,96593.296875,2856.0,190.71829223632812,411.8350524902344,239.66000366210938,99168.609375,2871.699951171875,191.21599131294843,414.19224891795665,236.00999450683594,95707.3515625,2836.300048828125,187.85154069465264,410.0324869601977,238.00999450683594,96610.640625,2865.199951171875,188.62795003909466,410.0324869601977,60897100.0,45302471947.0,3116.0,29297400.0,16309800.0
2025-02-07,229.14999389648438,96529.0859375,2867.300048828125,184.48709106445312,405.8232116699219,234.80999755859375,100154.140625,2889.5,190.3002126652559,414.63791357819275,228.05999755859375,95653.8828125,2857.800048828125,182.39676404459453,404.1890302854019,232.5,96581.3203125,2859.89990234375,190.1708212328695,412.48872643025265,77539300.0,55741290456.0,1822.0,49315000.0,22886800.0
2025-02-08,,96482.453125,,,,,96877.8046875,,,,,95702.4921875,,,,,96533.2578125,,,,,22447526395.0,,,
2025-02-09,,96500.09375,,,,,97325.28125,,,,,94745.2578125,,,,,96481.3125,,,,,27732901800.0,,,
2025-02-10,233.13999938964844,97437.5546875,2914.300048828125,185.61190795898438,408.2695617675781,233.9199981689453,98333.21875,2916.10009765625,187.3339426329122,411.47850211303046,229.1999969482422,95320.84375,2863.800048828125,185.0047144350808,406.9820321839411,230.5500030517578,96499.4609375,2864.199951171875,186.48786325604434,409.74527293691693,35419900.0,40078962391.0,2237.0,23105600.0,20817900.0
2025-02-11,232.75999450683594,95747.4296875,2912.5,184.4672088623047,407.49700927734375,233.44000244140625,98492.8984375,2945.39990234375,186.0797491484451,408.53693461973535,230.1300048828125,94875.0390625,2890.0,183.4319861885917,405.37750324031913,231.9199981689453,97438.1328125,2925.5,184.1785348675192,405.71427148321067,23713700.0,37488783272.0,2554.0,21239500.0,18140600.0
2025-02-12,228.92999267578125,97885.859375,2909.0,182.7650604248047,405.1200256347656,231.17999267578125,98151.0234375,2912.300048828125,184.25815769470228,406.813629604169,228.16000366210938,94101.203125,2868.60009765625,180.9932528796119,400.4947666868975,230.4600067138672,95745.6953125,2902.0,182.37685574217417,403.30754628100544,32285200.0,49340445530.0,2504.0,22072600.0,19121700.0
2025-02-13,230.3699951171875,96623.8671875,2925.89990234375,185.28341674804688,406.6056823730469,230.4199981689453,98111.0859375,2937.699951171875,185.42277188580212,407.06126559413343,227.52000427246094,95269.7109375,2910.60009765625,182.2972222059454,402.4657175766924,228.85000610351562,97888.75,2911.300048828125,183.47179995722882,403.09959877569906,31346500.0,37147280860.0,4670.0,21402500.0,23891700.0
2025-02-14,228.67999267578125,97508.96875,2883.60009765625,184.37759399414062,404.5158386230469,229.88999938964844,98819.46875,2944.39990234375,185.54220800020582,404.99124946496545,227.22999572753906,96342.8046875,2874.800048828125,183.4717932262479,401.99028842093395,229.1999969482422,96623.3671875,2937.300048828125,184.20837813225802,403.88198772560423,27031100.0,32697987277.0,1992.0,20448400.0,22758500.0
2025-02-15,,97580.3515625,,,,,97975.0390625,,,,,97240.1953125,,,,,97508.3828125,,,,,17047266288.0,,,
2025-02-16,,96175.03125,,,,,97725.59375,,,,,96060.9765625,,,,,97580.4921875,,,,,16536755396.0,,,
2025-02-17,,95773.3828125,,,,,97032.234375,,,,,95243.546875,,,,,96179.0078125,,,,,27336550690.0,,,
2025-02-18,226.64999389648438,95539.546875,2931.60009765625,182.92430114746094,405.7142639160156,229.3000030517578,96695.375,2936.39990234375,185.10422527431422,406.6650553734785,223.72000122070312,93388.8359375,2873.800048828125,180.90364435146645,402.6043413346739,228.82000732421875,95773.8125,2879.199951171875,184.74588137416617,404.08996621044764,42975100.0,37325720482.0,4010.0,29916700.0,21423100.0
2025-02-19,226.6300048828125,96635.609375,2919.39990234375,184.41741943359375,410.7951354980469,226.8300018310547,96855.59375,2946.0,184.60654751219354,411.5082367513966,223.7100067138672,95011.96875,2917.10009765625,182.74514264416922,403.7433732288774,225.52000427246094,95532.53125,2938.699951171875,183.22294469175932,403.97117995741957,28566700.0,28990872862.0,2630.0,19549400.0,24114200.0
2025-02-20,222.8800048828125,98333.9375,2940.0,183.71067810058594,412.9684753417969,225.1300048828125,98767.1953125,2955.800048828125,184.4572267048234,416.1243081620841,221.80999755859375,96442.671875,2924.199951171875,181.87914917011352,409.4057538443196,224.77999877929688,96632.6796875,2949.10009765625,183.9495791218272,412.1348608394034,30001700.0,31668022771.0,656.0,20441500.0,23508700.0
2025-02-21,216.5800018310547,96125.546875,2937.60009765625,178.83322143554688,405.1086730957031,223.30999755859375,99497.96875,2940.0,184.48707519951907,414.87391143663706,214.74000549316406,94852.9609375,2917.300048828125,178.25588873059436,404.79112726813156,223.27999877929688,98340.671875,2938.800048828125,184.29794713548316,414.16931404241177,55323900.0,49608706470.0,570.0,35199200.0,27524800.0
2025-02-22,,96577.7578125,,,,,96950.15625,,,,,95765.34375,,,,,96134.203125,,,,,18353824477.0,,,
2025-02-23,,96273.921875,,,,,96671.875,,,,,95270.453125,,,,,96577.8046875,,,,,16999478976.0,,,
2025-02-24,212.7100067138672,91418.171875,2947.89990234375,178.42510986328125,400.9306335449219,217.72000122070312,96503.453125,2957.89990234375,182.27729565940143,406.25983043716724,212.4199981689453,91371.7421875,2933.10009765625,178.06676593885823,396.2861968407472,217.4499969482422,96277.9609375,2933.10009765625,181.15250613186586,405.4063787741937,42387600.0,44046480529.0,415.0,29854200.0,26443700.0
2025-02-25,212.8000030517578,88736.171875,2904.5,174.6127166748047,394.876953125,213.33999633789062,92511.078125,2943.199951171875,177.9174453506297,398.8664306026397,204.16000366210938,86008.234375,2890.0,173.88608038203813,393.6860882830661,211.6300048828125,91437.1171875,2938.699951171875,177.2206545944382,398.05265327493277,58958000.0,92139104128.0,1854.0,41913400.0,29387400.0
2025-02-26,214.35000610351562,84347.0234375,2916.800048828125,171.9351043701172,396.6930847167969,218.16000366210938,89286.25,2917.0,175.26969397988614,400.53367776380867,213.08999633789062,82131.8984375,2913.0,170.79040266509935,391.25470780563023,214.94000244140625,88638.890625,2913.5,174.2643473971189,394.9861511086002,39120600.0,64597492134.0,2050.0,35431300.0,19619000.0
2025-02-27,208.74000549316406,84704.2265625,2883.199951171875,167.72457885742188,389.54779052734375,219.97000122070312,87000.78125,2922.800048828125,173.75668887755327,402.6574203650982,208.3699951171875,83144.9609375,2870.39990234375,167.1671583548918,389.19054012926085,218.35000610351562,84076.859375,2918.5,173.18931986196714,398.22137954122604,40548600.0,52659591954.0,3215.0,39991000.0,21127400.0
2025-02-28,212.27999877929688,84373.0078125,2836.800048828125,169.49636840820312,393.973876953125,212.6199951171875,85036.3203125,2877.10009765625,169.8248515673105,394.6090291195634,206.99000549316406,78248.9140625,2834.10009765625,166.00252693353565,383.6330593862238,208.64999389648438,84705.625,2877.10009765625,167.90372554984629,389.67678725566606,51771700.0,83610570576.0,990.0,48130600.0,32845700.0
2025-03-01,,86031.9140625,,,,,86522.3046875,,,,,83794.234375,,,,,84373.8671875,,,,,29190628396.0,,,
2025-03-02,,94248.3515625,,,,,95043.4375,,,,,85040.2109375,,,,,86036.2578125,,,,,58398341092.0,,,
2025-03-03,205.02000427246094,86065.671875,2890.199951171875,166.241455078125,385.5384521484375,214.00999450683594,94429.75,2891.800048828125,172.57218851048452,395.7899873220531,202.5500030517578,85081.3046875,2863.39990234375,165.16642315316903,383.2261675615013,213.35000610351562,94248.421875,2872.699951171875,171.13881261054323,395.7899873220531,42948400.0,70072228536.0,423.0,40770500.0,23007700.0
2025-03-04,203.8000030517578,87222.1953125,2909.60009765625,170.13345336914062,385.65753173828125,206.8000030517578,88911.2734375,2927.89990234375,172.49254217135646,389.59737098453536,197.42999267578125,81529.2421875,2886.10009765625,165.03701959982106,378.10536303990614,200.11000061035156,86064.0703125,2886.10009765625,165.47499722472898,380.48712304915495,60853100.0,68095241474.0,885.0,45388000.0,29342900.0
2025-03-05,208.36000061035156,90623.5625,2915.300048828125,172.22378540039062,397.9732360839844,209.97999572753906,90998.2421875,2922.0,172.98028249678805,398.61832193178543,203.25999450683594,86379.7734375,2893.0,168.2820021982634,385.8560101474748,204.8000030517578,87222.953125,2916.699951171875,169.73529012314535,386.3819822563368,38610100.0,50498988027.0,551.0,30954900.0,23433100.0
2025-03-06,200.6999969482422,89961.7265625,2916.60009765625,171.55686950683594,393.8746643066406,205.77000427246094,92804.9375,2918.60009765625,174.0055403400316,399.09468114787944,198.3000030517578,87852.140625,2903.800048828125,169.71537693678601,389.6966277473878,204.39999389648438,90622.359375,2904.0,169.7452376648565,391.28447789138556,49863800.0,47749810486.0,870.0,28302000.0,23304600.0
2025-03-07,199.25,86742.671875,2904.699951171875,173.05992126464844,390.32183837890625,202.27000427246094,91191.046875,2927.300048828125,174.1648138078256,391.80050846371955,192.52999877929688,84717.6796875,2900.5,169.48644558654738,382.61088158953936,199.49000549316406,89963.28125,2900.89990234375,170.4718800246714,389.33936956128906,59802800.0,65945677657.0,531.0,27385800.0,22034100.0
2025-03-08,,86154.59375,,,,,86847.265625,,,,,85247.484375,,,,,86742.65625,,,,,18206118081.0,,,
2025-03-09,,80601.0390625,,,,,86471.1328125,,,,,80052.484375,,,,,86154.3046875,,,,,30899345977.0,,,
2025-03-10,194.5399932861328,78532.0,2891.0,165.2968292236328,377.2717590332031,196.72999572753906,83955.9296875,2915.10009765625,167.87789100205225,383.4643412864511,190.85000610351562,77420.59375,2880.199951171875,163.12436954047675,374.3540930979484,195.60000610351562,80597.1484375,2910.10009765625,167.6785699397653,382.90859827837613,62350900.0,54061099422.0,55.0,43604000.0,32840100.0
2025-03-11,196.58999633789062,82862.2109375,2912.89990234375,163.47314453125,377.5595703125,200.17999267578125,83577.7578125,2916.699951171875,166.17378667553444,383.0673924681545,193.39999389648438,76624.25,2880.39990234375,160.81237268027317,374.0464567305875,193.89999389648438,78523.875,2884.39990234375,164.34014854098334,376.1205744700273,54002900.0,54702837196.0,197.0,39587400.0,30380200.0
2025-03-12,198.88999938964844,83722.359375,2939.10009765625,166.5325469970703,380.3581237792969,201.52000427246094,84358.578125,2939.10009765625,167.06071434970798,382.2933209136247,195.2899932861328,80635.25,2910.0,162.96491596959018,376.0709676751301,200.72000122070312,82857.375,2912.0,166.00437964443265,380.0405779726452,43679300.0,40353484454.0,213.0,28372400.0,24253600.0
2025-03-13,193.88999938964844,81066.703125,2984.300048828125,162.1975860595703,375.8923034667969,198.8800048828125,84301.6953125,2988.0,165.5559515451144,382.3925583494832,191.82000732421875,79931.8515625,2935.199951171875,161.54983818219623,374.58235511618193,198.1699981689453,83724.921875,2937.10009765625,165.46625097868807,380.2489652043101,41270800.0,31412940153.0,2366.0,31756200.0,20473000.0
2025-03-14,197.9499969482422,83969.1015625,2994.5,164.91815185546875,385.6079406738281,198.64999389648438,85263.2890625,3004.800048828125,165.91469633780176,387.2652662935844,195.32000732421875,80797.5625,2986.0,161.88864811378173,376.6267095180303,197.41000366210938,81066.9921875,2994.39990234375,162.70582188820455,376.8946473094157,38096700.0,29588112414.0,1800.0,31995900.0,19952800.0
2025-03-15,,84343.109375,,,,,84672.671875,,,,,83639.59375,,,,,83968.40625,,,,,13650491277.0,,,
2025-03-16,,82579.6875,,,,,85051.6015625,,,,,82017.90625,,,,,84333.3203125,,,,,21330270174.0,,,
2025-03-17,195.74000549316406,84075.6875,3000.0,163.7222900390625,385.74688720703125,199.0,84725.328125,3001.5,165.72535422603255,389.7264008785539,194.32000732421875,82492.15625,2989.0,163.10443731189008,382.6406623483486,198.77000427246094,82576.3359375,2991.0,164.45973844695973,383.7620820869245,47341800.0,25092785558.0,214.0,31184300.0,22474300.0
2025-03-18,192.82000732421875,82718.5,3035.10009765625,160.1147918701172,380.6062316894531,194.0,84075.71875,3039.199951171875,163.68242275706862,384.4269877309022,189.3800048828125,81179.9921875,3004.39990234375,156.17844440971348,378.2046343736099,192.52000427246094,84075.71875,3006.39990234375,163.11438513260956,384.1292790671939,40414900.0,24095774594.0,428.0,42074800.0,19486900.0
2025-03-19,195.5399932861328,86854.2265625,3035.89990234375,163.3236846923828,384.8735656738281,195.97000122070312,87021.1875,3050.89990234375,165.2968386316175,386.719419886704,191.9600067138672,82569.7265625,3030.89990234375,160.44367156873926,381.0825806498319,193.3800048828125,82718.8046875,3035.199951171875,161.20103994792456,382.60095534567967,39442900.0,34931960257.0,175.0,34275600.0,19185500.0
2025-03-20,194.9499969482422,84167.1953125,3040.0,162.23744201660156,383.9010314941406,199.32000732421875,87443.265625,3047.300048828125,164.3202162999389,388.81343664918575,192.3000030517578,83647.1953125,3034.39990234375,160.40380384962694,380.3680805381929,193.07000732421875,86872.953125,3047.300048828125,161.01169658179438,382.80938253905003,38921100.0,29028988961.0,185.0,28138500.0,18470500.0
2025-03-21,196.2100067138672,84043.2421875,3018.199951171875,163.42333984375,388.28741455078125,196.99000549316406,84782.2734375,3037.5,163.67247597151626,388.76374837124365,192.52000427246094,83171.0703125,3000.89990234375,160.33404577702316,379.8916675364793,192.89999389648438,84164.5390625,3034.5,160.65294731947398,380.30848991510493,60056900.0,19030452299.0,151.0,36625800.0,39675900.0
2025-03-22,,83832.484375,,,,,84513.875,,,,,83674.78125,,,,,84046.2578125,,,,,9863214091.0,,,
2025-03-23,,86054.375,,,,,86094.78125,,,,,83794.9140625,,,,,83831.8984375,,,,,12594615537.0,,,
2025-03-24,203.25999450683594,87498.9140625,3013.10009765625,167.1005859375,390.09356689453125,203.63999938964844,88758.7265625,3024.300048828125,167.7383890591239,392.39594799568545,199.9499969482422,85541.1953125,3006.0,164.56936942432435,386.8484215764684,200.0,86070.9296875,3024.300048828125,166.492708348571,392.39594799568545,41625400.0,34582604933.0,137.0,30879100.0,21004500.0
2025-03-25,205.7100067138672,87471.703125,3023.699951171875,169.97064208984375,392.1578063964844,206.2100067138672,88542.3984375,3028.800048828125,170.04040750974747,393.34867131877104,203.22000122070312,86346.078125,3023.699951171875,167.73839194994267,389.65696280253144,203.60000610351562,87512.8203125,3026.39990234375,168.39609981984145,390.9272368910712,31171200.0,30005840049.0,74.0,24174400.0,15775000.0
2025-03-26,201.1300048828125,86900.8828125,3020.89990234375,164.4896240234375,387.0072326660156,206.00999450683594,88292.15625,3033.199951171875,169.02390429945322,392.30665877239477,199.92999267578125,85861.453125,3019.5,164.27038302856647,385.61787512073846,205.83999633789062,87460.234375,3033.199951171875,168.41601157841293,391.99901639757354,32855300.0,26704046038.0,83.0,28901600.0,16108400.0
2025-03-27,201.36000061035156,87177.1015625,3060.199951171875,161.67938232421875,387.6125793457031,203.7899932861328,87786.7265625,3065.0,164.84838647984,389.259971232933,199.27999877929688,85837.9375,3025.5,161.44020617422274,384.4567464670721,200.88999938964844,86896.2578125,3025.5,164.06112302928733,387.1660163642304,27317700.0,24413471941.0,124359.0,24508300.0,13766800.0
2025-03-28,192.72000122070312,84353.1484375,3086.5,153.79672241210938,375.9220886230469,199.25999450683594,87489.859375,3094.89990234375,161.26084657481337,386.1736243280803,191.8800048828125,83557.640625,3066.800048828125,153.0991442674789,374.0663006272135,198.4199981689453,87185.234375,3069.699951171875,159.9354404969839,385.13158343812927,52548200.0,34198619509.0,31206.0,48669300.0,21632000.0
2025-03-29,,82597.5859375,,,,,84567.3359375,,,,,81634.140625,,,,,84352.0703125,,,,,16969396135.0,,,
2025-03-30,,82334.5234375,,,,,83505.0,,,,,81573.25,,,,,82596.984375,,,,,14763760943.0,,,
2025-03-31,190.25999450683594,82548.9140625,3122.800048828125,154.1056365966797,372.5379943847656,191.3300018310547,83870.125,3132.5,155.0025205393741,374.20522334023684,184.39999389648438,81293.890625,3086.0,150.13939385440554,364.449889664545,188.19000244140625,82336.0625,3091.0,152.58092477046202,369.7096411618319,63547600.0,29004228247.0,3438.0,54603500.0,35184700.0
2025-04-01,192.1699981689453,85169.171875,3118.89990234375,156.52725219726562,379.2863464355469,193.92999267578125,85487.3671875,3149.5,157.55369181763876,379.9413357760227,187.1999969482422,82429.359375,3104.0,153.0891615011919,370.3944277527412,187.86000061035156,82551.921875,3129.699951171875,153.0891615011919,371.80362246362756,41267300.0,28175650319.0,1721.0,30672900.0,19689500.0
2025-04-02,196.00999450683594,82485.7109375,3139.89990234375,156.49734497070312,379.2367248535156,198.33999633789062,88466.953125,3168.60009765625,157.86262130532444,382.1543604865691,187.66000366210938,82343.5390625,3117.39990234375,154.1654344397735,373.7586433966847,187.66000366210938,85180.609375,3120.699951171875,154.61387643325034,375.0983928958324,53679200.0,47584398470.0,5946.0,25041700.0,16092600.0
2025-04-03,178.41000366210938,83102.828125,3097.0,150.19920349121094,370.2752990722656,184.1300048828125,83909.296875,3166.89990234375,152.2520829364648,374.61212363444304,176.9199981689453,81282.1015625,3052.0,149.870341948127,366.54388609690864,183.0,82487.4765625,3150.0,150.58785527738945,371.9425583652147,95553600.0,36852112080.0,5516.0,46883400.0,30198000.0
2025-04-04,171.0,83843.8046875,3012.0,145.09689331054688,357.10614013671875,178.13999938964844,84696.1484375,3127.699951171875,150.54799324363788,371.74407816646067,166.0,81670.75,3011.0,144.8776522919314,356.74888974568233,167.14999389648438,83100.25,3110.5,147.49855413182192,361.363555677575,123159400.0,45157640207.0,3247.0,62259500.0,49209900.0
2025-04-05,,83504.796875,,,,,84207.015625,,,,,82377.734375,,,,,83844.703125,,,,,14380803631.0,,,
2025-04-06,,78214.484375,,,,,83704.71875,,,,,77097.7421875,,,,,83504.5078125,,,,,36294853736.0,,,
2025-04-07,175.25999450683594,79235.3359375,2951.300048828125,146.24288940429688,355.1412048339844,183.41000366210938,81119.0625,3050.800048828125,152.32181627286226,368.1813904507078,161.3800048828125,74436.6796875,2949.699951171875,140.0443820747304,342.1705249584387,162.0,78221.3359375,3016.39990234375,141.06086161142147,348.21425358249337,109327100.0,91262424987.0,4424.0,76794100.0,50425000.0
2025-04-08,170.66000366210938,76271.953125,2968.39990234375,144.19998168945312,351.8662414550781,185.89999389648438,80823.890625,3014.5,151.7139355045659,370.8112022714622,168.57000732421875,76198.0234375,2968.39990234375,142.5357542501846,347.5889889390993,185.22999572753906,79218.4765625,2994.0,150.69745588802078,365.46216834014683,87710400.0,48314590749.0,3213.0,52200200.0,35868900.0
2025-04-09,191.10000610351562,82573.953125,3056.5,158.1615753173828,387.52325439453125,192.64999389648438,83541.0,3090.39990234375,158.9986690004619,390.24245792204835,169.92999267578125,74589.671875,2965.800048828125,143.41271451247957,350.41733953240174,172.1199951171875,76273.5625,2965.800048828125,143.92094670447867,350.85399906862426,116804300.0,84213627038.0,2175.0,70406200.0,50199700.0
2025-04-10,181.22000122070312,79626.140625,3155.199951171875,152.29193115234375,378.45269775390625,186.8699951171875,82700.9296875,3167.0,157.17499290712513,380.983312003396,175.85000610351562,78456.1328125,3072.10009765625,149.41190307502956,365.00562576710445,185.44000244140625,82565.9765625,3073.89990234375,155.99906254121734,379.1572950457799,68302000.0,44718000633.0,3456.0,48022000.0,38024400.0
2025-04-11,184.8699951171875,83404.8359375,3222.199951171875,156.59701538085938,385.498779296875,185.86000061035156,84247.4765625,3235.0,157.12518279409443,387.0865991344375,178.0,78936.3203125,3182.10009765625,152.29195068350106,376.0114134245454,179.92999267578125,79625.046875,3182.10009765625,152.37166086891528,377.7481178718862,50594300.0,41656778779.0,862.0,33636200.0,23839200.0
2025-04-12,,85287.109375,,,,,85856.1875,,,,,82769.375,,,,,83404.515625,,,,,24258059104.0,,,
2025-04-13,,83684.9765625,,,,,86015.1875,,,,,83027.0078125,,,,,85279.46875,,,,,28796984817.0,,,
2025-04-14,182.1199951171875,84542.390625,3204.800048828125,158.52035522460938,384.8636474609375,187.44000244140625,85785.0,3228.800048828125,161.1611923055906,391.651677567929,179.22999572753906,83690.640625,3194.5,157.0155631618818,381.29099206627785,186.83999633789062,83694.5234375,3215.5,159.44713439436606,390.23254912743425,48002500.0,34090769777.0,263.0,30333000.0,19251200.0
2025-04-15,179.58999633789062,83668.9921875,3218.699951171875,155.76988220214844,382.7994384765625,182.35000610351562,86429.3515625,3218.699951171875,159.09833747842598,388.9126416904877,177.92999267578125,83598.8203125,3214.0,154.6736922783896,381.24135923720473,181.41000366210938,84539.6953125,3216.0,158.58014524074957,385.5583162962043,43642000.0,28040322885.0,390.0,27551500.0,17199900.0
2025-04-16,174.3300018310547,84033.8671875,3326.60009765625,152.8001708984375,368.78668212890625,179.10000610351562,85428.28125,3334.89990234375,155.35132240030543,378.7107072268867,171.41000366210938,83100.6171875,3238.300048828125,150.98645259897873,365.20412360568145,176.2899932861328,83674.5078125,3238.300048828125,152.57096991980188,377.77787673053996,51875300.0,29617804112.0,1874.0,28187400.0,21967800.0
2025-04-17,172.61000061035156,84895.75,3308.699951171875,150.63766479492188,364.9858093261719,176.2100067138672,85449.0703125,3345.0,154.14549035907424,371.4761304955969,172.0,83749.75,3287.800048828125,147.98685287180376,364.10258680355696,176.0,84030.671875,3345.0,153.75683862644127,370.9104537724408,44726500.0,21276866029.0,824.0,33046600.0,21120200.0
2025-04-18,,84450.8046875,,,,,85095.046875,,,,,84298.8828125,,,,,84900.1875,,,,,12728372364.0,,,
2025-04-19,,85063.4140625,,,,,85597.703125,,,,,84353.4609375,,,,,84450.8671875,,,,,15259300427.0,,,
2025-04-20,,85174.3046875,,,,,85306.3828125,,,,,83976.84375,,,,,85066.0703125,,,,,14664050812.0,,,
2025-04-21,167.32000732421875,87518.90625,3406.199951171875,147.15972900390625,356.3916320800781,169.60000610351562,88460.09375,3418.5,148.43530478654532,361.7109259917268,165.2899932861328,85143.8359375,3342.199951171875,145.59516199807078,352.9678611353571,169.60000610351562,85171.5390625,3342.199951171875,148.36555457655837,360.06353397111536,48126100.0,41396190190.0,78.0,26049100.0,20807300.0
2025-04-22,173.17999267578125,93441.890625,3400.800048828125,150.94659423828125,364.0331115722656,176.77999877929688,93817.3828125,3485.60009765625,151.66410748339032,364.9758758256959,169.35000610351562,87084.53125,3361.699951171875,148.02671099242252,357.12596800122816,169.85000610351562,87521.875,3422.199951171875,148.37550764431742,360.6192443688487,56607200.0,55899038456.0,785.0,26971800.0,19485000.0
2025-04-23,180.60000610351562,93699.109375,3276.300048828125,154.81320190429688,371.5456237792969,187.3800048828125,94535.734375,3370.300048828125,156.98566172409713,377.50003937654276,180.19000244140625,91962.9609375,3256.199951171875,153.27851478210604,370.18600677791767,183.4499969482422,93427.5859375,3321.199951171875,155.07229801307963,373.20291916052497,63470100.0,41719568821.0,331.0,31128800.0,20545500.0
2025-04-24,186.5399932861328,93943.796875,3332.0,158.72959899902344,384.35748291015625,186.74000549316406,94016.1953125,3353.89990234375,159.03852534598082,385.49877003384853,180.17999267578125,91696.7109375,3304.89990234375,155.2516533895316,372.33950296048084,180.9199981689453,93692.3984375,3305.39990234375,155.61041000027018,372.8456379358323,43763200.0,31483175315.0,560.0,45894000.0,22232300.0
2025-04-25,188.99000549316406,94720.5,3282.39990234375,161.40036010742188,388.8729553222656,189.94000244140625,95768.390625,3355.5,165.52605388757996,389.1805976978566,185.49000549316406,92898.59375,3266.10009765625,160.4835257508864,381.67803664886475,187.6199951171875,93954.25,3355.5,164.49961422965615,384.05979677325973,36414300.0,40915232364.0,162.0,56034000.0,18973200.0
2025-04-26,,94646.9296875,,,,,95251.359375,,,,,93927.25,,,,,94714.6484375,,,,,17612825123.0,,,
2025-04-27,,93754.84375,,,,,95301.203125,,,,,93665.3984375,,,,,94660.90625,,,,,18090367764.0,,,
2025-04-28,187.6999969482422,94978.75,3332.5,160.05502319335938,388.1882019042969,190.22000122070312,95598.4921875,3332.5,162.5862396977989,389.7561846754867,184.88999938964844,92860.8046875,3284.5,158.0519740918863,383.7025530868883,190.11000061035156,93755.3046875,3284.5,161.86872639451175,388.9821118643913,33224700.0,32363449569.0,1300.0,29745800.0,16579400.0
2025-04-29,187.38999938964844,94284.7890625,3318.800048828125,159.60658264160156,391.0462951660156,188.02000427246094,95485.4140625,3340.0,160.18458031932272,392.0982394081848,183.67999267578125,93796.6328125,3299.89990234375,156.97570557414937,387.41409832984397,183.99000549316406,94981.859375,3340.0,159.76603342291708,388.3270916828822,41667300.0,25806129921.0,1278.0,26809000.0,14974000.0
2025-04-30,184.4199981689453,94207.3125,3305.0,158.2512664794922,392.2570495605469,185.0500030517578,95249.3203125,3318.699951171875,158.7196436016194,393.6464071015826,178.85000610351562,92979.640625,3268.0,154.86300612354924,381.5192464831796,182.1699981689453,94286.46875,3318.699951171875,157.43409270690867,387.3347110069874,55176500.0,28344679831.0,207.0,34981100.0,36461100.0
2025-05-01,190.1999969482422,96492.3359375,3210.0,160.74261474609375,422.16802978515625,191.80999755859375,97437.9609375,3275.0,161.3903625236085,433.669971462135,187.5,94153.6328125,3198.60009765625,158.3608742385602,421.67182852064957,190.6300048828125,94212.859375,3272.89990234375,159.8955459237491,427.8346397458207,74266000.0,32875889623.0,2131.0,30203200.0,58938100.0
2025-05-02,189.97999572753906,96910.0703125,3231.89990234375,163.4632110595703,431.9729919433594,192.8800048828125,97905.8984375,3257.0,164.39996542535462,436.1013902925972,186.39999389648438,96375.9453125,3225.0,161.31067105386134,426.7231738378541,191.44000244140625,96494.96875,3239.89990234375,162.84535826769726,428.4598783453456,77903500.0,26421924677.0,1349.0,25715000.0,30757400.0
2025-05-03,,95891.796875,,,,,96943.8828125,,,,,95821.2890625,,,,,96904.6328125,,,,,15775154889.0,,,
2025-05-04,,94315.9765625,,,,,96318.921875,,,,,94173.4296875,,,,,95877.1875,,,,,18198688416.0,,,
2025-05-05,186.35000610351562,94748.0546875,3311.300048828125,163.64259338378906,432.85626220703125,188.17999267578125,95193.1875,3315.699951171875,164.81850869798296,436.1609495915282,185.52999877929688,93566.265625,3239.699951171875,162.15773647441492,428.8270797245025,186.50999450683594,94319.5625,3242.699951171875,162.4367677423953,429.58131540385136,35217500.0,25816260327.0,244.0,21341800.0,20136100.0
2025-05-06,185.00999450683594,96802.4765625,3411.39990234375,162.66595458984375,430.0179443359375,187.92999267578125,96889.1796875,3430.89990234375,164.23053675483612,434.4043769104007,183.85000610351562,93399.859375,3356.800048828125,160.63301049910467,427.8942186382879,184.57000732421875,94748.3828125,3365.5,161.6096198520829,428.91639204817295,29314100.0,26551275827.0,2357.0,21277200.0,15104200.0
2025-05-07,188.7100067138672,97032.3203125,3381.39990234375,150.85691833496094,430.0576477050781,190.99000549316406,97625.8046875,3418.699951171875,164.42985019413678,434.79139692835327,185.00999450683594,95829.3359375,3364.699951171875,147.32914212449143,427.83464541633373,185.55999755859375,96800.1953125,3418.699951171875,163.5130310359637,430.54391525930873,43948600.0,76983822462.0,1080.0,127490100.0,23295300.0
2025-05-08,192.0800018310547,103241.4609375,3296.60009765625,153.7469024658203,434.841064453125,194.3300018310547,103969.5390625,3390.0,155.3911950032793,440.2992788018954,188.82000732421875,96913.875,3288.699951171875,152.37166602688535,432.35012421343623,191.42999267578125,97034.25,3390.0,154.464415807346,434.6028672327044,41043600.0,69895404397.0,200.0,57498700.0,23491300.0
2025-05-09,193.05999755859375,102970.8515625,3335.39990234375,152.22216796875,435.3967590332031,194.69000244140625,104297.4921875,3335.5,154.51422329361623,437.3914674607305,191.16000366210938,102343.09375,3299.0,151.674065468403,432.5684058555715,193.3800048828125,103239.125,3299.0,153.63725929306102,436.6570993033328,29663100.0,58198593958.0,216.0,32435300.0,15324200.0
2025-05-10,,104696.328125,,,,,104961.765625,,,,,102830.484375,,,,,102973.7109375,,,,,42276713994.0,,,
2025-05-11,,104106.359375,,,,,104937.9921875,,,,,103364.7421875,,,,,104701.0703125,,,,,46285517406.0,,,
2025-05-12,208.63999938964844,102812.953125,3220.0,157.91244506835938,445.8467712402344,211.66000366210938,105747.453125,3300.699951171875,158.55023292762746,445.9559209816134,205.75,100814.40625,3205.0,155.7100750758197,436.43878433354007,210.7100067138672,104106.9609375,3300.699951171875,156.94579570580373,442.551987565255,75205000.0,63250475404.0,886.0,44138800.0,22821900.0
2025-05-13,211.3699951171875,104169.8125,3240.300048828125,158.97874450683594,445.7276916503906,214.83999633789062,104997.421875,3251.39990234375,160.01515931291138,447.24606632617565,210.10000610351562,101515.09375,3223.5,155.62039437316713,441.9763809723924,211.0800018310547,102812.4921875,3232.0,158.24129609505388,444.37800844651383,56193700.0,52608876410.0,2424.0,42382100.0,23618800.0
2025-05-14,210.25,103539.4140625,3181.39990234375,164.79855346679688,449.4988098144531,211.92999267578125,104303.5625,3233.0,166.4229258122212,450.45150777480933,208.85000610351562,102618.296875,3171.699951171875,159.0584628171564,444.73528972695,211.4499969482422,104167.328125,3233.0,159.40725946266062,444.73528972695,38492100.0,45956071155.0,3518.0,48755900.0,19902800.0
2025-05-15,205.1699981689453,103744.640625,3220.699951171875,163.39344787597656,450.512939453125,206.8800048828125,104153.6171875,3228.10009765625,165.6356730691148,453.55526390744575,202.6699981689453,101440.8125,3125.0,161.80893051621783,447.82852124457236,206.4499969482422,103538.828125,3151.0,165.26694125278715,448.16655392379437,64347300.0,50408241840.0,652.0,33146700.0,21992300.0
2025-05-16,205.58999633789062,103489.2890625,3182.0,165.61572265625,451.6463623046875,206.85000610351562,104533.484375,3228.10009765625,168.76480673115492,451.735838870633,204.3699951171875,103137.4765625,3173.89990234375,165.04768502743337,446.13838030321216,206.85000610351562,103735.65625,3227.699951171875,167.15039440077075,449.4391826540583,43318500.0,44386499364.0,199.0,42846900.0,23849800.0
2025-05-17,,103191.0859375,,,,,103716.9453125,,,,,102659.1796875,,,,,103489.2890625,,,,,37898552742.0,,,
2025-05-18,,106446.0078125,,,,,106597.171875,,,,,103142.6015625,,,,,103186.953125,,,,,49887082058.0,,,
2025-05-19,206.16000366210938,105606.1796875,3228.89990234375,165.96450805664062,456.2197570800781,206.6199951171875,107068.71875,3241.0,166.06416858529283,456.9355998797858,201.25999450683594,102112.6875,3228.300048828125,163.65253281131433,448.1963586877965,201.64999389648438,106430.53125,3234.39990234375,163.94152401470697,448.27591363294266,34314800.0,61761126647.0,266.0,30426100.0,21336500.0
2025-05-20,204.07000732421875,106791.0859375,3280.300048828125,163.4133758544922,455.5238342285156,205.58999633789062,107307.1171875,3293.199951171875,167.91776161058672,455.69283539558984,202.64999389648438,104206.515625,3207.5,162.33710588412995,451.69606398891386,204.6300048828125,105605.40625,3219.0,165.85490703254322,452.9587181303489,29470400.0,36515726122.0,356.0,46607700.0,15441800.0
2025-05-21,201.1199951171875,109678.078125,3309.300048828125,167.97755432128906,449.9561462402344,203.4600067138672,110724.4609375,3317.5,172.54173038625467,455.1360468945702,200.05999755859375,106127.234375,3290.199951171875,162.99483135159699,449.2005259832327,201.61000061035156,106791.3125,3293.39990234375,163.12438701474937,451.944595050179,42460900.0,78086364051.0,979.0,73416000.0,19216900.0
2025-05-22,203.10000610351562,111673.28125,3292.300048828125,170.27955627441406,452.2329406738281,205.75999450683594,111970.171875,3328.0,176.15917803179707,457.5918252828005,200.16000366210938,109285.0703125,3282.699951171875,170.12012070875053,451.27849365115543,201.3800048828125,109673.4921875,3327.300048828125,171.25618084668935,452.32244757902833,38938900.0,70157575642.0,1210.0,74864400.0,18025600.0
2025-05-23,200.99000549316406,107287.796875,3363.60009765625,167.8878631591797,447.5799865722656,202.3699951171875,111798.90625,3363.60009765625,169.37272002705043,451.06972434232773,197.85000610351562,106841.3046875,3323.5,167.30986548992928,446.3173323563206,198.89999389648438,111679.359375,3328.0,168.47582079984258,447.38115987330883,33393500.0,67548133399.0,47.0,35211400.0,16883500.0
2025-05-24,,107791.15625,,,,,109454.5234375,,,,,106895.2890625,,,,,107278.5078125,,,,,45903627163.0,,,
2025-05-25,,109035.390625,,,,,109313.3046875,,,,,106683.375,,,,,107802.2734375,,,,,47518041841.0,,,
2025-05-26,,109440.3671875,,,,,110376.8828125,,,,,108735.640625,,,,,109023.78125,,,,,45950461571.0,,,
2025-05-27,206.02000427246094,108994.640625,3299.10009765625,172.30255126953125,458.02923583984375,206.69000244140625,110744.2109375,3341.0,172.5716225630013,458.2877438900054,202.19000244140625,107609.5546875,3296.300048828125,169.4125780788469,453.48562310372705,203.08999633789062,109440.40625,3332.5,169.57202886061165,453.8435596609756,34892000.0,57450176272.0,189.0,37995700.0,20974300.0
2025-05-28,204.72000122070312,107802.328125,3293.60009765625,171.76441955566406,454.718505859375,207.66000366210938,109298.2890625,3293.60009765625,174.66436785084326,459.8487079553447,204.41000366210938,106812.9296875,3293.60009765625,171.31597754856884,454.29099660337516,205.9199981689453,108992.171875,3293.60009765625,172.56165823831284,458.5562282330538,28549800.0,49155377493.0,127758.0,34784000.0,17086300.0
2025-05-29,205.6999969482422,105641.7578125,3317.10009765625,171.26614379882812,456.0308837890625,208.80999755859375,108910.046875,3328.800048828125,173.81729536660228,459.05333474747385,204.22999572753906,105374.3984375,3242.39990234375,170.04039828273065,452.68035209769624,208.02999877929688,107795.5703125,3283.699951171875,173.39874848808273,458.884303233251,34650000.0,56022752042.0,24370.0,29317300.0,13974800.0
2025-05-30,205.00999450683594,103998.5703125,3288.89990234375,171.1465606689453,457.7011413574219,205.99000549316406,106308.9453125,3318.0,171.61493780799663,459.0135248792732,201.6999969482422,103685.7890625,3270.89990234375,166.86141620850907,452.90900269221845,204.83999633789062,105646.2109375,3315.10009765625,170.75790891590938,457.0648535034259,51679400.0,57655287183.0,2213.0,52639900.0,34770500.0
2025-05-31,,104638.09375,,,,,104927.1015625,,,,,103136.1171875,,,,,103994.71875,,,,,38997843858.0,,,
2025-06-01,,105652.1015625,,,,,105884.546875,,,,,103826.953125,,,,,104637.296875,,,,,37397056873.0,,,
2025-06-02,206.64999389648438,105881.53125,3370.60009765625,168.4459228515625,459.3018798828125,207.0,105958.3125,3380.800048828125,169.28301661805224,459.44105553120437,202.67999267578125,103727.546875,3296.89990234375,166.81159040962694,454.2512329224997,204.97999572753906,105649.8125,3296.89990234375,167.26003241267054,454.49978904014216,29113300.0,45819706290.0,976.0,38612300.0,16626500.0
2025-06-03,205.7100067138672,105432.46875,3350.199951171875,165.60577392578125,460.2961120605469,208.9499969482422,106813.578125,3390.0,167.89782954141205,461.4593680607732,205.02999877929688,104920.84375,3331.300048828125,164.708889870391,458.1982826150306,207.11000061035156,105888.4765625,3385.10009765625,166.91126012169556,458.8047753297213,33139100.0,46196508367.0,6410.0,45084900.0,15743800.0
2025-06-04,207.22999572753906,104731.984375,3373.5,167.46929931640625,461.1908874511719,208.17999267578125,105997.6953125,3380.0,167.6387100496484,463.00038321907994,205.17999267578125,104232.703125,3344.0,165.78513674832732,460.3457906064832,206.5500030517578,105434.3671875,3355.0,166.16382850855194,461.3201414833542,29915600.0,44544857105.0,207.0,26900800.0,14162700.0
2025-06-05,207.91000366210938,101575.953125,3350.699951171875,167.62876892089844,464.9788818359375,212.80999755859375,105936.6875,3400.0,170.33935616350743,466.93750520910584,207.55999755859375,100436.8828125,3343.699951171875,167.01090094696792,461.3499686746429,209.5500030517578,104750.78125,3371.5,169.75139851627495,462.2745901279283,51864200.0,57479298400.0,731.0,36379100.0,20131700.0
2025-06-06,213.57000732421875,104390.34375,3322.699951171875,173.079833984375,467.6632995605469,213.8699951171875,105376.7734375,3364.300048828125,173.89700773798458,470.6061954238558,210.5,101169.5703125,3306.0,170.23969140570108,466.0725343793748,212.39999389648438,101574.3671875,3364.300048828125,170.23969140570108,467.37496597576217,39832500.0,48856653697.0,81.0,35731800.0,15285600.0
2025-06-07,,105615.625,,,,,105972.7578125,,,,,103987.3125,,,,,104390.6484375,,,,,38365033776.0,,,
2025-06-08,,105793.6484375,,,,,106497.0625,,,,,105075.328125,,,,,105617.5078125,,,,,36626232328.0,,,
2025-06-09,216.97999572753906,110294.1015625,3332.10009765625,175.6939697265625,470.0196228027344,217.85000610351562,110561.421875,3334.60009765625,176.0731199779413,470.69568816704816,212.8800048828125,105400.234375,3290.0,173.9778367906517,465.9134708467471,214.75,105793.0234375,3315.60009765625,174.14745263351276,466.98725027602023,38102500.0,55903193732.0,1887.0,28935900.0,16469900.0
2025-06-10,217.61000061035156,110257.234375,3320.89990234375,178.19833374023438,468.2001953125,217.69000244140625,110380.125,3344.300048828125,180.70268325607967,470.06931180763127,214.14999389648438,108367.7109375,3302.0,174.5166301339373,464.26304461137784,216.77999877929688,110295.6875,3302.0,175.80372221831115,468.4686249933991,31303300.0,54700101509.0,65.0,61766100.0,15375900.0
2025-06-11,213.1999969482422,108686.625,3321.300048828125,176.95114135742188,469.8903503417969,218.39999389648438,110384.21875,3356.0,179.96433833777158,472.72389606625393,212.88999938964844,108086.328125,3321.300048828125,176.352484683136,466.9474544926898,217.41000366210938,110261.796875,3328.0,179.36569688795734,467.30536072753216,39326000.0,50842662052.0,2106.0,31646800.0,16399200.0
2025-06-12,213.24000549316406,105929.0546875,3380.89990234375,175.30484008789062,476.104248046875,213.5800018310547,108780.6953125,3395.89990234375,176.32255032681226,477.6453141185156,211.3300018310547,105785.6875,3353.39990234375,174.3569797237004,470.7851412769109,211.77999877929688,108685.9140625,3363.0,175.78375628436552,472.2764779222473,27640000.0,54843867968.0,1818.0,20941900.0,18950600.0
2025-06-13,212.10000610351562,106090.96875,3431.199951171875,174.27716064453125,472.2168273925781,214.0500030517578,106182.546875,3444.0,176.73163473712606,476.4124557062983,209.6199951171875,102822.0234375,3407.300048828125,172.00228964381978,470.0295518485209,209.9600067138672,105924.59375,3407.300048828125,172.05218023736916,473.6584649544854,29337800.0,69550440846.0,499.0,27663100.0,16814500.0
2025-06-14,,105472.40625,,,,,106203.7578125,,,,,104379.3671875,,,,,106108.0859375,,,,,38007870453.0,,,
2025-06-15,,105552.0234375,,,,,106157.1015625,,,,,104519.8828125,,,,,105464.84375,,,,,36744307742.0,,,
2025-06-16,216.10000610351562,106796.7578125,3396.39990234375,176.3724365234375,476.3727111816406,217.05999755859375,108915.375,3442.0,176.5420523549515,477.91374692205306,211.60000610351562,104997.625,3385.39990234375,174.25719419482596,472.25660744971805,212.30999755859375,105555.59375,3442.0,174.33701609632743,472.4653860858625,33284200.0,50366626945.0,480.0,27389200.0,15626100.0
2025-06-17,214.82000732421875,104601.1171875,3386.60009765625,175.5542755126953,475.279052734375,217.41000366210938,107750.1953125,3398.300048828125,176.96110799729416,475.97499162724574,214.55999755859375,103396.53125,3376.10009765625,174.1873615915514,471.3419021646973,215.1999969482422,106794.1171875,3398.300048828125,175.30483777675101,472.65428568792316,32086300.0,55964092176.0,1477.0,24973000.0,15414100.0
2025-06-18,212.52000427246094,104883.328125,3389.800048828125,172.93020629882812,477.4663391113281,217.9600067138672,105581.8515625,3391.89990234375,176.16290971424257,478.2219594008936,212.33999633789062,103602.265625,3365.10009765625,172.81046582918458,471.71972301658775,215.08999633789062,104602.0703125,3385.300048828125,175.6141436330853,475.2392860574369,44360500.0,47318089133.0,0.0,28707500.0,17526500.0
2025-06-19,,104684.2890625,,,,,105250.890625,,,,,103940.7734375,,,,,104886.7734375,,,,,37333806920.0,,,
2025-06-20,209.69000244140625,103309.6015625,3368.10009765625,166.26522827148438,474.64276123046875,214.88999938964844,106539.3828125,3372.89990234375,173.94790803011588,480.667759158903,208.27000427246094,102372.2109375,3341.0,165.08788938336605,474.1158234691147,214.67999267578125,104681.03125,3350.0,173.55878574385125,479.44488246554124,75350700.0,50951862476.0,709.0,75659900.0,37576200.0
2025-06-21,,102257.40625,,,,,104015.78125,,,,,100973.0625,,,,,103315.078125,,,,,38360555118.0,,,
2025-06-22,,100987.140625,,,,,103351.6328125,,,,,98286.203125,,,,,102212.03125,,,,,65536997201.0,,,
2025-06-23,208.47000122070312,105577.7734375,3377.699951171875,164.8184814453125,483.19305419921875,210.38999938964844,106116.859375,3387.89990234375,166.9636398925432,484.9329468840925,207.30999755859375,99705.75,3350.0,161.63565348702906,469.78097686904323,209.7899932861328,100987.4765625,3365.89990234375,165.8960542954959,475.4480376949825,37311700.0,65237759656.0,30.0,57671000.0,24864000.0
2025-06-24,212.77000427246094,106045.6328125,3317.39990234375,166.3949432373047,487.2793273925781,214.33999633789062,106316.828125,3358.0,167.84167918331357,489.009298556199,211.0500030517578,104740.2421875,3301.0,165.75638318822968,483.9884469122188,212.13999938964844,105571.515625,3358.0,166.5445998017471,486.1260537385937,38378800.0,48822986421.0,538.0,40524300.0,22305600.0
2025-06-25,211.99000549316406,107361.2578125,3327.10009765625,170.296142578125,489.4268493652344,216.02999877929688,108168.3984375,3331.199951171875,171.97237226546412,491.70363180611855,211.11000061035156,105881.390625,3310.60009765625,167.17319213194548,486.5635084927723,214.6199951171875,106047.40625,3321.60009765625,167.25301404319714,489.1981971647186,31755700.0,51624120283.0,373.0,35479000.0,17495100.0
2025-06-26,217.1199951171875,106960.0,3333.5,173.14968872070312,494.57696533203125,218.0399932861328,108305.546875,3333.5,173.29936049404486,495.1635541172166,212.00999450683594,106666.3515625,3332.39990234375,169.55779452756443,489.9637493151316,213.1199951171875,107375.0703125,3332.39990234375,172.04218458564608,490.13278082199906,50480800.0,43891990613.0,2058.0,31796700.0,21578900.0
2025-06-27,223.3000030517578,107088.4296875,3273.699951171875,178.12847900390625,493.07568359375,223.3000030517578,107772.46875,3318.699951171875,178.27813555923768,496.4162632322767,216.74000549316406,106449.9921875,3253.800048828125,171.3437693802371,490.1824867596744,219.9199981689453,106954.921875,3318.699951171875,173.14969619543672,494.6763704185467,119217100.0,45353692675.0,284.0,108140200.0,34539200.0
2025-06-28,,107327.703125,,,,,107567.8828125,,,,,106883.9765625,,,,,107090.546875,,,,,30037708335.0,,,
2025-06-29,,108385.5703125,,,,,108526.3046875,,,,,107230.109375,,,,,107327.8203125,,,,,35534874438.0,,,
2025-06-30,219.38999938964844,107135.3359375,3294.39990234375,175.83364868164062,494.5372009277344,223.82000732421875,108798.7890625,3306.89990234375,180.82240351749414,497.86785899517616,219.1199951171875,106759.6484375,3262.0,174.1873656755976,492.4691970236715,223.52000427246094,108383.4375,3265.89990234375,180.3734186271616,494.1693427257206,58887800.0,42064804590.0,1242.0,63378900.0,28369000.0
2025-07-01,220.4600067138672,105698.28125,3336.699951171875,175.44451904296875,489.2081298828125,221.8800048828125,107550.6796875,3354.10009765625,175.6939567742825,495.17347659984546,217.92999267578125,105270.2265625,3310.10009765625,173.139716841545,488.14433277768,219.5,107144.3828125,3310.10009765625,175.3447530851258,493.602615314542,39256800.0,44110692247.0,371.0,35904500.0,19945400.0
2025-07-02,219.9199981689453,108859.3203125,3348.0,178.23822021484375,488.2536926269531,221.60000610351562,109763.65625,3357.5,178.4577266308603,490.6497772469701,219.05999755859375,105157.3984375,3329.0,174.67625741761273,485.87751191483574,219.72999572753906,105703.1015625,3329.0,175.14518633422566,487.1600396387865,30894200.0,56248657737.0,39.0,29128900.0,16319600.0
2025-07-03,223.41000366210938,109647.9765625,3331.60009765625,179.126220703125,495.9589538574219,224.00999450683594,110541.4609375,3362.0,179.265905222364,497.2415119784696,221.36000061035156,108605.796875,3322.300048828125,176.65180269468908,490.59014753996934,221.82000732421875,108845.015625,3362.0,178.09853847776557,490.9580057562307,29632400.0,50494742270.0,0.0,21689700.0,13984800.0
2025-07-04,,108034.3359375,3332.5,,,,109751.984375,3342.0,,,,107296.3828125,3332.5,,,,109635.65625,3342.0,,,,42616442656.0,0.0,,
2025-07-05,,108231.1796875,,,,,108381.34375,,,,,107842.2734375,,,,,108015.8359375,,,,,30615537520.0,,,
2025-07-06,,109232.0703125,,,,,109731.625,,,,,107847.015625,,,,,108231.1875,,,,,36746020463.0,,,
2025-07-07,223.47000122070312,108299.8515625,3332.199951171875,176.3923797607422,494.84539794921875,224.2899932861328,109710.25,3333.300048828125,178.89674433224096,495.8694479262707,222.3699951171875,107527.0546875,3299.199951171875,175.28487562232132,492.36978876052433,223.0,109235.328125,3305.5,178.65727862884938,494.50736527479916,36604100.0,45415696597.0,254.0,34175600.0,13981600.0
2025-07-08,219.36000061035156,108950.2734375,3307.0,173.9678497314453,493.7517395019531,224.0,109198.96875,3334.5,177.54977185383785,495.3226311177228,218.42999267578125,107499.5546875,3287.60009765625,172.42133277200756,491.25622643335066,223.9199981689453,108298.2265625,3330.39990234375,177.4500058972594,494.36815380384166,45692000.0,44282204127.0,909.0,40442500.0,11846600.0
2025-07-09,222.5399932861328,111326.5546875,3311.60009765625,176.22276306152344,500.6019592285156,224.2899932861328,111925.375,3314.0,179.03642797074187,503.8530622357068,220.47000122070312,108357.6796875,3282.0,172.38143114455036,496.85371365827956,221.07000732421875,108950.2734375,3289.39990234375,174.85584916951822,497.41047691930333,38155100.0,57927418065.0,114.0,43025600.0,18659500.0
2025-07-10,222.25999450683594,115987.203125,3317.39990234375,177.22052001953125,498.58367919921875,222.7899932861328,116608.78125,3330.5,178.02869585837095,501.52657502305914,219.6999969482422,110660.75,3311.60009765625,173.98781666417247,494.87521114411277,221.5500030517578,111329.1953125,3323.60009765625,175.2350053597822,500.14458849842043,30370600.0,95911605728.0,209.0,29252400.0,16492100.0
2025-07-11,225.02000427246094,117516.9921875,3356.0,179.78475952148438,500.4130554199219,226.67999267578125,118856.4765625,3370.0,181.02196104807066,502.1131707269345,222.3699951171875,115245.6875,3330.5,176.08309652221448,494.9249170598048,223.5800018310547,115986.234375,3330.5,176.39239690386106,495.59106078877636,50518300.0,86928361085.0,776.0,34282900.0,16459500.0
2025-07-12,,117435.2265625,,,,,118219.8984375,,,,,116977.0234375,,,,,117530.7109375,,,,,45524560304.0,,,
2025-07-13,,119116.1171875,,,,,119449.5703125,,,,,117265.4375,,,,,117432.203125,,,,,49021091807.0,,,
2025-07-14,225.69000244140625,119849.703125,3351.5,181.1516571044922,500.1147766113281,226.66000366210938,123091.609375,3375.5,183.2569121837853,501.05930198422453,224.24000549316406,118959.1953125,3350.0,179.27588047712075,498.1362796464767,225.07000732421875,119115.7890625,3367.0,180.60289104600895,498.6234399223271,35702600.0,181746419401.0,583.0,32536600.0,12058800.0
2025-07-15,226.35000610351562,117777.1875,3329.800048828125,181.59066772460938,502.89862060546875,227.27000427246094,119935.5625,3341.0,183.80567598843865,505.36427783294863,225.4600067138672,115765.6875,3329.800048828125,181.1915734457722,499.88612172349406,226.1999969482422,119853.8515625,3341.0,182.3988435351607,500.11477392946824,34907300.0,98321661181.0,210.0,33448300.0,14927200.0
2025-07-16,223.19000244140625,118738.5078125,3352.5,182.55850219726562,502.6997375488281,226.10000610351562,120065.515625,3352.89990234375,183.91544417003013,503.7933904598671,222.17999267578125,117064.8203125,3329.5,181.62061381873355,498.99129994586445,225.8800048828125,117777.1875,3341.199951171875,182.82789923086935,502.26227638441253,39535900.0,72162029070.0,10.0,33104200.0,15154400.0
2025-07-17,223.8800048828125,119289.84375,3340.10009765625,183.1671142578125,508.7446594238281,224.5,120999.609375,3340.800048828125,183.64603043273615,510.40499725185873,222.50999450683594,117508.21875,3313.800048828125,180.07408034072432,502.6997578215743,223.32000732421875,118738.5078125,3313.800048828125,181.73035050857078,502.75940886082554,31855800.0,72363841798.0,667.0,31992600.0,17503100.0
2025-07-18,226.1300048828125,118003.2265625,3353.0,184.64378356933594,507.10418701171875,226.39999389648438,120851.9140625,3353.0,186.00072543502688,511.6677041033988,222.97999572753906,116925.984375,3338.199951171875,183.2968289565469,504.499323712682,225.13999938964844,119284.109375,3338.199951171875,184.98301522964096,511.50859420333654,37833800.0,77945799785.0,602.0,34014500.0,21209700.0
2025-07-19,,117939.9765625,,,,,118541.3984375,,,,,117388.4140625,,,,,117998.125,,,,,47564562765.0,,,
2025-07-20,,117300.7890625,,,,,118865.03125,,,,,116550.1328125,,,,,117944.109375,,,,,57515447231.0,,,
2025-07-21,229.3000030517578,117439.5390625,3401.89990234375,189.67245483398438,507.1141052246094,229.69000244140625,119671.5625,3411.699951171875,189.86201471908177,509.132409924825,225.64999389648438,116584.3984375,3350.300048828125,185.73132654425748,502.630143381304,225.83999633789062,117306.46875,3350.300048828125,185.83110772544197,503.7834473494323,40297600.0,69820091744.0,53.0,45803100.0,14066800.0
2025-07-22,227.47000122070312,119995.4140625,3439.199951171875,190.90966796875,502.3517761230469,230.0,120269.96875,3441.0,191.21896833519165,508.2475501614973,226.35000610351562,116233.2265625,3395.60009765625,187.03840453704987,502.3517761230469,229.67999267578125,117426.5,3411.0,191.0693117786785,508.01886761548803,37483700.0,79217583118.0,39.0,44660200.0,13868600.0
2025-07-23,228.2899932861328,118754.9609375,3394.10009765625,189.8021697998047,502.9483337402344,228.7899932861328,120113.3515625,3433.89990234375,192.09700016081177,503.8630336136484,227.08999633789062,117391.390625,3388.10009765625,188.75452819755446,497.80821016060554,228.47000122070312,119997.4453125,3430.300048828125,191.06931784155387,503.8232561388069,28294900.0,66608604537.0,63.0,58681900.0,16396600.0
2025-07-24,232.22999572753906,118368.0,3371.0,191.73779296875,507.92938232421875,236.0,119535.453125,3371.0,197.50479208340965,510.70324664183266,228.63999938964844,117247.96875,3367.0,190.5704262162467,504.370041868975,229.1699981689453,118770.984375,3367.0,196.58686306155585,505.83155299665924,42902300.0,72627318560.0,1175.0,74881700.0,16107000.0
2025-07-25,231.44000244140625,117635.8828125,3334.0,192.7455291748047,510.74310302734375,232.47999572753906,118486.9765625,3345.0,193.8929519493829,515.2966076642933,231.17999267578125,114759.8203125,3326.5,190.8298490986121,507.41241445610984,232.22000122070312,118368.0,3344.0,191.5482310302433,509.51021364184703,28712100.0,104857024569.0,67.0,39785900.0,19125700.0
2025-07-26,,117947.3671875,,,,,118335.6875,,,,,117181.2265625,,,,,117644.84375,,,,,48508954046.0,,,
2025-07-27,,119448.4921875,,,,,119815.59375,,,,,117859.6875,,,,,117944.7265625,,,,,54683390892.0,,,
2025-07-28,232.7899932861328,117924.4765625,3309.10009765625,192.14686584472656,509.5400390625,234.2899932861328,119819.7890625,3326.800048828125,193.61356085282932,512.0256002286585,232.25,117441.4375,3309.10009765625,190.41077383680673,507.17377997770546,233.35000610351562,119457.5234375,3326.60009765625,193.21445136708732,511.110930710653,26300100.0,64822943193.0,533.0,38139500.0,14308000.0
2025-07-29,231.00999450683594,117922.1484375,3323.39990234375,195.30975341796875,509.6096496582031,234.72000122070312,119273.8671875,3323.39990234375,195.47936925683575,514.6304711522027,230.30999755859375,116987.3671875,3323.39990234375,191.64800916549822,508.60547322287385,234.14999389648438,117938.5859375,3323.39990234375,191.99721287217557,512.5525759685828,33716200.0,68463107433.0,113144.0,41389200.0,16469200.0
2025-07-30,230.19000244140625,117831.1875,3295.800048828125,196.08799743652344,510.2757568359375,231.8000030517578,118780.7265625,3331.800048828125,197.155598285003,512.9701269930791,229.2899932861328,115800.828125,3263.89990234375,194.2521393007246,506.49771598970693,231.63999938964844,117921.9921875,3325.800048828125,195.1600963397073,512.1946027794743,32993300.0,68896148592.0,19252.0,32445400.0,26380400.0
2025-07-31,234.11000061035156,115758.203125,3293.199951171875,191.46839904785156,530.4187622070312,236.52999877929688,118919.984375,3312.0,195.54921195775628,552.2420017670738,231.39999389648438,115505.21875,3272.89990234375,190.66022322341527,528.8280273057109,235.77000427246094,117833.6328125,3272.89990234375,195.26984291287636,552.0232408256204,104357300.0,69370346018.0,3704.0,51329200.0,51617300.0
2025-08-01,214.75,113320.0859375,3347.699951171875,188.7046356201172,521.0830078125,220.44000244140625,116060.7734375,3360.60009765625,190.40080913246982,532.7054950837879,212.8000030517578,112724.4453125,3281.0,187.39758435603645,517.8517780654563,217.2100067138672,115738.953125,3286.199951171875,188.6048544387261,531.9101275902764,122258800.0,91294530181.0,3420.0,34832200.0,28977600.0
2025-08-02,,112526.9140625,,,,,114021.6015625,,,,,112005.765625,,,,,113320.390625,,,,,56870866000.0,,,
2025-08-03,,114217.671875,,,,,114747.421875,,,,,111943.8046875,,,,,112525.8046875,,,,,48099615826.0,,,
2025-08-04,211.64999389648438,115071.8828125,3374.39990234375,194.60133361816406,532.54638671875,217.44000244140625,115729.46875,3386.5,194.830827292421,535.141297909759,211.4199981689453,114130.40625,3347.39990234375,189.69240089649873,525.0797515616827,217.39999389648438,114223.921875,3367.60009765625,189.86201672672937,525.218957545317,77890100.0,35783028986.0,351.0,31547400.0,25349000.0
2025-08-05,213.75,114141.4453125,3381.89990234375,194.232177734375,524.701904296875,216.3000030517578,115117.4375,3387.199951171875,197.4150057356091,534.196734767709,212.8699951171875,112701.109375,3351.199951171875,193.45393320281906,524.194840165689,213.0500030517578,115072.1875,3378.5,194.2720962985156,534.077432699505,51505100.0,61039182286.0,915.0,31602300.0,19171600.0
2025-08-06,222.30999755859375,115028.0,3380.0,195.6489715576172,521.908203125,222.64999389648438,115737.8359375,3383.300048828125,196.18776557270928,528.6291703469228,213.74000549316406,113372.25,3361.300048828125,193.23441619136784,521.0034855448089,214.6999969482422,114140.9140625,3380.699951171875,194.06255127051267,527.8338028961505,54823000.0,56379133510.0,1492.0,21562900.0,21355700.0
2025-08-07,223.1300048828125,117496.8984375,3400.300048828125,196.07801818847656,517.8319091796875,226.22000122070312,117676.90625,3422.89990234375,197.09571318148866,525.0400367197672,220.82000732421875,114279.7109375,3384.89990234375,193.8929412029117,514.5608717763297,221.0,115030.0546875,3384.89990234375,196.6167969951023,523.757448292983,40603500.0,64051649681.0,5464.0,26321800.0,16079100.0
2025-08-08,222.69000244140625,116688.7265625,3439.10009765625,200.9669952392578,519.0249633789062,223.8000030517578,117689.203125,3477.0,202.15432130991044,521.629826851029,221.8800048828125,115917.4609375,3402.5,196.72655368662487,516.4101479520375,223.13999938964844,117505.5,3438.800048828125,196.7764442791972,519.5817267008259,32970500.0,59713005166.0,7657.0,39161800.0,15531000.0
2025-08-09,,116500.359375,,,,,117906.609375,,,,,116363.8359375,,,,,116678.2734375,,,,,54004312429.0,,,
2025-08-10,,119306.7578125,,,,,119320.7109375,,,,,116485.1640625,,,,,116497.71875,,,,,64755458694.0,,,
2025-08-11,221.3000030517578,118731.4453125,3353.10009765625,200.54794311523438,518.7565307617188,223.0500030517578,122321.09375,3383.89990234375,201.02685931355308,524.5429245664681,220.39999389648438,118159.03125,3349.199951171875,198.62229106869012,516.7183220142601,221.77999877929688,119306.8125,3383.89990234375,200.48808049350347,519.2834381856256,31646200.0,90528784177.0,1488.0,25832400.0,20194400.0
2025-08-12,221.47000122070312,120172.90625,3348.89990234375,202.88267517089844,526.183349609375,223.5,120302.46875,3356.199951171875,204.04006993048975,527.9132904806338,219.0500030517578,118228.71875,3330.10009765625,200.1388600495838,519.6811434112465,222.22999572753906,118717.6640625,3356.199951171875,200.91710457512625,520.7250669698358,37185800.0,72803657984.0,1611.0,30397900.0,18667000.0
2025-08-13,224.55999755859375,123344.0625,3358.699951171875,201.50579833984375,517.5734252929688,224.9199981689453,123682.453125,3363.39990234375,204.0700104890599,529.6234217995657,222.0,118939.6328125,3358.699951171875,197.06579421729333,516.3703917601634,222.0,120168.9765625,3358.800048828125,203.67091617948037,529.0368026236954,36508300.0,90904808795.0,1011.0,28342900.0,19619200.0
2025-08-14,230.97999572753906,118359.578125,3335.199951171875,202.48358154296875,519.4623413085938,233.11000061035156,124457.1171875,3356.0,203.98020797768137,522.9123315064297,227.02000427246094,117254.8828125,3328.89990234375,200.77742070862897,517.1358902118243,227.39999389648438,123339.3984375,3346.800048828125,201.0468177297292,519.5418962511537,61545800.0,104055627395.0,592.0,25230400.0,20269100.0
2025-08-15,231.02999877929688,117398.3515625,3336.0,203.44140625,517.1657104492188,234.0800018310547,119332.3125,3346.800048828125,205.97570210941166,523.0614541020369,229.80999755859375,116864.5703125,3335.89990234375,200.82730371462006,516.0820397908819,232.5800018310547,118365.78125,3346.800048828125,203.39153088363753,519.7507304052322,39649200.0,68665353159.0,1185.0,34931400.0,25213300.0
2025-08-16,,117491.3515625,,,,,117996.0625,,,,,117271.953125,,,,,117398.421875,,,,,48036922378.0,,,
2025-08-17,,117453.0625,,,,,118595.7734375,,,,,117279.5234375,,,,,117492.7890625,,,,,45852169525.0,,,
2025-08-18,231.49000549316406,116252.3125,3331.699951171875,203.04232788085938,514.1134033203125,231.91000366210938,117614.171875,3347.800048828125,204.80835140832636,519.8003983365775,228.3300018310547,114723.6796875,3331.699951171875,202.03460485474218,511.0512359172718,230.22999572753906,117453.90625,3333.5,203.74075053383524,518.5775217659684,25248900.0,72787808090.0,646.0,18526600.0,23760600.0
2025-08-19,228.00999450683594,112831.1796875,3313.39990234375,201.11666870117188,506.8258056640625,230.52999877929688,116764.5,3343.5,202.98245812812408,512.1846598699071,227.1199951171875,112730.3984375,3313.39990234375,199.51028904350812,505.61285057663105,230.08999633789062,116241.859375,3330.199951171875,202.57337657986534,512.0256106523992,29891000.0,71657600353.0,1655.0,24240200.0,21481000.0
2025-08-20,223.80999755859375,114274.7421875,3343.39990234375,198.87171936035156,502.7991943359375,227.27000427246094,114625.796875,3343.5,200.82730262485018,508.0486982628479,220.9199981689453,112387.9609375,3310.10009765625,196.15783565803162,501.52658824278717,227.1199951171875,112828.0234375,3310.60009765625,200.27853657760338,506.925219770199,36604300.0,67993811526.0,1213.0,28955500.0,27723000.0
2025-08-21,221.9499969482422,112419.03125,3336.89990234375,199.3007354736328,502.15185546875,222.77999877929688,114802.6484375,3349.39990234375,202.02459107482636,505.5278315490841,220.5,111986.234375,3326.5,198.98144788878304,500.6381609615915,222.64999389648438,114275.6875,3349.39990234375,199.3007354736328,501.6041452591809,32140500.0,57817883700.0,142.0,19774600.0,18443300.0
2025-08-22,228.83999633789062,116874.0859375,3374.39990234375,205.62649536132812,505.1295166015625,229.13999938964844,117377.3984375,3377.699951171875,208.07098221204853,508.6150227226763,220.82000732421875,111678.9453125,3349.39990234375,200.8472748764244,500.32946944945456,222.7899932861328,112433.734375,3349.39990234375,202.27405146693474,502.1618461633245,37315300.0,82528088240.0,1240.0,42827000.0,24324200.0
2025-08-23,,115374.328125,,,,,116996.25,,,,,114536.109375,,,,,116866.3671875,,,,,55377142586.0,,,
2025-08-24,,113458.4296875,,,,,115615.0859375,,,,,111060.546875,,,,,115387.390625,,,,,73961489632.0,,,
2025-08-25,227.94000244140625,110124.3515625,3373.800048828125,208.02108764648438,502.17181396484375,229.60000610351562,113637.84375,3378.0,210.046520726557,506.0855321115255,227.30999755859375,109324.28125,3366.0,204.8183006045268,502.0323791323648,227.35000610351562,113456.8984375,3366.0,205.96570803332725,504.5319946732823,22633700.0,85706860190.0,1044.0,29928900.0,21638600.0
2025-08-26,228.7100067138672,111802.65625,3388.60009765625,206.6741180419922,499.96099853515625,229.0,112397.015625,3396.5,207.38252787024734,502.88882606141556,226.02000427246094,108762.0390625,3371.10009765625,205.23735432936843,496.4456179190968,227.11000061035156,110124.1015625,3378.89990234375,207.04328099820484,502.2713680297872,26105400.0,69396320317.0,905.0,28464100.0,30835700.0
2025-08-27,229.1199951171875,111222.0625,3404.60009765625,207.01336669921875,504.6415100097656,229.8699951171875,112619.4140625,3404.60009765625,208.4401585010209,505.1892506185915,227.80999755859375,110398.265625,3382.0,205.18748059977113,497.82983904056124,228.57000732421875,111795.7109375,3397.0,205.2373711930947,499.9211487290224,21254500.0,62137056409.0,3222.0,23022900.0,17277900.0
2025-08-28,231.60000610351562,112544.8046875,3431.800048828125,211.16400146484375,507.5295104980469,232.7100067138672,113450.078125,3434.60009765625,211.74269881815906,508.9734875719172,228.02000427246094,110900.921875,3400.0,206.43465668224866,503.4066403395377,229.00999450683594,111219.0546875,3409.0,206.7838755896793,504.9900522378754,33679600.0,58860155962.0,1035.0,32339300.0,18015600.0
2025-08-29,229.0,108410.8359375,3473.699951171875,212.43115234375,504.59173583984375,231.80999755859375,112619.0546875,3475.60009765625,214.167229203444,507.4896888132377,228.16000366210938,107559.625,3426.60009765625,209.72724064780297,502.40083415821226,231.32000732421875,112550.5234375,3432.5,210.0365409975429,506.5535790393771,26199200.0,77843379644.0,0.0,39728400.0,20961600.0
2025-08-30,,108808.0703125,,,,,108929.3515625,,,,,107444.4453125,,,,,108409.40625,,,,,51486264208.0,,,
2025-08-31,,108236.7109375,,,,,109491.0,,,,,108104.65625,,,,,108818.4609375,,,,,47986191770.0,,,
2025-09-01,,109250.59375,,,,,109890.5859375,,,,,107271.1796875,,,,,108228.75,,,,,66870372995.0,,,
2025-09-02,225.33999633789062,111200.5859375,3549.39990234375,210.8746795654297,503.0282287597656,226.1699981689453,111748.015625,3559.199951171875,211.20392399730977,503.90458943006223,221.8300018310547,108454.03125,3485.699951171875,205.73625278986853,494.75264396148896,223.52000427246094,109243.0703125,3485.699951171875,207.9712205067108,498.3974910813857,38843900.0,74776999491.0,658.0,47523000.0,18128000.0
2025-09-03,225.99000549316406,111723.2109375,3593.199951171875,230.1412353515625,503.2572937011719,227.1699981689453,112600.2265625,3593.699951171875,230.78976737242826,505.68719181229375,224.36000061035156,110582.9609375,3553.199951171875,224.28442698424496,500.2398424947412,225.2100067138672,111190.6953125,3554.800048828125,225.7012467158241,501.70375627159575,29223100.0,61119643565.0,72.0,103336100.0,16345100.0
2025-09-04,235.67999267578125,110723.6015625,3565.800048828125,231.7775421142578,505.866455078125,235.77000427246094,112208.328125,3573.60009765625,231.84737676203946,506.04570238922344,230.77999877929688,109347.2265625,3549.89990234375,225.60146147412655,501.0664078062513,231.19000244140625,111718.1484375,3549.89990234375,229.13349303754427,502.2116394820944,59391800.0,60131132901.0,237.0,51684200.0,15509500.0
2025-09-05,232.3300018310547,110650.984375,3613.199951171875,234.4714813232422,492.9501647949219,236.0,113357.4921875,3613.199951171875,235.22976659054154,509.8498918622262,231.92999267578125,110233.3984375,3567.800048828125,231.37844718195538,490.3310509759443,235.19000244140625,110723.015625,3567.800048828125,231.677775522156,506.9619070760115,36721800.0,60241647677.0,925.0,46588900.0,31994800.0
2025-09-06,,110224.6953125,,,,,111275.015625,,,,,110024.0859375,,,,,110650.5703125,,,,,21500719036.0,,,
2025-09-07,,111167.6171875,,,,,111591.078125,,,,,110211.625,,,,,110221.328125,,,,,24618007520.0,,,
2025-09-08,235.83999633789062,112071.4296875,3638.10009765625,233.72247314453125,496.13690185546875,237.60000610351562,112869.234375,3641.0,237.8069358559837,499.1244784694731,233.75,110630.609375,3590.0,233.3529799966882,492.9800158612091,234.94000244140625,111163.015625,3594.5,235.15054099905157,496.04724781279185,33947100.0,40212813407.0,97.0,32474700.0,16771000.0
2025-09-09,238.24000549316406,111530.546875,3643.300048828125,239.30490112304688,496.3460388183594,238.85000610351562,113225.4375,3670.39990234375,240.14375784585562,500.17013335375145,235.0800018310547,110776.703125,3627.800048828125,232.91357479962468,495.6389875077243,236.36000061035156,112077.578125,3647.10009765625,233.85230194861487,499.3535217605099,27033800.0,45984480722.0,535.0,38061000.0,14410500.0
2025-09-10,230.3300018310547,113955.359375,3643.60009765625,238.84552001953125,498.29791259765625,237.67999267578125,114275.25,3655.39990234375,241.33214736167037,501.1460848531792,229.10000610351562,110940.078125,3620.800048828125,237.5273187664355,494.6630336933239,237.52000427246094,111531.25,3625.0,238.5758820575914,500.8971201283455,60907700.0,56377473784.0,136.0,35141100.0,21611800.0
2025-09-11,229.9499969482422,115507.5390625,3636.89990234375,240.0438995361328,498.9352722167969,231.52999877929688,115522.546875,3636.89990234375,241.9213539288796,501.08633106619584,229.33999633789062,113453.8359375,3618.39990234375,235.92949376965038,495.8182290284252,231.49000549316406,113961.4296875,3632.89990234375,239.55457404217233,500.17012751524385,37485600.0,45685065332.0,307.0,30599300.0,18881600.0
2025-09-12,228.14999389648438,116101.578125,3649.39990234375,240.4733123779297,507.7884521484375,230.7899932861328,116769.3828125,3656.800048828125,241.75157459718335,510.42747218178897,226.2899932861328,114794.484375,3643.0,237.67710805902945,501.7635178992086,230.35000610351562,115507.7890625,3655.5,240.04388783032,504.55191069082485,38496200.0,54785725894.0,1300.0,26771600.0,23624900.0
2025-09-13,,115950.5078125,,,,,116334.6328125,,,,,115248.2734375,,,,,116093.5625,,,,,34549454947.0,,,
2025-09-14,,115407.65625,,,,,116181.5,,,,,115222.3984375,,,,,115950.2890625,,,,,32798036057.0,,,
2025-09-15,231.42999267578125,115444.875,3682.199951171875,251.26864624023438,513.225830078125,233.72999572753906,116747.8828125,3686.39990234375,252.06756394348793,513.3353599697668,230.32000732421875,114461.0625,3635.10009765625,244.32807821701437,504.9004642300766,230.6300048828125,115399.6328125,3640.0,244.32807821701437,506.68306017742736,33243300.0,52937859416.0,210.0,58383800.0,17143800.0
2025-09-16,234.0500030517578,116843.1875,3688.89990234375,250.8192596435547,506.9320068359375,235.89999389648438,117005.2734375,3698.60009765625,252.696698721273,515.0880630075219,232.22999572753906,114813.09375,3681.39990234375,249.13154999644232,506.4938265025834,232.94000244140625,115423.7578125,3681.39990234375,251.73800966841424,514.7395367165727,38203900.0,45781744593.0,373.0,34109700.0,19711900.0
2025-09-17,231.6199951171875,116468.5078125,3681.800048828125,249.19146728515625,507.9079284667969,234.3000030517578,117328.609375,3685.199951171875,251.25866627901078,509.1726886784055,228.7100067138672,114794.9765625,3661.60009765625,245.94587648389523,503.8348693472275,233.77000427246094,116840.5078125,3669.0,250.87917693990602,508.5054498653079,42815200.0,60528025996.0,183.0,34108000.0,15816600.0
2025-09-18,231.22999572753906,117137.203125,3643.699951171875,251.68807983398438,506.3444519042969,233.47999572753906,117911.7890625,3667.39990234375,253.64542748570952,510.9453149965379,228.7899932861328,116188.796875,3637.0,249.46110945180462,505.55771489166153,232.5,116461.265625,3654.60009765625,251.338548569648,509.37184097126715,37931700.0,49457272032.0,80.0,31239500.0,18913700.0
2025-09-19,231.47999572753906,115688.859375,3671.5,254.3744354248047,515.78515625,234.16000366210938,117479.7578125,3685.89990234375,255.65269769422878,517.1494779837726,229.6999969482422,115141.8203125,3658.199951171875,251.4683796180924,508.1967168320822,232.3699951171875,117137.671875,3659.0,252.90642848071656,508.44568153944795,97943200.0,38828473971.0,211.0,55571400.0,52474100.0
2025-09-20,,115721.9609375,,,,,116191.1484375,,,,,115473.5234375,,,,,115691.125,,,,,22864449614.0,,,
2025-09-21,,115306.09375,,,,,115901.0859375,,,,,115252.578125,,,,,115730.2265625,,,,,22495852193.0,,,
2025-09-22,227.6300048828125,112748.5078125,3740.699951171875,252.18740844726562,512.319580078125,230.57000732421875,115431.3125,3748.199951171875,255.4329993925613,515.5959337012963,227.50999450683594,112037.6484375,3688.0,249.96043800377367,510.4174557013089,230.55999755859375,115309.21875,3688.199951171875,254.08482475081846,513.4548737162081,45914500.0,70684158591.0,410.0,32290500.0,20009300.0
2025-09-23,220.7100067138672,112014.5,3780.60009765625,251.31858825683594,507.1212463378906,227.86000061035156,113351.9140625,3786.0,254.01492224497756,512.4590659268906,220.07000732421875,111535.5703125,3740.0,250.1401811840686,505.2091838485409,227.8300018310547,112757.4765625,3747.0,252.69670571321294,511.67229848312854,70956200.0,47211853279.0,627.0,26628000.0,19799600.0
2025-09-24,220.2100067138672,113328.6328125,3732.10009765625,246.80471801757812,508.0373840332031,224.55999755859375,113986.2734375,3772.5,252.00765659919705,510.35772177145367,219.4499969482422,111229.640625,3732.10009765625,246.1056707170572,504.82077941210207,224.14999389648438,112007.6640625,3769.800048828125,251.31859024650916,508.26644250853604,49509000.0,48044595085.0,588.0,28201000.0,13533700.0
2025-09-25,218.14999389648438,109049.2890625,3736.89990234375,245.45652770996094,504.9303283691406,220.6699981689453,113541.0859375,3756.0,246.15559020390248,507.89799878212006,216.47000122070312,108713.3984375,3724.699951171875,240.41339128252798,502.94857891661616,220.05999755859375,113330.1640625,3742.800048828125,244.0684141454478,506.1950582100621,52226300.0,75528654284.0,1899.0,31020400.0,15786500.0
2025-09-26,219.77999877929688,109712.828125,3775.300048828125,246.2055206298828,509.34197998046875,221.0500030517578,110359.1953125,3775.300048828125,249.08161830530747,511.8117209714621,218.02000427246094,108728.9765625,3775.300048828125,245.63630185383965,504.52202659403474,219.0800018310547,109041.296875,3775.300048828125,246.73481561544992,507.94778361103766,41650100.0,57738288949.0,19308.0,18503200.0,16213100.0
2025-09-27,,109681.9453125,,,,,109778.5,,,,,109144.296875,,,,,109707.140625,,,,,26308042910.0,,,
2025-09-28,,112122.640625,,,,,112375.484375,,,,,109236.9453125,,,,,109681.9453125,,,,,33371048505.0,,,
2025-09-29,222.1699981689453,114400.3828125,3820.89990234375,243.71890258789062,512.4689331054688,222.60000610351562,114473.5703125,3827.60009765625,250.80926093832198,514.7096154882738,219.3000030517578,111589.953125,3754.800048828125,242.4406403715287,506.77264973451184,220.0800018310547,112117.875,3754.800048828125,247.51375020937843,509.3817950243417,44259200.0,60000147466.0,8860.0,32505800.0,17617800.0
2025-09-30,219.57000732421875,114056.0859375,3840.800048828125,242.77020263671875,515.8051147460938,222.24000549316406,114836.6171875,3865.5,242.9599320717839,516.0142062084105,217.88999938964844,112740.5625,3793.39990234375,238.92541967317948,507.54943619028296,222.02999877929688,114396.5234375,3827.5,242.48058753408858,511.11459757878936,48396400.0,58986330258.0,1611.0,34724300.0,19728200.0
2025-10-01,220.6300048828125,118648.9296875,3867.5,244.5677490234375,517.557861328125,222.14999389648438,118648.9296875,3891.89990234375,245.96585884887978,518.3545363078492,216.61000061035156,113981.3984375,3853.300048828125,238.2862890899911,509.5710533372991,217.36000061035156,114057.59375,3863.5,240.42338523813993,512.6681599915194,43933800.0,71328680132.0,1778.0,31658200.0,22632300.0
2025-10-02,222.41000366210938,120681.2578125,3839.699951171875,245.356689453125,513.604248046875,222.80999755859375,121086.40625,3888.60009765625,246.4751651396655,519.439966484546,218.9499969482422,118383.15625,3823.699951171875,241.97128907367482,508.5652045551738,221.00999450683594,118652.3828125,3856.199951171875,244.8174135056227,515.496404228155,41258600.0,71415163912.0,3418.0,25483300.0,21222900.0
2025-10-03,219.50999450683594,122266.53125,3880.800048828125,245.0171356201172,515.20751953125,224.1999969482422,123944.703125,3886.800048828125,245.96584369150784,518.3345307125708,219.33999633789062,119344.3125,3853.699951171875,241.33213946713911,512.8672756929882,223.44000244140625,120656.984375,3855.199951171875,244.15830178707057,514.9585548343116,43639000.0,83941392228.0,392.0,30249600.0,15112300.0
2025-10-04,,122425.4296875,,,,,122857.640625,,,,,121577.5703125,,,,,122267.46875,,,,,36769171735.0,,,
2025-10-05,,123513.4765625,,,,,125559.2109375,,,,,122191.9609375,,,,,122419.671875,,,,,73689317763.0,,,
2025-10-06,220.89999389648438,124752.53125,3948.5,250.09024047851562,526.3811645507812,221.72999572753906,126198.0703125,3960.0,250.97904766602093,528.8309994124726,216.02999877929688,123196.046875,3926.800048828125,244.24818617214953,516.0541122577388,221.0,123510.453125,3931.300048828125,244.44791178946252,516.4623876768178,43690900.0,72568881188.0,1267.0,28894700.0,21388600.0
2025-10-07,221.77999877929688,121451.3828125,3976.60009765625,245.42657470703125,521.8101196289062,222.88999938964844,125184.0234375,3981.5,250.1002333278666,527.6060256392368,220.1699981689453,120681.96875,3940.0,245.18691006468788,519.2806599401652,220.8800048828125,124752.140625,3959.39990234375,247.93317917084852,526.1022689962125,31194700.0,76149412513.0,2903.0,23181300.0,14615200.0
2025-10-08,225.22000122070312,123354.8671875,4043.300048828125,244.2881317138672,522.676513671875,226.72999572753906,124167.09375,4049.199951171875,245.67624536262252,524.7678538085896,221.19000244140625,121119.1796875,3987.199951171875,243.48922922331397,520.923853084141,222.9199981689453,121448.3515625,3987.199951171875,244.62768203424937,521.1130687043808,46686000.0,65354305286.0,2179.0,21307100.0,13363400.0
2025-10-09,227.74000549316406,121705.5859375,3946.300048828125,241.2023162841797,520.2366943359375,228.2100067138672,123739.34375,4046.199951171875,244.42792989328805,522.158694647609,221.75,119812.03125,3940.0,238.82554034163272,515.2574000210162,225.0,123337.0703125,4011.199951171875,244.13833003954065,520.1769452354545,46412100.0,74653009425.0,3130.0,27892100.0,18343600.0
2025-10-10,216.3699951171875,113214.3671875,3975.89990234375,236.24905395507812,508.84405517578125,228.25,122509.6640625,4012.0,243.75884063652228,521.4118200258811,216.0,104582.4140625,3945.5,235.52003337107624,507.5195762105422,226.2100067138672,121704.7421875,3957.0,241.10244578834048,517.4881335274953,72367500.0,153125018868.0,1697.0,33180300.0,24133800.0
2025-10-11,,110807.8828125,,,,,113429.7265625,,,,,109760.5625,,,,,113236.4296875,,,,,110236934340.0,,,
2025-10-12,,115169.765625,,,,,115805.0625,,,,,109715.5390625,,,,,110811.515625,,,,,93710414091.0,,,
2025-10-13,220.07000732421875,115271.078125,4108.60009765625,243.8187713623047,511.9212341308594,220.67999267578125,116020.484375,4111.0,244.16830263513637,514.2714464494894,217.0399932861328,113821.1875,4016.0,239.38480762364867,509.56105349845876,217.6999969482422,115161.6796875,4016.0,239.8841293059291,514.2714464494894,37809700.0,71582026739.0,1697.0,24995000.0,14284200.0
2025-10-14,216.38999938964844,113118.6640625,4138.7001953125,245.11700439453125,511.4432373046875,219.32000732421875,115502.8828125,4160.10009765625,246.78473694130554,513.1461778212379,212.60000610351562,110029.484375,4085.800048828125,240.18370386409978,503.9045785101632,215.55999755859375,115264.8828125,4131.7001953125,240.9027282868883,508.11707238992415,45665600.0,92212917403.0,2424.0,22111600.0,14684300.0
2025-10-15,215.57000732421875,110783.1640625,4176.89990234375,250.68943786621094,511.3038024902344,217.7100067138672,113622.3828125,4210.60009765625,251.76797450819856,515.0482414945574,212.66000366210938,110235.8359375,4145.0,245.6562821083569,507.888013925759,216.6199951171875,113113.96875,4145.0,246.91456723829836,512.8274957075639,45909500.0,72574132855.0,3287.0,27007700.0,14694700.0
2025-10-16,214.47000122070312,108186.0390625,4280.2001953125,251.1188507080078,509.4913330078125,218.58999633789062,111990.8125,4307.0,256.6113736152233,514.7096236704256,212.80999755859375,107537.03125,4196.60009765625,249.76069521164578,506.02576365101777,215.6699981689453,110782.171875,4198.7998046875,251.42842769264908,510.4573477017149,42414600.0,87306423067.0,4705.0,27997200.0,15559600.0
2025-10-17,213.0399932861328,106467.7890625,4189.89990234375,252.95635986328125,511.4532470703125,214.8000030517578,109235.8046875,4358.0,253.87510990312921,513.3453425707617,211.02999877929688,103598.4296875,4182.2001953125,247.4738024671156,505.2091921192977,214.55999755859375,108179.1328125,4354.7001953125,250.41979725844868,506.93203901166436,45986900.0,99703051669.0,4060.0,29671600.0,19867800.0
2025-10-18,,107198.265625,,,,,107490.984375,,,,,106387.453125,,,,,106483.734375,,,,,37779905278.0,,,
2025-10-19,,108666.7109375,,,,,109488.9921875,,,,,106157.7890625,,,,,107204.3125,,,,,47657008953.0,,,
2025-10-20,216.47999572753906,110588.9296875,4336.39990234375,256.2019348144531,514.6498413085938,216.69000244140625,111711.03125,4356.60009765625,256.98087539491434,516.5519656323323,213.58999633789062,107485.015625,4214.60009765625,253.88509020638818,511.30377036778043,213.8800048828125,108667.4453125,4244.10009765625,254.3444728441902,512.4788764440519,38882800.0,63507793085.0,1750.0,22350200.0,14665600.0
2025-10-21,222.02999877929688,108476.890625,4087.699951171875,250.12020874023438,515.5162963867188,223.32000732421875,113996.34375,4332.7001953125,254.53421031738455,516.5420602391357,217.99000549316406,107534.75,4087.699951171875,243.81875668908756,510.91543308707116,218.42999267578125,110587.6328125,4332.7001953125,254.39440086428343,515.3569857054445,50494600.0,101194375480.0,2943.0,47312100.0,15586200.0
2025-10-22,217.9499969482422,107688.5859375,4044.39990234375,251.34854125976562,518.3843994140625,220.00999450683594,109115.1328125,4148.5,256.01218852739623,523.0549803520576,216.52000427246094,106778.0,4006.0,248.95178813355238,515.5661623300699,219.3000030517578,108491.53125,4109.7001953125,254.02489806023604,518.9919195722497,44308500.0,80807013218.0,1237.0,35029400.0,18962700.0
2025-10-23,221.08999633789062,110069.7265625,4125.5,252.7366485595703,518.404296875,221.3000030517578,111288.59375,4136.7998046875,254.69398089708358,521.7802730707533,218.17999267578125,107548.4296875,4070.699951171875,251.50832156545113,516.4623598997719,219.0,107679.4375,4078.39990234375,252.6367781341903,520.2964530626382,31540000.0,54944076060.0,354.0,19901400.0,14023500.0
2025-10-24,224.2100067138672,111033.921875,4118.39990234375,259.5674133300781,521.441650390625,225.39999389648438,111842.53125,4120.60009765625,261.32500504033385,523.1744351060786,221.89999389648438,109770.1484375,4074.89990234375,254.97364746401067,518.5536961256696,221.97000122070312,110069.3515625,4117.5,256.23191746004557,520.6250388201142,38685100.0,48160816980.0,123.0,28655100.0,15532400.0
2025-10-25,,111641.7265625,,,,,111947.703125,,,,,110704.40625,,,,,111032.6171875,,,,,24707667305.0,,,
2025-10-26,,114472.4453125,,,,,115260.90625,,,,,111268.484375,,,,,111639.0546875,,,,,41708524143.0,,,
2025-10-27,226.97000122070312,114119.328125,4001.89990234375,268.9046630859375,529.3189697265625,228.39999389648438,116273.3125,4078.60009765625,269.7735083332291,532.3662956890146,225.5399932861328,113882.2890625,3971.300048828125,263.92144290721717,526.819354031342,227.66000366210938,114479.8515625,4060.0,264.4607188078389,529.577902779321,38267000.0,61761358733.0,220.0,35235200.0,18734700.0
2025-10-28,229.25,112956.1640625,3966.199951171875,267.1071472167969,539.8252563476562,231.49000549316406,116078.984375,3966.199951171875,270.3627344019799,551.4269763883988,226.2100067138672,112291.6796875,3923.60009765625,266.1384619149823,538.5306518978505,228.22000122070312,114129.0859375,3929.699951171875,269.3241367489819,547.7224103521172,47100000.0,64528066504.0,219.0,29738600.0,29986700.0
2025-10-29,230.3000030517578,110055.3046875,3983.699951171875,274.197509765625,539.307373046875,232.82000732421875,113642.7265625,3983.699951171875,274.96645416764926,544.0078586434945,227.75999450683594,109368.71875,3983.699951171875,267.3068768000952,534.507325873603,231.6699981689453,112921.328125,3983.699951171875,267.38675485794886,542.6833492925585,52036200.0,62192043469.0,1344.0,43580300.0,36023000.0
2025-10-30,222.86000061035156,108305.546875,4001.300048828125,281.09814453125,523.582763671875,228.44000244140625,111612.3515625,4027.199951171875,291.1944142933695,532.7545848667123,222.75,106376.6875,3913.699951171875,279.6800575475708,519.9578228356851,227.05999755859375,110059.1953125,3960.0,291.1944142933695,528.2831883129468,102252900.0,69673964814.0,935.0,74876000.0,41023100.0
2025-10-31,244.22000122070312,109556.1640625,3982.199951171875,280.80853271484375,515.6656494140625,250.5,111031.8203125,4034.5,285.6120049046921,527.1279940743384,243.97999572753906,108288.2734375,3976.60009765625,276.6541726227251,512.9668501497666,250.10000610351562,108304.4140625,4034.5,282.8257813584811,526.6898137654194,166340800.0,60090359560.0,559.0,39267900.0,34006400.0
2025-11-01,,110064.015625,,,,,110574.8984375,,,,,109372.953125,,,,,109558.625,,,,,25871668762.0,,,
2025-11-02,,110639.625,,,,,111167.3125,,,,,109523.453125,,,,,110064.4296875,,,,,34284209459.0,,,
2025-11-03,254.0,106547.5234375,4000.300048828125,283.3350830078125,514.888916015625,258.6000061035156,110764.9140625,4020.0,285.14262497278366,522.7860691817526,252.89999389648438,105336.359375,3959.0,279.42038779718166,512.4590180581705,255.36000061035156,110646.90625,3976.199951171875,281.797163766903,517.657371934483,95997800.0,72852006359.0,0.0,29786000.0,22374700.0
2025-11-04,249.32000732421875,101590.5234375,3947.699951171875,277.1634826660156,512.2001342773438,257.010009765625,107264.8828125,3995.39990234375,280.88840284028174,513.4150529816625,248.66000366210938,98962.0625,3927.39990234375,275.88522040271835,505.73698923396887,250.3800048828125,106541.421875,3994.199951171875,276.3745458896769,509.6407695643784,51546300.0,110967184773.0,657.0,30078400.0,20958700.0
2025-11-05,250.1999969482422,103891.8359375,3980.300048828125,283.9242858886719,505.0597839355469,251.0,104534.703125,3983.5,286.03143918614273,512.6980347767452,246.16000366210938,98989.9140625,3929.89990234375,276.96374058170124,504.4821687767013,249.02999877929688,101579.234375,3929.89990234375,278.4916636746374,511.17434154282535,40610700.0,77584934804.0,559.0,31010300.0,23024300.0
2025-11-06,243.0399932861328,101301.2890625,3979.89990234375,284.36370849609375,495.04144287109375,250.3800048828125,104147.3046875,4007.5,287.9588308357049,503.6058351018555,242.1699981689453,100336.8671875,3979.89990234375,280.7586204462715,493.75677643867937,249.16000366210938,103893.6640625,4004.0,284.9429082592804,503.5659922381216,46004200.0,63932752861.0,650.0,37173600.0,27406500.0
2025-11-07,244.41000366210938,103372.40625,3999.39990234375,278.4516906738281,494.7626037597656,244.89999389648438,104052.9140625,3999.39990234375,283.39498707048995,497.31199999791255,238.49000549316406,99257.0546875,3980.800048828125,274.816645004158,491.2073803526309,242.89999389648438,101286.2421875,3980.800048828125,282.82575309004056,494.89207027354036,46374300.0,92168030081.0,245.0,34479600.0,24019800.0
2025-11-08,,102282.1171875,,,,,103373.5625,,,,,101458.0390625,,,,,103371.703125,,,,,51446691095.0,,,
2025-11-09,,104719.640625,,,,,105418.3671875,,,,,101468.875,,,,,102278.984375,,,,,59679243013.0,,,
2025-11-10,248.39999389648438,105996.59375,4111.7998046875,289.7064208984375,503.9045715332031,251.75,106564.6953125,4111.7998046875,290.40545290698407,504.7510576229119,245.58999633789062,104350.6484375,4060.0,282.47622284552773,496.73437575016374,248.33999633789062,104723.7734375,4060.0,284.03413439651047,497.9692613740871,36476500.0,69585887229.0,189.0,29557300.0,26101500.0
2025-11-11,249.10000610351562,102997.46875,4106.7998046875,290.9147644042969,506.573486328125,249.75,107428.2578125,4140.10009765625,291.5239526379353,507.48968986721945,247.22999572753906,102457.328125,4106.7998046875,286.9301875660949,500.26971300797675,248.41000366210938,105996.859375,4140.10009765625,287.3595968518003,502.70954902224156,23564100.0,71130078574.0,569.0,19842100.0,17980000.0
2025-11-12,244.1999969482422,101663.1875,4204.39990234375,286.3210144042969,509.0233154296875,250.3699951171875,105297.234375,4204.39990234375,291.613842224268,509.5511194130969,243.75,100836.6171875,4102.89990234375,283.30512258449664,497.05307240824305,250.24000549316406,103011.4375,4115.60009765625,291.2842728658537,507.2506574723947,31190100.0,64347179408.0,396.0,24829900.0,26574900.0
2025-11-13,237.5800018310547,99697.4921875,4186.89990234375,278.19207763671875,501.205810546875,243.75,104005.4921875,4228.7001953125,282.45627365196606,511.3735209246628,236.5,97988.71875,4163.7001953125,276.8638649512614,499.2140928412288,243.0500030517578,101674.1484375,4228.7001953125,281.9569519907634,508.1967287528611,41401700.0,101546815416.0,167.0,29494000.0,25273100.0
2025-11-14,234.69000244140625,94397.7890625,4087.60009765625,276.0350036621094,508.0672607421875,238.72999572753906,99804.4296875,4197.89990234375,278.1820807042813,509.4813936811572,232.88999938964844,94000.734375,4047.0,270.3327588398133,495.3800287197931,235.05999755859375,99694.703125,4197.7001953125,271.04178706348836,496.166765720741,38956700.0,114346441890.0,483.0,31647200.0,28505700.0
2025-11-15,,95549.1484375,,,,,96728.46875,,,,,94420.46875,,,,,94420.46875,,,,,38500716654.0,,,
2025-11-16,,94177.078125,,,,,96564.1875,,,,,92971.1640625,,,,,95556.8671875,,,,,71086235862.0,,,
2025-11-17,232.8699951171875,92093.875,4068.300048828125,284.63330078125,505.3883972167969,234.60000610351562,95928.3671875,4099.5,293.55120856159544,509.9992285471841,229.19000244140625,91214.7578125,4019.39990234375,283.1852862901624,502.8190947602184,233.25,94180.875,4070.0,285.392279437324,506.34444359286346,59919000.0,94186165724.0,1552.0,52670200.0,19092800.0
2025-11-18,222.5500030517578,92948.875,4061.300048828125,283.8943176269531,491.74517822265625,230.1999969482422,93745.078125,4063.39990234375,288.4081743957296,500.89712400975867,222.4199981689453,89300.4609375,4035.60009765625,277.8225797399186,484.76419755903834,228.10000610351562,92094.53125,4037.39990234375,287.52939388700526,493.31862192366924,60608400.0,101333569062.0,1375.0,49158700.0,33815100.0
2025-11-19,222.69000244140625,91465.9921875,4077.699951171875,292.4127502441406,485.1027526855469,223.74000549316406,92946.1640625,4122.7001953125,303.39782684502376,493.13934080841636,218.52000427246094,88526.828125,4072.0,286.2411417953812,480.8305097576304,223.74000549316406,92946.1640625,4086.10009765625,286.77042153983126,488.0704229659532,58335600.0,80350354656.0,486.0,68198900.0,23245300.0
2025-11-20,217.13999938964844,86631.8984375,4056.5,289.05731201171875,477.3404846191406,227.41000366210938,93025.0703125,4090.39990234375,306.0042898345543,492.4460215630244,216.74000549316406,86040.796875,4040.199951171875,288.2783714658303,474.41716428973194,227.0500030517578,91459.3515625,4045.0,304.1268355762142,491.5879641710541,50309000.0,97970645638.0,202.0,62025200.0,26802500.0
2025-11-21,220.69000244140625,85090.6875,4076.699951171875,299.2534484863281,471.04486083984375,222.2100067138672,87380.8046875,4085.199951171875,303.50767860502685,477.8293938228302,215.17999267578125,80659.8125,4031.800048828125,293.4513334764558,467.20362215472323,216.35000610351562,86528.7734375,4031.800048828125,296.0178540164301,477.4103368698009,68490500.0,129157506112.0,171.0,74137700.0,31769200.0
2025-11-22,,84648.359375,,,,,85503.0078125,,,,,83490.8984375,,,,,85098.5625,,,,,40793099246.0,,,
2025-11-23,,86805.0078125,,,,,88038.46875,,,,,84641.7734375,,,,,84648.609375,,,,,58083435576.0,,,
2025-11-24,226.27999877929688,88270.5625,4091.89990234375,318.14776611328125,472.92059326171875,227.3300018310547,89206.3359375,4091.89990234375,319.0465694557707,475.8139832068258,222.27000427246094,85272.1953125,4060.5,309.17996886834777,466.9542001322548,222.55999755859375,86798.7734375,4060.5,310.70789188393536,473.9183160323131,54318400.0,74433896110.0,591.0,85165100.0,34421000.0
2025-11-25,229.6699981689453,87341.890625,4139.2001953125,323.0011901855469,475.90374755859375,230.52000427246094,88457.3359375,4139.2001953125,328.3838617048627,478.0588322743821,223.8000030517578,86131.4296875,4139.2001953125,317.2190369667809,463.8313270788984,226.3800048828125,88269.9609375,4139.2001953125,325.767421144808,472.9904142849383,39379300.0,64837343545.0,132704.0,88632100.0,28019800.0
2025-11-26,229.16000366210938,90518.3671875,4165.2001953125,319.5159606933594,484.3943786621094,231.75,90581.15625,4171.0,324.0597758686898,487.1979770584782,228.77000427246094,86316.8984375,4127.5,316.36024396458464,480.10418316215106,230.74000549316406,87345.5859375,4128.60009765625,320.2449508538883,485.2025316262965,38497900.0,66496301869.0,25088.0,51373400.0,25709100.0
2025-11-27,,91285.375,,,,,91897.578125,,,,,90089.515625,,,,,90517.765625,,,,,57040622845.0,,,
2025-11-28,233.22000122070312,90919.265625,4218.2998046875,319.74560546875,490.88958740234375,233.2899932861328,92969.0859375,4223.89990234375,326.40656970987055,491.5081706450152,230.22000122070312,90257.1171875,4140.0,316.3602205188893,485.54177754838196,231.24000549316406,91285.3828125,4163.39990234375,322.9312800436979,486.48962635446395,20292300.0,60895830289.0,3615.0,26018600.0,14386700.0
2025-11-29,,90851.7578125,,,,,91187.6171875,,,,,90260.1875,,,,,90918.7421875,,,,,37921773455.0,,,
2025-11-30,,90394.3125,,,,,91965.046875,,,,,90394.3125,,,,,90838.2109375,,,,,38497902869.0,,,
2025-12-01,233.8800048828125,86321.5703125,4239.2998046875,314.4627990722656,485.6315612792969,235.8000030517578,90398.15625,4262.10009765625,319.41606123931075,488.7444513856018,232.25,83862.25,4214.89990234375,313.46415578589995,483.5463243869077,233.22000122070312,90389.109375,4218.5,317.26898426885936,487.32770213243884,42904000.0,87962894424.0,913.0,41183000.0,23964000.0
2025-12-02,234.4199981689453,91350.203125,4186.60009765625,315.38153076171875,488.8841552734375,238.97000122070312,92316.6328125,4230.5,317.948051296999,492.3761849539621,233.5500030517578,86202.1953125,4167.0,313.4841146313127,485.2125428025972,235.00999450683594,86322.5390625,4230.5,316.3102616947243,485.6116258193264,45785400.0,78546798211.0,366.0,35854700.0,19562700.0
2025-12-03,232.3800048828125,93527.8046875,4199.2998046875,319.1963806152344,476.64208984375,233.3800048828125,94060.7734375,4234.10009765625,321.14371687287894,483.13724409881166,230.61000061035156,91056.390625,4195.7001953125,313.67388407801036,474.1178525596479,233.35000610351562,91345.09375,4215.7001953125,315.4614642178001,475.23529714339696,35495100.0,77650204986.0,1897.0,41838300.0,34615100.0
2025-12-04,229.11000061035156,92141.625,4211.7998046875,317.1890869140625,479.7449951171875,233.5,94038.2421875,4211.7998046875,321.92264650582644,480.2239129901724,226.8000030517578,90976.1015625,4175.0,314.27306548179905,475.40489514051177,232.77000427246094,93454.2578125,4211.0,321.7928484740126,478.6674679630734,45683200.0,64538402681.0,616.0,31240900.0,22318200.0
2025-12-05,229.52999877929688,89387.7578125,4212.89990234375,320.8341064453125,482.0597229003906,231.24000549316406,92702.640625,4255.7001953125,322.72155681925386,482.299166614698,228.5500030517578,88152.140625,4194.5,318.73697999805336,477.78947078944657,230.32000732421875,92133.6484375,4204.10009765625,319.05652267664885,481.4211657314621,33117400.0,63256398633.0,533.0,28851700.0,22608700.0
2025-12-06,,89272.375,,,,,90267.4609375,,,,,88951.6640625,,,,,89389.359375,,,,,37994042405.0,,,
2025-12-07,,90405.640625,,,,,91740.84375,,,,,87799.5625,,,,,89277.8125,,,,,47394898960.0,,,
2025-12-08,226.88999938964844,90640.203125,4187.2001953125,313.49932861328125,489.9018249511719,230.8300018310547,92267.1171875,4215.7998046875,320.21460294317257,491.17890888246444,226.27000427246094,89644.890625,4175.5,311.0010871288888,483.2769615726175,229.58999633789062,90424.5859375,4205.5,319.82486263347363,483.7858099301447,35019200.0,57394099056.0,318.0,33909400.0,21965900.0
2025-12-09,227.9199981689453,92691.7109375,4206.7001953125,316.85693359375,490.8995361328125,228.57000732421875,94601.5703125,4219.7001953125,317.7662971049956,490.99931449735556,225.11000061035156,89586.9765625,4177.7001953125,311.6805848338384,487.3875630167038,226.83999633789062,90639.703125,4190.7001953125,312.15025542764414,487.9862027558801,25841700.0,66861721440.0,660.0,30194000.0,14696100.0
2025-12-10,231.77999877929688,92020.9453125,4196.39990234375,319.9847412109375,477.4701843261719,232.4199981689453,94477.15625,4234.5,321.0839735202244,483.14722906115725,228.4600067138672,91640.1328125,4183.60009765625,314.45863248382005,473.99809828560024,228.80999755859375,92695.234375,4209.0,315.6078174223929,482.92772884397027,38790700.0,65420694513.0,692.0,33428900.0,35756200.0
2025-12-11,230.27999877929688,92511.3359375,4285.5,312.210205078125,482.3690185546875,232.11000061035156,93554.265625,4286.89990234375,320.8940942947929,484.92318635563356,228.69000244140625,89335.296875,4214.2998046875,308.3829128168011,474.7763326037194,230.7100067138672,92011.3046875,4224.0,319.85481737290655,475.5445986070271,28249600.0,64532834621.0,528.0,42353700.0,24669200.0
2025-12-12,226.19000244140625,90270.4140625,4300.10009765625,309.07244873046875,477.4402770996094,230.0800018310547,92747.9296875,4355.0,314.6485102459599,481.3513637649093,225.1199951171875,89532.6015625,4260.0,305.34506149685063,475.2552617920193,229.8699951171875,92513.6640625,4276.39990234375,313.47935032153816,478.72734800157895,35639100.0,80275884583.0,1531.0,35940200.0,21248100.0
2025-12-13,,90298.7109375,,,,,90647.5703125,,,,,89800.9921875,,,,,90257.796875,,,,,64237748110.0,,,
2025-12-14,,88175.1796875,,,,,90498.109375,,,,,87634.9375,,,,,90296.4375,,,,,50465972205.0,,,
2025-12-15,222.5399932861328,86419.78125,4306.7001953125,308.003173828125,473.73870849609375,227.92999267578125,89983.921875,4349.2001953125,311.2009348824072,479.6252664455081,221.5,85304.078125,4292.89990234375,304.66552711937686,471.44392797474177,227.92999267578125,88171.078125,4308.2998046875,311.1009991314403,479.0066832317436,47286100.0,45559514323.0,854.0,29151900.0,23727700.0
2025-12-16,222.55999755859375,87843.984375,4304.5,306.3543395996094,475.3051452636719,223.66000366210938,88170.09375,4321.39990234375,310.5513666605185,476.80172935648005,221.1300048828125,85381.6875,4270.5,302.37712849550337,469.8076832860371,223.0399932861328,86424.40625,4270.5,304.7354841263937,470.8353364785088,39298900.0,41262178223.0,1796.0,30585000.0,20705600.0
2025-12-17,221.27000427246094,86143.7578125,4347.5,296.5112609863281,475.0357360839844,225.19000244140625,90264.5703125,4351.39990234375,307.87325739956634,478.9069051052783,220.99000549316406,85316.265625,4308.5,295.9116769824828,473.9182915104317,224.66000366210938,87847.6171875,4308.5,307.7933270972379,475.8239455574328,44034400.0,44243392914.0,2169.0,43930400.0,24527200.0
2025-12-18,226.75999450683594,85462.5078125,4339.5,302.2472229003906,482.87786865234375,229.22999572753906,89412.6640625,4348.10009765625,303.7461677101471,488.4850656489584,224.41000366210938,84436.3125,4328.2001953125,299.0195145942255,476.8017407441929,225.7100067138672,86144.3671875,4331.0,301.50775321966603,477.10104539067044,50272400.0,52667115348.0,705.0,33518000.0,28573500.0
2025-12-19,227.35000610351562,88103.3828125,4361.39990234375,306.9439392089844,484.8134460449219,229.1300048828125,89339.1171875,4361.39990234375,307.03387224107576,486.73904362092316,225.5800018310547,85107.6640625,4350.10009765625,300.7582909786616,481.39123391446003,226.75999450683594,85476.1328125,4350.10009765625,301.5177661333593,486.2501387748106,85544400.0,46733310561.0,1065.0,59943200.0,70836100.0
2025-12-20,,88344.0,,,,,88497.203125,,,,,87924.875,,,,,88101.671875,,,,,14688196659.0,,,
2025-12-21,,88621.75,,,,,89027.953125,,,,,87613.203125,,,,,88344.703125,,,,,19845522660.0,,,
2025-12-22,228.42999267578125,88490.015625,4444.60009765625,309.56207275390625,483.81573486328125,229.47999572753906,90501.9296875,4447.60009765625,309.9118326328777,487.6170561484318,226.7100067138672,87908.0703125,4371.10009765625,305.0852133945127,481.5908021440126,228.61000061035156,88621.3984375,4371.10009765625,309.66200850448513,485.01298390813173,32261300.0,38047472118.0,449.0,26429900.0,16963000.0
2025-12-23,232.13999938964844,87414.0,4482.7998046875,314.1288757324219,485.7413330078125,232.4499969482422,88898.3828125,4503.7998046875,314.7184570357758,486.71908182827985,228.72999572753906,86606.9765625,4450.39990234375,309.1024153195162,483.63612214595605,229.05999755859375,88490.03125,4503.2998046875,309.41219480947996,483.8755963136496,29230200.0,43683011533.0,694.0,25478700.0,14683600.0
2025-12-24,232.3800048828125,87611.9609375,4480.60009765625,313.8690490722656,486.90863037109375,232.9499969482422,87956.8828125,4503.39990234375,314.8583428959372,488.04604888584674,231.3300018310547,86411.796875,4468.39990234375,311.70059264113144,483.7258924615979,232.1300048828125,87404.3203125,4500.7001953125,314.5485634057752,484.5739628623746,11420500.0,25550297986.0,500.0,10097400.0,5855900.0
2025-12-25,,87234.7421875,,,,,88501.7890625,,,,,86949.2578125,,,,,87608.3203125,,,,,19953216347.0,,,
2025-12-26,232.52000427246094,87301.4296875,4529.10009765625,313.2894592285156,486.599365234375,232.99000549316406,89459.4296875,4556.2998046875,314.86833429915043,487.00843522519267,231.17999267578125,86628.140625,4502.0,312.0603135401851,484.85335038112265,232.0399932861328,87235.5078125,4512.0,314.25877806497726,485.601642461088,15994700.0,42455674908.0,263.0,10899000.0,8842200.0
2025-12-27,,87802.15625,,,,,87874.78125,,,,,87182.9765625,,,,,87301.4296875,,,,,13741199310.0,,,
2025-12-28,,87835.8359375,,,,,87986.890625,,,,,87394.953125,,,,,87799.34375,,,,,15156557929.0,,,
2025-12-29,232.07000732421875,87138.140625,4325.10009765625,313.33941650390625,485.9907531738281,232.60000610351562,90299.15625,4379.0,313.79908436732376,487.23790659993216,230.77000427246094,86717.9140625,4325.10009765625,310.4014822754237,483.0773893732932,231.94000244140625,87835.7890625,4371.5,311.15095467052413,483.7558335295542,19797900.0,48411625849.0,2044.0,19621800.0,10893400.0
2025-12-30,232.52999877929688,88430.1328125,4370.10009765625,313.6292419433594,486.3699035644531,232.77000427246094,89297.9375,4403.60009765625,316.72706748217655,488.56487537463653,230.1999969482422,86735.546875,4338.0,312.24020504037514,484.39440153201394,231.2100067138672,87134.3515625,4346.39990234375,312.28018544302313,484.82341501264875,21910500.0,35586356225.0,1837.0,17380900.0,13944500.0
2025-12-31,230.82000732421875,87508.828125,4325.60009765625,312.7798156738281,482.5186767578125,232.99000549316406,89080.2890625,4363.7998046875,314.3586907819443,487.0284031238816,230.1199951171875,87130.5625,4285.0,311.22091551782626,482.1993981667827,232.91000366210938,88429.5859375,4333.5,312.62992729269524,486.7290680267604,24383700.0,33830210616.0,785.0,16377700.0,15601600.0
2026-01-01,,88731.984375,,,,,88803.2265625,,,,,87399.40625,,,,,87508.046875,,,,,18849043990.0,,,
2026-01-02,226.5,89944.6953125,4314.39990234375,314.9283142089844,471.8630065917969,235.4600067138672,90884.4609375,4350.60009765625,322.2731502440002,483.5563186075122,224.6999969482422,88298.6171875,4314.39990234375,310.11169732658084,469.0893385249197,231.33999633789062,88733.0625,4350.60009765625,316.67708324131615,483.2869444224563,51456200.0,46398906171.0,589.0,32009400.0,25571600.0
2026-01-03,,90603.1875,,,,,90679.5703125,,,,,89328.0703125,,,,,89945.0546875,,,,,20774828592.0,,,
2026-01-04,,91413.4921875,,,,,91712.5859375,,,,,90595.1015625,,,,,90603.0,,,,,26770491368.0,,,
2026-01-05,233.05999755859375,93882.5546875,4436.89990234375,316.3173522949219,471.773193359375,234.0,94762.0703125,4443.5,318.79558832967825,474.9858617296903,227.17999267578125,91414.625,4384.7998046875,314.4086921415047,468.4308161640092,228.83999633789062,91414.625,4386.7001953125,317.4365596004392,472.98042932285466,49733300.0,53376407252.0,618.0,30195600.0,25250300.0
2026-01-06,240.92999267578125,93729.03125,4482.2001953125,314.1188659667969,477.4203186035156,243.17999267578125,94395.296875,4482.2001953125,320.71422913013345,477.64977534720424,232.07000732421875,91286.546875,4449.0,311.5606693028291,468.68025764779384,232.10000610351562,93876.9453125,4449.7001953125,316.17741436833177,472.72102257015473,53764700.0,52430605257.0,459.0,31212100.0,23037700.0
2026-01-07,241.55999755859375,91308.0546875,4449.2998046875,321.7535095214844,482.3690185546875,245.2899932861328,93738.7890625,4450.0,325.9205589972494,488.5848422406915,239.52000427246094,90601.8046875,4449.2998046875,313.96898096999803,476.86159994291296,239.61000061035156,93727.46875,4450.0,314.13884430323384,478.6674756822987,42236500.0,43461295053.0,972.0,35104400.0,25564200.0
2026-01-08,246.2899932861328,91027.125,4449.7001953125,325.2110595703125,477.0212097167969,246.41000366210938,91485.8515625,4461.2998046875,330.0876314322289,481.5608665012806,241.8800048828125,89233.875,4418.0,321.2738288701313,474.7763335277468,243.05999755859375,91309.640625,4460.2001953125,328.7385750407063,480.14408679814625,39509800.0,42386697030.0,2423.0,31896100.0,18162600.0
2026-01-09,247.3800048828125,90513.1015625,4490.2998046875,328.3388671875,478.1885681152344,247.86000061035156,91910.671875,4490.2998046875,330.5972566011106,478.72734693664125,242.24000549316406,89625.3828125,4473.0,325.5707962902668,471.1247042989064,244.57000732421875,91026.2734375,4473.0,326.8598973489763,472.9804540365218,34560000.0,38305906684.0,237.0,26214200.0,18491000.0
2026-01-10,,90386.6484375,,,,,90713.03125,,,,,90283.3984375,,,,,90510.1015625,,,,,12385895282.0,,,
2026-01-11,,90827.4609375,,,,,91155.2265625,,,,,90212.0234375,,,,,90385.359375,,,,,17165568977.0,,,
2026-01-12,246.47000122070312,91192.9921875,4604.2998046875,331.62652587890625,476.09332275390625,248.94000244140625,92395.5234375,4620.0,333.80501545240315,479.89464390147504,245.9600067138672,90055.0234375,4577.7998046875,324.77136644379436,474.59673866594744,246.72999572753906,90825.859375,4579.10009765625,325.57079145505844,475.5845048686955,35867800.0,41346275358.0,156.0,33923900.0,23519900.0
2026-01-13,242.60000610351562,95321.78125,4589.2001953125,335.7336730957031,469.5981750488281,247.66000366210938,96011.625,4617.10009765625,340.25048265726696,474.6965236309785,240.25,90941.9296875,4578.60009765625,333.38532003422745,464.888922501957,246.52999877929688,91185.3359375,4578.60009765625,334.7144015630273,473.5990225282599,38371800.0,54980674354.0,239.0,33517600.0,28545800.0
2026-01-14,236.64999389648438,96929.328125,4626.2998046875,335.603759765625,458.3338928222656,241.27999877929688,97860.6015625,4635.0,336.2832741209541,467.13381499707015,236.22000122070312,94583.046875,4608.2001953125,330.2475447349911,456.1289340170423,241.14999389648438,95322.90625,4610.2998046875,334.8243096530742,465.39775666549855,41410600.0,60592490863.0,1313.0,28525600.0,28184300.0
2026-01-15,238.17999267578125,95551.1875,4616.2998046875,332.5458984375,455.6200866699219,240.64999389648438,97150.171875,4616.2998046875,337.4524480652932,463.1927988881192,236.6300048828125,95103.2421875,4612.89990234375,330.507324974913,454.8618076165624,239.30999755859375,96931.2890625,4612.89990234375,337.4124676651339,463.0630900555096,43003600.0,53086363027.0,4358.0,28442400.0,23225800.0
2026-01-16,239.1199951171875,95525.1171875,4588.39990234375,329.7678527832031,458.8127746582031,239.57000732421875,95801.890625,4608.0,334.4145755186536,462.13520850615447,236.41000366210938,94259.2734375,4588.39990234375,327.46948297740045,455.4404972994736,239.08999633789062,95554.1015625,4608.0,334.1747541117482,456.78739866953146,45888300.0,33248170537.0,352.0,40341600.0,34246700.0
2026-01-17,,95099.921875,,,,,95598.4765625,,,,,95005.6171875,,,,,95525.15625,,,,,16021715122.0,,,
2026-01-18,,93634.4296875,,,,,95491.5078125,,,,,93588.8671875,,,,,95101.1796875,,,,,20809781232.0,,,
2026-01-19,,92553.59375,,,,,93660.828125,,,,,92089.25,,,,,93655.671875,,,,,39195241508.0,,,
2026-01-20,231.0,88310.90625,4759.60009765625,321.77349853515625,453.48492431640625,235.08999633789062,92798.4296875,4764.0,327.49947891315526,455.7597309230742,229.33999633789062,87814.9296875,4661.7998046875,320.20459558658575,448.2568669541529,233.75999450683594,92553.6015625,4662.2001953125,320.6442885211675,450.1924514863621,47737900.0,53072968031.0,175.0,35361000.0,26130000.0
2026-01-21,231.30999755859375,89376.9609375,4831.7998046875,328.1490173339844,443.0986328125,232.3000030517578,90430.40625,4872.2998046875,332.24613943011235,451.65911099901973,226.8800048828125,87231.5703125,4771.5,319.12537039479025,437.68100562513575,231.08999633789062,88326.5078125,4863.5,320.6942733516965,451.56931960591265,47276100.0,56330422434.0,1706.0,35386600.0,37980500.0
2026-01-22,234.33999633789062,89462.453125,4908.7998046875,330.3074951171875,450.1126403808594,235.72000122070312,90258.9609375,4908.7998046875,334.9142376434696,451.8087507279656,230.89999389648438,88438.4453125,4791.89990234375,328.5187457270175,443.6873036586902,234.0500030517578,89378.5234375,4791.89990234375,334.2147483456718,446.600636936346,31913300.0,35549685694.0,1175.0,26253600.0,25349400.0
2026-01-23,239.16000366210938,89503.875,4976.2001953125,327.6993103027344,464.888916015625,240.4499969482422,91100.25,4976.2001953125,333.45526818914374,470.0271819611143,234.57000732421875,88486.359375,4936.0,327.21966747627397,449.50401819491054,234.9600067138672,89462.046875,4949.60009765625,332.25610013077164,450.8409629929935,33778500.0,38997586037.0,169.0,27280000.0,38000200.0
2026-01-24,,89110.734375,,,,,89811.609375,,,,,89044.2890625,,,,,89506.1484375,,,,,14558687712.0,,,
2026-01-25,,86572.21875,,,,,89193.1484375,,,,,86003.7109375,,,,,89104.765625,,,,,36124986722.0,,,
2026-01-26,238.4199981689453,88267.140625,5079.7001953125,333.02557373046875,469.20904541015625,240.9499969482422,88743.0703125,5095.60009765625,335.60374537803585,473.1700058760031,237.5399932861328,86429.2890625,5052.2001953125,326.7699676491338,460.94790240319116,239.97999572753906,86566.5234375,5081.5,327.5793954045391,464.25036221183507,32825500.0,45329286974.0,180.0,26042100.0,29291200.0
2026-01-27,244.67999267578125,89102.5703125,5079.89990234375,334.31463623046875,479.485595703125,244.8800048828125,89427.125,5079.89990234375,337.6722883721735,481.7703893732875,238.0800018310547,87228.921875,5079.89990234375,333.2454121385867,472.0825097961169,239.69000244140625,88257.4765625,5079.89990234375,335.1340666902067,472.62128861771004,38029200.0,38744942267.0,34.0,21636200.0,29213900.0
2026-01-28,243.00999450683594,89184.5703125,5301.60009765625,335.7736511230469,480.533203125,247.77999877929688,90439.2890625,5301.60009765625,337.30257365930305,482.63838346935967,241.52999877929688,88721.4609375,5301.60009765625,331.7065067534381,476.9114647448887,246.3699951171875,89104.046875,5301.60009765625,335.82360375323316,482.10959164059926,40882700.0,39807419296.0,112054.0,27434400.0,36875400.0
2026-01-29,241.72999572753906,84561.5859375,5318.39990234375,338.0120544433594,432.5128173828125,243.0,89200.78125,5586.2001953125,342.0492210013424,441.49232224197124,236.74000549316406,83250.6015625,5097.5,326.3103005061971,420.06122635013605,242.82000732421875,89169.8515625,5415.7001953125,340.06060015063264,438.98802836564175,47229600.0,64653083162.0,23709.0,39785600.0,128855300.0
2026-01-30,239.3000030517578,84128.65625,4713.89990234375,337.7622375488281,429.31011962890625,243.32000732421875,84602.1640625,5440.5,339.76083067041884,438.5989157576861,237.63999938964844,81071.4765625,4700.0,332.0562627255977,425.47886802078926,239.88999938964844,84562.7265625,5376.39990234375,339.76083067041884,438.1699022937122,46585000.0,72083816087.0,8374.0,31024000.0,58566800.0
2026-01-31,,78621.1171875,,,,,84136.921875,,,,,75815.8828125,,,,,84126.5,,,,,70479259159.0,,,
2026-02-01,,76974.4453125,,,,,79322.609375,,,,,75698.8984375,,,,,78626.125,,,,,53372509744.0,,,
2026-02-02,242.9600067138672,78688.765625,4622.5,343.4482421875,422.4058837890625,245.6300048828125,79258.609375,4855.7998046875,344.5874244246442,429.7590957240154,238.1699981689453,74551.3359375,4400.0,335.3939142353609,421.28843915961005,238.30999755859375,76968.875,4807.7001953125,335.983495554882,429.2602343395754,37546100.0,75140589684.0,3588.0,32006100.0,42219900.0
2026-02-03,238.6199951171875,75633.546875,4903.7001953125,339.47100830078125,410.2735595703125,246.35000610351562,79118.8515625,4984.60009765625,348.7544814019383,421.0888704228976,235.4499969482422,72897.140625,4674.2998046875,337.2325938809106,407.6296003977664,244.97999572753906,78693.5078125,4680.0,347.09564553860224,421.0489834358989,53831300.0,68249110822.0,1213.0,36506700.0,61424100.0
2026-02-04,232.99000549316406,73019.703125,4920.39990234375,332.80572509765625,413.2467956542969,238.86000061035156,76864.65625,5082.2001953125,343.0684894885568,418.84400576689177,231.82000732421875,71779.9296875,4897.89990234375,328.2888852617291,408.3080557741746,238.86000061035156,75640.09375,4923.2998046875,342.7187296036167,410.0640575889883,51299900.0,67215363944.0,3886.0,70618400.0,45012400.0
2026-02-05,222.69000244140625,62702.09765625,4861.39990234375,331.0169677734375,392.7735290527344,226.30999755859375,73161.5546875,5012.2998046875,332.45595718246585,407.37018733348754,220.3800048828125,62353.53515625,4786.0,306.24439883874277,391.4265972483441,224.91000366210938,73016.375,5008.7001953125,312.0003564748562,406.51216038211834,103509200.0,125509410908.0,793.0,88205800.0,66289200.0
2026-02-06,210.32000732421875,70555.390625,4951.2001953125,322.63287353515625,400.22650146484375,211.44000244140625,71681.3046875,4958.5,330.147603202773,400.87501513504304,200.30999755859375,60074.203125,4655.0,319.694969697787,392.0252195920243,202.6999969482422,62704.453125,4762.0,326.94984200428365,398.2609865133262,179210900.0,114674259489.0,1386.0,56380500.0,53515300.0
2026-02-07,,69281.96875,,,,,71611.1484375,,,,,67364.4453125,,,,,70553.796875,,,,,62347107663.0,,,
2026-02-08,,70264.7265625,,,,,72206.90625,,,,,68852.8984375,,,,,69283.7265625,,,,,39721722619.0,,,
2026-02-09,208.72000122070312,70120.78125,5050.89990234375,324.09185791015625,412.65814208984375,212.80999755859375,71369.96875,5065.7001953125,327.4694850607409,413.94521298339265,203.35000610351562,68291.03125,4979.10009765625,317.03682684844796,399.9571203178888,208.97000122070312,70243.328125,5017.39990234375,320.70422803551696,403.9280678877113,91178400.0,52081598792.0,170.0,39640100.0,45480500.0
2026-02-10,206.9600067138672,68793.9609375,5003.7998046875,318.3558654785156,412.328857421875,212.64999389648438,70464.265625,5029.0,321.4437184993816,422.7151545880433,206.41000366210938,67913.09375,5002.7001953125,314.38865715458337,411.76017861216997,208.8000030517578,70137.390625,5013.5,320.7441987510988,418.66440278178237,67175000.0,40593063077.0,281.0,39170000.0,44857900.0
2026-02-11,204.0800018310547,66991.96875,5071.60009765625,310.7412414550781,403.4491271972656,208.57000732421875,69242.6796875,5111.2998046875,320.8341425405983,415.51159110220135,202.49000549316406,65757.3046875,5041.2998046875,309.44216816023624,400.096793508188,208.05999755859375,68791.859375,5049.89990234375,318.7456164455411,415.2322299614449,65545500.0,49671946030.0,2681.0,45406400.0,42491000.0
2026-02-12,199.60000610351562,66221.84375,4923.7001953125,308.7826232910156,400.9248962402344,203.9600067138672,68339.4921875,5078.10009765625,316.0175203045161,405.2749831551046,197.55999755859375,65092.109375,4892.0,306.9839017615506,397.1036315998776,203.9600067138672,66992.1953125,5060.39990234375,311.87044586439265,404.07770370563327,83975400.0,44651071271.0,484.0,47761300.0,40802400.0
2026-02-13,198.7899932861328,68857.84375,5022.0,305.50494384765625,400.4060974121094,201.16000366210938,69382.8359375,5043.89990234375,308.41290048065196,404.61648859375555,197.27999877929688,65835.78125,4946.2001953125,303.4963480144474,397.1435245648219,198.8800048828125,66213.375,4953.0,307.5135396808651,403.528974460687,66321600.0,40820775886.0,232.0,38499700.0,34091600.0
2026-02-14,,69767.625,,,,,70481.1640625,,,,,68706.6171875,,,,,68856.984375,,,,,36012397645.0,,,
2026-02-15,,68788.1875,,,,,70939.2890625,,,,,68052.546875,,,,,69764.953125,,,,,40191152750.0,,,
2026-02-16,,68843.15625,,,,,70067.234375,,,,,67301.5859375,,,,,68782.3984375,,,,,33618145426.0,,,
2026-02-17,201.14999389648438,67494.21875,4882.89990234375,301.8075256347656,395.95623779296875,201.74000549316406,69201.8671875,5020.0,304.22583664461854,399.60790672873594,196.0,66615.28125,4847.7998046875,296.04159566157676,393.6315571718042,198.1300048828125,68843.09375,5020.0,299.82893803190484,398.31087932693146,69879200.0,34866936040.0,540.0,39247600.0,32078800.0
2026-02-18,204.7899932861328,66425.3203125,4986.5,303.1166076660156,398.69000244140625,206.86000061035156,68434.4296875,4987.0,305.1651838815364,401.6432531481791,201.50999450683594,65845.8984375,4869.5,301.0380842700908,395.41747315874426,202.07000732421875,67488.0234375,4872.2001953125,301.87748970860525,397.2233488345012,51003300.0,33094301643.0,544.0,28482100.0,23223400.0
2026-02-19,204.86000061035156,66957.5234375,4975.89990234375,302.636962890625,398.4599914550781,205.63999938964844,67277.125,5014.7001953125,305.25511494304027,404.42999267578125,202.80999755859375,65637.4296875,4975.89990234375,299.828942056139,396.6700134277344,203.8000030517578,66425.625,5014.7001953125,301.6076886754516,400.69000244140625,35669600.0,31492987019.0,37.0,25834400.0,28234000.0
2026-02-20,210.11000061035156,68005.421875,5059.2998046875,314.7584228515625,397.2300109863281,211.1699981689453,68269.03125,5072.7001953125,316.2773425544253,400.1199951171875,203.75,66452.484375,5039.5,303.68620054308417,395.1600036621094,204.75999450683594,66958.578125,5039.5,304.1059184917761,396.1099853515625,65881600.0,47507867304.0,134.0,53210800.0,34015200.0
2026-02-21,,68003.765625,,,,,68657.703125,,,,,67533.0703125,,,,,68000.25,,,,,18357635642.0,,,
2026-02-22,,67659.390625,,,,,68235.2265625,,,,,67185.6015625,,,,,67998.828125,,,,,17893536012.0,,,
2026-02-23,205.27000427246094,64616.73828125,5204.7001953125,311.2708740234375,384.4700012207031,208.42999267578125,67668.4296875,5211.60009765625,319.29522413676915,395.3599853515625,203.11000061035156,63924.4375,5120.2998046875,309.65201848441603,383.1000061035156,208.10000610351562,67668.4296875,5120.2998046875,318.82555353627805,395.0,53581500.0,50953457309.0,779.0,31423000.0,43238300.0
2026-02-24,208.55999755859375,64080.04296875,5155.7998046875,310.6813049316406,389.0,210.36000061035156,64992.15625,5159.0,312.05033638585,389.3599853515625,203.25,62553.1875,5112.7001953125,305.71479964031533,381.7099914550781,205.47000122070312,64616.015625,5158.7998046875,310.3015673465962,384.1400146484375,41137200.0,40849331086.0,88.0,25615600.0,33884700.0
2026-02-25,210.63999938964844,67960.125,5206.39990234375,312.67987060546875,400.6000061035156,211.58999633789062,69953.53125,5206.39990234375,313.4193707572093,401.4700012207031,208.92999267578125,63942.484375,5166.0,309.22231323387047,390.1600036621094,210.4600067138672,64077.76953125,5166.0,311.84046520002283,390.5299987792969,41346400.0,53629234355.0,1772.0,29963600.0,43625500.0
2026-02-26,207.9199981689453,67453.7734375,5176.5,307.1637878417969,401.7200012207031,211.0500030517578,68843.3515625,5199.2001953125,312.9197459051382,407.489990234375,205.35000610351562,66523.734375,5143.89990234375,302.1373272609355,398.739990234375,210.72999572753906,67954.8671875,5177.2001953125,312.42009761480955,404.7099914550781,47756800.0,42988597523.0,1520.0,36431200.0,34405900.0
2026-02-27,210.0,65881.796875,5230.5,311.54071044921875,392.739990234375,210.3300018310547,68220.40625,5280.0,312.1502667227519,396.82000732421875,205.1999969482422,64946.03515625,5176.7001953125,303.5862877430576,389.8800048828125,206.8300018310547,67456.515625,5186.7001953125,303.92607541564644,390.8800048828125,57422800.0,40283655942.0,354.0,44640600.0,51367200.0
2026-02-28,,66995.859375,,,,,67714.5234375,,,,,63062.21875,,,,,65878.9296875,,,,,42041497112.0,,,
2026-03-01,,65738.1015625,,,,,68162.8203125,,,,,65076.73046875,,,,,67005.8828125,,,,,40733141929.0,,,
2026-03-02,208.38999938964844,68775.8515625,5294.39990234375,306.3043518066406,398.54998779296875,209.72999572753906,70044.0,5405.0,308.27296712894787,401.19000244140625,203.4600067138672,65303.13671875,5266.2998046875,301.088022863519,390.6300048828125,204.5500030517578,65734.078125,5346.60009765625,303.0166882830762,392.8599853515625,46001000.0,56698092052.0,72.0,34790200.0,35474900.0
2026-03-03,208.72999572753906,68293.6484375,5107.39990234375,303.3664245605469,403.92999267578125,209.17999267578125,69232.890625,5303.7998046875,303.72618716624237,406.70001220703125,202.47999572753906,66237.6171875,5023.0,296.5012623376298,392.6700134277344,203.10000610351562,68785.078125,5298.7001953125,298.37994467731505,393.1400146484375,43184900.0,47947999049.0,1776.0,35497000.0,38199200.0
2026-03-04,216.82000732421875,72710.578125,5120.2001953125,302.9167785644531,405.20001220703125,217.5399932861328,74051.8046875,5180.2001953125,305.2551289128473,411.0299987792969,210.14999389648438,67437.40625,5117.2001953125,300.5384478137644,400.30999755859375,210.47000122070312,68290.5625,5130.7001953125,302.6769571429086,401.2699890136719,54731100.0,75073101274.0,679.0,29536200.0,35808000.0
2026-03-05,218.94000244140625,70841.125,5065.2998046875,300.6683349609375,410.67999267578125,220.47000122070312,73555.7890625,5169.5,303.08661540637286,411.6099853515625,215.58999633789062,70654.8828125,5054.7001953125,297.78035344585857,404.3999938964844,215.97999572753906,72712.65625,5169.5,302.82681905445145,404.4200134277344,60943400.0,51172841727.0,1701.0,35752300.0,39001300.0
2026-03-06,213.2100067138672,68136.4921875,5146.10009765625,298.30999755859375,408.9599914550781,217.32000732421875,71378.5703125,5146.10009765625,300.31859339921897,413.04998779296875,212.52999877929688,67757.8203125,5076.10009765625,294.97235071392555,408.510009765625,214.99000549316406,70842.15625,5121.0,295.88171424137005,409.20001220703125,51152700.0,43776962871.0,148.0,25576900.0,31123900.0
2026-03-07,,67272.59375,,,,,68515.1640625,,,,,66969.2578125,,,,,68136.6875,,,,,23258701211.0,,,
2026-03-08,,65969.78125,,,,,68177.7890625,,,,,65639.1953125,,,,,67272.5,,,,,33195080116.0,,,
2026-03-09,213.49000549316406,68402.3828125,5091.5,306.3599853515625,409.4100036621094,213.82000732421875,69474.9453125,5160.60009765625,306.79998779296875,410.2099914550781,207.11000061035156,65858.0078125,5077.7001953125,294.0799865722656,403.5,210.4499969482422,65969.5859375,5155.0,294.3599853515625,404.9200134277344,54642900.0,49499875378.0,639.0,29312100.0,30131900.0
2026-03-10,214.3300018310547,69926.921875,5229.7001953125,307.0400085449219,405.760009765625,215.64999389648438,71770.8984375,5229.7001953125,309.510009765625,410.20001220703125,212.42999267578125,68402.71875,5137.60009765625,305.57000732421875,402.92999267578125,214.19000244140625,68402.71875,5138.2001953125,306.1700134277344,410.0299987792969,35678800.0,54003996096.0,4300.0,23239700.0,31706400.0
2026-03-11,212.64999389648438,70204.8828125,5167.39990234375,308.70001220703125,404.8800048828125,217.0,71337.6640625,5191.2998046875,311.4200134277344,409.010009765625,211.35000610351562,68998.8671875,5167.39990234375,305.9200134277344,401.5899963378906,215.7100067138672,69931.25,5190.7998046875,306.75,405.57000732421875,34199300.0,45236859848.0,633.0,24125700.0,25512100.0
2026-03-12,209.52999877929688,70493.4609375,5115.7998046875,303.54998779296875,401.8599853515625,211.7100067138672,70775.828125,5137.2001953125,308.94000244140625,406.1199951171875,208.14999389648438,69230.15625,5115.7998046875,301.0299987792969,401.7099914550781,210.38999938964844,70209.765625,5137.2001953125,306.82000732421875,404.6300048828125,44349500.0,40871848129.0,410.0,24928300.0,27263900.0
2026-03-13,207.6699981689453,70968.265625,5052.5,302.2799987792969,395.54998779296875,210.55999755859375,73927.328125,5117.0,307.69000244140625,404.79998779296875,206.22000122070312,70410.7265625,5009.5,300.44000244140625,394.25,209.61000061035156,70497.046875,5089.60009765625,307.010009765625,401.0,35662100.0,61167226505.0,479.0,23693100.0,26848000.0
2026-03-14,,71214.625,,,,,71291.203125,,,,,70339.5859375,,,,,70965.3828125,,,,,22283546496.0,,,
2026-03-15,,72789.9140625,,,,,73173.0078125,,,,,70882.421875,,,,,71213.6796875,,,,,27991268669.0,,,
2026-03-16,211.74000549316406,74861.0859375,4994.0,305.55999755859375,399.95001220703125,212.72000122070312,74901.859375,5010.60009765625,306.489990234375,400.6300048828125,207.4499969482422,72300.6328125,4994.0,303.0199890136719,394.7900085449219,208.35000610351562,72798.171875,5001.60009765625,304.3500061035156,398.07000732421875,42209300.0,55572438409.0,130.0,23519700.0,27733700.0
2026-03-17,215.1999969482422,73922.4765625,5001.0,310.9200134277344,399.4100036621094,215.6999969482422,75988.3984375,5017.60009765625,311.4200134277344,404.3999938964844,212.42999267578125,73444.2265625,4994.2001953125,305.5,397.75,212.82000732421875,74855.296875,5017.60009765625,305.8599853515625,400.2699890136719,44969900.0,49500721728.0,239.0,21955200.0,26228300.0
2026-03-18,209.8699951171875,71245.578125,4889.89990234375,307.69000244140625,391.7900085449219,215.13999938964844,74658.9765625,4949.60009765625,312.4700012207031,398.0,208.8300018310547,70503.859375,4821.7001953125,306.92999267578125,391.0,213.92999267578125,73936.8515625,4949.60009765625,309.2699890136719,397.1300048828125,37846600.0,46229011155.0,1461.0,20009800.0,25908500.0
2026-03-19,208.75999450683594,69912.7890625,4600.7001953125,307.1300048828125,389.0199890136719,209.1199951171875,71598.84375,4830.2998046875,308.05999755859375,392.489990234375,206.0500030517578,68805.5234375,4554.0,302.3500061035156,387.05999755859375,207.05999755859375,71250.3515625,4830.2998046875,304.010009765625,390.1000061035156,36440600.0,44631433398.0,627.0,25075800.0,25138800.0
2026-03-20,205.3699951171875,70522.5859375,4570.39990234375,301.0,381.8699951171875,207.5399932861328,71346.796875,4686.89990234375,306.0,387.0,204.32000732421875,69398.8828125,4570.39990234375,298.2699890136719,380.1199951171875,207.39999389648438,69911.53125,4686.89990234375,305.4599914550781,386.7900085449219,63694600.0,38299078407.0,235.0,44364100.0,50853200.0
2026-03-21,,68711.5234375,,,,,71051.2734375,,,,,68602.9140625,,,,,70522.46875,,,,,21109354718.0,,,
2026-03-22,,67845.2109375,,,,,69561.7734375,,,,,67372.875,,,,,68737.4453125,,,,,30108051508.0,,,
2026-03-23,210.13999938964844,70914.859375,4404.10009765625,302.05999755859375,383.0,212.8000030517578,71782.2578125,4480.39990234375,305.9800109863281,387.2099914550781,209.50999450683594,67458.84375,4100.7998046875,300.92999267578125,381.67999267578125,209.7899932861328,67843.0,4353.0,302.1099853515625,383.8999938964844,44277400.0,51508669357.0,544.0,29326900.0,29680100.0
2026-03-24,207.24000549316406,70517.859375,4399.2998046875,290.44000244140625,372.739990234375,209.35000610351562,71371.3046875,4399.2998046875,299.9200134277344,382.4700012207031,206.63999938964844,68920.6953125,4325.2001953125,290.3299865722656,371.8500061035156,207.9499969482422,70912.671875,4338.7001953125,299.20001220703125,382.3599853515625,35351400.0,40181522399.0,378.0,36864300.0,42733600.0
2026-03-25,211.7100067138672,71309.8828125,4549.7998046875,290.92999267578125,371.0400085449219,213.07000732421875,71985.7421875,4551.89990234375,296.0,377.05999755859375,209.89999389648438,70383.59375,4541.7998046875,289.239990234375,369.6300048828125,211.55999755859375,70520.046875,4549.0,293.44000244140625,376.9200134277344,36388800.0,35409791747.0,388.0,29460700.0,31181200.0
2026-03-26,207.5399932861328,68791.625,4375.5,280.9200134277344,365.9700012207031,212.88999938964844,71410.390625,4443.10009765625,287.95001220703125,374.7200012207031,207.1199951171875,68118.3515625,4375.5,278.5,365.19000244140625,210.61000061035156,71310.1171875,4441.5,287.9100036621094,370.82000732421875,46746000.0,38962070215.0,1070.0,39080600.0,36836600.0
2026-03-27,199.33999633789062,66338.375,4492.0,274.3399963378906,356.7699890136719,206.60000610351562,69117.53125,4492.0,279.3699951171875,362.45001220703125,199.13999938964844,65532.5703125,4492.0,273.95001220703125,356.510009765625,206.4600067138672,68790.8359375,4492.0,277.2799987792969,361.8999938964844,56009800.0,46483453594.0,74348.0,35890600.0,37883400.0
2026-03-28,,66319.6953125,,,,,67232.859375,,,,,65906.7421875,,,,,66338.5,,,,,20924883455.0,,,
2026-03-29,,65954.921875,,,,,67052.953125,,,,,64971.70703125,,,,,66319.6953125,,,,,21645889785.0,,,
2026-03-30,200.9499969482422,66691.4453125,4526.0,273.5,358.9599914550781,203.8000030517578,68087.2890625,4579.10009765625,277.0899963378906,365.3599853515625,199.97999572753906,65759.8046875,4413.39990234375,272.1099853515625,356.2799987792969,201.47999572753906,65958.3515625,4482.7998046875,276.4200134277344,361.8999938964844,46373800.0,37694994180.0,10816.0,35141200.0,44797000.0
2026-03-31,208.27000427246094,68233.3125,4647.60009765625,287.55999755859375,370.1700134277344,210.27999877929688,68495.2734375,4684.10009765625,288.0799865722656,372.8999938964844,204.13999938964844,65950.4375,4508.60009765625,277.0899963378906,363.07000732421875,204.85000610351562,66694.5859375,4510.0,278.0400085449219,364.54998779296875,58470100.0,42997691338.0,4264.0,43875400.0,45244400.0
2026-04-01,210.57000732421875,68078.5546875,4783.2001953125,297.3900146484375,369.3699951171875,213.5800018310547,69230.359375,4789.10009765625,300.5199890136719,373.989990234375,208.19000244140625,67555.359375,4668.0,290.4100036621094,368.20001220703125,210.44000244140625,68232.890625,4668.39990234375,290.8399963378906,373.489990234375,45955400.0,36465393617.0,1637.0,37684500.0,29417200.0
2026-04-02,209.77000427246094,66888.5703125,4651.5,295.7699890136719,373.4599914550781,212.2100067138672,68633.1484375,4784.39990234375,298.0799865722656,373.6400146484375,204.89999389648438,65725.2578125,4558.89990234375,289.45001220703125,364.1499938964844,206.5399932861328,68077.8984375,4764.89990234375,290.69000244140625,367.2099914550781,31453000.0,39323384518.0,0.0,21666500.0,24099100.0
2026-04-03,,66931.1015625,,,,,67296.234375,,,,,66281.5390625,,,,,66889.015625,,,,,22815543346.0,,,
2026-04-04,,67290.515625,,,,,67515.015625,,,,,66769.640625,,,,,66938.6484375,,,,,15878814963.0,,,
2026-04-05,,68981.8984375,,,,,69087.65625,,,,,66610.6328125,,,,,67291.1953125,,,,,22972648674.0,,,
2026-04-06,212.7899932861328,,4656.7998046875,299.989990234375,372.8800048828125,212.9499969482422,,4689.60009765625,300.6199951171875,373.7300109863281,209.58999633789062,,4605.0,295.17999267578125,369.5,209.8000030517578,,4656.10009765625,295.8699951171875,373.489990234375,25300800.0,,0.0,16915400.0,16095200.0
